"src","dest"
"AKT3","FOXO3"
"AKT3","MTOR"
"AKT3","GSK3B"
"AKT3","BAD"
"BCL2L11","BAX"
"BCL2L11","BCL2"
"BCL2L11","BCL2L1"
"EGF","EGFR"
"EGF","ERBB2"
"EGF","ERBB3"
"EGFR","GAB1"
"EGFR","SHC2"
"EGFR","JAK1"
"EGFR","JAK2"
"EGFR","SHC4"
"EGFR","PLCG1"
"EGFR","SHC3"
"EGFR","PLCG2"
"EGFR","SHC1"
"EGFR","SRC"
"EIF4EBP1","EIF4E"
"EIF4EBP1","EIF4E1B"
"EIF4EBP1","EIF4E2"
"ERBB2","GAB1"
"ERBB2","SHC2"
"ERBB2","JAK1"
"ERBB2","JAK2"
"ERBB2","SHC4"
"ERBB2","PLCG1"
"ERBB2","SHC3"
"ERBB2","PLCG2"
"ERBB2","SHC1"
"ERBB2","SRC"
"ERBB3","GAB1"
"ERBB3","SHC2"
"ERBB3","JAK1"
"ERBB3","JAK2"
"ERBB3","SHC4"
"ERBB3","PLCG1"
"ERBB3","SHC3"
"ERBB3","PLCG2"
"ERBB3","SHC1"
"ERBB3","SRC"
"AKT1","FOXO3"
"AKT1","MTOR"
"AKT1","GSK3B"
"AKT1","BAD"
"AKT2","FOXO3"
"AKT2","MTOR"
"AKT2","GSK3B"
"AKT2","BAD"
"FGF2","FGFR3"
"FGF2","FGFR2"
"FGFR3","GAB1"
"FGFR3","SHC2"
"FGFR3","JAK1"
"FGFR3","JAK2"
"FGFR3","SHC4"
"FGFR3","PLCG1"
"FGFR3","SHC3"
"FGFR3","PLCG2"
"FGFR3","SHC1"
"FGFR3","SRC"
"FGFR2","GAB1"
"FGFR2","SHC2"
"FGFR2","JAK1"
"FGFR2","JAK2"
"FGFR2","SHC4"
"FGFR2","PLCG1"
"FGFR2","SHC3"
"FGFR2","PLCG2"
"FGFR2","SHC1"
"FGFR2","SRC"
"FOXO3","BCL2L11"
"MTOR","EIF4EBP1"
"MTOR","RPS6KB1"
"MTOR","RPS6KB2"
"GAB1","PIK3CA"
"GAB1","PIK3CB"
"GAB1","PIK3CD"
"GAB1","PIK3R1"
"GAB1","PIK3R2"
"GAB1","PIK3R3"
"SHC2","GRB2"
"GAS6","AXL"
"GRB2","SOS1"
"GRB2","SOS2"
"HGF","ERBB3"
"HGF","MET"
"NRG1","EGFR"
"NRG1","ERBB2"
"NRG1","ERBB3"
"HRAS","ARAF"
"HRAS","RAF1"
"HRAS","BRAF"
"IGF1","IGF1R"
"IGF1R","GAB1"
"IGF1R","SHC2"
"IGF1R","JAK1"
"IGF1R","JAK2"
"IGF1R","SHC4"
"IGF1R","PLCG1"
"IGF1R","SHC3"
"IGF1R","PLCG2"
"IGF1R","SHC1"
"IGF1R","SRC"
"IL6","IL6R"
"IL6R","GAB1"
"IL6R","SHC2"
"IL6R","JAK1"
"IL6R","JAK2"
"IL6R","SHC4"
"IL6R","PLCG1"
"IL6R","SHC3"
"IL6R","PLCG2"
"IL6R","SHC1"
"IL6R","SRC"
"ARAF","MAP2K1"
"ARAF","MAP2K2"
"JAK1","STAT3"
"JAK2","STAT3"
"KDR","GAB1"
"KDR","SHC2"
"KDR","JAK1"
"KDR","JAK2"
"KDR","SHC4"
"KDR","PLCG1"
"KDR","SHC3"
"KDR","PLCG2"
"KDR","SHC1"
"KDR","SRC"
"KRAS","ARAF"
"KRAS","RAF1"
"KRAS","BRAF"
"SHC4","GRB2"
"MET","ERBB3"
"MET","GAB1"
"MET","SHC2"
"MET","JAK1"
"MET","JAK2"
"MET","SHC4"
"MET","PLCG1"
"MET","SHC3"
"MET","PLCG2"
"MET","SHC1"
"MET","SRC"
"NF1","HRAS"
"NF1","KRAS"
"NF1","NRAS"
"NRAS","ARAF"
"NRAS","RAF1"
"NRAS","BRAF"
"PDGFA","PDGFRA"
"PDGFA","PDGFRB"
"PDGFB","PDGFRA"
"PDGFB","PDGFRB"
"PDGFRA","GAB1"
"PDGFRA","SHC2"
"PDGFRA","JAK1"
"PDGFRA","JAK2"
"PDGFRA","SHC4"
"PDGFRA","PLCG1"
"PDGFRA","SHC3"
"PDGFRA","PLCG2"
"PDGFRA","SHC1"
"PDGFRA","SRC"
"PDGFRB","GAB1"
"PDGFRB","SHC2"
"PDGFRB","JAK1"
"PDGFRB","JAK2"
"PDGFRB","SHC4"
"PDGFRB","PLCG1"
"PDGFRB","SHC3"
"PDGFRB","PLCG2"
"PDGFRB","SHC1"
"PDGFRB","SRC"
"SHC3","GRB2"
"PRKCA","ARAF"
"PRKCA","RAF1"
"PRKCA","BRAF"
"PRKCB","ARAF"
"PRKCB","RAF1"
"PRKCB","BRAF"
"AXL","GAB1"
"AXL","SHC2"
"AXL","JAK1"
"AXL","JAK2"
"AXL","SHC4"
"AXL","PLCG1"
"AXL","SHC3"
"AXL","PLCG2"
"AXL","SHC1"
"AXL","SRC"
"PRKCG","ARAF"
"PRKCG","RAF1"
"PRKCG","BRAF"
"MAPK1","BCL2L11"
"MAPK3","BCL2L11"
"PDGFC","PDGFRA"
"PDGFC","PDGFRB"
"MAP2K1","MAPK1"
"MAP2K1","MAPK3"
"MAP2K2","MAPK1"
"MAP2K2","MAPK3"
"RAF1","MAP2K1"
"RAF1","MAP2K2"
"BCL2","BAX"
"BCL2L1","BAX"
"RPS6KB1","RPS6"
"RPS6KB2","RPS6"
"SHC1","GRB2"
"SOS1","HRAS"
"SOS1","KRAS"
"SOS1","NRAS"
"SOS2","HRAS"
"SOS2","KRAS"
"SOS2","NRAS"
"SRC","STAT3"
"BRAF","MAP2K1"
"BRAF","MAP2K2"
"TGFA","EGFR"
"TGFA","ERBB2"
"TGFA","ERBB3"
"VEGFA","KDR"
"PDGFD","PDGFRA"
"PDGFD","PDGFRB"
"NRG2","EGFR"
"NRG2","ERBB2"
"NRG2","ERBB3"
"CDK4","RB1"
"CDKN1A","CDK4"
"CDKN1B","CDK4"
"CDKN2A","CDK4"
"CDKN2C","CDK4"
"DLL3","NOTCH1"
"DLL3","NOTCH2"
"DLL3","NOTCH3"
"DLL3","NOTCH4"
"MAPK14","CARM1"
"MAPK14","ESR1"
"MAPK14","ESR2"
"MAPK14","FOS"
"MAPK14","JUN"
"MAPK14","MED1"
"MAPK14","SP1"
"MAPK14","NCOA3"
"JAG1","NOTCH1"
"JAG1","NOTCH2"
"JAG1","NOTCH3"
"JAG1","NOTCH4"
"HBEGF","EGFR"
"EGFR","PIK3CA"
"EGFR","PIK3CB"
"EGFR","PIK3CD"
"EGFR","PIK3R1"
"EGFR","PIK3R2"
"EGFR","PIK3R3"
"ERBB2","PIK3CA"
"ERBB2","PIK3CB"
"ERBB2","PIK3CD"
"ERBB2","PIK3R1"
"ERBB2","PIK3R2"
"ERBB2","PIK3R3"
"GNAS","ADCY1"
"GNAS","ADCY2"
"GNAS","ADCY3"
"GNAS","ADCY5"
"GNAS","ADCY6"
"GNAS","ADCY7"
"GNAS","ADCY8"
"GNAS","ADCY9"
"GNAS","ADCY4"
"GNAS","SRC"
"DLL1","NOTCH1"
"DLL1","NOTCH2"
"DLL1","NOTCH3"
"DLL1","NOTCH4"
"GPER1","GNAS"
"IGF1R","PIK3CA"
"IGF1R","PIK3CB"
"IGF1R","PIK3CD"
"IGF1R","PIK3R1"
"IGF1R","PIK3R2"
"IGF1R","PIK3R3"
"JAG2","NOTCH1"
"JAG2","NOTCH2"
"JAG2","NOTCH3"
"JAG2","NOTCH4"
"MDM2","TP53"
"MMP2","HBEGF"
"MMP9","HBEGF"
"PIK3CA","AKT3"
"PIK3CA","AKT1"
"PIK3CA","AKT2"
"PIK3CB","AKT3"
"PIK3CB","AKT1"
"PIK3CB","AKT2"
"PIK3CD","AKT3"
"PIK3CD","AKT1"
"PIK3CD","AKT2"
"PIK3R1","AKT3"
"PIK3R1","AKT1"
"PIK3R1","AKT2"
"PIK3R2","AKT3"
"PIK3R2","AKT1"
"PIK3R2","AKT2"
"DLL4","NOTCH1"
"DLL4","NOTCH2"
"DLL4","NOTCH3"
"DLL4","NOTCH4"
"PRKACA","CARM1"
"PRKACA","ESR1"
"PRKACA","ESR2"
"PRKACA","FOS"
"PRKACA","ARAF"
"PRKACA","JUN"
"PRKACA","MED1"
"PRKACA","RAF1"
"PRKACA","RPS6KB1"
"PRKACA","RPS6KB2"
"PRKACA","SP1"
"PRKACA","BRAF"
"PRKACA","NCOA3"
"PRKACB","CARM1"
"PRKACB","ESR1"
"PRKACB","ESR2"
"PRKACB","FOS"
"PRKACB","ARAF"
"PRKACB","JUN"
"PRKACB","MED1"
"PRKACB","RAF1"
"PRKACB","RPS6KB1"
"PRKACB","RPS6KB2"
"PRKACB","SP1"
"PRKACB","BRAF"
"PRKACB","NCOA3"
"PRKACG","CARM1"
"PRKACG","ESR1"
"PRKACG","ESR2"
"PRKACG","FOS"
"PRKACG","ARAF"
"PRKACG","JUN"
"PRKACG","MED1"
"PRKACG","RAF1"
"PRKACG","RPS6KB1"
"PRKACG","RPS6KB2"
"PRKACG","SP1"
"PRKACG","BRAF"
"PRKACG","NCOA3"
"MAPK1","FOS"
"MAPK1","JUN"
"MAPK3","FOS"
"MAPK3","JUN"
"MAPK8","CARM1"
"MAPK8","ESR1"
"MAPK8","ESR2"
"MAPK8","FOS"
"MAPK8","JUN"
"MAPK8","MED1"
"MAPK8","SP1"
"MAPK8","NCOA3"
"MAPK11","CARM1"
"MAPK11","ESR1"
"MAPK11","ESR2"
"MAPK11","FOS"
"MAPK11","JUN"
"MAPK11","MED1"
"MAPK11","SP1"
"MAPK11","NCOA3"
"MAPK9","CARM1"
"MAPK9","ESR1"
"MAPK9","ESR2"
"MAPK9","FOS"
"MAPK9","JUN"
"MAPK9","MED1"
"MAPK9","SP1"
"MAPK9","NCOA3"
"MAPK10","CARM1"
"MAPK10","ESR1"
"MAPK10","ESR2"
"MAPK10","FOS"
"MAPK10","JUN"
"MAPK10","MED1"
"MAPK10","SP1"
"MAPK10","NCOA3"
"MAPK13","CARM1"
"MAPK13","ESR1"
"MAPK13","ESR2"
"MAPK13","FOS"
"MAPK13","JUN"
"MAPK13","MED1"
"MAPK13","SP1"
"MAPK13","NCOA3"
"PTK2","PIK3CA"
"PTK2","PIK3CB"
"PTK2","PIK3CD"
"PTK2","PIK3R1"
"PTK2","PIK3R2"
"PTK2","PIK3R3"
"RB1","E2F1"
"RB1","E2F2"
"RB1","E2F3"
"CCND1","CDK4"
"BCL2","BAD"
"BCL2","BIK"
"RPS6KB1","CARM1"
"RPS6KB1","ESR1"
"RPS6KB1","ESR2"
"RPS6KB1","FOS"
"RPS6KB1","JUN"
"RPS6KB1","MED1"
"RPS6KB1","SP1"
"RPS6KB1","NCOA3"
"RPS6KB2","CARM1"
"RPS6KB2","ESR1"
"RPS6KB2","ESR2"
"RPS6KB2","FOS"
"RPS6KB2","JUN"
"RPS6KB2","MED1"
"RPS6KB2","SP1"
"RPS6KB2","NCOA3"
"MAPK12","CARM1"
"MAPK12","ESR1"
"MAPK12","ESR2"
"MAPK12","FOS"
"MAPK12","JUN"
"MAPK12","MED1"
"MAPK12","SP1"
"MAPK12","NCOA3"
"SRC","CARM1"
"SRC","ESR1"
"SRC","ESR2"
"SRC","FOS"
"SRC","JUN"
"SRC","MMP2"
"SRC","MMP9"
"SRC","MED1"
"SRC","SP1"
"SRC","NCOA3"
"TP53","CDKN1A"
"TP53","CDKN1B"
"TP53","CDKN2A"
"TP53","CDKN2C"
"PIK3R3","AKT3"
"PIK3R3","AKT1"
"PIK3R3","AKT2"
"CHUK","NFKB1"
"CHUK","RELA"
"IKBKB","NFKB1"
"IKBKB","RELA"
"NFKB1","IL1B"
"NFKB1","IL6"
"NFKB1","TNF"
"RELA","IL1B"
"RELA","IL6"
"RELA","TNF"
"IKBKG","NFKB1"
"IKBKG","RELA"
"AKT3","CDKN1A"
"AKT3","BIRC2"
"AKT3","BIRC3"
"AKT3","XIAP"
"AKT3","BIRC5"
"AKT3","CASP9"
"CDKN1A","MAP3K5"
"CDKN1A","CASP3"
"CDKN2A","MDM2"
"ERBB2","MAPK1"
"ERBB2","MAPK3"
"AKT1","CDKN1A"
"AKT1","BIRC2"
"AKT1","BIRC3"
"AKT1","XIAP"
"AKT1","BIRC5"
"AKT1","CASP9"
"AKT2","CDKN1A"
"AKT2","BIRC2"
"AKT2","BIRC3"
"AKT2","XIAP"
"AKT2","BIRC5"
"AKT2","CASP9"
"BBC3","BCL2"
"BBC3","BCL2L1"
"APAF1","CASP9"
"BIRC2","CASP3"
"BIRC2","CASP9"
"BIRC3","CASP3"
"BIRC3","CASP9"
"XIAP","CASP3"
"XIAP","CASP9"
"BIRC5","CASP3"
"BIRC5","CASP9"
"FAS","FADD"
"FASLG","FAS"
"ATM","TP53"
"PDPK1","AKT3"
"PDPK1","AKT1"
"PDPK1","AKT2"
"PIK3CA","PDPK1"
"PIK3CB","PDPK1"
"PIK3CD","PDPK1"
"PIK3R1","PDPK1"
"PIK3R2","PDPK1"
"PMAIP1","BCL2"
"PMAIP1","BCL2L1"
"CYCS","CASP9"
"MAPK1","BAD"
"MAPK3","BAD"
"BAD","BCL2"
"BAD","BCL2L1"
"BCL2","BAK1"
"BCL2L1","BAK1"
"TP53","BBC3"
"TP53","FAS"
"TP53","PMAIP1"
"TP53","BAK1"
"TP53","BAX"
"CASP8","ATM"
"CASP8","BID"
"CASP8","TP53"
"CASP8","CASP3"
"CASP9","CASP3"
"PIK3R3","PDPK1"
"FADD","CASP8"
"SMG1","UPF1"
"PABPC4L","PAN3"
"PABPC4L","CNOT7"
"PABPC4L","CNOT8"
"PABPC5","PAN3"
"PABPC5","CNOT7"
"PABPC5","CNOT8"
"PABPC1","PAN3"
"PABPC1","CNOT7"
"PABPC1","CNOT8"
"PABPC1L2A","PAN3"
"PABPC1L2A","CNOT7"
"PABPC1L2A","CNOT8"
"PABPC3","PAN3"
"PABPC3","CNOT7"
"PABPC3","CNOT8"
"PABPC1L2B","PAN3"
"PABPC1L2B","CNOT7"
"PABPC1L2B","CNOT8"
"PABPC1L","PAN3"
"PABPC1L","CNOT7"
"PABPC1L","CNOT8"
"PABPC4","PAN3"
"PABPC4","CNOT7"
"PABPC4","CNOT8"
"PPARA","NR1H3"
"PPARA","ME3"
"PPARA","SLC27A4"
"PPARA","APOA5"
"PPARA","CPT1C"
"PPARA","CPT1A"
"PPARA","CPT1B"
"PPARA","CPT2"
"PPARA","CYP7A1"
"PPARA","CYP8B1"
"PPARA","DBI"
"PPARA","EHHADH"
"PPARA","FABP1"
"PPARA","ACSL1"
"PPARA","ACSL3"
"PPARA","ACSL4"
"PPARA","ACSBG1"
"PPARA","ACSL6"
"PPARA","ACAA1"
"PPARA","HMGCS1"
"PPARA","HMGCS2"
"PPARA","APOA1"
"PPARA","APOA2"
"PPARA","ACADM"
"PPARA","APOC3"
"PPARA","SLC27A1"
"PPARA","LPL"
"PPARA","ME1"
"PPARA","ACOX1"
"PPARA","ANGPTL4"
"PPARA","ACSL5"
"PPARA","PLTP"
"PPARA","SCD"
"PPARA","SCP2"
"PPARA","UCP1"
"PPARA","SCD5"
"PPARA","ACSBG2"
"PPARA","ACOX2"
"PPARA","ACOX3"
"PPARA","FADS2"
"PPARD","CPT1C"
"PPARD","CPT1A"
"PPARD","CPT1B"
"PPARD","FABP3"
"PPARD","ACADL"
"PPARD","ILK"
"PPARD","LPL"
"PPARD","ACOX1"
"PPARD","ANGPTL4"
"PPARD","PDPK1"
"PPARD","UBC"
"PPARD","UCP1"
"PPARD","ACOX2"
"PPARD","ACOX3"
"PPARG","AQP7B"
"PPARG","NR1H3"
"PPARG","SORBS1"
"PPARG","SLC27A4"
"PPARG","PLIN2"
"PPARG","CPT1C"
"PPARG","CPT1A"
"PPARG","CPT1B"
"PPARG","CYP27A1"
"PPARG","FABP4"
"PPARG","ACSL1"
"PPARG","ACSL3"
"PPARG","ACSL4"
"PPARG","ACSBG1"
"PPARG","ACSL6"
"PPARG","GK"
"PPARG","GK2"
"PPARG","AQP7"
"PPARG","SLC27A1"
"PPARG","LPL"
"PPARG","MMP1"
"PPARG","PLIN5"
"PPARG","OLR1"
"PPARG","PCK1"
"PPARG","PCK2"
"PPARG","ANGPTL4"
"PPARG","ACSL5"
"PPARG","PLIN1"
"PPARG","SCD"
"PPARG","PLIN4"
"PPARG","UCP1"
"PPARG","SCD5"
"PPARG","ACSBG2"
"PPARG","ADIPOQ"
"PPARG","CD36"
"RXRA","AQP7B"
"RXRA","NR1H3"
"RXRA","SORBS1"
"RXRA","ME3"
"RXRA","SLC27A4"
"RXRA","APOA5"
"RXRA","PLIN2"
"RXRA","CPT1C"
"RXRA","CPT1A"
"RXRA","CPT1B"
"RXRA","CPT2"
"RXRA","CYP7A1"
"RXRA","CYP8B1"
"RXRA","CYP27A1"
"RXRA","DBI"
"RXRA","EHHADH"
"RXRA","FABP4"
"RXRA","FABP1"
"RXRA","FABP3"
"RXRA","ACSL1"
"RXRA","ACSL3"
"RXRA","ACSL4"
"RXRA","ACSBG1"
"RXRA","ACSL6"
"RXRA","GK"
"RXRA","GK2"
"RXRA","ACAA1"
"RXRA","HMGCS1"
"RXRA","HMGCS2"
"RXRA","ACADL"
"RXRA","APOA1"
"RXRA","APOA2"
"RXRA","ACADM"
"RXRA","APOC3"
"RXRA","ILK"
"RXRA","AQP7"
"RXRA","SLC27A1"
"RXRA","LPL"
"RXRA","ME1"
"RXRA","MMP1"
"RXRA","PLIN5"
"RXRA","OLR1"
"RXRA","ACOX1"
"RXRA","PCK1"
"RXRA","PCK2"
"RXRA","ANGPTL4"
"RXRA","PDPK1"
"RXRA","ACSL5"
"RXRA","PLIN1"
"RXRA","PLTP"
"RXRA","SCD"
"RXRA","SCP2"
"RXRA","PLIN4"
"RXRA","UBC"
"RXRA","UCP1"
"RXRA","SCD5"
"RXRA","ACSBG2"
"RXRA","ACOX2"
"RXRA","ACOX3"
"RXRA","ADIPOQ"
"RXRA","FADS2"
"RXRA","CD36"
"RXRB","AQP7B"
"RXRB","NR1H3"
"RXRB","SORBS1"
"RXRB","ME3"
"RXRB","SLC27A4"
"RXRB","APOA5"
"RXRB","PLIN2"
"RXRB","CPT1C"
"RXRB","CPT1A"
"RXRB","CPT1B"
"RXRB","CPT2"
"RXRB","CYP7A1"
"RXRB","CYP8B1"
"RXRB","CYP27A1"
"RXRB","DBI"
"RXRB","EHHADH"
"RXRB","FABP4"
"RXRB","FABP1"
"RXRB","FABP3"
"RXRB","ACSL1"
"RXRB","ACSL3"
"RXRB","ACSL4"
"RXRB","ACSBG1"
"RXRB","ACSL6"
"RXRB","GK"
"RXRB","GK2"
"RXRB","ACAA1"
"RXRB","HMGCS1"
"RXRB","HMGCS2"
"RXRB","ACADL"
"RXRB","APOA1"
"RXRB","APOA2"
"RXRB","ACADM"
"RXRB","APOC3"
"RXRB","ILK"
"RXRB","AQP7"
"RXRB","SLC27A1"
"RXRB","LPL"
"RXRB","ME1"
"RXRB","MMP1"
"RXRB","PLIN5"
"RXRB","OLR1"
"RXRB","ACOX1"
"RXRB","PCK1"
"RXRB","PCK2"
"RXRB","ANGPTL4"
"RXRB","PDPK1"
"RXRB","ACSL5"
"RXRB","PLIN1"
"RXRB","PLTP"
"RXRB","SCD"
"RXRB","SCP2"
"RXRB","PLIN4"
"RXRB","UBC"
"RXRB","UCP1"
"RXRB","SCD5"
"RXRB","ACSBG2"
"RXRB","ACOX2"
"RXRB","ACOX3"
"RXRB","ADIPOQ"
"RXRB","FADS2"
"RXRB","CD36"
"RXRG","AQP7B"
"RXRG","NR1H3"
"RXRG","SORBS1"
"RXRG","ME3"
"RXRG","SLC27A4"
"RXRG","APOA5"
"RXRG","PLIN2"
"RXRG","CPT1C"
"RXRG","CPT1A"
"RXRG","CPT1B"
"RXRG","CPT2"
"RXRG","CYP7A1"
"RXRG","CYP8B1"
"RXRG","CYP27A1"
"RXRG","DBI"
"RXRG","EHHADH"
"RXRG","FABP4"
"RXRG","FABP1"
"RXRG","FABP3"
"RXRG","ACSL1"
"RXRG","ACSL3"
"RXRG","ACSL4"
"RXRG","ACSBG1"
"RXRG","ACSL6"
"RXRG","GK"
"RXRG","GK2"
"RXRG","ACAA1"
"RXRG","HMGCS1"
"RXRG","HMGCS2"
"RXRG","ACADL"
"RXRG","APOA1"
"RXRG","APOA2"
"RXRG","ACADM"
"RXRG","APOC3"
"RXRG","ILK"
"RXRG","AQP7"
"RXRG","SLC27A1"
"RXRG","LPL"
"RXRG","ME1"
"RXRG","MMP1"
"RXRG","PLIN5"
"RXRG","OLR1"
"RXRG","ACOX1"
"RXRG","PCK1"
"RXRG","PCK2"
"RXRG","ANGPTL4"
"RXRG","PDPK1"
"RXRG","ACSL5"
"RXRG","PLIN1"
"RXRG","PLTP"
"RXRG","SCD"
"RXRG","SCP2"
"RXRG","PLIN4"
"RXRG","UBC"
"RXRG","UCP1"
"RXRG","SCD5"
"RXRG","ACSBG2"
"RXRG","ACOX2"
"RXRG","ACOX3"
"RXRG","ADIPOQ"
"RXRG","FADS2"
"RXRG","CD36"
"SYCP3","BRCA2"
"FANCD2","FAN1"
"FANCD2","BRCA2"
"FAN1","MLH1"
"FAN1","PMS2"
"WDR48","FANCL"
"BRCA2","RAD51"
"BRCA2","RAD51C"
"USP1","FANCL"
"PALB2","RAD51C"
"BRIP1","MLH1"
"BRIP1","PMS2"
"TELO2","ATR"
"AKT3","MAP3K5"
"AKT3","MAP2K4"
"RASGRP1","RRAS2"
"RASGRP1","MRAS"
"RASGRP1","HRAS"
"RASGRP1","KRAS"
"RASGRP1","NRAS"
"RASGRP1","RRAS"
"RASGRP2","RRAS2"
"RASGRP2","MRAS"
"RASGRP2","HRAS"
"RASGRP2","KRAS"
"RASGRP2","NRAS"
"RASGRP2","RRAS"
"TAB1","MAP3K7"
"GADD45G","MAP3K4"
"DUSP10","MAPK14"
"DUSP10","MAPK1"
"DUSP10","MAPK3"
"DUSP10","MAPK8"
"DUSP10","MAPK11"
"DUSP10","MAPK9"
"DUSP10","MAPK10"
"DUSP10","MAPK13"
"DUSP10","MAPK12"
"RASGRP4","RRAS2"
"RASGRP4","MRAS"
"RASGRP4","HRAS"
"RASGRP4","KRAS"
"RASGRP4","NRAS"
"RASGRP4","RRAS"
"CSF1","CSF1R"
"CSF1","EGFR"
"CSF1","EPHA2"
"CSF1","ERBB2"
"CSF1","ERBB3"
"CSF1","ERBB4"
"CSF1","FGFR1"
"CSF1","FGFR3"
"CSF1","FGFR2"
"CSF1","FGFR4"
"CSF1","FLT1"
"CSF1","FLT3"
"CSF1","FLT4"
"CSF1","IGF1R"
"CSF1","INSR"
"CSF1","KDR"
"CSF1","KIT"
"CSF1","MET"
"CSF1","NGFR"
"CSF1","NTRK1"
"CSF1","NTRK2"
"CSF1","PDGFRA"
"CSF1","PDGFRB"
"CSF1","RET"
"CSF1","TEK"
"DAXX","MAP3K5"
"GADD45A","MAP3K4"
"DUSP1","MAPK1"
"DUSP1","MAPK3"
"DUSP2","MAPK14"
"DUSP2","MAPK1"
"DUSP2","MAPK3"
"DUSP2","MAPK8"
"DUSP2","MAPK11"
"DUSP2","MAPK9"
"DUSP2","MAPK10"
"DUSP2","MAPK13"
"DUSP2","MAPK12"
"DUSP3","MAPK14"
"DUSP3","MAPK1"
"DUSP3","MAPK3"
"DUSP3","MAPK8"
"DUSP3","MAPK11"
"DUSP3","MAPK9"
"DUSP3","MAPK10"
"DUSP3","MAPK13"
"DUSP3","MAPK12"
"DUSP4","MAPK14"
"DUSP4","MAPK1"
"DUSP4","MAPK3"
"DUSP4","MAPK8"
"DUSP4","MAPK11"
"DUSP4","MAPK9"
"DUSP4","MAPK10"
"DUSP4","MAPK13"
"DUSP4","MAPK12"
"DUSP5","MAPK14"
"DUSP5","MAPK1"
"DUSP5","MAPK3"
"DUSP5","MAPK8"
"DUSP5","MAPK11"
"DUSP5","MAPK9"
"DUSP5","MAPK10"
"DUSP5","MAPK13"
"DUSP5","MAPK12"
"DUSP6","MAPK1"
"DUSP6","MAPK3"
"DUSP7","MAPK14"
"DUSP7","MAPK1"
"DUSP7","MAPK3"
"DUSP7","MAPK8"
"DUSP7","MAPK11"
"DUSP7","MAPK9"
"DUSP7","MAPK10"
"DUSP7","MAPK13"
"DUSP7","MAPK12"
"DUSP8","MAPK14"
"DUSP8","MAPK1"
"DUSP8","MAPK3"
"DUSP8","MAPK8"
"DUSP8","MAPK11"
"DUSP8","MAPK9"
"DUSP8","MAPK10"
"DUSP8","MAPK13"
"DUSP8","MAPK12"
"DUSP9","MAPK14"
"DUSP9","MAPK1"
"DUSP9","MAPK3"
"DUSP9","MAPK8"
"DUSP9","MAPK11"
"DUSP9","MAPK9"
"DUSP9","MAPK10"
"DUSP9","MAPK13"
"DUSP9","MAPK12"
"EFNA1","CSF1R"
"EFNA1","EGFR"
"EFNA1","EPHA2"
"EFNA1","ERBB2"
"EFNA1","ERBB3"
"EFNA1","ERBB4"
"EFNA1","FGFR1"
"EFNA1","FGFR3"
"EFNA1","FGFR2"
"EFNA1","FGFR4"
"EFNA1","FLT1"
"EFNA1","FLT3"
"EFNA1","FLT4"
"EFNA1","IGF1R"
"EFNA1","INSR"
"EFNA1","KDR"
"EFNA1","KIT"
"EFNA1","MET"
"EFNA1","NGFR"
"EFNA1","NTRK1"
"EFNA1","NTRK2"
"EFNA1","PDGFRA"
"EFNA1","PDGFRB"
"EFNA1","RET"
"EFNA1","TEK"
"EFNA2","CSF1R"
"EFNA2","EGFR"
"EFNA2","EPHA2"
"EFNA2","ERBB2"
"EFNA2","ERBB3"
"EFNA2","ERBB4"
"EFNA2","FGFR1"
"EFNA2","FGFR3"
"EFNA2","FGFR2"
"EFNA2","FGFR4"
"EFNA2","FLT1"
"EFNA2","FLT3"
"EFNA2","FLT4"
"EFNA2","IGF1R"
"EFNA2","INSR"
"EFNA2","KDR"
"EFNA2","KIT"
"EFNA2","MET"
"EFNA2","NGFR"
"EFNA2","NTRK1"
"EFNA2","NTRK2"
"EFNA2","PDGFRA"
"EFNA2","PDGFRB"
"EFNA2","RET"
"EFNA2","TEK"
"EFNA3","CSF1R"
"EFNA3","EGFR"
"EFNA3","EPHA2"
"EFNA3","ERBB2"
"EFNA3","ERBB3"
"EFNA3","ERBB4"
"EFNA3","FGFR1"
"EFNA3","FGFR3"
"EFNA3","FGFR2"
"EFNA3","FGFR4"
"EFNA3","FLT1"
"EFNA3","FLT3"
"EFNA3","FLT4"
"EFNA3","IGF1R"
"EFNA3","INSR"
"EFNA3","KDR"
"EFNA3","KIT"
"EFNA3","MET"
"EFNA3","NGFR"
"EFNA3","NTRK1"
"EFNA3","NTRK2"
"EFNA3","PDGFRA"
"EFNA3","PDGFRB"
"EFNA3","RET"
"EFNA3","TEK"
"EFNA4","CSF1R"
"EFNA4","EGFR"
"EFNA4","EPHA2"
"EFNA4","ERBB2"
"EFNA4","ERBB3"
"EFNA4","ERBB4"
"EFNA4","FGFR1"
"EFNA4","FGFR3"
"EFNA4","FGFR2"
"EFNA4","FGFR4"
"EFNA4","FLT1"
"EFNA4","FLT3"
"EFNA4","FLT4"
"EFNA4","IGF1R"
"EFNA4","INSR"
"EFNA4","KDR"
"EFNA4","KIT"
"EFNA4","MET"
"EFNA4","NGFR"
"EFNA4","NTRK1"
"EFNA4","NTRK2"
"EFNA4","PDGFRA"
"EFNA4","PDGFRB"
"EFNA4","RET"
"EFNA4","TEK"
"EFNA5","CSF1R"
"EFNA5","EGFR"
"EFNA5","EPHA2"
"EFNA5","ERBB2"
"EFNA5","ERBB3"
"EFNA5","ERBB4"
"EFNA5","FGFR1"
"EFNA5","FGFR3"
"EFNA5","FGFR2"
"EFNA5","FGFR4"
"EFNA5","FLT1"
"EFNA5","FLT3"
"EFNA5","FLT4"
"EFNA5","IGF1R"
"EFNA5","INSR"
"EFNA5","KDR"
"EFNA5","KIT"
"EFNA5","MET"
"EFNA5","NGFR"
"EFNA5","NTRK1"
"EFNA5","NTRK2"
"EFNA5","PDGFRA"
"EFNA5","PDGFRB"
"EFNA5","RET"
"EFNA5","TEK"
"EGF","CSF1R"
"EGF","EPHA2"
"EGF","ERBB4"
"EGF","FGFR1"
"EGF","FGFR3"
"EGF","FGFR2"
"EGF","FGFR4"
"EGF","FLT1"
"EGF","FLT3"
"EGF","FLT4"
"EGF","IGF1R"
"EGF","INSR"
"EGF","KDR"
"EGF","KIT"
"EGF","MET"
"EGF","NGFR"
"EGF","NTRK1"
"EGF","NTRK2"
"EGF","PDGFRA"
"EGF","PDGFRB"
"EGF","RET"
"EGF","TEK"
"ELK1","FOS"
"ELK4","FOS"
"EREG","CSF1R"
"EREG","EGFR"
"EREG","EPHA2"
"EREG","ERBB2"
"EREG","ERBB3"
"EREG","ERBB4"
"EREG","FGFR1"
"EREG","FGFR3"
"EREG","FGFR2"
"EREG","FGFR4"
"EREG","FLT1"
"EREG","FLT3"
"EREG","FLT4"
"EREG","IGF1R"
"EREG","INSR"
"EREG","KDR"
"EREG","KIT"
"EREG","MET"
"EREG","NGFR"
"EREG","NTRK1"
"EREG","NTRK2"
"EREG","PDGFRA"
"EREG","PDGFRB"
"EREG","RET"
"EREG","TEK"
"AKT1","MAP3K5"
"AKT1","MAP2K4"
"AKT2","MAP3K5"
"AKT2","MAP2K4"
"MECOM","MAPK8"
"MECOM","MAPK9"
"MECOM","MAPK10"
"FGF1","CSF1R"
"FGF1","EGFR"
"FGF1","EPHA2"
"FGF1","ERBB2"
"FGF1","ERBB3"
"FGF1","ERBB4"
"FGF1","FGFR1"
"FGF1","FGFR3"
"FGF1","FGFR2"
"FGF1","FGFR4"
"FGF1","FLT1"
"FGF1","FLT3"
"FGF1","FLT4"
"FGF1","IGF1R"
"FGF1","INSR"
"FGF1","KDR"
"FGF1","KIT"
"FGF1","MET"
"FGF1","NGFR"
"FGF1","NTRK1"
"FGF1","NTRK2"
"FGF1","PDGFRA"
"FGF1","PDGFRB"
"FGF1","RET"
"FGF1","TEK"
"FGF2","CSF1R"
"FGF2","EGFR"
"FGF2","EPHA2"
"FGF2","ERBB2"
"FGF2","ERBB3"
"FGF2","ERBB4"
"FGF2","FGFR1"
"FGF2","FGFR4"
"FGF2","FLT1"
"FGF2","FLT3"
"FGF2","FLT4"
"FGF2","IGF1R"
"FGF2","INSR"
"FGF2","KDR"
"FGF2","KIT"
"FGF2","MET"
"FGF2","NGFR"
"FGF2","NTRK1"
"FGF2","NTRK2"
"FGF2","PDGFRA"
"FGF2","PDGFRB"
"FGF2","RET"
"FGF2","TEK"
"FGF3","CSF1R"
"FGF3","EGFR"
"FGF3","EPHA2"
"FGF3","ERBB2"
"FGF3","ERBB3"
"FGF3","ERBB4"
"FGF3","FGFR1"
"FGF3","FGFR3"
"FGF3","FGFR2"
"FGF3","FGFR4"
"FGF3","FLT1"
"FGF3","FLT3"
"FGF3","FLT4"
"FGF3","IGF1R"
"FGF3","INSR"
"FGF3","KDR"
"FGF3","KIT"
"FGF3","MET"
"FGF3","NGFR"
"FGF3","NTRK1"
"FGF3","NTRK2"
"FGF3","PDGFRA"
"FGF3","PDGFRB"
"FGF3","RET"
"FGF3","TEK"
"FGF4","CSF1R"
"FGF4","EGFR"
"FGF4","EPHA2"
"FGF4","ERBB2"
"FGF4","ERBB3"
"FGF4","ERBB4"
"FGF4","FGFR1"
"FGF4","FGFR3"
"FGF4","FGFR2"
"FGF4","FGFR4"
"FGF4","FLT1"
"FGF4","FLT3"
"FGF4","FLT4"
"FGF4","IGF1R"
"FGF4","INSR"
"FGF4","KDR"
"FGF4","KIT"
"FGF4","MET"
"FGF4","NGFR"
"FGF4","NTRK1"
"FGF4","NTRK2"
"FGF4","PDGFRA"
"FGF4","PDGFRB"
"FGF4","RET"
"FGF4","TEK"
"FGF5","CSF1R"
"FGF5","EGFR"
"FGF5","EPHA2"
"FGF5","ERBB2"
"FGF5","ERBB3"
"FGF5","ERBB4"
"FGF5","FGFR1"
"FGF5","FGFR3"
"FGF5","FGFR2"
"FGF5","FGFR4"
"FGF5","FLT1"
"FGF5","FLT3"
"FGF5","FLT4"
"FGF5","IGF1R"
"FGF5","INSR"
"FGF5","KDR"
"FGF5","KIT"
"FGF5","MET"
"FGF5","NGFR"
"FGF5","NTRK1"
"FGF5","NTRK2"
"FGF5","PDGFRA"
"FGF5","PDGFRB"
"FGF5","RET"
"FGF5","TEK"
"FGF6","CSF1R"
"FGF6","EGFR"
"FGF6","EPHA2"
"FGF6","ERBB2"
"FGF6","ERBB3"
"FGF6","ERBB4"
"FGF6","FGFR1"
"FGF6","FGFR3"
"FGF6","FGFR2"
"FGF6","FGFR4"
"FGF6","FLT1"
"FGF6","FLT3"
"FGF6","FLT4"
"FGF6","IGF1R"
"FGF6","INSR"
"FGF6","KDR"
"FGF6","KIT"
"FGF6","MET"
"FGF6","NGFR"
"FGF6","NTRK1"
"FGF6","NTRK2"
"FGF6","PDGFRA"
"FGF6","PDGFRB"
"FGF6","RET"
"FGF6","TEK"
"FGF7","CSF1R"
"FGF7","EGFR"
"FGF7","EPHA2"
"FGF7","ERBB2"
"FGF7","ERBB3"
"FGF7","ERBB4"
"FGF7","FGFR1"
"FGF7","FGFR3"
"FGF7","FGFR2"
"FGF7","FGFR4"
"FGF7","FLT1"
"FGF7","FLT3"
"FGF7","FLT4"
"FGF7","IGF1R"
"FGF7","INSR"
"FGF7","KDR"
"FGF7","KIT"
"FGF7","MET"
"FGF7","NGFR"
"FGF7","NTRK1"
"FGF7","NTRK2"
"FGF7","PDGFRA"
"FGF7","PDGFRB"
"FGF7","RET"
"FGF7","TEK"
"FGF8","CSF1R"
"FGF8","EGFR"
"FGF8","EPHA2"
"FGF8","ERBB2"
"FGF8","ERBB3"
"FGF8","ERBB4"
"FGF8","FGFR1"
"FGF8","FGFR3"
"FGF8","FGFR2"
"FGF8","FGFR4"
"FGF8","FLT1"
"FGF8","FLT3"
"FGF8","FLT4"
"FGF8","IGF1R"
"FGF8","INSR"
"FGF8","KDR"
"FGF8","KIT"
"FGF8","MET"
"FGF8","NGFR"
"FGF8","NTRK1"
"FGF8","NTRK2"
"FGF8","PDGFRA"
"FGF8","PDGFRB"
"FGF8","RET"
"FGF8","TEK"
"FGF9","CSF1R"
"FGF9","EGFR"
"FGF9","EPHA2"
"FGF9","ERBB2"
"FGF9","ERBB3"
"FGF9","ERBB4"
"FGF9","FGFR1"
"FGF9","FGFR3"
"FGF9","FGFR2"
"FGF9","FGFR4"
"FGF9","FLT1"
"FGF9","FLT3"
"FGF9","FLT4"
"FGF9","IGF1R"
"FGF9","INSR"
"FGF9","KDR"
"FGF9","KIT"
"FGF9","MET"
"FGF9","NGFR"
"FGF9","NTRK1"
"FGF9","NTRK2"
"FGF9","PDGFRA"
"FGF9","PDGFRB"
"FGF9","RET"
"FGF9","TEK"
"FGF10","CSF1R"
"FGF10","EGFR"
"FGF10","EPHA2"
"FGF10","ERBB2"
"FGF10","ERBB3"
"FGF10","ERBB4"
"FGF10","FGFR1"
"FGF10","FGFR3"
"FGF10","FGFR2"
"FGF10","FGFR4"
"FGF10","FLT1"
"FGF10","FLT3"
"FGF10","FLT4"
"FGF10","IGF1R"
"FGF10","INSR"
"FGF10","KDR"
"FGF10","KIT"
"FGF10","MET"
"FGF10","NGFR"
"FGF10","NTRK1"
"FGF10","NTRK2"
"FGF10","PDGFRA"
"FGF10","PDGFRB"
"FGF10","RET"
"FGF10","TEK"
"VEGFD","CSF1R"
"VEGFD","EGFR"
"VEGFD","EPHA2"
"VEGFD","ERBB2"
"VEGFD","ERBB3"
"VEGFD","ERBB4"
"VEGFD","FGFR1"
"VEGFD","FGFR3"
"VEGFD","FGFR2"
"VEGFD","FGFR4"
"VEGFD","FLT1"
"VEGFD","FLT3"
"VEGFD","FLT4"
"VEGFD","IGF1R"
"VEGFD","INSR"
"VEGFD","KDR"
"VEGFD","KIT"
"VEGFD","MET"
"VEGFD","NGFR"
"VEGFD","NTRK1"
"VEGFD","NTRK2"
"VEGFD","PDGFRA"
"VEGFD","PDGFRB"
"VEGFD","RET"
"VEGFD","TEK"
"RRAS2","ARAF"
"RRAS2","RAF1"
"RRAS2","BRAF"
"MRAS","ARAF"
"MRAS","RAF1"
"MRAS","BRAF"
"TAB2","MAP3K7"
"FLT3LG","CSF1R"
"FLT3LG","EGFR"
"FLT3LG","EPHA2"
"FLT3LG","ERBB2"
"FLT3LG","ERBB3"
"FLT3LG","ERBB4"
"FLT3LG","FGFR1"
"FLT3LG","FGFR3"
"FLT3LG","FGFR2"
"FLT3LG","FGFR4"
"FLT3LG","FLT1"
"FLT3LG","FLT3"
"FLT3LG","FLT4"
"FLT3LG","IGF1R"
"FLT3LG","INSR"
"FLT3LG","KDR"
"FLT3LG","KIT"
"FLT3LG","MET"
"FLT3LG","NGFR"
"FLT3LG","NTRK1"
"FLT3LG","NTRK2"
"FLT3LG","PDGFRA"
"FLT3LG","PDGFRB"
"FLT3LG","RET"
"FLT3LG","TEK"
"RASGRP3","RRAS2"
"RASGRP3","MRAS"
"RASGRP3","HRAS"
"RASGRP3","KRAS"
"RASGRP3","NRAS"
"RASGRP3","RRAS"
"FGF20","CSF1R"
"FGF20","EGFR"
"FGF20","EPHA2"
"FGF20","ERBB2"
"FGF20","ERBB3"
"FGF20","ERBB4"
"FGF20","FGFR1"
"FGF20","FGFR3"
"FGF20","FGFR2"
"FGF20","FGFR4"
"FGF20","FLT1"
"FGF20","FLT3"
"FGF20","FLT4"
"FGF20","IGF1R"
"FGF20","INSR"
"FGF20","KDR"
"FGF20","KIT"
"FGF20","MET"
"FGF20","NGFR"
"FGF20","NTRK1"
"FGF20","NTRK2"
"FGF20","PDGFRA"
"FGF20","PDGFRB"
"FGF20","RET"
"FGF20","TEK"
"FGF21","CSF1R"
"FGF21","EGFR"
"FGF21","EPHA2"
"FGF21","ERBB2"
"FGF21","ERBB3"
"FGF21","ERBB4"
"FGF21","FGFR1"
"FGF21","FGFR3"
"FGF21","FGFR2"
"FGF21","FGFR4"
"FGF21","FLT1"
"FGF21","FLT3"
"FGF21","FLT4"
"FGF21","IGF1R"
"FGF21","INSR"
"FGF21","KDR"
"FGF21","KIT"
"FGF21","MET"
"FGF21","NGFR"
"FGF21","NTRK1"
"FGF21","NTRK2"
"FGF21","PDGFRA"
"FGF21","PDGFRB"
"FGF21","RET"
"FGF21","TEK"
"GDNF","CSF1R"
"GDNF","EGFR"
"GDNF","EPHA2"
"GDNF","ERBB2"
"GDNF","ERBB3"
"GDNF","ERBB4"
"GDNF","FGFR1"
"GDNF","FGFR3"
"GDNF","FGFR2"
"GDNF","FGFR4"
"GDNF","FLT1"
"GDNF","FLT3"
"GDNF","FLT4"
"GDNF","IGF1R"
"GDNF","INSR"
"GDNF","KDR"
"GDNF","KIT"
"GDNF","MET"
"GDNF","NGFR"
"GDNF","NTRK1"
"GDNF","NTRK2"
"GDNF","PDGFRA"
"GDNF","PDGFRB"
"GDNF","RET"
"GDNF","TEK"
"FGF22","CSF1R"
"FGF22","EGFR"
"FGF22","EPHA2"
"FGF22","ERBB2"
"FGF22","ERBB3"
"FGF22","ERBB4"
"FGF22","FGFR1"
"FGF22","FGFR3"
"FGF22","FGFR2"
"FGF22","FGFR4"
"FGF22","FLT1"
"FGF22","FLT3"
"FGF22","FLT4"
"FGF22","IGF1R"
"FGF22","INSR"
"FGF22","KDR"
"FGF22","KIT"
"FGF22","MET"
"FGF22","NGFR"
"FGF22","NTRK1"
"FGF22","NTRK2"
"FGF22","PDGFRA"
"FGF22","PDGFRB"
"FGF22","RET"
"FGF22","TEK"
"GNA12","RASA2"
"ANGPT1","CSF1R"
"ANGPT1","EGFR"
"ANGPT1","EPHA2"
"ANGPT1","ERBB2"
"ANGPT1","ERBB3"
"ANGPT1","ERBB4"
"ANGPT1","FGFR1"
"ANGPT1","FGFR3"
"ANGPT1","FGFR2"
"ANGPT1","FGFR4"
"ANGPT1","FLT1"
"ANGPT1","FLT3"
"ANGPT1","FLT4"
"ANGPT1","IGF1R"
"ANGPT1","INSR"
"ANGPT1","KDR"
"ANGPT1","KIT"
"ANGPT1","MET"
"ANGPT1","NGFR"
"ANGPT1","NTRK1"
"ANGPT1","NTRK2"
"ANGPT1","PDGFRA"
"ANGPT1","PDGFRB"
"ANGPT1","RET"
"ANGPT1","TEK"
"ANGPT2","CSF1R"
"ANGPT2","EGFR"
"ANGPT2","EPHA2"
"ANGPT2","ERBB2"
"ANGPT2","ERBB3"
"ANGPT2","ERBB4"
"ANGPT2","FGFR1"
"ANGPT2","FGFR3"
"ANGPT2","FGFR2"
"ANGPT2","FGFR4"
"ANGPT2","FLT1"
"ANGPT2","FLT3"
"ANGPT2","FLT4"
"ANGPT2","IGF1R"
"ANGPT2","INSR"
"ANGPT2","KDR"
"ANGPT2","KIT"
"ANGPT2","MET"
"ANGPT2","NGFR"
"ANGPT2","NTRK1"
"ANGPT2","NTRK2"
"ANGPT2","PDGFRA"
"ANGPT2","PDGFRB"
"ANGPT2","RET"
"ANGPT2","TEK"
"HGF","CSF1R"
"HGF","EGFR"
"HGF","EPHA2"
"HGF","ERBB2"
"HGF","ERBB4"
"HGF","FGFR1"
"HGF","FGFR3"
"HGF","FGFR2"
"HGF","FGFR4"
"HGF","FLT1"
"HGF","FLT3"
"HGF","FLT4"
"HGF","IGF1R"
"HGF","INSR"
"HGF","KDR"
"HGF","KIT"
"HGF","NGFR"
"HGF","NTRK1"
"HGF","NTRK2"
"HGF","PDGFRA"
"HGF","PDGFRB"
"HGF","RET"
"HGF","TEK"
"HSPA1A","MAPK8"
"HSPA1A","MAPK9"
"HSPA1A","MAPK10"
"HSPA1B","MAPK8"
"HSPA1B","MAPK9"
"HSPA1B","MAPK10"
"HSPA1L","MAPK8"
"HSPA1L","MAPK9"
"HSPA1L","MAPK10"
"HSPA6","MAPK8"
"HSPA6","MAPK9"
"HSPA6","MAPK10"
"HSPA8","MAPK8"
"HSPA8","MAPK9"
"HSPA8","MAPK10"
"IGF1","CSF1R"
"IGF1","EGFR"
"IGF1","EPHA2"
"IGF1","ERBB2"
"IGF1","ERBB3"
"IGF1","ERBB4"
"IGF1","FGFR1"
"IGF1","FGFR3"
"IGF1","FGFR2"
"IGF1","FGFR4"
"IGF1","FLT1"
"IGF1","FLT3"
"IGF1","FLT4"
"IGF1","INSR"
"IGF1","KDR"
"IGF1","KIT"
"IGF1","MET"
"IGF1","NGFR"
"IGF1","NTRK1"
"IGF1","NTRK2"
"IGF1","PDGFRA"
"IGF1","PDGFRB"
"IGF1","RET"
"IGF1","TEK"
"IGF2","CSF1R"
"IGF2","EGFR"
"IGF2","EPHA2"
"IGF2","ERBB2"
"IGF2","ERBB3"
"IGF2","ERBB4"
"IGF2","FGFR1"
"IGF2","FGFR3"
"IGF2","FGFR2"
"IGF2","FGFR4"
"IGF2","FLT1"
"IGF2","FLT3"
"IGF2","FLT4"
"IGF2","IGF1R"
"IGF2","INSR"
"IGF2","KDR"
"IGF2","KIT"
"IGF2","MET"
"IGF2","NGFR"
"IGF2","NTRK1"
"IGF2","NTRK2"
"IGF2","PDGFRA"
"IGF2","PDGFRB"
"IGF2","RET"
"IGF2","TEK"
"FAS","DAXX"
"IL1A","IL1R1"
"IL1A","IL1RAP"
"IL1B","IL1R1"
"IL1B","IL1RAP"
"IL1R1","MYD88"
"IL1RAP","MYD88"
"INS","CSF1R"
"INS","EGFR"
"INS","EPHA2"
"INS","ERBB2"
"INS","ERBB3"
"INS","ERBB4"
"INS","FGFR1"
"INS","FGFR3"
"INS","FGFR2"
"INS","FGFR4"
"INS","FLT1"
"INS","FLT3"
"INS","FLT4"
"INS","IGF1R"
"INS","INSR"
"INS","KDR"
"INS","KIT"
"INS","MET"
"INS","NGFR"
"INS","NTRK1"
"INS","NTRK2"
"INS","PDGFRA"
"INS","PDGFRB"
"INS","RET"
"INS","TEK"
"IRAK1","TRAF6"
"AREG","CSF1R"
"AREG","EGFR"
"AREG","EPHA2"
"AREG","ERBB2"
"AREG","ERBB3"
"AREG","ERBB4"
"AREG","FGFR1"
"AREG","FGFR3"
"AREG","FGFR2"
"AREG","FGFR4"
"AREG","FLT1"
"AREG","FLT3"
"AREG","FLT4"
"AREG","IGF1R"
"AREG","INSR"
"AREG","KDR"
"AREG","KIT"
"AREG","MET"
"AREG","NGFR"
"AREG","NTRK1"
"AREG","NTRK2"
"AREG","PDGFRA"
"AREG","PDGFRB"
"AREG","RET"
"AREG","TEK"
"MAP3K4","MAP2K3"
"MAP3K4","MAP2K6"
"KITLG","CSF1R"
"KITLG","EGFR"
"KITLG","EPHA2"
"KITLG","ERBB2"
"KITLG","ERBB3"
"KITLG","ERBB4"
"KITLG","FGFR1"
"KITLG","FGFR3"
"KITLG","FGFR2"
"KITLG","FGFR4"
"KITLG","FLT1"
"KITLG","FLT3"
"KITLG","FLT4"
"KITLG","IGF1R"
"KITLG","INSR"
"KITLG","KDR"
"KITLG","KIT"
"KITLG","MET"
"KITLG","NGFR"
"KITLG","NTRK1"
"KITLG","NTRK2"
"KITLG","PDGFRA"
"KITLG","PDGFRB"
"KITLG","RET"
"KITLG","TEK"
"MYD88","IRAK1"
"MYD88","IRAK4"
"GADD45B","MAP3K4"
"NF1","RRAS2"
"NF1","MRAS"
"NF1","RRAS"
"NGF","CSF1R"
"NGF","EGFR"
"NGF","EPHA2"
"NGF","ERBB2"
"NGF","ERBB3"
"NGF","ERBB4"
"NGF","FGFR1"
"NGF","FGFR3"
"NGF","FGFR2"
"NGF","FGFR4"
"NGF","FLT1"
"NGF","FLT3"
"NGF","FLT4"
"NGF","IGF1R"
"NGF","INSR"
"NGF","KDR"
"NGF","KIT"
"NGF","MET"
"NGF","NGFR"
"NGF","NTRK1"
"NGF","NTRK2"
"NGF","PDGFRA"
"NGF","PDGFRB"
"NGF","RET"
"NGF","TEK"
"NRTN","CSF1R"
"NRTN","EGFR"
"NRTN","EPHA2"
"NRTN","ERBB2"
"NRTN","ERBB3"
"NRTN","ERBB4"
"NRTN","FGFR1"
"NRTN","FGFR3"
"NRTN","FGFR2"
"NRTN","FGFR4"
"NRTN","FLT1"
"NRTN","FLT3"
"NRTN","FLT4"
"NRTN","IGF1R"
"NRTN","INSR"
"NRTN","KDR"
"NRTN","KIT"
"NRTN","MET"
"NRTN","NGFR"
"NRTN","NTRK1"
"NRTN","NTRK2"
"NRTN","PDGFRA"
"NRTN","PDGFRB"
"NRTN","RET"
"NRTN","TEK"
"NTF3","CSF1R"
"NTF3","EGFR"
"NTF3","EPHA2"
"NTF3","ERBB2"
"NTF3","ERBB3"
"NTF3","ERBB4"
"NTF3","FGFR1"
"NTF3","FGFR3"
"NTF3","FGFR2"
"NTF3","FGFR4"
"NTF3","FLT1"
"NTF3","FLT3"
"NTF3","FLT4"
"NTF3","IGF1R"
"NTF3","INSR"
"NTF3","KDR"
"NTF3","KIT"
"NTF3","MET"
"NTF3","NGFR"
"NTF3","NTRK1"
"NTF3","NTRK2"
"NTF3","PDGFRA"
"NTF3","PDGFRB"
"NTF3","RET"
"NTF3","TEK"
"NTF4","CSF1R"
"NTF4","EGFR"
"NTF4","EPHA2"
"NTF4","ERBB2"
"NTF4","ERBB3"
"NTF4","ERBB4"
"NTF4","FGFR1"
"NTF4","FGFR3"
"NTF4","FGFR2"
"NTF4","FGFR4"
"NTF4","FLT1"
"NTF4","FLT3"
"NTF4","FLT4"
"NTF4","IGF1R"
"NTF4","INSR"
"NTF4","KDR"
"NTF4","KIT"
"NTF4","MET"
"NTF4","NGFR"
"NTF4","NTRK1"
"NTF4","NTRK2"
"NTF4","PDGFRA"
"NTF4","PDGFRB"
"NTF4","RET"
"NTF4","TEK"
"IRAK4","TRAF6"
"TAOK3","MAP2K3"
"TAOK3","MAP2K6"
"ANGPT4","CSF1R"
"ANGPT4","EGFR"
"ANGPT4","EPHA2"
"ANGPT4","ERBB2"
"ANGPT4","ERBB3"
"ANGPT4","ERBB4"
"ANGPT4","FGFR1"
"ANGPT4","FGFR3"
"ANGPT4","FGFR2"
"ANGPT4","FGFR4"
"ANGPT4","FLT1"
"ANGPT4","FLT3"
"ANGPT4","FLT4"
"ANGPT4","IGF1R"
"ANGPT4","INSR"
"ANGPT4","KDR"
"ANGPT4","KIT"
"ANGPT4","MET"
"ANGPT4","NGFR"
"ANGPT4","NTRK1"
"ANGPT4","NTRK2"
"ANGPT4","PDGFRA"
"ANGPT4","PDGFRB"
"ANGPT4","RET"
"ANGPT4","TEK"
"PDGFA","CSF1R"
"PDGFA","EGFR"
"PDGFA","EPHA2"
"PDGFA","ERBB2"
"PDGFA","ERBB3"
"PDGFA","ERBB4"
"PDGFA","FGFR1"
"PDGFA","FGFR3"
"PDGFA","FGFR2"
"PDGFA","FGFR4"
"PDGFA","FLT1"
"PDGFA","FLT3"
"PDGFA","FLT4"
"PDGFA","IGF1R"
"PDGFA","INSR"
"PDGFA","KDR"
"PDGFA","KIT"
"PDGFA","MET"
"PDGFA","NGFR"
"PDGFA","NTRK1"
"PDGFA","NTRK2"
"PDGFA","RET"
"PDGFA","TEK"
"PDGFB","CSF1R"
"PDGFB","EGFR"
"PDGFB","EPHA2"
"PDGFB","ERBB2"
"PDGFB","ERBB3"
"PDGFB","ERBB4"
"PDGFB","FGFR1"
"PDGFB","FGFR3"
"PDGFB","FGFR2"
"PDGFB","FGFR4"
"PDGFB","FLT1"
"PDGFB","FLT3"
"PDGFB","FLT4"
"PDGFB","IGF1R"
"PDGFB","INSR"
"PDGFB","KDR"
"PDGFB","KIT"
"PDGFB","MET"
"PDGFB","NGFR"
"PDGFB","NTRK1"
"PDGFB","NTRK2"
"PDGFB","RET"
"PDGFB","TEK"
"PGF","CSF1R"
"PGF","EGFR"
"PGF","EPHA2"
"PGF","ERBB2"
"PGF","ERBB3"
"PGF","ERBB4"
"PGF","FGFR1"
"PGF","FGFR3"
"PGF","FGFR2"
"PGF","FGFR4"
"PGF","FLT1"
"PGF","FLT3"
"PGF","FLT4"
"PGF","IGF1R"
"PGF","INSR"
"PGF","KDR"
"PGF","KIT"
"PGF","MET"
"PGF","NGFR"
"PGF","NTRK1"
"PGF","NTRK2"
"PGF","PDGFRA"
"PGF","PDGFRB"
"PGF","RET"
"PGF","TEK"
"PPM1A","MAP2K3"
"PPM1A","MAP2K6"
"PPM1A","MAP2K7"
"PPM1A","MAP2K4"
"PPM1B","MAP3K7"
"PPP5C","MAP3K5"
"GNG12","RASA2"
"MAPK8","NFATC1"
"MAPK8","NFATC3"
"MAPK9","NFATC1"
"MAPK9","NFATC3"
"MAPK10","NFATC1"
"MAPK10","NFATC3"
"PDGFC","CSF1R"
"PDGFC","EGFR"
"PDGFC","EPHA2"
"PDGFC","ERBB2"
"PDGFC","ERBB3"
"PDGFC","ERBB4"
"PDGFC","FGFR1"
"PDGFC","FGFR3"
"PDGFC","FGFR2"
"PDGFC","FGFR4"
"PDGFC","FLT1"
"PDGFC","FLT3"
"PDGFC","FLT4"
"PDGFC","IGF1R"
"PDGFC","INSR"
"PDGFC","KDR"
"PDGFC","KIT"
"PDGFC","MET"
"PDGFC","NGFR"
"PDGFC","NTRK1"
"PDGFC","NTRK2"
"PDGFC","RET"
"PDGFC","TEK"
"PSPN","CSF1R"
"PSPN","EGFR"
"PSPN","EPHA2"
"PSPN","ERBB2"
"PSPN","ERBB3"
"PSPN","ERBB4"
"PSPN","FGFR1"
"PSPN","FGFR3"
"PSPN","FGFR2"
"PSPN","FGFR4"
"PSPN","FLT1"
"PSPN","FLT3"
"PSPN","FLT4"
"PSPN","IGF1R"
"PSPN","INSR"
"PSPN","KDR"
"PSPN","KIT"
"PSPN","MET"
"PSPN","NGFR"
"PSPN","NTRK1"
"PSPN","NTRK2"
"PSPN","PDGFRA"
"PSPN","PDGFRB"
"PSPN","RET"
"PSPN","TEK"
"TAOK1","MAP2K3"
"TAOK1","MAP2K6"
"PTPN7","MAPK14"
"PTPN7","MAPK1"
"PTPN7","MAPK3"
"PTPN7","MAPK8"
"PTPN7","MAPK11"
"PTPN7","MAPK9"
"PTPN7","MAPK10"
"PTPN7","MAPK13"
"PTPN7","MAPK12"
"PTPRR","MAPK14"
"PTPRR","MAPK1"
"PTPRR","MAPK3"
"PTPRR","MAPK8"
"PTPRR","MAPK11"
"PTPRR","MAPK9"
"PTPRR","MAPK10"
"PTPRR","MAPK13"
"PTPRR","MAPK12"
"RAC1","MAP3K1"
"RAC1","PAK1"
"RAC1","PAK2"
"RAC2","MAP3K1"
"RAC2","PAK1"
"RAC2","PAK2"
"RAC3","MAP3K1"
"RAC3","PAK1"
"RAC3","PAK2"
"RAP1A","BRAF"
"RAP1B","BRAF"
"RASA1","RRAS2"
"RASA1","MRAS"
"RASA1","HRAS"
"RASA1","KRAS"
"RASA1","NRAS"
"RASA1","RRAS"
"RASA2","RRAS2"
"RASA2","MRAS"
"RASA2","HRAS"
"RASA2","KRAS"
"RASA2","NRAS"
"RASA2","RRAS"
"RASGRF1","RRAS2"
"RASGRF1","MRAS"
"RASGRF1","HRAS"
"RASGRF1","KRAS"
"RASGRF1","NRAS"
"RASGRF1","RRAS"
"RASGRF2","RRAS2"
"RASGRF2","MRAS"
"RASGRF2","HRAS"
"RASGRF2","KRAS"
"RASGRF2","NRAS"
"RASGRF2","RRAS"
"RRAS","ARAF"
"RRAS","RAF1"
"RRAS","BRAF"
"BDNF","CSF1R"
"BDNF","EGFR"
"BDNF","EPHA2"
"BDNF","ERBB2"
"BDNF","ERBB3"
"BDNF","ERBB4"
"BDNF","FGFR1"
"BDNF","FGFR3"
"BDNF","FGFR2"
"BDNF","FGFR4"
"BDNF","FLT1"
"BDNF","FLT3"
"BDNF","FLT4"
"BDNF","IGF1R"
"BDNF","INSR"
"BDNF","KDR"
"BDNF","KIT"
"BDNF","MET"
"BDNF","NGFR"
"BDNF","NTRK1"
"BDNF","NTRK2"
"BDNF","PDGFRA"
"BDNF","PDGFRB"
"BDNF","RET"
"BDNF","TEK"
"SOS1","RRAS2"
"SOS1","MRAS"
"SOS1","RRAS"
"SOS2","RRAS2"
"SOS2","MRAS"
"SOS2","RRAS"
"SRF","FOS"
"TGFA","CSF1R"
"TGFA","EPHA2"
"TGFA","ERBB4"
"TGFA","FGFR1"
"TGFA","FGFR3"
"TGFA","FGFR2"
"TGFA","FGFR4"
"TGFA","FLT1"
"TGFA","FLT3"
"TGFA","FLT4"
"TGFA","IGF1R"
"TGFA","INSR"
"TGFA","KDR"
"TGFA","KIT"
"TGFA","MET"
"TGFA","NGFR"
"TGFA","NTRK1"
"TGFA","NTRK2"
"TGFA","PDGFRA"
"TGFA","PDGFRB"
"TGFA","RET"
"TGFA","TEK"
"TGFB1","TGFBR1"
"TGFB1","TGFBR2"
"TGFB2","TGFBR1"
"TGFB2","TGFBR2"
"TGFB3","TGFBR1"
"TGFB3","TGFBR2"
"TGFBR1","DAXX"
"TGFBR2","DAXX"
"TNF","TNFRSF1A"
"TRAF2","TAB1"
"TRAF2","MAP3K1"
"TRAF2","MAP3K5"
"TRAF2","MAP4K2"
"VEGFA","CSF1R"
"VEGFA","EGFR"
"VEGFA","EPHA2"
"VEGFA","ERBB2"
"VEGFA","ERBB3"
"VEGFA","ERBB4"
"VEGFA","FGFR1"
"VEGFA","FGFR3"
"VEGFA","FGFR2"
"VEGFA","FGFR4"
"VEGFA","FLT1"
"VEGFA","FLT3"
"VEGFA","FLT4"
"VEGFA","IGF1R"
"VEGFA","INSR"
"VEGFA","KIT"
"VEGFA","MET"
"VEGFA","NGFR"
"VEGFA","NTRK1"
"VEGFA","NTRK2"
"VEGFA","PDGFRA"
"VEGFA","PDGFRB"
"VEGFA","RET"
"VEGFA","TEK"
"VEGFB","CSF1R"
"VEGFB","EGFR"
"VEGFB","EPHA2"
"VEGFB","ERBB2"
"VEGFB","ERBB3"
"VEGFB","ERBB4"
"VEGFB","FGFR1"
"VEGFB","FGFR3"
"VEGFB","FGFR2"
"VEGFB","FGFR4"
"VEGFB","FLT1"
"VEGFB","FLT3"
"VEGFB","FLT4"
"VEGFB","IGF1R"
"VEGFB","INSR"
"VEGFB","KDR"
"VEGFB","KIT"
"VEGFB","MET"
"VEGFB","NGFR"
"VEGFB","NTRK1"
"VEGFB","NTRK2"
"VEGFB","PDGFRA"
"VEGFB","PDGFRB"
"VEGFB","RET"
"VEGFB","TEK"
"VEGFC","CSF1R"
"VEGFC","EGFR"
"VEGFC","EPHA2"
"VEGFC","ERBB2"
"VEGFC","ERBB3"
"VEGFC","ERBB4"
"VEGFC","FGFR1"
"VEGFC","FGFR3"
"VEGFC","FGFR2"
"VEGFC","FGFR4"
"VEGFC","FLT1"
"VEGFC","FLT3"
"VEGFC","FLT4"
"VEGFC","IGF1R"
"VEGFC","INSR"
"VEGFC","KDR"
"VEGFC","KIT"
"VEGFC","MET"
"VEGFC","NGFR"
"VEGFC","NTRK1"
"VEGFC","NTRK2"
"VEGFC","PDGFRA"
"VEGFC","PDGFRB"
"VEGFC","RET"
"VEGFC","TEK"
"PDGFD","CSF1R"
"PDGFD","EGFR"
"PDGFD","EPHA2"
"PDGFD","ERBB2"
"PDGFD","ERBB3"
"PDGFD","ERBB4"
"PDGFD","FGFR1"
"PDGFD","FGFR3"
"PDGFD","FGFR2"
"PDGFD","FGFR4"
"PDGFD","FLT1"
"PDGFD","FLT3"
"PDGFD","FLT4"
"PDGFD","IGF1R"
"PDGFD","INSR"
"PDGFD","KDR"
"PDGFD","KIT"
"PDGFD","MET"
"PDGFD","NGFR"
"PDGFD","NTRK1"
"PDGFD","NTRK2"
"PDGFD","RET"
"PDGFD","TEK"
"FGF23","CSF1R"
"FGF23","EGFR"
"FGF23","EPHA2"
"FGF23","ERBB2"
"FGF23","ERBB3"
"FGF23","ERBB4"
"FGF23","FGFR1"
"FGF23","FGFR3"
"FGF23","FGFR2"
"FGF23","FGFR4"
"FGF23","FLT1"
"FGF23","FLT3"
"FGF23","FLT4"
"FGF23","IGF1R"
"FGF23","INSR"
"FGF23","KDR"
"FGF23","KIT"
"FGF23","MET"
"FGF23","NGFR"
"FGF23","NTRK1"
"FGF23","NTRK2"
"FGF23","PDGFRA"
"FGF23","PDGFRB"
"FGF23","RET"
"FGF23","TEK"
"DUSP16","MAPK14"
"DUSP16","MAPK1"
"DUSP16","MAPK3"
"DUSP16","MAPK8"
"DUSP16","MAPK11"
"DUSP16","MAPK9"
"DUSP16","MAPK10"
"DUSP16","MAPK13"
"DUSP16","MAPK12"
"CASP3","MAP3K1"
"CASP3","PAK1"
"CASP3","PAK2"
"CASP3","STK3"
"CASP3","STK4"
"PTPN5","MAPK14"
"PTPN5","MAPK1"
"PTPN5","MAPK3"
"PTPN5","MAPK8"
"PTPN5","MAPK11"
"PTPN5","MAPK9"
"PTPN5","MAPK10"
"PTPN5","MAPK13"
"PTPN5","MAPK12"
"TRADD","TRAF2"
"TRADD","CASP3"
"FGF18","CSF1R"
"FGF18","EGFR"
"FGF18","EPHA2"
"FGF18","ERBB2"
"FGF18","ERBB3"
"FGF18","ERBB4"
"FGF18","FGFR1"
"FGF18","FGFR3"
"FGF18","FGFR2"
"FGF18","FGFR4"
"FGF18","FLT1"
"FGF18","FLT3"
"FGF18","FLT4"
"FGF18","IGF1R"
"FGF18","INSR"
"FGF18","KDR"
"FGF18","KIT"
"FGF18","MET"
"FGF18","NGFR"
"FGF18","NTRK1"
"FGF18","NTRK2"
"FGF18","PDGFRA"
"FGF18","PDGFRB"
"FGF18","RET"
"FGF18","TEK"
"FGF17","CSF1R"
"FGF17","EGFR"
"FGF17","EPHA2"
"FGF17","ERBB2"
"FGF17","ERBB3"
"FGF17","ERBB4"
"FGF17","FGFR1"
"FGF17","FGFR3"
"FGF17","FGFR2"
"FGF17","FGFR4"
"FGF17","FLT1"
"FGF17","FLT3"
"FGF17","FLT4"
"FGF17","IGF1R"
"FGF17","INSR"
"FGF17","KDR"
"FGF17","KIT"
"FGF17","MET"
"FGF17","NGFR"
"FGF17","NTRK1"
"FGF17","NTRK2"
"FGF17","PDGFRA"
"FGF17","PDGFRB"
"FGF17","RET"
"FGF17","TEK"
"FGF16","CSF1R"
"FGF16","EGFR"
"FGF16","EPHA2"
"FGF16","ERBB2"
"FGF16","ERBB3"
"FGF16","ERBB4"
"FGF16","FGFR1"
"FGF16","FGFR3"
"FGF16","FGFR2"
"FGF16","FGFR4"
"FGF16","FLT1"
"FGF16","FLT3"
"FGF16","FLT4"
"FGF16","IGF1R"
"FGF16","INSR"
"FGF16","KDR"
"FGF16","KIT"
"FGF16","MET"
"FGF16","NGFR"
"FGF16","NTRK1"
"FGF16","NTRK2"
"FGF16","PDGFRA"
"FGF16","PDGFRB"
"FGF16","RET"
"FGF16","TEK"
"ARTN","CSF1R"
"ARTN","EGFR"
"ARTN","EPHA2"
"ARTN","ERBB2"
"ARTN","ERBB3"
"ARTN","ERBB4"
"ARTN","FGFR1"
"ARTN","FGFR3"
"ARTN","FGFR2"
"ARTN","FGFR4"
"ARTN","FLT1"
"ARTN","FLT3"
"ARTN","FLT4"
"ARTN","IGF1R"
"ARTN","INSR"
"ARTN","KDR"
"ARTN","KIT"
"ARTN","MET"
"ARTN","NGFR"
"ARTN","NTRK1"
"ARTN","NTRK2"
"ARTN","PDGFRA"
"ARTN","PDGFRB"
"ARTN","RET"
"ARTN","TEK"
"TAOK2","MAP2K3"
"TAOK2","MAP2K6"
"RAPGEF2","RRAS2"
"RAPGEF2","MRAS"
"RAPGEF2","HRAS"
"RAPGEF2","KRAS"
"RAPGEF2","NRAS"
"RAPGEF2","RRAS"
"FGF19","CSF1R"
"FGF19","EGFR"
"FGF19","EPHA2"
"FGF19","ERBB2"
"FGF19","ERBB3"
"FGF19","ERBB4"
"FGF19","FGFR1"
"FGF19","FGFR3"
"FGF19","FGFR2"
"FGF19","FGFR4"
"FGF19","FLT1"
"FGF19","FLT3"
"FGF19","FLT4"
"FGF19","IGF1R"
"FGF19","INSR"
"FGF19","KDR"
"FGF19","KIT"
"FGF19","MET"
"FGF19","NGFR"
"FGF19","NTRK1"
"FGF19","NTRK2"
"FGF19","PDGFRA"
"FGF19","PDGFRB"
"FGF19","RET"
"FGF19","TEK"
"CDC42","MAP3K1"
"CDC42","PAK1"
"CDC42","PAK2"
"AKT3","CDKN1B"
"NRG3","ERBB4"
"CRK","ABL1"
"CRK","ABL2"
"CRKL","ABL1"
"CRKL","ABL2"
"NRG4","ERBB4"
"HBEGF","ERBB4"
"EGFR","CRK"
"EGFR","CRKL"
"EGFR","GRB2"
"EGFR","STAT5A"
"EGFR","STAT5B"
"EGFR","CBL"
"EGFR","CBLB"
"ERBB2","GRB2"
"ERBB3","GRB2"
"ERBB3","PIK3CA"
"ERBB3","PIK3CB"
"ERBB3","PIK3CD"
"ERBB3","PIK3R1"
"ERBB3","PIK3R2"
"ERBB3","PIK3R3"
"ERBB4","SHC2"
"ERBB4","GRB2"
"ERBB4","SHC4"
"ERBB4","PIK3CA"
"ERBB4","PIK3CB"
"ERBB4","PIK3CD"
"ERBB4","PIK3R1"
"ERBB4","PIK3R2"
"ERBB4","SHC3"
"ERBB4","SHC1"
"ERBB4","STAT5A"
"ERBB4","STAT5B"
"ERBB4","PIK3R3"
"AKT1","CDKN1B"
"AKT2","CDKN1B"
"GRB2","GAB1"
"NRG1","ERBB4"
"NCK1","PAK4"
"NCK1","BUB1B-PAK6"
"NCK1","PAK1"
"NCK1","PAK2"
"NCK1","PAK3"
"NCK1","PAK6"
"NCK1","PAK5"
"MAPK1","ELK1"
"MAPK1","MYC"
"MAPK3","ELK1"
"MAPK3","MYC"
"MAPK8","ELK1"
"MAPK9","ELK1"
"MAPK10","ELK1"
"MAP2K7","MAPK8"
"MAP2K7","MAPK9"
"MAP2K7","MAPK10"
"MAP2K4","MAPK8"
"MAP2K4","MAPK9"
"MAP2K4","MAPK10"
"SRC","PTK2"
"BTC","EGFR"
"BTC","ERBB4"
"NCK2","PAK4"
"NCK2","BUB1B-PAK6"
"NCK2","PAK1"
"NCK2","PAK2"
"NCK2","PAK3"
"NCK2","PAK6"
"NCK2","PAK5"
"NRG2","ERBB4"
"AKT3","CHUK"
"AKT3","RALGAPA1"
"AKT3","IKBKB"
"AKT3","FOXO4"
"AKT3","RALGAPB"
"AKT3","RALGAPA2"
"AKT3","IKBKG"
"RASA4B","RRAS2"
"RASA4B","MRAS"
"RASA4B","HRAS"
"RASA4B","KRAS"
"RASA4B","NRAS"
"RASA4B","RRAS"
"RASA4","RRAS2"
"RASA4","MRAS"
"RASA4","HRAS"
"RASA4","KRAS"
"RASA4","NRAS"
"RASA4","RRAS"
"GNB5","RASGRF1"
"GNB5","RASGRF2"
"RALBP1","ARF6"
"RALBP1","RAC1"
"RALBP1","RAC2"
"RALBP1","RAC3"
"RALBP1","CDC42"
"RASSF1","STK4"
"RASSF1","TIAM1"
"CSF1R","SHC2"
"CSF1R","SHC4"
"CSF1R","SHC3"
"CSF1R","SHC1"
"CALML6","RASGRF1"
"CALML6","RASGRF2"
"EPHA2","SHC2"
"EPHA2","SHC4"
"EPHA2","SHC3"
"EPHA2","SHC1"
"AKT1","CHUK"
"AKT1","RALGAPA1"
"AKT1","IKBKB"
"AKT1","FOXO4"
"AKT1","RALGAPB"
"AKT1","RALGAPA2"
"AKT1","IKBKG"
"AKT2","CHUK"
"AKT2","RALGAPA1"
"AKT2","IKBKB"
"AKT2","FOXO4"
"AKT2","RALGAPB"
"AKT2","RALGAPA2"
"AKT2","IKBKG"
"FGFR1","SHC2"
"FGFR1","SHC4"
"FGFR1","SHC3"
"FGFR1","SHC1"
"FGFR4","SHC2"
"FGFR4","SHC4"
"FGFR4","SHC3"
"FGFR4","SHC1"
"RRAS2","RALBP1"
"RRAS2","RASSF1"
"RRAS2","RGL1"
"RRAS2","AFDN"
"RRAS2","PLCE1"
"RRAS2","PIK3CA"
"RRAS2","PIK3CB"
"RRAS2","PIK3CD"
"RRAS2","PIK3R1"
"RRAS2","PIK3R2"
"RRAS2","RGL2"
"RRAS2","RALGDS"
"RRAS2","TIAM1"
"RRAS2","BRAP"
"RRAS2","RASSF5"
"RRAS2","PIK3R3"
"RRAS2","RIN1"
"RRAS2","RAPGEF5"
"MRAS","RALBP1"
"MRAS","RASSF1"
"MRAS","RGL1"
"MRAS","AFDN"
"MRAS","PLCE1"
"MRAS","PIK3CA"
"MRAS","PIK3CB"
"MRAS","PIK3CD"
"MRAS","PIK3R1"
"MRAS","PIK3R2"
"MRAS","RGL2"
"MRAS","RALGDS"
"MRAS","TIAM1"
"MRAS","BRAP"
"MRAS","RASSF5"
"MRAS","PIK3R3"
"MRAS","RIN1"
"MRAS","RAPGEF5"
"RASA3","RRAS2"
"RASA3","MRAS"
"RASA3","HRAS"
"RASA3","KRAS"
"RASA3","NRAS"
"RASA3","RRAS"
"RGL1","RALA"
"RGL1","RALB"
"FLT1","SHC2"
"FLT1","SHC4"
"FLT1","SHC3"
"FLT1","SHC1"
"FLT3","SHC2"
"FLT3","SHC4"
"FLT3","SHC3"
"FLT3","SHC1"
"FLT4","SHC2"
"FLT4","SHC4"
"FLT4","SHC3"
"FLT4","SHC1"
"RALGAPA1","RALA"
"RALGAPA1","RALB"
"LAT","PLCG1"
"LAT","PLCG2"
"GNB1","RASGRF1"
"GNB1","RASGRF2"
"GNB2","RASGRF1"
"GNB2","RASGRF2"
"GNB3","RASGRF1"
"GNB3","RASGRF2"
"GNG3","RASGRF1"
"GNG3","RASGRF2"
"GNG4","RASGRF1"
"GNG4","RASGRF2"
"GNG5","RASGRF1"
"GNG5","RASGRF2"
"GNG7","RASGRF1"
"GNG7","RASGRF2"
"GNG10","RASGRF1"
"GNG10","RASGRF2"
"GNG11","RASGRF1"
"GNG11","RASGRF2"
"GNGT1","RASGRF1"
"GNGT1","RASGRF2"
"GNGT2","RASGRF1"
"GNGT2","RASGRF2"
"TBK1","REL"
"HRAS","RALBP1"
"HRAS","RASSF1"
"HRAS","RGL1"
"HRAS","AFDN"
"HRAS","PLCE1"
"HRAS","PIK3CA"
"HRAS","PIK3CB"
"HRAS","PIK3CD"
"HRAS","PIK3R1"
"HRAS","PIK3R2"
"HRAS","RGL2"
"HRAS","RALGDS"
"HRAS","TIAM1"
"HRAS","BRAP"
"HRAS","RASSF5"
"HRAS","PIK3R3"
"HRAS","RIN1"
"HRAS","RAPGEF5"
"HTR7","GNB5"
"HTR7","GNB1"
"HTR7","GNB2"
"HTR7","GNB3"
"HTR7","GNG3"
"HTR7","GNG4"
"HTR7","GNG5"
"HTR7","GNG7"
"HTR7","GNG10"
"HTR7","GNG11"
"HTR7","GNGT1"
"HTR7","GNGT2"
"HTR7","GNG13"
"HTR7","GNG2"
"HTR7","GNG12"
"HTR7","GNB4"
"HTR7","GNG8"
"INSR","SHC2"
"INSR","SHC4"
"INSR","SHC3"
"INSR","SHC1"
"KIT","SHC2"
"KIT","SHC4"
"KIT","SHC3"
"KIT","SHC1"
"ARF6","RAC1"
"KRAS","RALBP1"
"KRAS","RASSF1"
"KRAS","RGL1"
"KRAS","AFDN"
"KRAS","PLCE1"
"KRAS","PIK3CA"
"KRAS","PIK3CB"
"KRAS","PIK3CD"
"KRAS","PIK3R1"
"KRAS","PIK3R2"
"KRAS","RGL2"
"KRAS","RALGDS"
"KRAS","TIAM1"
"KRAS","BRAP"
"KRAS","RASSF5"
"KRAS","PIK3R3"
"KRAS","RIN1"
"KRAS","RAPGEF5"
"FOXO4","FASLG"
"NGFR","SHC2"
"NGFR","SHC4"
"NGFR","SHC3"
"NGFR","SHC1"
"NRAS","RALBP1"
"NRAS","RASSF1"
"NRAS","RGL1"
"NRAS","AFDN"
"NRAS","PLCE1"
"NRAS","PIK3CA"
"NRAS","PIK3CB"
"NRAS","PIK3CD"
"NRAS","PIK3R1"
"NRAS","PIK3R2"
"NRAS","RGL2"
"NRAS","RALGDS"
"NRAS","TIAM1"
"NRAS","BRAP"
"NRAS","RASSF5"
"NRAS","PIK3R3"
"NRAS","RIN1"
"NRAS","RAPGEF5"
"NTRK1","SHC2"
"NTRK1","SHC4"
"NTRK1","SHC3"
"NTRK1","SHC1"
"NTRK2","SHC2"
"NTRK2","SHC4"
"NTRK2","SHC3"
"NTRK2","SHC1"
"GNG13","RASGRF1"
"GNG13","RASGRF2"
"CALML5","RASGRF1"
"CALML5","RASGRF2"
"PIK3CA","RAC1"
"PIK3CA","RAC2"
"PIK3CA","RAC3"
"PIK3CB","RAC1"
"PIK3CB","RAC2"
"PIK3CB","RAC3"
"PIK3CD","RAC1"
"PIK3CD","RAC2"
"PIK3CD","RAC3"
"PIK3R1","RAC1"
"PIK3R1","RAC2"
"PIK3R1","RAC3"
"PIK3R2","RAC1"
"PIK3R2","RAC2"
"PIK3R2","RAC3"
"GNG2","RASGRF1"
"GNG2","RASGRF2"
"PRKACA","RASGRF1"
"PRKACA","RASGRF2"
"PRKACB","RASGRF1"
"PRKACB","RASGRF2"
"PRKACG","RASGRF1"
"PRKACG","RASGRF2"
"EXOC2","TBK1"
"MAPK1","PLA2G4B"
"MAPK1","PLAAT3"
"MAPK1","PLA2G4E"
"MAPK1","ETS1"
"MAPK1","ETS2"
"MAPK1","PLA2G4F"
"MAPK1","PLA2G2D"
"MAPK1","PLA2G4D"
"MAPK1","PLA2G2E"
"MAPK1","PLA2G2C"
"MAPK1","PLA2G3"
"MAPK1","PLA1A"
"MAPK1","PLA2G1B"
"MAPK1","PLA2G2A"
"MAPK1","PLA2G4A"
"MAPK1","PLA2G5"
"MAPK1","PLAAT2"
"MAPK1","PLA2G2F"
"MAPK1","PLA2G12A"
"MAPK1","PLA2G6"
"MAPK1","PLA2G10"
"MAPK1","PLA2G12B"
"MAPK1","PLA2G4C"
"MAPK1","JMJD7-PLA2G4B"
"MAPK3","PLA2G4B"
"MAPK3","PLAAT3"
"MAPK3","PLA2G4E"
"MAPK3","ETS1"
"MAPK3","ETS2"
"MAPK3","PLA2G4F"
"MAPK3","PLA2G2D"
"MAPK3","PLA2G4D"
"MAPK3","PLA2G2E"
"MAPK3","PLA2G2C"
"MAPK3","PLA2G3"
"MAPK3","PLA1A"
"MAPK3","PLA2G1B"
"MAPK3","PLA2G2A"
"MAPK3","PLA2G4A"
"MAPK3","PLA2G5"
"MAPK3","PLAAT2"
"MAPK3","PLA2G2F"
"MAPK3","PLA2G12A"
"MAPK3","PLA2G6"
"MAPK3","PLA2G10"
"MAPK3","PLA2G12B"
"MAPK3","PLA2G4C"
"MAPK3","JMJD7-PLA2G4B"
"GNG12","RASGRF1"
"GNG12","RASGRF2"
"RALGAPB","RALA"
"RALGAPB","RALB"
"RALGAPA2","RALA"
"RALGAPA2","RALB"
"RGL2","RALA"
"RGL2","RALB"
"RAC1","PAK4"
"RAC1","BUB1B-PAK6"
"RAC1","RHOA"
"RAC1","PAK3"
"RAC1","PAK6"
"RAC1","PAK5"
"RAC2","PAK4"
"RAC2","BUB1B-PAK6"
"RAC2","RHOA"
"RAC2","PAK3"
"RAC2","PAK6"
"RAC2","PAK5"
"RAC3","PAK4"
"RAC3","BUB1B-PAK6"
"RAC3","RHOA"
"RAC3","PAK3"
"RAC3","PAK6"
"RAC3","PAK5"
"RALA","RALBP1"
"RALA","PLD1"
"RALA","PLD2"
"RALA","EXOC2"
"RALA","MAPK8"
"RALA","MAPK9"
"RALA","MAPK10"
"RALB","RALBP1"
"RALB","PLD1"
"RALB","PLD2"
"RALB","EXOC2"
"RALB","MAPK8"
"RALB","MAPK9"
"RALB","MAPK10"
"RALGDS","RALA"
"RALGDS","RALB"
"GNB4","RASGRF1"
"GNB4","RASGRF2"
"RRAS","RALBP1"
"RRAS","RASSF1"
"RRAS","RGL1"
"RRAS","AFDN"
"RRAS","PLCE1"
"RRAS","PIK3CA"
"RRAS","PIK3CB"
"RRAS","PIK3CD"
"RRAS","PIK3R1"
"RRAS","PIK3R2"
"RRAS","RGL2"
"RRAS","RALGDS"
"RRAS","TIAM1"
"RRAS","BRAP"
"RRAS","RASSF5"
"RRAS","PIK3R3"
"RRAS","RIN1"
"RRAS","RAPGEF5"
"RASAL3","RRAS2"
"RASAL3","MRAS"
"RASAL3","HRAS"
"RASAL3","KRAS"
"RASAL3","NRAS"
"RASAL3","RRAS"
"TEK","SHC2"
"TEK","SHC4"
"TEK","SHC3"
"TEK","SHC1"
"TIAM1","RAC1"
"TIAM1","RAC2"
"TIAM1","RAC3"
"ZAP70","LAT"
"CALM1","RASGRF1"
"CALM1","RASGRF2"
"CALM2","RASGRF1"
"CALM2","RASGRF2"
"CALM3","RASGRF1"
"CALM3","RASGRF2"
"CALML3","RASGRF1"
"CALML3","RASGRF2"
"BRAP","KSR2"
"BRAP","KSR1"
"RASSF5","STK4"
"RASAL1","RRAS2"
"RASAL1","MRAS"
"RASAL1","HRAS"
"RASAL1","KRAS"
"RASAL1","NRAS"
"RASAL1","RRAS"
"PIK3R3","RAC1"
"PIK3R3","RAC2"
"PIK3R3","RAC3"
"SYNGAP1","RRAS2"
"SYNGAP1","MRAS"
"SYNGAP1","HRAS"
"SYNGAP1","KRAS"
"SYNGAP1","NRAS"
"SYNGAP1","RRAS"
"CALML4","RASGRF1"
"CALML4","RASGRF2"
"GNG8","RASGRF1"
"GNG8","RASGRF2"
"RASAL2","RRAS2"
"RASAL2","MRAS"
"RASAL2","HRAS"
"RASAL2","KRAS"
"RASAL2","NRAS"
"RASAL2","RRAS"
"RIN1","ABL1"
"RIN1","ABL2"
"RIN1","RAB5A"
"RIN1","RAB5B"
"RIN1","RAB5C"
"RAPGEF5","RAP1A"
"RAPGEF5","RAP1B"
"CDC42","MAPK8"
"CDC42","MAPK9"
"CDC42","MAPK10"
"RASGRP2","RAP1A"
"RASGRP2","RAP1B"
"RAPGEF3","RAP1A"
"RAPGEF3","RAP1B"
"VAV3","RAC1"
"VAV3","RAC2"
"VAV3","RAC3"
"RGS14","ITGAL"
"RGS14","ITGAM"
"RGS14","ITGB1"
"RGS14","ITGB2"
"RAPGEF4","RAP1A"
"RAPGEF4","RAP1B"
"CNR1","GNAI1"
"CNR1","GNAI2"
"CNR1","GNAI3"
"CNR1","GNAO1"
"ADORA2A","GNAQ"
"ADORA2A","GNAS"
"ADORA2B","GNAQ"
"ADORA2B","GNAS"
"CRK","RAPGEF1"
"CRKL","RAPGEF1"
"CSF1R","CRK"
"CSF1R","CRKL"
"CSF1R","PLCB1"
"CSF1R","PLCB2"
"CSF1R","PLCB3"
"CSF1R","PLCB4"
"CTNNB1","MAGI3"
"CTNNB1","MAGI1"
"CTNNB1","MAGI2"
"CTNNB1","CDH1"
"CTNND1","CDH1"
"CALML6","ADCY1"
"CALML6","ADCY2"
"CALML6","ADCY3"
"CALML6","ADCY5"
"CALML6","ADCY6"
"CALML6","ADCY7"
"CALML6","ADCY8"
"CALML6","ADCY9"
"CALML6","ADCY4"
"DRD2","GNAI1"
"DRD2","GNAI2"
"DRD2","GNAI3"
"DRD2","GNAO1"
"LPAR1","GNAQ"
"LPAR1","GNAS"
"EGFR","PLCB1"
"EGFR","PLCB2"
"EGFR","PLCB3"
"EGFR","PLCB4"
"EPHA2","CRK"
"EPHA2","CRKL"
"EPHA2","PLCB1"
"EPHA2","PLCB2"
"EPHA2","PLCB3"
"EPHA2","PLCB4"
"F2R","GNAQ"
"F2R","GNAS"
"FGFR1","CRK"
"FGFR1","CRKL"
"FGFR1","PLCB1"
"FGFR1","PLCB2"
"FGFR1","PLCB3"
"FGFR1","PLCB4"
"FGFR3","CRK"
"FGFR3","CRKL"
"FGFR3","PLCB1"
"FGFR3","PLCB2"
"FGFR3","PLCB3"
"FGFR3","PLCB4"
"FGFR2","CRK"
"FGFR2","CRKL"
"FGFR2","PLCB1"
"FGFR2","PLCB2"
"FGFR2","PLCB3"
"FGFR2","PLCB4"
"FGFR4","CRK"
"FGFR4","CRKL"
"FGFR4","PLCB1"
"FGFR4","PLCB2"
"FGFR4","PLCB3"
"FGFR4","PLCB4"
"FLT1","CRK"
"FLT1","CRKL"
"FLT1","PLCB1"
"FLT1","PLCB2"
"FLT1","PLCB3"
"FLT1","PLCB4"
"FLT4","CRK"
"FLT4","CRKL"
"FLT4","PLCB1"
"FLT4","PLCB2"
"FLT4","PLCB3"
"FLT4","PLCB4"
"LPAR3","GNAQ"
"LPAR3","GNAS"
"FPR1","GNAQ"
"FPR1","GNAS"
"PRKD3","ITGAL"
"PRKD3","ITGAM"
"PRKD3","ITGB1"
"PRKD3","ITGB2"
"PRKD3","RAP1A"
"PRKD3","RAP1B"
"RASGRP3","RAP1A"
"RASGRP3","RAP1B"
"PRKD2","ITGAL"
"PRKD2","ITGAM"
"PRKD2","ITGB1"
"PRKD2","ITGB2"
"PRKD2","RAP1A"
"PRKD2","RAP1B"
"SIPA1L1","RAP1A"
"SIPA1L1","RAP1B"
"MAGI3","RAPGEF6"
"MAGI3","RAPGEF2"
"LAT","FYB1"
"LAT","LCP2"
"LAT","SKAP1"
"GNAQ","PLCB1"
"GNAQ","PLCB2"
"GNAQ","PLCB3"
"GNAQ","PLCB4"
"LPAR4","GNAQ"
"LPAR4","GNAS"
"RAPGEF1","RAP1A"
"RAPGEF1","RAP1B"
"ID1","THBS1"
"PFN3","ACTB"
"PFN3","ACTG1"
"IGF1R","CRK"
"IGF1R","CRKL"
"IGF1R","PLCB1"
"IGF1R","PLCB2"
"IGF1R","PLCB3"
"IGF1R","PLCB4"
"INSR","CRK"
"INSR","CRKL"
"INSR","PLCB1"
"INSR","PLCB2"
"INSR","PLCB3"
"INSR","PLCB4"
"PFN4","ACTB"
"PFN4","ACTG1"
"KDR","CRK"
"KDR","CRKL"
"KDR","PLCB1"
"KDR","PLCB2"
"KDR","PLCB3"
"KDR","PLCB4"
"KIT","CRK"
"KIT","CRKL"
"KIT","PLCB1"
"KIT","PLCB2"
"KIT","PLCB3"
"KIT","PLCB4"
"RHOA","ACTB"
"RHOA","ACTG1"
"LCP2","RAP1A"
"LCP2","RAP1B"
"MET","CRK"
"MET","CRKL"
"MET","PLCB1"
"MET","PLCB2"
"MET","PLCB3"
"MET","PLCB4"
"AFDN","CTNND1"
"AFDN","SIPA1"
"NGFR","CRK"
"NGFR","CRKL"
"NGFR","PLCB1"
"NGFR","PLCB2"
"NGFR","PLCB3"
"NGFR","PLCB4"
"P2RY1","GNAQ"
"P2RY1","GNAS"
"EVL","ACTB"
"EVL","ACTG1"
"PDGFRA","CRK"
"PDGFRA","CRKL"
"PDGFRA","PLCB1"
"PDGFRA","PLCB2"
"PDGFRA","PLCB3"
"PDGFRA","PLCB4"
"PDGFRB","CRK"
"PDGFRB","CRKL"
"PDGFRB","PLCB1"
"PDGFRB","PLCB2"
"PDGFRB","PLCB3"
"PDGFRB","PLCB4"
"RAPGEF6","RAP1A"
"RAPGEF6","RAP1B"
"CALML5","ADCY1"
"CALML5","ADCY2"
"CALML5","ADCY3"
"CALML5","ADCY5"
"CALML5","ADCY6"
"CALML5","ADCY7"
"CALML5","ADCY8"
"CALML5","ADCY9"
"CALML5","ADCY4"
"PFN1","ACTB"
"PFN1","ACTG1"
"PFN2","ACTB"
"PFN2","ACTG1"
"APBB1IP","PFN3"
"APBB1IP","PFN4"
"APBB1IP","EVL"
"APBB1IP","PFN1"
"APBB1IP","PFN2"
"APBB1IP","ENAH"
"APBB1IP","TLN1"
"APBB1IP","VASP"
"APBB1IP","TLN2"
"ENAH","ACTB"
"ENAH","ACTG1"
"PRKCA","PRKD3"
"PRKCA","PRKD2"
"PRKCA","PRKD1"
"PRKCB","PRKD3"
"PRKCB","PRKD2"
"PRKCB","PRKD1"
"PRKCG","PRKD3"
"PRKCG","PRKD2"
"PRKCG","PRKD1"
"PRKD1","ITGAL"
"PRKD1","ITGAM"
"PRKD1","ITGB1"
"PRKD1","ITGB2"
"PRKD1","RAP1A"
"PRKD1","RAP1B"
"MAP2K3","MAPK14"
"MAP2K3","MAPK11"
"MAP2K3","MAPK13"
"MAP2K3","MAPK12"
"MAP2K6","MAPK14"
"MAP2K6","MAPK11"
"MAP2K6","MAPK13"
"MAP2K6","MAPK12"
"LPAR5","GNAQ"
"LPAR5","GNAS"
"SIPA1L2","RAP1A"
"SIPA1L2","RAP1B"
"RAC1","PARD6A"
"RAC1","PRKCI"
"RAC1","PRKCZ"
"RAC1","PARD3"
"RAC1","PARD6G"
"RAC1","PARD6B"
"RAC2","PARD6A"
"RAC2","PRKCI"
"RAC2","PRKCZ"
"RAC2","PARD3"
"RAC2","PARD6G"
"RAC2","PARD6B"
"RAC3","PARD6A"
"RAC3","PRKCI"
"RAC3","PRKCZ"
"RAC3","PARD3"
"RAC3","PARD6G"
"RAC3","PARD6B"
"RALGDS","RAC1"
"RALGDS","RAC2"
"RALGDS","RAC3"
"RAP1A","VAV3"
"RAP1A","RGS14"
"RAP1A","PRKD3"
"RAP1A","PRKD2"
"RAP1A","ID1"
"RAP1A","AFDN"
"RAP1A","PLCE1"
"RAP1A","PIK3CA"
"RAP1A","PIK3CB"
"RAP1A","PIK3CD"
"RAP1A","PIK3R1"
"RAP1A","PIK3R2"
"RAP1A","APBB1IP"
"RAP1A","PRKD1"
"RAP1A","MAP2K3"
"RAP1A","MAP2K6"
"RAP1A","RALGDS"
"RAP1A","ARAP3"
"RAP1A","SRC"
"RAP1A","TIAM1"
"RAP1A","VAV1"
"RAP1A","VAV2"
"RAP1A","RASSF5"
"RAP1A","PIK3R3"
"RAP1A","KRIT1"
"RAP1A","FARP2"
"RAP1B","VAV3"
"RAP1B","RGS14"
"RAP1B","PRKD3"
"RAP1B","PRKD2"
"RAP1B","ID1"
"RAP1B","AFDN"
"RAP1B","PLCE1"
"RAP1B","PIK3CA"
"RAP1B","PIK3CB"
"RAP1B","PIK3CD"
"RAP1B","PIK3R1"
"RAP1B","PIK3R2"
"RAP1B","APBB1IP"
"RAP1B","PRKD1"
"RAP1B","MAP2K3"
"RAP1B","MAP2K6"
"RAP1B","RALGDS"
"RAP1B","ARAP3"
"RAP1B","SRC"
"RAP1B","TIAM1"
"RAP1B","VAV1"
"RAP1B","VAV2"
"RAP1B","RASSF5"
"RAP1B","PIK3R3"
"RAP1B","KRIT1"
"RAP1B","FARP2"
"RAP1GAP","RAP1A"
"RAP1GAP","RAP1B"
"ARAP3","RHOA"
"SIPA1","RAP1A"
"SIPA1","RAP1B"
"SRC","CDC42"
"TEK","CRK"
"TEK","CRKL"
"TEK","PLCB1"
"TEK","PLCB2"
"TEK","PLCB3"
"TEK","PLCB4"
"TLN1","ITGA2B"
"TLN1","ITGB3"
"VASP","ACTB"
"VASP","ACTG1"
"VAV1","RAC1"
"VAV1","RAC2"
"VAV1","RAC3"
"VAV2","RAC1"
"VAV2","RAC2"
"VAV2","RAC3"
"CALM1","ADCY1"
"CALM1","ADCY2"
"CALM1","ADCY3"
"CALM1","ADCY5"
"CALM1","ADCY6"
"CALM1","ADCY7"
"CALM1","ADCY8"
"CALM1","ADCY9"
"CALM1","ADCY4"
"CALM2","ADCY1"
"CALM2","ADCY2"
"CALM2","ADCY3"
"CALM2","ADCY5"
"CALM2","ADCY6"
"CALM2","ADCY7"
"CALM2","ADCY8"
"CALM2","ADCY9"
"CALM2","ADCY4"
"CALM3","ADCY1"
"CALM3","ADCY2"
"CALM3","ADCY3"
"CALM3","ADCY5"
"CALM3","ADCY6"
"CALM3","ADCY7"
"CALM3","ADCY8"
"CALM3","ADCY9"
"CALM3","ADCY4"
"CALML3","ADCY1"
"CALML3","ADCY2"
"CALML3","ADCY3"
"CALML3","ADCY5"
"CALML3","ADCY6"
"CALML3","ADCY7"
"CALML3","ADCY8"
"CALML3","ADCY9"
"CALML3","ADCY4"
"RASSF5","ITGAL"
"RASSF5","ITGAM"
"RASSF5","ITGB1"
"RASSF5","ITGB2"
"TLN2","ITGA2B"
"TLN2","ITGB3"
"SKAP1","RAP1A"
"SKAP1","RAP1B"
"KRIT1","CTNNB1"
"F2RL3","GNAQ"
"F2RL3","GNAS"
"LPAR2","GNAQ"
"LPAR2","GNAS"
"CALML4","ADCY1"
"CALML4","ADCY2"
"CALML4","ADCY3"
"CALML4","ADCY5"
"CALML4","ADCY6"
"CALML4","ADCY7"
"CALML4","ADCY8"
"CALML4","ADCY9"
"CALML4","ADCY4"
"MAGI1","RAPGEF6"
"MAGI1","RAPGEF2"
"BCAR1","CRK"
"BCAR1","CRKL"
"RAPGEF2","RAP1A"
"RAPGEF2","RAP1B"
"DOCK4","RAP1A"
"DOCK4","RAP1B"
"FARP2","CDC42"
"MAGI2","RAPGEF6"
"MAGI2","RAPGEF2"
"CDC42","PARD6A"
"CDC42","PRKCI"
"CDC42","PRKCZ"
"CDC42","PARD3"
"CDC42","ACTB"
"CDC42","ACTG1"
"CDC42","PARD6G"
"CDC42","PARD6B"
"CDH1","RAPGEF1"
"SMIM6","ATP2A1"
"SMIM6","ATP2A2"
"SMIM6","ATP2A3"
"MRLN","ATP2A1"
"MRLN","ATP2A2"
"MRLN","ATP2A3"
"LOC102723407","PLCG1"
"LOC102723407","PLCG2"
"CYSLTR1","GNA11"
"CYSLTR1","GNA15"
"CYSLTR1","GNAQ"
"CYSLTR1","GNA14"
"CHRM1","GNA11"
"CHRM1","GNA15"
"CHRM1","GNAL"
"CHRM1","GNAQ"
"CHRM1","GNAS"
"CHRM1","GNA14"
"CHRM2","GNA11"
"CHRM2","GNA15"
"CHRM2","GNAQ"
"CHRM2","GNA14"
"CHRM3","GNA11"
"CHRM3","GNA15"
"CHRM3","GNAL"
"CHRM3","GNAQ"
"CHRM3","GNAS"
"CHRM3","GNA14"
"CHRM5","GNAL"
"CHRM5","GNAS"
"ADORA2A","GNAL"
"ADORA2B","GNAL"
"ADRA1D","GNA11"
"ADRA1D","GNA15"
"ADRA1D","GNAQ"
"ADRA1D","GNA14"
"ADRA1B","GNA11"
"ADRA1B","GNA15"
"ADRA1B","GNAQ"
"ADRA1B","GNA14"
"ADRA1A","GNA11"
"ADRA1A","GNA15"
"ADRA1A","GNAQ"
"ADRA1A","GNA14"
"ADRB1","GNAL"
"ADRB1","GNAS"
"ADRB2","GNAL"
"ADRB2","GNAS"
"ADRB3","GNAL"
"ADRB3","GNAS"
"CALML6","MYLK4"
"CALML6","MYLK"
"CALML6","PDE1A"
"CALML6","PDE1C"
"CALML6","PDE1B"
"CALML6","MYLK2"
"CALML6","MYLK3"
"DRD1","GNAL"
"DRD1","GNAS"
"DRD5","GNAL"
"DRD5","GNAS"
"AGTR1","GNA11"
"AGTR1","GNA15"
"AGTR1","GNAQ"
"AGTR1","GNA14"
"EDNRA","GNA11"
"EDNRA","GNA15"
"EDNRA","GNAQ"
"EDNRA","GNA14"
"EDNRB","GNA11"
"EDNRB","GNA15"
"EDNRB","GNAQ"
"EDNRB","GNA14"
"EGF","MST1R"
"EGF","NTRK3"
"ERBB4","PLCG1"
"ERBB4","PLCG2"
"F2R","GNA11"
"F2R","GNA15"
"F2R","GNA14"
"FGF1","MST1R"
"FGF1","NTRK3"
"FGF2","MST1R"
"FGF2","NTRK3"
"FGF3","MST1R"
"FGF3","NTRK3"
"FGF4","MST1R"
"FGF4","NTRK3"
"FGF5","MST1R"
"FGF5","NTRK3"
"FGF6","MST1R"
"FGF6","NTRK3"
"FGF7","MST1R"
"FGF7","NTRK3"
"FGF8","MST1R"
"FGF8","NTRK3"
"FGF9","MST1R"
"FGF9","NTRK3"
"FGF10","MST1R"
"FGF10","NTRK3"
"FGFR1","PLCG1"
"FGFR1","PLCG2"
"FGFR4","PLCG1"
"FGFR4","PLCG2"
"VEGFD","MST1R"
"VEGFD","NTRK3"
"FLT1","PLCG1"
"FLT1","PLCG2"
"FLT4","PLCG1"
"FLT4","PLCG2"
"FGF20","MST1R"
"FGF20","NTRK3"
"FGF21","MST1R"
"FGF21","NTRK3"
"GDNF","MST1R"
"GDNF","NTRK3"
"FGF22","MST1R"
"FGF22","NTRK3"
"GNA11","PLCB1"
"GNA11","PLCB2"
"GNA11","PLCB3"
"GNA11","PLCB4"
"GNA15","PLCB1"
"GNA15","PLCB2"
"GNA15","PLCB3"
"GNA15","PLCB4"
"GNAL","ADCY1"
"GNAL","ADCY2"
"GNAL","ADCY3"
"GNAL","ADCY7"
"GNAL","ADCY8"
"GNAL","ADCY9"
"GNAL","ADCY4"
"GRM1","GNA11"
"GRM1","GNA15"
"GRM1","GNAQ"
"GRM1","GNA14"
"GRM5","GNA11"
"GRM5","GNA15"
"GRM5","GNAQ"
"GRM5","GNA14"
"GRPR","GNA11"
"GRPR","GNA15"
"GRPR","GNAQ"
"GRPR","GNA14"
"HGF","MST1R"
"HGF","NTRK3"
"HRH1","GNA11"
"HRH1","GNA15"
"HRH1","GNAQ"
"HRH1","GNA14"
"HRH2","GNAL"
"HRH2","GNAS"
"HTR2A","GNA11"
"HTR2A","GNA15"
"HTR2A","GNAQ"
"HTR2A","GNA14"
"HTR2B","GNA11"
"HTR2B","GNA15"
"HTR2B","GNAQ"
"HTR2B","GNA14"
"HTR2C","GNA11"
"HTR2C","GNA15"
"HTR2C","GNAQ"
"HTR2C","GNA14"
"HTR4","GNAL"
"HTR4","GNAS"
"HTR5A","GNAL"
"HTR5A","GNAS"
"HTR6","GNAL"
"HTR6","GNAS"
"HTR7","GNAL"
"HTR7","GNAS"
"LHCGR","GNA11"
"LHCGR","GNA15"
"LHCGR","GNAQ"
"LHCGR","GNA14"
"C4orf3","ATP2A1"
"C4orf3","ATP2A2"
"C4orf3","ATP2A3"
"MST1","EGFR"
"MST1","ERBB2"
"MST1","ERBB3"
"MST1","ERBB4"
"MST1","FGFR1"
"MST1","FGFR3"
"MST1","FGFR2"
"MST1","FGFR4"
"MST1","FLT1"
"MST1","FLT4"
"MST1","KDR"
"MST1","MET"
"MST1","MST1R"
"MST1","NTRK1"
"MST1","NTRK2"
"MST1","NTRK3"
"MST1","PDGFRA"
"MST1","PDGFRB"
"MST1","RET"
"MST1R","PLCG1"
"MST1R","PLCG2"
"NGF","MST1R"
"NGF","NTRK3"
"NTRK1","PLCG1"
"NTRK1","PLCG2"
"NTRK2","PLCG1"
"NTRK2","PLCG2"
"NTRK3","PLCG1"
"NTRK3","PLCG2"
"NTSR1","GNA11"
"NTSR1","GNA15"
"NTSR1","GNAQ"
"NTSR1","GNA14"
"OXTR","GNA11"
"OXTR","GNA15"
"OXTR","GNAQ"
"OXTR","GNA14"
"PDGFA","MST1R"
"PDGFA","NTRK3"
"PDGFB","MST1R"
"PDGFB","NTRK3"
"CALML5","MYLK4"
"CALML5","MYLK"
"CALML5","PDE1A"
"CALML5","PDE1C"
"CALML5","PDE1B"
"CALML5","MYLK2"
"CALML5","MYLK3"
"PLN","ATP2A1"
"PLN","ATP2A2"
"PLN","ATP2A3"
"AVPR1A","GNA11"
"AVPR1A","GNA15"
"AVPR1A","GNAQ"
"AVPR1A","GNA14"
"AVPR1B","GNA11"
"AVPR1B","GNA15"
"AVPR1B","GNAQ"
"AVPR1B","GNA14"
"PPP3CA","NFATC1"
"PPP3CA","NFATC2"
"PPP3CA","NFATC3"
"PPP3CA","NFATC4"
"PPP3CA","TFEB"
"PPP3CB","NFATC1"
"PPP3CB","NFATC2"
"PPP3CB","NFATC3"
"PPP3CB","NFATC4"
"PPP3CB","TFEB"
"PPP3CC","NFATC1"
"PPP3CC","NFATC2"
"PPP3CC","NFATC3"
"PPP3CC","NFATC4"
"PPP3CC","TFEB"
"PPP3R1","NFATC1"
"PPP3R1","NFATC2"
"PPP3R1","NFATC3"
"PPP3R1","NFATC4"
"PPP3R1","TFEB"
"PPP3R2","NFATC1"
"PPP3R2","NFATC2"
"PPP3R2","NFATC3"
"PPP3R2","NFATC4"
"PPP3R2","TFEB"
"PRKACA","PLN"
"PRKACB","PLN"
"PRKACG","PLN"
"PDGFC","MST1R"
"PDGFC","NTRK3"
"LTB4R2","GNA11"
"LTB4R2","GNA15"
"LTB4R2","GNAQ"
"LTB4R2","GNA14"
"CYSLTR2","GNA11"
"CYSLTR2","GNA15"
"CYSLTR2","GNAQ"
"CYSLTR2","GNA14"
"PTAFR","GNA11"
"PTAFR","GNA15"
"PTAFR","GNAQ"
"PTAFR","GNA14"
"PTGER1","GNA11"
"PTGER1","GNA15"
"PTGER1","GNAQ"
"PTGER1","GNA14"
"PTGER3","GNA11"
"PTGER3","GNA15"
"PTGER3","GNAQ"
"PTGER3","GNA14"
"PTGFR","GNA11"
"PTGFR","GNA15"
"PTGFR","GNAQ"
"PTGFR","GNA14"
"STIM2","ORAI2"
"STIM2","ORAI1"
"STIM2","ORAI3"
"RET","PLCG1"
"RET","PLCG2"
"BDKRB1","GNA11"
"BDKRB1","GNA15"
"BDKRB1","GNAQ"
"BDKRB1","GNA14"
"BDKRB2","GNA11"
"BDKRB2","GNA15"
"BDKRB2","GNAQ"
"BDKRB2","GNA14"
"SLN","ATP2A1"
"SLN","ATP2A2"
"SLN","ATP2A3"
"STIM1","ORAI2"
"STIM1","ORAI1"
"STIM1","ORAI3"
"TACR2","GNA11"
"TACR2","GNA15"
"TACR2","GNAQ"
"TACR2","GNA14"
"TACR1","GNA11"
"TACR1","GNA15"
"TACR1","GNAQ"
"TACR1","GNA14"
"TACR3","GNA11"
"TACR3","GNA15"
"TACR3","GNAQ"
"TACR3","GNA14"
"TBXA2R","GNA11"
"TBXA2R","GNA15"
"TBXA2R","GNAQ"
"TBXA2R","GNA14"
"TGFA","MST1R"
"TGFA","NTRK3"
"TRHR","GNA11"
"TRHR","GNA15"
"TRHR","GNAQ"
"TRHR","GNA14"
"VEGFA","MST1R"
"VEGFA","NTRK3"
"VEGFB","MST1R"
"VEGFB","NTRK3"
"VEGFC","MST1R"
"VEGFC","NTRK3"
"CACNA1C","RYR1"
"CACNA1C","RYR2"
"CACNA1C","RYR3"
"CACNA1D","RYR1"
"CACNA1D","RYR2"
"CACNA1D","RYR3"
"CACNA1F","RYR1"
"CACNA1F","RYR2"
"CACNA1F","RYR3"
"CACNA1S","RYR1"
"CACNA1S","RYR2"
"CACNA1S","RYR3"
"CXCR4","GNA11"
"CXCR4","GNA15"
"CXCR4","GNAQ"
"CXCR4","GNA14"
"CALM1","MYLK4"
"CALM1","MYLK"
"CALM1","PDE1A"
"CALM1","PDE1C"
"CALM1","PDE1B"
"CALM1","MYLK2"
"CALM1","MYLK3"
"PDGFD","MST1R"
"PDGFD","NTRK3"
"CALM2","MYLK4"
"CALM2","MYLK"
"CALM2","PDE1A"
"CALM2","PDE1C"
"CALM2","PDE1B"
"CALM2","MYLK2"
"CALM2","MYLK3"
"FGF23","MST1R"
"FGF23","NTRK3"
"CALM3","MYLK4"
"CALM3","MYLK"
"CALM3","PDE1A"
"CALM3","PDE1C"
"CALM3","PDE1B"
"CALM3","MYLK2"
"CALM3","MYLK3"
"CALML3","MYLK4"
"CALML3","MYLK"
"CALML3","PDE1A"
"CALML3","PDE1C"
"CALML3","PDE1B"
"CALML3","MYLK2"
"CALML3","MYLK3"
"FGF18","MST1R"
"FGF18","NTRK3"
"FGF17","MST1R"
"FGF17","NTRK3"
"FGF16","MST1R"
"FGF16","NTRK3"
"CCKAR","GNA11"
"CCKAR","GNA15"
"CCKAR","GNAQ"
"CCKAR","GNA14"
"CCKBR","GNA11"
"CCKBR","GNA15"
"CCKBR","GNAQ"
"CCKBR","GNA14"
"CALML4","MYLK4"
"CALML4","MYLK"
"CALML4","PDE1A"
"CALML4","PDE1C"
"CALML4","PDE1B"
"CALML4","MYLK2"
"CALML4","MYLK3"
"GNA14","PLCB1"
"GNA14","PLCB2"
"GNA14","PLCB3"
"GNA14","PLCB4"
"FGF19","MST1R"
"FGF19","NTRK3"
"AKT3","NOS3"
"KCNMB2","CACNA1C"
"KCNMB2","CACNA1D"
"KCNMB2","CACNA1F"
"KCNMB2","CACNA1S"
"IRAG1","ITPR1"
"IRAG1","ITPR2"
"IRAG1","ITPR3"
"GNA13","RHOA"
"ADORA1","GNAI1"
"ADORA1","GNAI2"
"ADORA1","GNAI3"
"ADORA3","GNAI1"
"ADORA3","GNAI2"
"ADORA3","GNAI3"
"ADRA1D","GNA13"
"ADRA1D","GNA12"
"ADRA1D","TRPC6"
"PIK3R6","AKT3"
"PIK3R6","AKT1"
"PIK3R6","AKT2"
"ADRA1B","GNA13"
"ADRA1B","GNA12"
"ADRA1B","TRPC6"
"ADRA1A","GNA13"
"ADRA1A","GNA12"
"ADRA1A","TRPC6"
"ADRA2A","GNA13"
"ADRA2A","GNA11"
"ADRA2A","GNA12"
"ADRA2A","GNAQ"
"ADRA2A","TRPC6"
"ADRA2B","GNA13"
"ADRA2B","GNA11"
"ADRA2B","GNA12"
"ADRA2B","GNAQ"
"ADRA2B","TRPC6"
"ADRA2C","GNA13"
"ADRA2C","GNA11"
"ADRA2C","GNA12"
"ADRA2C","GNAQ"
"ADRA2C","TRPC6"
"ADRB1","GNAI1"
"ADRB1","GNAI2"
"ADRB1","GNAI3"
"ADRB2","GNAI1"
"ADRB2","GNAI2"
"ADRB2","GNAI3"
"ADRB3","GNAI1"
"ADRB3","GNAI2"
"ADRB3","GNAI3"
"KCNU1","CACNA1C"
"KCNU1","CACNA1D"
"KCNU1","CACNA1F"
"KCNU1","CACNA1S"
"AGTR1","GNA13"
"AGTR1","GNA12"
"AGTR1","TRPC6"
"EDNRA","GNA13"
"EDNRA","GNA12"
"EDNRA","TRPC6"
"EDNRB","GNA13"
"EDNRB","GNA12"
"EDNRB","TRPC6"
"AKT1","NOS3"
"AKT2","NOS3"
"PIK3R5","AKT3"
"PIK3R5","AKT1"
"PIK3R5","AKT2"
"KCNMB3","CACNA1C"
"KCNMB3","CACNA1D"
"KCNMB3","CACNA1F"
"KCNMB3","CACNA1S"
"KCNMB4","CACNA1C"
"KCNMB4","CACNA1D"
"KCNMB4","CACNA1F"
"KCNMB4","CACNA1S"
"GNA12","RHOA"
"GNAI1","PIK3R6"
"GNAI1","PIK3R5"
"GNAI1","NOS3"
"GNAI1","PIK3CG"
"GNAI2","PIK3R6"
"GNAI2","PIK3R5"
"GNAI2","NOS3"
"GNAI2","PIK3CG"
"GNAI3","PIK3R6"
"GNAI3","PIK3R5"
"GNAI3","NOS3"
"GNAI3","PIK3CG"
"MYLK4","MYL9"
"INSR","IRS1"
"INSR","IRS4"
"INSR","IRS2"
"IRS1","PIK3R6"
"IRS1","PIK3R5"
"IRS1","PIK3CG"
"KCNMA1","CACNA1C"
"KCNMA1","CACNA1D"
"KCNMA1","CACNA1F"
"KCNMA1","CACNA1S"
"KCNMB1","CACNA1C"
"KCNMB1","CACNA1D"
"KCNMB1","CACNA1F"
"KCNMB1","CACNA1S"
"KNG1","BDKRB2"
"RHOA","ROCK1"
"RHOA","ROCK2"
"MYLK","MYL9"
"PPP1R12A","MYL9"
"NFATC1","MYH6"
"NFATC1","MYH7"
"NFATC1","NPPB"
"NFATC1","TRPC6"
"NFATC2","MYH6"
"NFATC2","MYH7"
"NFATC2","NPPB"
"NFATC2","TRPC6"
"NFATC3","MYH6"
"NFATC3","MYH7"
"NFATC3","NPPB"
"NFATC3","TRPC6"
"NFATC4","MYH6"
"NFATC4","MYH7"
"NFATC4","NPPB"
"NFATC4","TRPC6"
"NPPA","NPR1"
"NPPB","NPR1"
"NPPC","NPR2"
"OPRD1","GNAI1"
"OPRD1","GNAI2"
"OPRD1","GNAI3"
"PIK3CG","AKT3"
"PIK3CG","AKT1"
"PIK3CG","AKT2"
"PPP1CA","MYL9"
"PPP1CB","MYL9"
"PPP1CC","MYL9"
"PRKCE","PPIF"
"PRKCE","SLC25A4"
"PRKCE","SLC25A5"
"PRKCE","SLC25A6"
"PRKCE","KCNJ8"
"PRKCE","VDAC1"
"PRKCE","VDAC2"
"PRKCE","VDAC3"
"PRKCE","SLC25A31"
"PRKG1","KCNMB2"
"PRKG1","IRAG1"
"PRKG1","CREB3"
"PRKG1","CREB1"
"PRKG1","ATF2"
"PRKG1","ATF6B"
"PRKG1","CREB3L4"
"PRKG1","KCNU1"
"PRKG1","PLCB1"
"PRKG1","ATP1B4"
"PRKG1","KCNMB3"
"PRKG1","KCNMB4"
"PRKG1","GTF2I"
"PRKG1","KCNMA1"
"PRKG1","KCNMB1"
"PRKG1","PPP1R12A"
"PRKG1","ATF4"
"PRKG1","ATP1A1"
"PRKG1","ATP1A2"
"PRKG1","ATP1A3"
"PRKG1","ATP1A4"
"PRKG1","ATP1B1"
"PRKG1","ATP1B2"
"PRKG1","ATP1B3"
"PRKG1","FXYD2"
"PRKG1","ATP2B1"
"PRKG1","ATP2B2"
"PRKG1","ATP2B3"
"PRKG1","ATP2B4"
"PRKG1","PLCB2"
"PRKG1","PLCB3"
"PRKG1","PLCB4"
"PRKG1","PLN"
"PRKG1","PPP1CA"
"PRKG1","PPP1CB"
"PRKG1","PPP1CC"
"PRKG1","PRKCE"
"PRKG1","BAD"
"PRKG1","RAF1"
"PRKG1","RGS2"
"PRKG1","CREB3L2"
"PRKG1","SLC8A2"
"PRKG1","SLC8A1"
"PRKG1","SLC8A3"
"PRKG1","TRPC6"
"PRKG1","VASP"
"PRKG1","CACNA1C"
"PRKG1","CACNA1D"
"PRKG1","CACNA1F"
"PRKG1","CACNA1S"
"PRKG1","CREB3L3"
"PRKG1","CREB3L1"
"PRKG1","GTF2IRD1"
"PRKG1","CREB5"
"PRKG2","KCNMB2"
"PRKG2","IRAG1"
"PRKG2","CREB3"
"PRKG2","CREB1"
"PRKG2","ATF2"
"PRKG2","ATF6B"
"PRKG2","CREB3L4"
"PRKG2","KCNU1"
"PRKG2","PLCB1"
"PRKG2","ATP1B4"
"PRKG2","KCNMB3"
"PRKG2","KCNMB4"
"PRKG2","GTF2I"
"PRKG2","KCNMA1"
"PRKG2","KCNMB1"
"PRKG2","PPP1R12A"
"PRKG2","ATF4"
"PRKG2","ATP1A1"
"PRKG2","ATP1A2"
"PRKG2","ATP1A3"
"PRKG2","ATP1A4"
"PRKG2","ATP1B1"
"PRKG2","ATP1B2"
"PRKG2","ATP1B3"
"PRKG2","FXYD2"
"PRKG2","ATP2B1"
"PRKG2","ATP2B2"
"PRKG2","ATP2B3"
"PRKG2","ATP2B4"
"PRKG2","PLCB2"
"PRKG2","PLCB3"
"PRKG2","PLCB4"
"PRKG2","PLN"
"PRKG2","PPP1CA"
"PRKG2","PPP1CB"
"PRKG2","PPP1CC"
"PRKG2","PRKCE"
"PRKG2","BAD"
"PRKG2","RAF1"
"PRKG2","RGS2"
"PRKG2","CREB3L2"
"PRKG2","SLC8A2"
"PRKG2","SLC8A1"
"PRKG2","SLC8A3"
"PRKG2","TRPC6"
"PRKG2","VASP"
"PRKG2","CACNA1C"
"PRKG2","CACNA1D"
"PRKG2","CACNA1F"
"PRKG2","CACNA1S"
"PRKG2","CREB3L3"
"PRKG2","CREB3L1"
"PRKG2","GTF2IRD1"
"PRKG2","CREB5"
"RGS2","GNA11"
"RGS2","GNAQ"
"ROCK1","PPP1R12A"
"ROCK1","PPP1CA"
"ROCK1","PPP1CB"
"ROCK1","PPP1CC"
"BDKRB2","GNAI1"
"BDKRB2","GNAI2"
"BDKRB2","GNAI3"
"IRS4","PIK3R6"
"IRS4","PIK3R5"
"IRS4","PIK3CG"
"MYLK2","MYL9"
"IRS2","PIK3R6"
"IRS2","PIK3R5"
"IRS2","PIK3CG"
"MYLK3","MYL9"
"ROCK2","PPP1R12A"
"ROCK2","PPP1CA"
"ROCK2","PPP1CB"
"ROCK2","PPP1CC"
"RAPGEF3","RRAS2"
"RAPGEF3","MAPK8"
"RAPGEF3","MAPK9"
"RAPGEF3","MAPK10"
"RAPGEF3","RRAS"
"CREB3","FOS"
"CREB3","JUN"
"CREB3","BDNF"
"CGA","ADCYAP1R1"
"CGA","ADORA2A"
"CGA","CRHR1"
"CGA","CRHR2"
"CGA","GPR119"
"CGA","ADRB1"
"CGA","ADRB2"
"CGA","DRD1"
"CGA","DRD5"
"CGA","FSHR"
"CGA","GIPR"
"CGA","GLP1R"
"CGA","HTR4"
"CGA","HTR6"
"CGA","LHCGR"
"CGA","MC2R"
"CGA","NPR1"
"CGA","PTGER2"
"CGA","TSHR"
"CGA","VIPR2"
"RAPGEF4","RRAS2"
"RAPGEF4","MAPK8"
"RAPGEF4","MAPK9"
"RAPGEF4","MAPK10"
"RAPGEF4","RRAS"
"CHRM1","GNAI1"
"CHRM1","GNAI2"
"CHRM1","GNAI3"
"CHRM2","GNAI1"
"CHRM2","GNAI2"
"CHRM2","GNAI3"
"ADCYAP1","ADCYAP1R1"
"ADCYAP1","ADORA2A"
"ADCYAP1","CRHR1"
"ADCYAP1","CRHR2"
"ADCYAP1","GPR119"
"ADCYAP1","ADRB1"
"ADCYAP1","ADRB2"
"ADCYAP1","DRD1"
"ADCYAP1","DRD5"
"ADCYAP1","FSHR"
"ADCYAP1","GIPR"
"ADCYAP1","GLP1R"
"ADCYAP1","HTR4"
"ADCYAP1","HTR6"
"ADCYAP1","LHCGR"
"ADCYAP1","MC2R"
"ADCYAP1","NPR1"
"ADCYAP1","PTGER2"
"ADCYAP1","TSHR"
"ADCYAP1","VIPR2"
"ADCYAP1R1","GNAS"
"GPHB5","ADCYAP1R1"
"GPHB5","ADORA2A"
"GPHB5","CRHR1"
"GPHB5","CRHR2"
"GPHB5","GPR119"
"GPHB5","ADRB1"
"GPHB5","ADRB2"
"GPHB5","DRD1"
"GPHB5","DRD5"
"GPHB5","FSHR"
"GPHB5","GIPR"
"GPHB5","GLP1R"
"GPHB5","HTR4"
"GPHB5","HTR6"
"GPHB5","LHCGR"
"GPHB5","MC2R"
"GPHB5","NPR1"
"GPHB5","PTGER2"
"GPHB5","TSHR"
"GPHB5","VIPR2"
"CREB1","FOS"
"CREB1","JUN"
"CREB1","BDNF"
"CRH","ADCYAP1R1"
"CRH","ADORA2A"
"CRH","CRHR1"
"CRH","CRHR2"
"CRH","GPR119"
"CRH","ADRB1"
"CRH","ADRB2"
"CRH","DRD1"
"CRH","DRD5"
"CRH","FSHR"
"CRH","GIPR"
"CRH","GLP1R"
"CRH","HTR4"
"CRH","HTR6"
"CRH","LHCGR"
"CRH","MC2R"
"CRH","NPR1"
"CRH","PTGER2"
"CRH","TSHR"
"CRH","VIPR2"
"CRHR1","GNAS"
"CRHR2","GNAS"
"GPR119","GNAS"
"CREB3L4","FOS"
"CREB3L4","JUN"
"CREB3L4","BDNF"
"GPHA2","ADCYAP1R1"
"GPHA2","ADORA2A"
"GPHA2","CRHR1"
"GPHA2","CRHR2"
"GPHA2","GPR119"
"GPHA2","ADRB1"
"GPHA2","ADRB2"
"GPHA2","DRD1"
"GPHA2","DRD5"
"GPHA2","FSHR"
"GPHA2","GIPR"
"GPHA2","GLP1R"
"GPHA2","HTR4"
"GPHA2","HTR6"
"GPHA2","LHCGR"
"GPHA2","MC2R"
"GPHA2","NPR1"
"GPHA2","PTGER2"
"GPHA2","TSHR"
"GPHA2","VIPR2"
"EDN1","CHRM1"
"EDN1","CHRM2"
"EDN1","ADORA1"
"EDN1","ADRB2"
"EDN1","DRD2"
"EDN1","EDNRA"
"EDN1","GABBR1"
"EDN1","GHSR"
"EDN1","HCAR1"
"EDN1","FFAR2"
"EDN1","HTR1A"
"EDN1","HTR1B"
"EDN1","HTR1D"
"EDN1","HTR1E"
"EDN1","HTR1F"
"EDN1","HCAR2"
"EDN1","NPY1R"
"EDN1","OXTR"
"EDN1","SUCNR1"
"EDN1","PTGER3"
"EDN1","SSTR1"
"EDN1","SSTR2"
"EDN1","SSTR5"
"EDN1","HCAR3"
"EDN1","GABBR2"
"EDN2","CHRM1"
"EDN2","CHRM2"
"EDN2","ADORA1"
"EDN2","ADRB2"
"EDN2","DRD2"
"EDN2","EDNRA"
"EDN2","GABBR1"
"EDN2","GHSR"
"EDN2","HCAR1"
"EDN2","FFAR2"
"EDN2","HTR1A"
"EDN2","HTR1B"
"EDN2","HTR1D"
"EDN2","HTR1E"
"EDN2","HTR1F"
"EDN2","HCAR2"
"EDN2","NPY1R"
"EDN2","OXTR"
"EDN2","SUCNR1"
"EDN2","PTGER3"
"EDN2","SSTR1"
"EDN2","SSTR2"
"EDN2","SSTR5"
"EDN2","HCAR3"
"EDN2","GABBR2"
"EDN3","CHRM1"
"EDN3","CHRM2"
"EDN3","ADORA1"
"EDN3","ADRB2"
"EDN3","DRD2"
"EDN3","EDNRA"
"EDN3","GABBR1"
"EDN3","GHSR"
"EDN3","HCAR1"
"EDN3","FFAR2"
"EDN3","HTR1A"
"EDN3","HTR1B"
"EDN3","HTR1D"
"EDN3","HTR1E"
"EDN3","HTR1F"
"EDN3","HCAR2"
"EDN3","NPY1R"
"EDN3","OXTR"
"EDN3","SUCNR1"
"EDN3","PTGER3"
"EDN3","SSTR1"
"EDN3","SSTR2"
"EDN3","SSTR5"
"EDN3","HCAR3"
"EDN3","GABBR2"
"EDNRA","GNAI1"
"EDNRA","GNAI2"
"EDNRA","GNAI3"
"RRAS2","PLD1"
"RRAS2","PLD2"
"FSHB","ADCYAP1R1"
"FSHB","ADORA2A"
"FSHB","CRHR1"
"FSHB","CRHR2"
"FSHB","GPR119"
"FSHB","ADRB1"
"FSHB","ADRB2"
"FSHB","DRD1"
"FSHB","DRD5"
"FSHB","FSHR"
"FSHB","GIPR"
"FSHB","GLP1R"
"FSHB","HTR4"
"FSHB","HTR6"
"FSHB","LHCGR"
"FSHB","MC2R"
"FSHB","NPR1"
"FSHB","PTGER2"
"FSHB","TSHR"
"FSHB","VIPR2"
"FSHR","GNAS"
"GABBR1","GNAI1"
"GABBR1","GNAI2"
"GABBR1","GNAI3"
"GCG","ADCYAP1R1"
"GCG","ADORA2A"
"GCG","CRHR1"
"GCG","CRHR2"
"GCG","GPR119"
"GCG","ADRB1"
"GCG","ADRB2"
"GCG","DRD1"
"GCG","DRD5"
"GCG","FSHR"
"GCG","GIPR"
"GCG","GLP1R"
"GCG","HTR4"
"GCG","HTR6"
"GCG","LHCGR"
"GCG","MC2R"
"GCG","NPR1"
"GCG","PTGER2"
"GCG","TSHR"
"GCG","VIPR2"
"GHSR","GNAI1"
"GHSR","GNAI2"
"GHSR","GNAI3"
"GIP","ADCYAP1R1"
"GIP","ADORA2A"
"GIP","CRHR1"
"GIP","CRHR2"
"GIP","GPR119"
"GIP","ADRB1"
"GIP","ADRB2"
"GIP","DRD1"
"GIP","DRD5"
"GIP","FSHR"
"GIP","GIPR"
"GIP","GLP1R"
"GIP","HTR4"
"GIP","HTR6"
"GIP","LHCGR"
"GIP","MC2R"
"GIP","NPR1"
"GIP","PTGER2"
"GIP","TSHR"
"GIP","VIPR2"
"GIPR","GNAS"
"HCAR1","GNAI1"
"HCAR1","GNAI2"
"HCAR1","GNAI3"
"GLI3","GLI1"
"GLI3","PTCH1"
"GLI3","HHIP"
"GLP1R","GNAS"
"GNAI1","ADCY1"
"GNAI1","ADCY2"
"GNAI1","ADCY3"
"GNAI1","ADCY5"
"GNAI1","ADCY6"
"GNAI1","ADCY7"
"GNAI1","ADCY8"
"GNAI1","ADCY9"
"GNAI1","ADCY4"
"GNAI2","ADCY1"
"GNAI2","ADCY2"
"GNAI2","ADCY3"
"GNAI2","ADCY5"
"GNAI2","ADCY6"
"GNAI2","ADCY7"
"GNAI2","ADCY8"
"GNAI2","ADCY9"
"GNAI2","ADCY4"
"GNAI3","ADCY1"
"GNAI3","ADCY2"
"GNAI3","ADCY3"
"GNAI3","ADCY5"
"GNAI3","ADCY6"
"GNAI3","ADCY7"
"GNAI3","ADCY8"
"GNAI3","ADCY9"
"GNAI3","ADCY4"
"FFAR2","GNAI1"
"FFAR2","GNAI2"
"FFAR2","GNAI3"
"HTR1A","GNAI1"
"HTR1A","GNAI2"
"HTR1A","GNAI3"
"HTR1B","GNAI1"
"HTR1B","GNAI2"
"HTR1B","GNAI3"
"HTR1D","GNAI1"
"HTR1D","GNAI2"
"HTR1D","GNAI3"
"HTR1E","GNAI1"
"HTR1E","GNAI2"
"HTR1E","GNAI3"
"HTR1F","GNAI1"
"HTR1F","GNAI2"
"HTR1F","GNAI3"
"HCAR2","GNAI1"
"HCAR2","GNAI2"
"HCAR2","GNAI3"
"LHB","ADCYAP1R1"
"LHB","ADORA2A"
"LHB","CRHR1"
"LHB","CRHR2"
"LHB","GPR119"
"LHB","ADRB1"
"LHB","ADRB2"
"LHB","DRD1"
"LHB","DRD5"
"LHB","FSHR"
"LHB","GIPR"
"LHB","GLP1R"
"LHB","HTR4"
"LHB","HTR6"
"LHB","LHCGR"
"LHB","MC2R"
"LHB","NPR1"
"LHB","PTGER2"
"LHB","TSHR"
"LHB","VIPR2"
"LHCGR","GNAS"
"MC2R","GNAS"
"NFATC1","F2R"
"NFKB1","AMH"
"NPY","CHRM1"
"NPY","CHRM2"
"NPY","ADORA1"
"NPY","ADRB2"
"NPY","DRD2"
"NPY","EDNRA"
"NPY","GABBR1"
"NPY","GHSR"
"NPY","HCAR1"
"NPY","FFAR2"
"NPY","HTR1A"
"NPY","HTR1B"
"NPY","HTR1D"
"NPY","HTR1E"
"NPY","HTR1F"
"NPY","HCAR2"
"NPY","NPY1R"
"NPY","OXTR"
"NPY","SUCNR1"
"NPY","PTGER3"
"NPY","SSTR1"
"NPY","SSTR2"
"NPY","SSTR5"
"NPY","HCAR3"
"NPY","GABBR2"
"NPPA","ADCYAP1R1"
"NPPA","ADORA2A"
"NPPA","CRHR1"
"NPPA","CRHR2"
"NPPA","GPR119"
"NPPA","ADRB1"
"NPPA","ADRB2"
"NPPA","DRD1"
"NPPA","DRD5"
"NPPA","FSHR"
"NPPA","GIPR"
"NPPA","GLP1R"
"NPPA","HTR4"
"NPPA","HTR6"
"NPPA","LHCGR"
"NPPA","MC2R"
"NPPA","PTGER2"
"NPPA","TSHR"
"NPPA","VIPR2"
"NPR1","GNAS"
"NPY1R","GNAI1"
"NPY1R","GNAI2"
"NPY1R","GNAI3"
"OXT","CHRM1"
"OXT","CHRM2"
"OXT","ADORA1"
"OXT","ADRB2"
"OXT","DRD2"
"OXT","EDNRA"
"OXT","GABBR1"
"OXT","GHSR"
"OXT","HCAR1"
"OXT","FFAR2"
"OXT","HTR1A"
"OXT","HTR1B"
"OXT","HTR1D"
"OXT","HTR1E"
"OXT","HTR1F"
"OXT","HCAR2"
"OXT","NPY1R"
"OXT","OXTR"
"OXT","SUCNR1"
"OXT","PTGER3"
"OXT","SSTR1"
"OXT","SSTR2"
"OXT","SSTR5"
"OXT","HCAR3"
"OXT","GABBR2"
"OXTR","GNAI1"
"OXTR","GNAI2"
"OXTR","GNAI3"
"GHRL","CHRM1"
"GHRL","CHRM2"
"GHRL","ADORA1"
"GHRL","ADRB2"
"GHRL","DRD2"
"GHRL","EDNRA"
"GHRL","GABBR1"
"GHRL","GHSR"
"GHRL","HCAR1"
"GHRL","FFAR2"
"GHRL","HTR1A"
"GHRL","HTR1B"
"GHRL","HTR1D"
"GHRL","HTR1E"
"GHRL","HTR1F"
"GHRL","HCAR2"
"GHRL","NPY1R"
"GHRL","OXTR"
"GHRL","SUCNR1"
"GHRL","PTGER3"
"GHRL","SSTR1"
"GHRL","SSTR2"
"GHRL","SSTR5"
"GHRL","HCAR3"
"GHRL","GABBR2"
"POMC","ADCYAP1R1"
"POMC","ADORA2A"
"POMC","CRHR1"
"POMC","CRHR2"
"POMC","GPR119"
"POMC","ADRB1"
"POMC","ADRB2"
"POMC","DRD1"
"POMC","DRD5"
"POMC","FSHR"
"POMC","GIPR"
"POMC","GLP1R"
"POMC","HTR4"
"POMC","HTR6"
"POMC","LHCGR"
"POMC","MC2R"
"POMC","NPR1"
"POMC","PTGER2"
"POMC","TSHR"
"POMC","VIPR2"
"PPP1CA","CREB3"
"PPP1CA","CREB1"
"PPP1CA","CREB3L4"
"PPP1CA","CREB3L2"
"PPP1CA","CREB3L3"
"PPP1CA","CREB3L1"
"PPP1CA","CREB5"
"PPP1CB","CREB3"
"PPP1CB","CREB1"
"PPP1CB","CREB3L4"
"PPP1CB","CREB3L2"
"PPP1CB","CREB3L3"
"PPP1CB","CREB3L1"
"PPP1CB","CREB5"
"PPP1CC","CREB3"
"PPP1CC","CREB1"
"PPP1CC","CREB3L4"
"PPP1CC","CREB3L2"
"PPP1CC","CREB3L3"
"PPP1CC","CREB3L1"
"PPP1CC","CREB5"
"PRKACA","CREB3"
"PRKACA","CFTR"
"PRKACA","PDE10A"
"PRKACA","GRIN3A"
"PRKACA","GRIN3B"
"PRKACA","CREB1"
"PRKACA","CREBBP"
"PRKACA","CREB3L4"
"PRKACA","EP300"
"PRKACA","GLI3"
"PRKACA","GRIA1"
"PRKACA","GRIA2"
"PRKACA","GRIA3"
"PRKACA","GRIA4"
"PRKACA","GRIN1"
"PRKACA","GRIN2A"
"PRKACA","GRIN2B"
"PRKACA","GRIN2C"
"PRKACA","GRIN2D"
"PRKACA","RHOA"
"PRKACA","LIPE"
"PRKACA","NFATC1"
"PRKACA","NFKB1"
"PRKACA","NFKBIA"
"PRKACA","ATP2B1"
"PRKACA","ATP2B2"
"PRKACA","ATP2B3"
"PRKACA","ATP2B4"
"PRKACA","PDE3A"
"PRKACA","PDE3B"
"PRKACA","PDE4A"
"PRKACA","PDE4B"
"PRKACA","PDE4C"
"PRKACA","PDE4D"
"PRKACA","FXYD1"
"PRKACA","PPARA"
"PRKACA","BAD"
"PRKACA","RELA"
"PRKACA","RYR2"
"PRKACA","CREB3L2"
"PRKACA","SLC9A1"
"PRKACA","SOX9"
"PRKACA","TNNI3"
"PRKACA","CACNA1C"
"PRKACA","CACNA1D"
"PRKACA","CACNA1F"
"PRKACA","CACNA1S"
"PRKACA","PPP1R1B"
"PRKACA","CREB3L3"
"PRKACA","ORAI1"
"PRKACA","CREB3L1"
"PRKACA","CREB5"
"PRKACB","CREB3"
"PRKACB","CFTR"
"PRKACB","PDE10A"
"PRKACB","GRIN3A"
"PRKACB","GRIN3B"
"PRKACB","CREB1"
"PRKACB","CREBBP"
"PRKACB","CREB3L4"
"PRKACB","EP300"
"PRKACB","GLI3"
"PRKACB","GRIA1"
"PRKACB","GRIA2"
"PRKACB","GRIA3"
"PRKACB","GRIA4"
"PRKACB","GRIN1"
"PRKACB","GRIN2A"
"PRKACB","GRIN2B"
"PRKACB","GRIN2C"
"PRKACB","GRIN2D"
"PRKACB","RHOA"
"PRKACB","LIPE"
"PRKACB","NFATC1"
"PRKACB","NFKB1"
"PRKACB","NFKBIA"
"PRKACB","ATP2B1"
"PRKACB","ATP2B2"
"PRKACB","ATP2B3"
"PRKACB","ATP2B4"
"PRKACB","PDE3A"
"PRKACB","PDE3B"
"PRKACB","PDE4A"
"PRKACB","PDE4B"
"PRKACB","PDE4C"
"PRKACB","PDE4D"
"PRKACB","FXYD1"
"PRKACB","PPARA"
"PRKACB","BAD"
"PRKACB","RELA"
"PRKACB","RYR2"
"PRKACB","CREB3L2"
"PRKACB","SLC9A1"
"PRKACB","SOX9"
"PRKACB","TNNI3"
"PRKACB","CACNA1C"
"PRKACB","CACNA1D"
"PRKACB","CACNA1F"
"PRKACB","CACNA1S"
"PRKACB","PPP1R1B"
"PRKACB","CREB3L3"
"PRKACB","ORAI1"
"PRKACB","CREB3L1"
"PRKACB","CREB5"
"PRKACG","CREB3"
"PRKACG","CFTR"
"PRKACG","PDE10A"
"PRKACG","GRIN3A"
"PRKACG","GRIN3B"
"PRKACG","CREB1"
"PRKACG","CREBBP"
"PRKACG","CREB3L4"
"PRKACG","EP300"
"PRKACG","GLI3"
"PRKACG","GRIA1"
"PRKACG","GRIA2"
"PRKACG","GRIA3"
"PRKACG","GRIA4"
"PRKACG","GRIN1"
"PRKACG","GRIN2A"
"PRKACG","GRIN2B"
"PRKACG","GRIN2C"
"PRKACG","GRIN2D"
"PRKACG","RHOA"
"PRKACG","LIPE"
"PRKACG","NFATC1"
"PRKACG","NFKB1"
"PRKACG","NFKBIA"
"PRKACG","ATP2B1"
"PRKACG","ATP2B2"
"PRKACG","ATP2B3"
"PRKACG","ATP2B4"
"PRKACG","PDE3A"
"PRKACG","PDE3B"
"PRKACG","PDE4A"
"PRKACG","PDE4B"
"PRKACG","PDE4C"
"PRKACG","PDE4D"
"PRKACG","FXYD1"
"PRKACG","PPARA"
"PRKACG","BAD"
"PRKACG","RELA"
"PRKACG","RYR2"
"PRKACG","CREB3L2"
"PRKACG","SLC9A1"
"PRKACG","SOX9"
"PRKACG","TNNI3"
"PRKACG","CACNA1C"
"PRKACG","CACNA1D"
"PRKACG","CACNA1F"
"PRKACG","CACNA1S"
"PRKACG","PPP1R1B"
"PRKACG","CREB3L3"
"PRKACG","ORAI1"
"PRKACG","CREB3L1"
"PRKACG","CREB5"
"MAPK1","CREB3"
"MAPK1","CREB1"
"MAPK1","CREB3L4"
"MAPK1","CREB3L2"
"MAPK1","CREB3L3"
"MAPK1","CREB3L1"
"MAPK1","CREB5"
"MAPK3","CREB3"
"MAPK3","CREB1"
"MAPK3","CREB3L4"
"MAPK3","CREB3L2"
"MAPK3","CREB3L3"
"MAPK3","CREB3L1"
"MAPK3","CREB5"
"SUCNR1","GNAI1"
"SUCNR1","GNAI2"
"SUCNR1","GNAI3"
"PTGER2","GNAS"
"PTGER3","GNAI1"
"PTGER3","GNAI2"
"PTGER3","GNAI3"
"RAP1A","RAF1"
"RAP1B","RAF1"
"RELA","AMH"
"RRAS","PLD1"
"RRAS","PLD2"
"CREB3L2","FOS"
"CREB3L2","JUN"
"CREB3L2","BDNF"
"SOX9","AMH"
"SST","CHRM1"
"SST","CHRM2"
"SST","ADORA1"
"SST","ADRB2"
"SST","DRD2"
"SST","EDNRA"
"SST","GABBR1"
"SST","GHSR"
"SST","HCAR1"
"SST","FFAR2"
"SST","HTR1A"
"SST","HTR1B"
"SST","HTR1D"
"SST","HTR1E"
"SST","HTR1F"
"SST","HCAR2"
"SST","NPY1R"
"SST","OXTR"
"SST","SUCNR1"
"SST","PTGER3"
"SST","SSTR1"
"SST","SSTR2"
"SST","SSTR5"
"SST","HCAR3"
"SST","GABBR2"
"SSTR1","GNAI1"
"SSTR1","GNAI2"
"SSTR1","GNAI3"
"SSTR2","GNAI1"
"SSTR2","GNAI2"
"SSTR2","GNAI3"
"SSTR5","GNAI1"
"SSTR5","GNAI2"
"SSTR5","GNAI3"
"TSHB","ADCYAP1R1"
"TSHB","ADORA2A"
"TSHB","CRHR1"
"TSHB","CRHR2"
"TSHB","GPR119"
"TSHB","ADRB1"
"TSHB","ADRB2"
"TSHB","DRD1"
"TSHB","DRD5"
"TSHB","FSHR"
"TSHB","GIPR"
"TSHB","GLP1R"
"TSHB","HTR4"
"TSHB","HTR6"
"TSHB","LHCGR"
"TSHB","MC2R"
"TSHB","NPR1"
"TSHB","PTGER2"
"TSHB","TSHR"
"TSHB","VIPR2"
"TSHR","GNAS"
"VIP","ADCYAP1R1"
"VIP","ADORA2A"
"VIP","CRHR1"
"VIP","CRHR2"
"VIP","GPR119"
"VIP","ADRB1"
"VIP","ADRB2"
"VIP","DRD1"
"VIP","DRD5"
"VIP","FSHR"
"VIP","GIPR"
"VIP","GLP1R"
"VIP","HTR4"
"VIP","HTR6"
"VIP","LHCGR"
"VIP","MC2R"
"VIP","NPR1"
"VIP","PTGER2"
"VIP","TSHR"
"VIP","VIPR2"
"VIPR2","GNAS"
"CAMK4","ADCY1"
"CAMK4","ADCY2"
"CAMK4","PDE10A"
"CAMK4","ADCY3"
"CAMK4","ADCY5"
"CAMK4","ADCY6"
"CAMK4","ADCY7"
"CAMK4","ADCY8"
"CAMK4","ADCY9"
"CAMK4","ADCY4"
"CAMK4","PDE3A"
"CAMK4","PDE3B"
"CAMK4","PDE4A"
"CAMK4","PDE4B"
"CAMK4","PDE4C"
"CAMK4","PDE4D"
"CAMK2A","ADCY1"
"CAMK2A","ADCY2"
"CAMK2A","PDE10A"
"CAMK2A","ADCY3"
"CAMK2A","ADCY5"
"CAMK2A","ADCY6"
"CAMK2A","ADCY7"
"CAMK2A","ADCY8"
"CAMK2A","ADCY9"
"CAMK2A","ADCY4"
"CAMK2A","PDE3A"
"CAMK2A","PDE3B"
"CAMK2A","PDE4A"
"CAMK2A","PDE4B"
"CAMK2A","PDE4C"
"CAMK2A","PDE4D"
"CAMK2B","ADCY1"
"CAMK2B","ADCY2"
"CAMK2B","PDE10A"
"CAMK2B","ADCY3"
"CAMK2B","ADCY5"
"CAMK2B","ADCY6"
"CAMK2B","ADCY7"
"CAMK2B","ADCY8"
"CAMK2B","ADCY9"
"CAMK2B","ADCY4"
"CAMK2B","PDE3A"
"CAMK2B","PDE3B"
"CAMK2B","PDE4A"
"CAMK2B","PDE4B"
"CAMK2B","PDE4C"
"CAMK2B","PDE4D"
"CAMK2D","ADCY1"
"CAMK2D","ADCY2"
"CAMK2D","PDE10A"
"CAMK2D","ADCY3"
"CAMK2D","ADCY5"
"CAMK2D","ADCY6"
"CAMK2D","ADCY7"
"CAMK2D","ADCY8"
"CAMK2D","ADCY9"
"CAMK2D","ADCY4"
"CAMK2D","PDE3A"
"CAMK2D","PDE3B"
"CAMK2D","PDE4A"
"CAMK2D","PDE4B"
"CAMK2D","PDE4C"
"CAMK2D","PDE4D"
"CAMK2G","ADCY1"
"CAMK2G","ADCY2"
"CAMK2G","PDE10A"
"CAMK2G","ADCY3"
"CAMK2G","ADCY5"
"CAMK2G","ADCY6"
"CAMK2G","ADCY7"
"CAMK2G","ADCY8"
"CAMK2G","ADCY9"
"CAMK2G","ADCY4"
"CAMK2G","PDE3A"
"CAMK2G","PDE3B"
"CAMK2G","PDE4A"
"CAMK2G","PDE4B"
"CAMK2G","PDE4C"
"CAMK2G","PDE4D"
"PPP1R1B","PPP1CA"
"PPP1R1B","PPP1CB"
"PPP1R1B","PPP1CC"
"CREB3L3","FOS"
"CREB3L3","JUN"
"CREB3L3","BDNF"
"HCAR3","GNAI1"
"HCAR3","GNAI2"
"HCAR3","GNAI3"
"CREB3L1","FOS"
"CREB3L1","JUN"
"CREB3L1","BDNF"
"GABBR2","GNAI1"
"GABBR2","GNAI2"
"GABBR2","GNAI3"
"CREB5","FOS"
"CREB5","JUN"
"CREB5","BDNF"
"EBI3","IL6ST"
"EBI3","IL27RA"
"CCL26","CCR3"
"CXCL13","CXCR3"
"CXCL13","CXCR5"
"TNFSF13B","TNFRSF13C"
"TNFSF13B","TNFRSF13B"
"TNFSF13B","TNFRSF17"
"CCL27","CCR3"
"CCL27","CCR10"
"CCL27","CCR2"
"IL24","IL20RA"
"IL24","IL20RB"
"IL24","IL22RA1"
"IL17F","IL17RA"
"IL17F","IL17RC"
"CNTF","CNTFR"
"CNTF","IL6ST"
"CNTF","LIFR"
"CSF2","CSF2RA"
"CSF2","CSF2RB"
"CSF3","CSF3R"
"CSH1","GHR"
"CSH2","GHR"
"IL34","CSF1R"
"CTF1","IL6ST"
"CTF1","LIFR"
"GDF7","BMPR1A"
"GDF7","BMPR1B"
"GDF7","BMPR2"
"GDF7","ACVR2A"
"GDF7","ACVR2B"
"EDA","EDAR"
"EDA","EDA2R"
"EPO","EPOR"
"CLCF1","CNTFR"
"CLCF1","IL6ST"
"CLCF1","LIFR"
"IL27","IL6ST"
"IL27","IL27RA"
"IL36RN","IL1RAP"
"IL36RN","IL1RL2"
"MSTN","TGFBR1"
"MSTN","ACVR1B"
"MSTN","ACVR2B"
"GH1","GHR"
"GH2","GHR"
"IL36B","IL1RAP"
"IL36B","IL1RL2"
"IL37","IL18RAP"
"IL37","IL18R1"
"IL36A","IL1RAP"
"IL36A","IL1RL2"
"IL17C","IL17RE"
"IL17B","IL17RB"
"IFNL2","IFNLR1"
"IFNL2","IL10RB"
"IFNL3","IFNLR1"
"IFNL3","IL10RB"
"IFNL1","IFNLR1"
"IFNL1","IL10RB"
"CXCL1","CXCR1"
"CXCL1","CXCR2"
"CXCL2","CXCR1"
"CXCL2","CXCR2"
"CXCL3","CXCR1"
"CXCL3","CXCR2"
"IL19","IL20RA"
"IL19","IL20RB"
"IFNE","IFNAR1"
"IFNE","IFNAR2"
"IFNA1","IFNAR1"
"IFNA1","IFNAR2"
"IFNA2","IFNAR1"
"IFNA2","IFNAR2"
"IFNA4","IFNAR1"
"IFNA4","IFNAR2"
"IFNA5","IFNAR1"
"IFNA5","IFNAR2"
"IFNA6","IFNAR1"
"IFNA6","IFNAR2"
"IFNA7","IFNAR1"
"IFNA7","IFNAR2"
"IFNA8","IFNAR1"
"IFNA8","IFNAR2"
"IFNA10","IFNAR1"
"IFNA10","IFNAR2"
"IFNA13","IFNAR1"
"IFNA13","IFNAR2"
"IFNA14","IFNAR1"
"IFNA14","IFNAR2"
"IFNA16","IFNAR1"
"IFNA16","IFNAR2"
"IFNA17","IFNAR1"
"IFNA17","IFNAR2"
"IFNA21","IFNAR1"
"IFNA21","IFNAR2"
"IFNB1","IFNAR1"
"IFNB1","IFNAR2"
"IFNG","IFNGR1"
"IFNG","IFNGR2"
"IFNW1","IFNAR1"
"IFNW1","IFNAR2"
"BMP8A","BMPR1A"
"BMP8A","BMPR1B"
"BMP8A","BMPR2"
"BMP8A","ACVR1"
"BMP8A","ACVR2A"
"BMP8A","ACVR2B"
"IL1A","IL1R2"
"IL1B","IL1R2"
"IL1RN","IL1R1"
"IL1RN","IL1RAP"
"IL1RN","IL1R2"
"IL2","IL2RA"
"IL2","IL2RB"
"IL2","IL2RG"
"FASLG","TNFRSF6B"
"IL3","CSF2RB"
"IL3","IL3RA"
"IL4","IL2RG"
"IL4","IL4R"
"IL4","IL13RA1"
"IL4","IL13RA2"
"IL5","CSF2RB"
"IL5","IL5RA"
"IL6","IL6ST"
"IL7","IL2RG"
"IL7","IL7R"
"CXCL8","CXCR1"
"CXCL8","CXCR2"
"IL9","IL2RG"
"IL9","IL9R"
"IL10","IL10RA"
"IL10","IL10RB"
"IL11","IL6ST"
"IL11","IL11RA"
"IL12A","IL12RB1"
"IL12A","IL12RB2"
"IL12B","IL12RB1"
"IL12B","IL12RB2"
"IL13","IL4R"
"IL13","IL13RA1"
"IL13","IL13RA2"
"IL15","IL2RB"
"IL15","IL2RG"
"IL15","IL15RA"
"IL16","CD4"
"IL17A","IL17RA"
"IL17A","IL17RC"
"IL18","IL18RAP"
"IL18","IL18R1"
"CXCL10","CXCR3"
"IL31","IL31RA"
"IL31","OSMR"
"CCL4L1","CCR5"
"GDF6","BMPR1A"
"GDF6","BMPR1B"
"GDF6","BMPR2"
"GDF6","ACVR2A"
"GDF6","ACVR2B"
"LEP","LEPR"
"LIF","IL6ST"
"LIF","LIFR"
"LTA","LTBR"
"LTA","TNFRSF1A"
"LTA","TNFRSF1B"
"LTA","TNFRSF14"
"LTB","LTBR"
"CCL3L3","CCR1"
"CCL3L3","CCR5"
"CXCL9","CXCR3"
"OSM","IL6ST"
"OSM","LIFR"
"OSM","OSMR"
"IL20","IL20RA"
"IL20","IL20RB"
"IL20","IL22RA1"
"IL22","IL10RB"
"IL22","IL22RA1"
"IL23A","IL23R"
"IL23A","IL12RB1"
"PF4","CXCR3"
"PF4V1","CXCR3"
"PPBP","CXCR2"
"IL26","IL10RB"
"IL26","IL20RA"
"PRL","PRLR"
"IL36G","IL1RAP"
"IL36G","IL1RL2"
"CCL28","CCR3"
"CCL28","CCR10"
"IFNK","IFNAR1"
"IFNK","IFNAR2"
"CXCL16","CXCR6"
"IL21","IL2RG"
"IL21","IL21R"
"CCL1","CCR8"
"CCL1","ACKR4"
"CCL2","CCR2"
"CCL3","CCR1"
"CCL3","CCR5"
"CCL3L1","CCR1"
"CCL3L1","CCR5"
"CCL4","CCR5"
"CCL5","CCR1"
"CCL5","CCR3"
"CCL5","CCR4"
"CCL5","CCR5"
"CCL7","CCR1"
"CCL7","CCR3"
"CCL7","CCR2"
"CCL8","CCR1"
"CCL8","CCR5"
"CCL8","ACKR4"
"CCL8","CCR2"
"CCL11","CCR3"
"CCL13","CCR1"
"CCL13","CCR3"
"CCL13","ACKR4"
"CCL13","CCR2"
"CCL14","CCR1"
"CCL15","CCR1"
"CCL15","CCR3"
"CCL16","CCR1"
"CCL17","CCR4"
"CCL19","CCR7"
"CCL19","ACKR4"
"CCL20","CCR6"
"CCL21","CCR7"
"CCL21","ACKR4"
"CCL22","CCR4"
"CCL23","CCR1"
"CCL23","CCR3"
"CCL24","CCR3"
"CCL25","CCR9"
"CCL25","ACKR4"
"CXCL6","CXCR1"
"CXCL6","CXCR2"
"CXCL11","CXCR3"
"CXCL5","CXCR1"
"CXCL5","CXCR2"
"XCL1","XCR1"
"CX3CL1","CX3CR1"
"CXCL12","ACKR3"
"CXCL12","CXCR4"
"IL25","IL17RA"
"IL25","IL17RB"
"BMP2","BMPR1A"
"BMP2","BMPR1B"
"BMP2","BMPR2"
"BMP2","ACVR2A"
"BMP2","ACVR2B"
"BMP4","BMPR1A"
"BMP4","BMPR1B"
"BMP4","BMPR2"
"BMP4","ACVR2A"
"BMP4","ACVR2B"
"BMP5","BMPR1A"
"BMP5","BMPR1B"
"BMP5","BMPR2"
"BMP5","ACVR1"
"BMP5","ACVR2A"
"BMP5","ACVR2B"
"BMP6","BMPR1A"
"BMP6","BMPR1B"
"BMP6","BMPR2"
"BMP6","ACVR1"
"BMP6","ACVR2A"
"BMP6","ACVR2B"
"BMP7","BMPR1A"
"BMP7","BMPR1B"
"BMP7","BMPR2"
"BMP7","ACVR1"
"BMP7","ACVR2A"
"BMP7","ACVR2B"
"BMP8B","BMPR1A"
"BMP8B","BMPR1B"
"BMP8B","BMPR2"
"BMP8B","ACVR1"
"BMP8B","ACVR2A"
"BMP8B","ACVR2B"
"XCL2","XCR1"
"THPO","MPL"
"TNF","TNFRSF1B"
"TNFSF4","TNFRSF4"
"GDF5","BMPR1A"
"GDF5","BMPR1B"
"GDF5","BMPR2"
"GDF5","ACVR2A"
"GDF5","ACVR2B"
"IL1F10","IL1RAP"
"IL1F10","IL1RL2"
"TSLP","IL7R"
"TSLP","CRLF2"
"TNFSF11","TNFRSF11B"
"TNFSF11","TNFRSF11A"
"TNFSF14","LTBR"
"TNFSF14","TNFRSF14"
"TNFSF14","TNFRSF6B"
"TNFSF13","TNFRSF13B"
"TNFSF13","TNFRSF17"
"TNFSF12","TNFRSF12A"
"TNFSF10","TNFRSF10D"
"TNFSF10","TNFRSF10C"
"TNFSF10","TNFRSF10B"
"TNFSF10","TNFRSF10A"
"TNFSF9","TNFRSF9"
"TNFSF18","TNFRSF18"
"IL33","IL1RAP"
"IL33","IL1RL1"
"BMP15","BMPR1B"
"BMP15","BMPR2"
"TNFSF8","TNFRSF8"
"CCL4L2","CCR5"
"CD40LG","CD40"
"CD70","CD27"
"TNFSF15","TNFRSF25"
"TNFSF15","TNFRSF6B"
"AKT3","GSK3A"
"CCL26","CXCR6"
"CCL26","CCR9"
"CCL26","CCR1"
"CCL26","CCR4"
"CCL26","CCR5"
"CCL26","CCR6"
"CCL26","CCR7"
"CCL26","CCR8"
"CCL26","CX3CR1"
"CCL26","CCR10"
"CCL26","XCR1"
"CCL26","CXCR3"
"CCL26","CXCR1"
"CCL26","CXCR2"
"CCL26","CXCR5"
"CCL26","CCR2"
"CCL26","CXCR4"
"VAV3","RHOA"
"VAV3","CDC42"
"CXCL13","CXCR6"
"CXCL13","CCR9"
"CXCL13","CCR1"
"CXCL13","CCR3"
"CXCL13","CCR4"
"CXCL13","CCR5"
"CXCL13","CCR6"
"CXCL13","CCR7"
"CXCL13","CCR8"
"CXCL13","CX3CR1"
"CXCL13","CCR10"
"CXCL13","XCR1"
"CXCL13","CXCR1"
"CXCL13","CXCR2"
"CXCL13","CCR2"
"CXCL13","CXCR4"
"CXCR6","GNAI1"
"CXCR6","GNAI2"
"CXCR6","GNAI3"
"CXCR6","JAK2"
"CXCR6","JAK3"
"GNB5","PLCB1"
"GNB5","PIK3CA"
"GNB5","PIK3CB"
"GNB5","PIK3CD"
"GNB5","PIK3R1"
"GNB5","PIK3R2"
"GNB5","PLCB2"
"GNB5","PLCB3"
"GNB5","PLCB4"
"GNB5","PLCG1"
"GNB5","PLCG2"
"GNB5","PREX1"
"GNB5","PIK3R3"
"ADCY1","PRKACA"
"ADCY1","PRKACB"
"ADCY1","PRKACG"
"ADCY2","PRKACA"
"ADCY2","PRKACB"
"ADCY2","PRKACG"
"CCR9","GNAI1"
"CCR9","GNAI2"
"CCR9","GNAI3"
"CCR9","JAK2"
"CCR9","JAK3"
"CCL27","CXCR6"
"CCL27","CCR9"
"CCL27","CCR1"
"CCL27","CCR4"
"CCL27","CCR5"
"CCL27","CCR6"
"CCL27","CCR7"
"CCL27","CCR8"
"CCL27","CX3CR1"
"CCL27","XCR1"
"CCL27","CXCR3"
"CCL27","CXCR1"
"CCL27","CXCR2"
"CCL27","CXCR5"
"CCL27","CXCR4"
"ADCY3","PRKACA"
"ADCY3","PRKACB"
"ADCY3","PRKACG"
"ADCY5","PRKACA"
"ADCY5","PRKACB"
"ADCY5","PRKACG"
"ADCY6","PRKACA"
"ADCY6","PRKACB"
"ADCY6","PRKACG"
"ADCY7","PRKACA"
"ADCY7","PRKACB"
"ADCY7","PRKACG"
"ADCY8","PRKACA"
"ADCY8","PRKACB"
"ADCY8","PRKACG"
"ADCY9","PRKACA"
"ADCY9","PRKACB"
"ADCY9","PRKACG"
"CCR1","GNAI1"
"CCR1","GNAI2"
"CCR1","GNAI3"
"CCR1","JAK2"
"CCR1","JAK3"
"CCR3","GNAI1"
"CCR3","GNAI2"
"CCR3","GNAI3"
"CCR3","JAK2"
"CCR3","JAK3"
"CCR4","GNAI1"
"CCR4","GNAI2"
"CCR4","GNAI3"
"CCR4","JAK2"
"CCR4","JAK3"
"CCR5","GNAI1"
"CCR5","GNAI2"
"CCR5","GNAI3"
"CCR5","JAK2"
"CCR5","JAK3"
"CCR6","GNAI1"
"CCR6","GNAI2"
"CCR6","GNAI3"
"CCR6","JAK2"
"CCR6","JAK3"
"CCR7","GNAI1"
"CCR7","GNAI2"
"CCR7","GNAI3"
"CCR7","JAK2"
"CCR7","JAK3"
"CCR8","GNAI1"
"CCR8","GNAI2"
"CCR8","GNAI3"
"CCR8","JAK2"
"CCR8","JAK3"
"CX3CR1","GNAI1"
"CX3CR1","GNAI2"
"CX3CR1","GNAI3"
"CX3CR1","JAK2"
"CX3CR1","JAK3"
"DOCK2","RAC1"
"DOCK2","RAC2"
"DOCK2","RAC3"
"ADCY4","PRKACA"
"ADCY4","PRKACB"
"ADCY4","PRKACG"
"AKT1","GSK3A"
"AKT2","GSK3A"
"PTK2B","CRK"
"PTK2B","CRKL"
"PTK2B","PTK2"
"PTK2B","PXN"
"PTK2B","BCAR1"
"FGR","DOCK2"
"FGR","PTK2B"
"FGR","SHC2"
"FGR","ITK"
"FGR","SHC4"
"FGR","PIK3CA"
"FGR","PIK3CB"
"FGR","PIK3CD"
"FGR","PIK3R1"
"FGR","PIK3R2"
"FGR","SHC3"
"FGR","PTK2"
"FGR","SHC1"
"FGR","PIK3R3"
"FGR","ELMO1"
"PLCB1","PRKCB"
"PLCB1","PRKCD"
"GNAI1","FGR"
"GNAI1","HCK"
"GNAI1","LYN"
"GNAI1","SRC"
"GNAI2","FGR"
"GNAI2","HCK"
"GNAI2","LYN"
"GNAI2","SRC"
"GNAI3","FGR"
"GNAI3","HCK"
"GNAI3","LYN"
"GNAI3","SRC"
"GNB1","PLCB1"
"GNB1","PIK3CA"
"GNB1","PIK3CB"
"GNB1","PIK3CD"
"GNB1","PIK3R1"
"GNB1","PIK3R2"
"GNB1","PLCB2"
"GNB1","PLCB3"
"GNB1","PLCB4"
"GNB1","PLCG1"
"GNB1","PLCG2"
"GNB1","PREX1"
"GNB1","PIK3R3"
"GNB2","PLCB1"
"GNB2","PIK3CA"
"GNB2","PIK3CB"
"GNB2","PIK3CD"
"GNB2","PIK3R1"
"GNB2","PIK3R2"
"GNB2","PLCB2"
"GNB2","PLCB3"
"GNB2","PLCB4"
"GNB2","PLCG1"
"GNB2","PLCG2"
"GNB2","PREX1"
"GNB2","PIK3R3"
"GNB3","PLCB1"
"GNB3","PIK3CA"
"GNB3","PIK3CB"
"GNB3","PIK3CD"
"GNB3","PIK3R1"
"GNB3","PIK3R2"
"GNB3","PLCB2"
"GNB3","PLCB3"
"GNB3","PLCB4"
"GNB3","PLCG1"
"GNB3","PLCG2"
"GNB3","PREX1"
"GNB3","PIK3R3"
"GNG3","PLCB1"
"GNG3","PIK3CA"
"GNG3","PIK3CB"
"GNG3","PIK3CD"
"GNG3","PIK3R1"
"GNG3","PIK3R2"
"GNG3","PLCB2"
"GNG3","PLCB3"
"GNG3","PLCB4"
"GNG3","PLCG1"
"GNG3","PLCG2"
"GNG3","PREX1"
"GNG3","PIK3R3"
"GNG4","PLCB1"
"GNG4","PIK3CA"
"GNG4","PIK3CB"
"GNG4","PIK3CD"
"GNG4","PIK3R1"
"GNG4","PIK3R2"
"GNG4","PLCB2"
"GNG4","PLCB3"
"GNG4","PLCB4"
"GNG4","PLCG1"
"GNG4","PLCG2"
"GNG4","PREX1"
"GNG4","PIK3R3"
"GNG5","PLCB1"
"GNG5","PIK3CA"
"GNG5","PIK3CB"
"GNG5","PIK3CD"
"GNG5","PIK3R1"
"GNG5","PIK3R2"
"GNG5","PLCB2"
"GNG5","PLCB3"
"GNG5","PLCB4"
"GNG5","PLCG1"
"GNG5","PLCG2"
"GNG5","PREX1"
"GNG5","PIK3R3"
"GNG7","PLCB1"
"GNG7","PIK3CA"
"GNG7","PIK3CB"
"GNG7","PIK3CD"
"GNG7","PIK3R1"
"GNG7","PIK3R2"
"GNG7","PLCB2"
"GNG7","PLCB3"
"GNG7","PLCB4"
"GNG7","PLCG1"
"GNG7","PLCG2"
"GNG7","PREX1"
"GNG7","PIK3R3"
"GNG10","PLCB1"
"GNG10","PIK3CA"
"GNG10","PIK3CB"
"GNG10","PIK3CD"
"GNG10","PIK3R1"
"GNG10","PIK3R2"
"GNG10","PLCB2"
"GNG10","PLCB3"
"GNG10","PLCB4"
"GNG10","PLCG1"
"GNG10","PLCG2"
"GNG10","PREX1"
"GNG10","PIK3R3"
"GNG11","PLCB1"
"GNG11","PIK3CA"
"GNG11","PIK3CB"
"GNG11","PIK3CD"
"GNG11","PIK3R1"
"GNG11","PIK3R2"
"GNG11","PLCB2"
"GNG11","PLCB3"
"GNG11","PLCB4"
"GNG11","PLCG1"
"GNG11","PLCG2"
"GNG11","PREX1"
"GNG11","PIK3R3"
"GNGT1","PLCB1"
"GNGT1","PIK3CA"
"GNGT1","PIK3CB"
"GNGT1","PIK3CD"
"GNGT1","PIK3R1"
"GNGT1","PIK3R2"
"GNGT1","PLCB2"
"GNGT1","PLCB3"
"GNGT1","PLCB4"
"GNGT1","PLCG1"
"GNGT1","PLCG2"
"GNGT1","PREX1"
"GNGT1","PIK3R3"
"GNGT2","PLCB1"
"GNGT2","PIK3CA"
"GNGT2","PIK3CB"
"GNGT2","PIK3CD"
"GNGT2","PIK3R1"
"GNGT2","PIK3R2"
"GNGT2","PLCB2"
"GNGT2","PLCB3"
"GNGT2","PLCB4"
"GNGT2","PLCG1"
"GNGT2","PLCG2"
"GNGT2","PREX1"
"GNGT2","PIK3R3"
"CCR10","GNAI1"
"CCR10","GNAI2"
"CCR10","GNAI3"
"CCR10","JAK2"
"CCR10","JAK3"
"XCR1","GNAI1"
"XCR1","GNAI2"
"XCR1","GNAI3"
"XCR1","JAK2"
"XCR1","JAK3"
"CXCR3","GNAI1"
"CXCR3","GNAI2"
"CXCR3","GNAI3"
"CXCR3","JAK2"
"CXCR3","JAK3"
"CXCL1","CXCR6"
"CXCL1","CCR9"
"CXCL1","CCR1"
"CXCL1","CCR3"
"CXCL1","CCR4"
"CXCL1","CCR5"
"CXCL1","CCR6"
"CXCL1","CCR7"
"CXCL1","CCR8"
"CXCL1","CX3CR1"
"CXCL1","CCR10"
"CXCL1","XCR1"
"CXCL1","CXCR3"
"CXCL1","CXCR5"
"CXCL1","CCR2"
"CXCL1","CXCR4"
"CXCL2","CXCR6"
"CXCL2","CCR9"
"CXCL2","CCR1"
"CXCL2","CCR3"
"CXCL2","CCR4"
"CXCL2","CCR5"
"CXCL2","CCR6"
"CXCL2","CCR7"
"CXCL2","CCR8"
"CXCL2","CX3CR1"
"CXCL2","CCR10"
"CXCL2","XCR1"
"CXCL2","CXCR3"
"CXCL2","CXCR5"
"CXCL2","CCR2"
"CXCL2","CXCR4"
"CXCL3","CXCR6"
"CXCL3","CCR9"
"CXCL3","CCR1"
"CXCL3","CCR3"
"CXCL3","CCR4"
"CXCL3","CCR5"
"CXCL3","CCR6"
"CXCL3","CCR7"
"CXCL3","CCR8"
"CXCL3","CX3CR1"
"CXCL3","CCR10"
"CXCL3","XCR1"
"CXCL3","CXCR3"
"CXCL3","CXCR5"
"CXCL3","CCR2"
"CXCL3","CXCR4"
"HCK","DOCK2"
"HCK","PTK2B"
"HCK","SHC2"
"HCK","ITK"
"HCK","SHC4"
"HCK","PIK3CA"
"HCK","PIK3CB"
"HCK","PIK3CD"
"HCK","PIK3R1"
"HCK","PIK3R2"
"HCK","SHC3"
"HCK","PTK2"
"HCK","SHC1"
"HCK","PIK3R3"
"HCK","ELMO1"
"CXCL8","CXCR6"
"CXCL8","CCR9"
"CXCL8","CCR1"
"CXCL8","CCR3"
"CXCL8","CCR4"
"CXCL8","CCR5"
"CXCL8","CCR6"
"CXCL8","CCR7"
"CXCL8","CCR8"
"CXCL8","CX3CR1"
"CXCL8","CCR10"
"CXCL8","XCR1"
"CXCL8","CXCR3"
"CXCL8","CXCR5"
"CXCL8","CCR2"
"CXCL8","CXCR4"
"CXCR1","GNAI1"
"CXCR1","GNAI2"
"CXCR1","GNAI3"
"CXCR1","JAK2"
"CXCR1","JAK3"
"CXCR2","GNAI1"
"CXCR2","GNAI2"
"CXCR2","GNAI3"
"CXCR2","JAK2"
"CXCR2","JAK3"
"CXCL10","CXCR6"
"CXCL10","CCR9"
"CXCL10","CCR1"
"CXCL10","CCR3"
"CXCL10","CCR4"
"CXCL10","CCR5"
"CXCL10","CCR6"
"CXCL10","CCR7"
"CXCL10","CCR8"
"CXCL10","CX3CR1"
"CXCL10","CCR10"
"CXCL10","XCR1"
"CXCL10","CXCR1"
"CXCL10","CXCR2"
"CXCL10","CXCR5"
"CXCL10","CCR2"
"CXCL10","CXCR4"
"ITK","VAV3"
"ITK","VAV1"
"ITK","VAV2"
"JAK2","STAT1"
"JAK2","STAT2"
"JAK2","STAT5B"
"JAK3","STAT1"
"JAK3","STAT2"
"JAK3","STAT3"
"JAK3","STAT5B"
"CCL4L1","CXCR6"
"CCL4L1","CCR9"
"CCL4L1","CCR1"
"CCL4L1","CCR3"
"CCL4L1","CCR4"
"CCL4L1","CCR6"
"CCL4L1","CCR7"
"CCL4L1","CCR8"
"CCL4L1","CX3CR1"
"CCL4L1","CCR10"
"CCL4L1","XCR1"
"CCL4L1","CXCR3"
"CCL4L1","CXCR1"
"CCL4L1","CXCR2"
"CCL4L1","CXCR5"
"CCL4L1","CCR2"
"CCL4L1","CXCR4"
"LYN","DOCK2"
"LYN","PTK2B"
"LYN","SHC2"
"LYN","ITK"
"LYN","SHC4"
"LYN","PIK3CA"
"LYN","PIK3CB"
"LYN","PIK3CD"
"LYN","PIK3R1"
"LYN","PIK3R2"
"LYN","SHC3"
"LYN","PTK2"
"LYN","SHC1"
"LYN","PIK3R3"
"LYN","ELMO1"
"CCL3L3","CXCR6"
"CCL3L3","CCR9"
"CCL3L3","CCR3"
"CCL3L3","CCR4"
"CCL3L3","CCR6"
"CCL3L3","CCR7"
"CCL3L3","CCR8"
"CCL3L3","CX3CR1"
"CCL3L3","CCR10"
"CCL3L3","XCR1"
"CCL3L3","CXCR3"
"CCL3L3","CXCR1"
"CCL3L3","CXCR2"
"CCL3L3","CXCR5"
"CCL3L3","CCR2"
"CCL3L3","CXCR4"
"CXCL9","CXCR6"
"CXCL9","CCR9"
"CXCL9","CCR1"
"CXCL9","CCR3"
"CXCL9","CCR4"
"CXCL9","CCR5"
"CXCL9","CCR6"
"CXCL9","CCR7"
"CXCL9","CCR8"
"CXCL9","CX3CR1"
"CXCL9","CCR10"
"CXCL9","XCR1"
"CXCL9","CXCR1"
"CXCL9","CXCR2"
"CXCL9","CXCR5"
"CXCL9","CCR2"
"CXCL9","CXCR4"
"GNG13","PLCB1"
"GNG13","PIK3CA"
"GNG13","PIK3CB"
"GNG13","PIK3CD"
"GNG13","PIK3R1"
"GNG13","PIK3R2"
"GNG13","PLCB2"
"GNG13","PLCB3"
"GNG13","PLCB4"
"GNG13","PLCG1"
"GNG13","PLCG2"
"GNG13","PREX1"
"GNG13","PIK3R3"
"PF4","CXCR6"
"PF4","CCR9"
"PF4","CCR1"
"PF4","CCR3"
"PF4","CCR4"
"PF4","CCR5"
"PF4","CCR6"
"PF4","CCR7"
"PF4","CCR8"
"PF4","CX3CR1"
"PF4","CCR10"
"PF4","XCR1"
"PF4","CXCR1"
"PF4","CXCR2"
"PF4","CXCR5"
"PF4","CCR2"
"PF4","CXCR4"
"PF4V1","CXCR6"
"PF4V1","CCR9"
"PF4V1","CCR1"
"PF4V1","CCR3"
"PF4V1","CCR4"
"PF4V1","CCR5"
"PF4V1","CCR6"
"PF4V1","CCR7"
"PF4V1","CCR8"
"PF4V1","CX3CR1"
"PF4V1","CCR10"
"PF4V1","XCR1"
"PF4V1","CXCR1"
"PF4V1","CXCR2"
"PF4V1","CXCR5"
"PF4V1","CCR2"
"PF4V1","CXCR4"
"PIK3CA","HRAS"
"PIK3CA","ITK"
"PIK3CA","KRAS"
"PIK3CA","NRAS"
"PIK3CA","PRKCZ"
"PIK3CA","PTK2"
"PIK3CA","PREX1"
"PIK3CB","HRAS"
"PIK3CB","ITK"
"PIK3CB","KRAS"
"PIK3CB","NRAS"
"PIK3CB","PRKCZ"
"PIK3CB","PTK2"
"PIK3CB","PREX1"
"PIK3CD","HRAS"
"PIK3CD","ITK"
"PIK3CD","KRAS"
"PIK3CD","NRAS"
"PIK3CD","PRKCZ"
"PIK3CD","PTK2"
"PIK3CD","PREX1"
"PIK3R1","HRAS"
"PIK3R1","ITK"
"PIK3R1","KRAS"
"PIK3R1","NRAS"
"PIK3R1","PRKCZ"
"PIK3R1","PTK2"
"PIK3R1","PREX1"
"PIK3R2","HRAS"
"PIK3R2","ITK"
"PIK3R2","KRAS"
"PIK3R2","NRAS"
"PIK3R2","PRKCZ"
"PIK3R2","PTK2"
"PIK3R2","PREX1"
"PLCB2","PRKCB"
"PLCB2","PRKCD"
"PLCB3","PRKCB"
"PLCB3","PRKCD"
"PLCB4","PRKCB"
"PLCB4","PRKCD"
"PLCG1","PRKCB"
"PLCG1","PRKCD"
"PLCG2","PRKCB"
"PLCG2","PRKCD"
"GNG2","PLCB1"
"GNG2","PIK3CA"
"GNG2","PIK3CB"
"GNG2","PIK3CD"
"GNG2","PIK3R1"
"GNG2","PIK3R2"
"GNG2","PLCB2"
"GNG2","PLCB3"
"GNG2","PLCB4"
"GNG2","PLCG1"
"GNG2","PLCG2"
"GNG2","PREX1"
"GNG2","PIK3R3"
"PPBP","CXCR6"
"PPBP","CCR9"
"PPBP","CCR1"
"PPBP","CCR3"
"PPBP","CCR4"
"PPBP","CCR5"
"PPBP","CCR6"
"PPBP","CCR7"
"PPBP","CCR8"
"PPBP","CX3CR1"
"PPBP","CCR10"
"PPBP","XCR1"
"PPBP","CXCR3"
"PPBP","CXCR1"
"PPBP","CXCR5"
"PPBP","CCR2"
"PPBP","CXCR4"
"PRKCB","PTK2B"
"PRKCB","NCF1"
"PRKCD","PTK2B"
"PRKCD","NCF1"
"PRKCZ","MAPK1"
"PRKCZ","MAPK3"
"GNG12","PLCB1"
"GNG12","PIK3CA"
"GNG12","PIK3CB"
"GNG12","PIK3CD"
"GNG12","PIK3R1"
"GNG12","PIK3R2"
"GNG12","PLCB2"
"GNG12","PLCB3"
"GNG12","PLCB4"
"GNG12","PLCG1"
"GNG12","PLCG2"
"GNG12","PREX1"
"GNG12","PIK3R3"
"CCL28","CXCR6"
"CCL28","CCR9"
"CCL28","CCR1"
"CCL28","CCR4"
"CCL28","CCR5"
"CCL28","CCR6"
"CCL28","CCR7"
"CCL28","CCR8"
"CCL28","CX3CR1"
"CCL28","XCR1"
"CCL28","CXCR3"
"CCL28","CXCR1"
"CCL28","CXCR2"
"CCL28","CXCR5"
"CCL28","CCR2"
"CCL28","CXCR4"
"PTK2","PXN"
"PREX1","RAC1"
"PREX1","RAC2"
"PREX1","RAC3"
"CXCL16","CCR9"
"CXCL16","CCR1"
"CXCL16","CCR3"
"CXCL16","CCR4"
"CXCL16","CCR5"
"CXCL16","CCR6"
"CXCL16","CCR7"
"CXCL16","CCR8"
"CXCL16","CX3CR1"
"CXCL16","CCR10"
"CXCL16","XCR1"
"CXCL16","CXCR3"
"CXCL16","CXCR1"
"CXCL16","CXCR2"
"CXCL16","CXCR5"
"CXCL16","CCR2"
"CXCL16","CXCR4"
"RAP1A","CDC42"
"RAP1B","CDC42"
"GNB4","PLCB1"
"GNB4","PIK3CA"
"GNB4","PIK3CB"
"GNB4","PIK3CD"
"GNB4","PIK3R1"
"GNB4","PIK3R2"
"GNB4","PLCB2"
"GNB4","PLCB3"
"GNB4","PLCB4"
"GNB4","PLCG1"
"GNB4","PLCG2"
"GNB4","PREX1"
"GNB4","PIK3R3"
"CCL1","CXCR6"
"CCL1","CCR9"
"CCL1","CCR1"
"CCL1","CCR3"
"CCL1","CCR4"
"CCL1","CCR5"
"CCL1","CCR6"
"CCL1","CCR7"
"CCL1","CX3CR1"
"CCL1","CCR10"
"CCL1","XCR1"
"CCL1","CXCR3"
"CCL1","CXCR1"
"CCL1","CXCR2"
"CCL1","CXCR5"
"CCL1","CCR2"
"CCL1","CXCR4"
"CCL2","CXCR6"
"CCL2","CCR9"
"CCL2","CCR1"
"CCL2","CCR3"
"CCL2","CCR4"
"CCL2","CCR5"
"CCL2","CCR6"
"CCL2","CCR7"
"CCL2","CCR8"
"CCL2","CX3CR1"
"CCL2","CCR10"
"CCL2","XCR1"
"CCL2","CXCR3"
"CCL2","CXCR1"
"CCL2","CXCR2"
"CCL2","CXCR5"
"CCL2","CXCR4"
"CCL3","CXCR6"
"CCL3","CCR9"
"CCL3","CCR3"
"CCL3","CCR4"
"CCL3","CCR6"
"CCL3","CCR7"
"CCL3","CCR8"
"CCL3","CX3CR1"
"CCL3","CCR10"
"CCL3","XCR1"
"CCL3","CXCR3"
"CCL3","CXCR1"
"CCL3","CXCR2"
"CCL3","CXCR5"
"CCL3","CCR2"
"CCL3","CXCR4"
"CCL3L1","CXCR6"
"CCL3L1","CCR9"
"CCL3L1","CCR3"
"CCL3L1","CCR4"
"CCL3L1","CCR6"
"CCL3L1","CCR7"
"CCL3L1","CCR8"
"CCL3L1","CX3CR1"
"CCL3L1","CCR10"
"CCL3L1","XCR1"
"CCL3L1","CXCR3"
"CCL3L1","CXCR1"
"CCL3L1","CXCR2"
"CCL3L1","CXCR5"
"CCL3L1","CCR2"
"CCL3L1","CXCR4"
"CCL4","CXCR6"
"CCL4","CCR9"
"CCL4","CCR1"
"CCL4","CCR3"
"CCL4","CCR4"
"CCL4","CCR6"
"CCL4","CCR7"
"CCL4","CCR8"
"CCL4","CX3CR1"
"CCL4","CCR10"
"CCL4","XCR1"
"CCL4","CXCR3"
"CCL4","CXCR1"
"CCL4","CXCR2"
"CCL4","CXCR5"
"CCL4","CCR2"
"CCL4","CXCR4"
"CCL5","CXCR6"
"CCL5","CCR9"
"CCL5","CCR6"
"CCL5","CCR7"
"CCL5","CCR8"
"CCL5","CX3CR1"
"CCL5","CCR10"
"CCL5","XCR1"
"CCL5","CXCR3"
"CCL5","CXCR1"
"CCL5","CXCR2"
"CCL5","CXCR5"
"CCL5","CCR2"
"CCL5","CXCR4"
"CCL7","CXCR6"
"CCL7","CCR9"
"CCL7","CCR4"
"CCL7","CCR5"
"CCL7","CCR6"
"CCL7","CCR7"
"CCL7","CCR8"
"CCL7","CX3CR1"
"CCL7","CCR10"
"CCL7","XCR1"
"CCL7","CXCR3"
"CCL7","CXCR1"
"CCL7","CXCR2"
"CCL7","CXCR5"
"CCL7","CXCR4"
"CCL8","CXCR6"
"CCL8","CCR9"
"CCL8","CCR3"
"CCL8","CCR4"
"CCL8","CCR6"
"CCL8","CCR7"
"CCL8","CCR8"
"CCL8","CX3CR1"
"CCL8","CCR10"
"CCL8","XCR1"
"CCL8","CXCR3"
"CCL8","CXCR1"
"CCL8","CXCR2"
"CCL8","CXCR5"
"CCL8","CXCR4"
"CCL11","CXCR6"
"CCL11","CCR9"
"CCL11","CCR1"
"CCL11","CCR4"
"CCL11","CCR5"
"CCL11","CCR6"
"CCL11","CCR7"
"CCL11","CCR8"
"CCL11","CX3CR1"
"CCL11","CCR10"
"CCL11","XCR1"
"CCL11","CXCR3"
"CCL11","CXCR1"
"CCL11","CXCR2"
"CCL11","CXCR5"
"CCL11","CCR2"
"CCL11","CXCR4"
"CCL13","CXCR6"
"CCL13","CCR9"
"CCL13","CCR4"
"CCL13","CCR5"
"CCL13","CCR6"
"CCL13","CCR7"
"CCL13","CCR8"
"CCL13","CX3CR1"
"CCL13","CCR10"
"CCL13","XCR1"
"CCL13","CXCR3"
"CCL13","CXCR1"
"CCL13","CXCR2"
"CCL13","CXCR5"
"CCL13","CXCR4"
"CCL14","CXCR6"
"CCL14","CCR9"
"CCL14","CCR3"
"CCL14","CCR4"
"CCL14","CCR5"
"CCL14","CCR6"
"CCL14","CCR7"
"CCL14","CCR8"
"CCL14","CX3CR1"
"CCL14","CCR10"
"CCL14","XCR1"
"CCL14","CXCR3"
"CCL14","CXCR1"
"CCL14","CXCR2"
"CCL14","CXCR5"
"CCL14","CCR2"
"CCL14","CXCR4"
"CCL15","CXCR6"
"CCL15","CCR9"
"CCL15","CCR4"
"CCL15","CCR5"
"CCL15","CCR6"
"CCL15","CCR7"
"CCL15","CCR8"
"CCL15","CX3CR1"
"CCL15","CCR10"
"CCL15","XCR1"
"CCL15","CXCR3"
"CCL15","CXCR1"
"CCL15","CXCR2"
"CCL15","CXCR5"
"CCL15","CCR2"
"CCL15","CXCR4"
"CCL16","CXCR6"
"CCL16","CCR9"
"CCL16","CCR3"
"CCL16","CCR4"
"CCL16","CCR5"
"CCL16","CCR6"
"CCL16","CCR7"
"CCL16","CCR8"
"CCL16","CX3CR1"
"CCL16","CCR10"
"CCL16","XCR1"
"CCL16","CXCR3"
"CCL16","CXCR1"
"CCL16","CXCR2"
"CCL16","CXCR5"
"CCL16","CCR2"
"CCL16","CXCR4"
"CCL17","CXCR6"
"CCL17","CCR9"
"CCL17","CCR1"
"CCL17","CCR3"
"CCL17","CCR5"
"CCL17","CCR6"
"CCL17","CCR7"
"CCL17","CCR8"
"CCL17","CX3CR1"
"CCL17","CCR10"
"CCL17","XCR1"
"CCL17","CXCR3"
"CCL17","CXCR1"
"CCL17","CXCR2"
"CCL17","CXCR5"
"CCL17","CCR2"
"CCL17","CXCR4"
"CCL18","CXCR6"
"CCL18","CCR9"
"CCL18","CCR1"
"CCL18","CCR3"
"CCL18","CCR4"
"CCL18","CCR5"
"CCL18","CCR6"
"CCL18","CCR7"
"CCL18","CCR8"
"CCL18","CX3CR1"
"CCL18","CCR10"
"CCL18","XCR1"
"CCL18","CXCR3"
"CCL18","CXCR1"
"CCL18","CXCR2"
"CCL18","CXCR5"
"CCL18","CCR2"
"CCL18","CXCR4"
"CCL19","CXCR6"
"CCL19","CCR9"
"CCL19","CCR1"
"CCL19","CCR3"
"CCL19","CCR4"
"CCL19","CCR5"
"CCL19","CCR6"
"CCL19","CCR8"
"CCL19","CX3CR1"
"CCL19","CCR10"
"CCL19","XCR1"
"CCL19","CXCR3"
"CCL19","CXCR1"
"CCL19","CXCR2"
"CCL19","CXCR5"
"CCL19","CCR2"
"CCL19","CXCR4"
"CCL20","CXCR6"
"CCL20","CCR9"
"CCL20","CCR1"
"CCL20","CCR3"
"CCL20","CCR4"
"CCL20","CCR5"
"CCL20","CCR7"
"CCL20","CCR8"
"CCL20","CX3CR1"
"CCL20","CCR10"
"CCL20","XCR1"
"CCL20","CXCR3"
"CCL20","CXCR1"
"CCL20","CXCR2"
"CCL20","CXCR5"
"CCL20","CCR2"
"CCL20","CXCR4"
"CCL21","CXCR6"
"CCL21","CCR9"
"CCL21","CCR1"
"CCL21","CCR3"
"CCL21","CCR4"
"CCL21","CCR5"
"CCL21","CCR6"
"CCL21","CCR8"
"CCL21","CX3CR1"
"CCL21","CCR10"
"CCL21","XCR1"
"CCL21","CXCR3"
"CCL21","CXCR1"
"CCL21","CXCR2"
"CCL21","CXCR5"
"CCL21","CCR2"
"CCL21","CXCR4"
"CCL22","CXCR6"
"CCL22","CCR9"
"CCL22","CCR1"
"CCL22","CCR3"
"CCL22","CCR5"
"CCL22","CCR6"
"CCL22","CCR7"
"CCL22","CCR8"
"CCL22","CX3CR1"
"CCL22","CCR10"
"CCL22","XCR1"
"CCL22","CXCR3"
"CCL22","CXCR1"
"CCL22","CXCR2"
"CCL22","CXCR5"
"CCL22","CCR2"
"CCL22","CXCR4"
"CCL23","CXCR6"
"CCL23","CCR9"
"CCL23","CCR4"
"CCL23","CCR5"
"CCL23","CCR6"
"CCL23","CCR7"
"CCL23","CCR8"
"CCL23","CX3CR1"
"CCL23","CCR10"
"CCL23","XCR1"
"CCL23","CXCR3"
"CCL23","CXCR1"
"CCL23","CXCR2"
"CCL23","CXCR5"
"CCL23","CCR2"
"CCL23","CXCR4"
"CCL24","CXCR6"
"CCL24","CCR9"
"CCL24","CCR1"
"CCL24","CCR4"
"CCL24","CCR5"
"CCL24","CCR6"
"CCL24","CCR7"
"CCL24","CCR8"
"CCL24","CX3CR1"
"CCL24","CCR10"
"CCL24","XCR1"
"CCL24","CXCR3"
"CCL24","CXCR1"
"CCL24","CXCR2"
"CCL24","CXCR5"
"CCL24","CCR2"
"CCL24","CXCR4"
"CCL25","CXCR6"
"CCL25","CCR1"
"CCL25","CCR3"
"CCL25","CCR4"
"CCL25","CCR5"
"CCL25","CCR6"
"CCL25","CCR7"
"CCL25","CCR8"
"CCL25","CX3CR1"
"CCL25","CCR10"
"CCL25","XCR1"
"CCL25","CXCR3"
"CCL25","CXCR1"
"CCL25","CXCR2"
"CCL25","CXCR5"
"CCL25","CCR2"
"CCL25","CXCR4"
"CXCL6","CXCR6"
"CXCL6","CCR9"
"CXCL6","CCR1"
"CXCL6","CCR3"
"CXCL6","CCR4"
"CXCL6","CCR5"
"CXCL6","CCR6"
"CXCL6","CCR7"
"CXCL6","CCR8"
"CXCL6","CX3CR1"
"CXCL6","CCR10"
"CXCL6","XCR1"
"CXCL6","CXCR3"
"CXCL6","CXCR5"
"CXCL6","CCR2"
"CXCL6","CXCR4"
"CXCL11","CXCR6"
"CXCL11","CCR9"
"CXCL11","CCR1"
"CXCL11","CCR3"
"CXCL11","CCR4"
"CXCL11","CCR5"
"CXCL11","CCR6"
"CXCL11","CCR7"
"CXCL11","CCR8"
"CXCL11","CX3CR1"
"CXCL11","CCR10"
"CXCL11","XCR1"
"CXCL11","CXCR1"
"CXCL11","CXCR2"
"CXCL11","CXCR5"
"CXCL11","CCR2"
"CXCL11","CXCR4"
"CXCL5","CXCR6"
"CXCL5","CCR9"
"CXCL5","CCR1"
"CXCL5","CCR3"
"CXCL5","CCR4"
"CXCL5","CCR5"
"CXCL5","CCR6"
"CXCL5","CCR7"
"CXCL5","CCR8"
"CXCL5","CX3CR1"
"CXCL5","CCR10"
"CXCL5","XCR1"
"CXCL5","CXCR3"
"CXCL5","CXCR5"
"CXCL5","CCR2"
"CXCL5","CXCR4"
"XCL1","CXCR6"
"XCL1","CCR9"
"XCL1","CCR1"
"XCL1","CCR3"
"XCL1","CCR4"
"XCL1","CCR5"
"XCL1","CCR6"
"XCL1","CCR7"
"XCL1","CCR8"
"XCL1","CX3CR1"
"XCL1","CCR10"
"XCL1","CXCR3"
"XCL1","CXCR1"
"XCL1","CXCR2"
"XCL1","CXCR5"
"XCL1","CCR2"
"XCL1","CXCR4"
"CX3CL1","CXCR6"
"CX3CL1","CCR9"
"CX3CL1","CCR1"
"CX3CL1","CCR3"
"CX3CL1","CCR4"
"CX3CL1","CCR5"
"CX3CL1","CCR6"
"CX3CL1","CCR7"
"CX3CL1","CCR8"
"CX3CL1","CCR10"
"CX3CL1","XCR1"
"CX3CL1","CXCR3"
"CX3CL1","CXCR1"
"CX3CL1","CXCR2"
"CX3CL1","CXCR5"
"CX3CL1","CCR2"
"CX3CL1","CXCR4"
"CXCL12","CXCR6"
"CXCL12","CCR9"
"CXCL12","CCR1"
"CXCL12","CCR3"
"CXCL12","CCR4"
"CXCL12","CCR5"
"CXCL12","CCR6"
"CXCL12","CCR7"
"CXCL12","CCR8"
"CXCL12","CX3CR1"
"CXCL12","CCR10"
"CXCL12","XCR1"
"CXCL12","CXCR3"
"CXCL12","CXCR1"
"CXCL12","CXCR2"
"CXCL12","CXCR5"
"CXCL12","CCR2"
"CXCR5","GNAI1"
"CXCR5","GNAI2"
"CXCR5","GNAI3"
"CXCR5","JAK2"
"CXCR5","JAK3"
"SRC","DOCK2"
"SRC","PTK2B"
"SRC","SHC2"
"SRC","ITK"
"SRC","SHC4"
"SRC","PIK3CA"
"SRC","PIK3CB"
"SRC","PIK3CD"
"SRC","PIK3R1"
"SRC","PIK3R2"
"SRC","SHC3"
"SRC","SHC1"
"SRC","PIK3R3"
"SRC","ELMO1"
"XCL2","CXCR6"
"XCL2","CCR9"
"XCL2","CCR1"
"XCL2","CCR3"
"XCL2","CCR4"
"XCL2","CCR5"
"XCL2","CCR6"
"XCL2","CCR7"
"XCL2","CCR8"
"XCL2","CX3CR1"
"XCL2","CCR10"
"XCL2","CXCR3"
"XCL2","CXCR1"
"XCL2","CXCR2"
"XCL2","CXCR5"
"XCL2","CCR2"
"XCL2","CXCR4"
"CCR2","GNAI1"
"CCR2","GNAI2"
"CCR2","GNAI3"
"CCR2","JAK2"
"CCR2","JAK3"
"VAV1","RHOA"
"VAV1","CDC42"
"VAV2","RHOA"
"VAV2","CDC42"
"CXCR4","GNAI1"
"CXCR4","GNAI2"
"CXCR4","GNAI3"
"CXCR4","JAK2"
"CXCR4","JAK3"
"PIK3R3","HRAS"
"PIK3R3","ITK"
"PIK3R3","KRAS"
"PIK3R3","NRAS"
"PIK3R3","PRKCZ"
"PIK3R3","PTK2"
"PIK3R3","PREX1"
"GNG8","PLCB1"
"GNG8","PIK3CA"
"GNG8","PIK3CB"
"GNG8","PIK3CD"
"GNG8","PIK3R1"
"GNG8","PIK3R2"
"GNG8","PLCB2"
"GNG8","PLCB3"
"GNG8","PLCB4"
"GNG8","PLCG1"
"GNG8","PLCG2"
"GNG8","PREX1"
"GNG8","PIK3R3"
"CXCL14","CXCR6"
"CXCL14","CCR9"
"CXCL14","CCR1"
"CXCL14","CCR3"
"CXCL14","CCR4"
"CXCL14","CCR5"
"CXCL14","CCR6"
"CXCL14","CCR7"
"CXCL14","CCR8"
"CXCL14","CX3CR1"
"CXCL14","CCR10"
"CXCL14","XCR1"
"CXCL14","CXCR3"
"CXCL14","CXCR1"
"CXCL14","CXCR2"
"CXCL14","CXCR5"
"CXCL14","CCR2"
"CXCL14","CXCR4"
"CCL4L2","CXCR6"
"CCL4L2","CCR9"
"CCL4L2","CCR1"
"CCL4L2","CCR3"
"CCL4L2","CCR4"
"CCL4L2","CCR6"
"CCL4L2","CCR7"
"CCL4L2","CCR8"
"CCL4L2","CX3CR1"
"CCL4L2","CCR10"
"CCL4L2","XCR1"
"CCL4L2","CXCR3"
"CCL4L2","CXCR1"
"CCL4L2","CXCR2"
"CCL4L2","CXCR5"
"CCL4L2","CCR2"
"CCL4L2","CXCR4"
"ELMO1","RAC1"
"ELMO1","RAC2"
"ELMO1","RAC3"
"CDC42","TIAM1"
"CDC42","WAS"
"TIRAP","IRAK1"
"TIRAP","IRAK4"
"TIRAP","TRAF6"
"CHUK","NFKB2"
"CSNK2A1","NFKBIA"
"CSNK2A2","NFKBIA"
"CSNK2B","NFKBIA"
"TICAM1","TRAF6"
"TICAM1","RIPK1"
"CYLD","TRAF6"
"RIGI","TRAF2"
"RIGI","TRAF6"
"CSNK2A3","NFKBIA"
"BLNK","PLCG2"
"TICAM2","TRAF6"
"TICAM2","RIPK1"
"IKBKB","NFKBIA"
"IL1R1","IRAK1"
"IL1R1","IRAK4"
"IL1R1","TRAF6"
"IRAK1","TAB1"
"IRAK1","TAB2"
"IRAK1","TAB3"
"IRAK1","MAP3K7"
"MYD88","TAB1"
"MYD88","TAB2"
"MYD88","TAB3"
"MYD88","MAP3K7"
"MYD88","TRAF6"
"NFKB1","GADD45G"
"NFKB1","GADD45A"
"NFKB1","CXCL1"
"NFKB1","CXCL2"
"NFKB1","CXCL3"
"NFKB1","BIRC2"
"NFKB1","BIRC3"
"NFKB1","XIAP"
"NFKB1","CXCL8"
"NFKB1","CCL4L1"
"NFKB1","GADD45B"
"NFKB1","NFKB2"
"NFKB1","NFKBIA"
"NFKB1","PLAU"
"NFKB1","PTGS2"
"NFKB1","BCL2"
"NFKB1","BCL2A1"
"NFKB1","BCL2L1"
"NFKB1","CCL4"
"NFKB1","TNFAIP3"
"NFKB1","TRAF1"
"NFKB1","TRAF2"
"NFKB1","VCAM1"
"NFKB1","CFLAR"
"NFKB1","CCL4L2"
"NFKB2","TNFSF13B"
"NFKB2","ICAM1"
"NFKB2","CCL13"
"NFKB2","CCL19"
"NFKB2","CCL21"
"NFKB2","CXCL12"
"IRAK4","TAB1"
"IRAK4","TAB2"
"IRAK4","TAB3"
"IRAK4","MAP3K7"
"PRKCB","CARD10"
"PRKCB","CARD14"
"PRKCB","CARD11"
"PRKCQ","CARD10"
"PRKCQ","CARD14"
"PRKCQ","CARD11"
"RELA","GADD45G"
"RELA","GADD45A"
"RELA","CXCL1"
"RELA","CXCL2"
"RELA","CXCL3"
"RELA","BIRC2"
"RELA","BIRC3"
"RELA","XIAP"
"RELA","CXCL8"
"RELA","CCL4L1"
"RELA","GADD45B"
"RELA","NFKB2"
"RELA","NFKBIA"
"RELA","PLAU"
"RELA","PTGS2"
"RELA","BCL2"
"RELA","BCL2A1"
"RELA","BCL2L1"
"RELA","CCL4"
"RELA","TNFAIP3"
"RELA","TRAF1"
"RELA","TRAF2"
"RELA","VCAM1"
"RELA","CCL4L2"
"RELB","TNFSF13B"
"RELB","ICAM1"
"RELB","CCL13"
"RELB","CCL19"
"RELB","CCL21"
"RELB","CXCL12"
"SYK","BTK"
"MAP3K7","IKBKB"
"BTK","CHUK"
"BTK","IKBKB"
"BTK","PLCG2"
"BTK","IKBKG"
"TLR4","TIRAP"
"TLR4","TICAM1"
"TLR4","TICAM2"
"TLR4","MYD88"
"TNFRSF1A","TRAF2"
"TNFRSF1A","TRAF5"
"TNFRSF1A","TRADD"
"TNFRSF1A","RIPK1"
"TRAF2","TAB2"
"TRAF2","TAB3"
"TRAF2","MAP3K7"
"TRAF2","BTK"
"TRAF2","MAP3K14"
"TRAF3","TAB1"
"TRAF3","TAB2"
"TRAF3","TAB3"
"TRAF3","MAP3K7"
"TRAF3","BTK"
"TRAF3","MAP3K14"
"TRAF5","TAB1"
"TRAF5","TAB2"
"TRAF5","TAB3"
"TRAF5","MAP3K7"
"TRAF5","MAP3K14"
"TRAF6","TAB1"
"TRAF6","TAB2"
"TRAF6","TAB3"
"TRAF6","MAP3K7"
"TRAF6","MAP3K14"
"TRADD","TAB1"
"TRADD","TAB2"
"TRADD","TAB3"
"TRADD","MAP3K7"
"RIPK1","TAB1"
"RIPK1","TAB2"
"RIPK1","TAB3"
"RIPK1","MAP3K7"
"MAP3K14","TAB1"
"MAP3K14","CHUK"
"MAP3K14","TAB2"
"MAP3K14","TAB3"
"MAP3K14","MAP3K7"
"CD14","TLR4"
"EGLN2","HIF1A"
"EGLN3","HIF1A"
"CREBBP","CDKN1A"
"CREBBP","CDKN1B"
"CREBBP","LDHAL6A"
"CREBBP","EDN1"
"CREBBP","EGF"
"CREBBP","ENO1"
"CREBBP","ENO2"
"CREBBP","ENO3"
"CREBBP","EPO"
"CREBBP","ALDOA"
"CREBBP","ALDOB"
"CREBBP","ALDOC"
"CREBBP","FLT1"
"CREBBP","GAPDH"
"CREBBP","ANGPT1"
"CREBBP","ANGPT2"
"CREBBP","HK1"
"CREBBP","HK2"
"CREBBP","HK3"
"CREBBP","HMOX1"
"CREBBP","ENO4"
"CREBBP","LDHA"
"CREBBP","LDHB"
"CREBBP","LDHC"
"CREBBP","LTBR"
"CREBBP","NOS2"
"CREBBP","NOS3"
"CREBBP","NPPA"
"CREBBP","SERPINE1"
"CREBBP","ANGPT4"
"CREBBP","PDK1"
"CREBBP","PFKFB3"
"CREBBP","PFKL"
"CREBBP","PFKM"
"CREBBP","PFKP"
"CREBBP","PGK1"
"CREBBP","PGK2"
"CREBBP","BCL2"
"CREBBP","SLC2A1"
"CREBBP","TEK"
"CREBBP","TF"
"CREBBP","TFRC"
"CREBBP","TIMP1"
"CREBBP","VEGFA"
"CREBBP","HKDC1"
"CREBBP","LDHAL6B"
"EGFR","MAP2K1"
"EGFR","MAP2K2"
"EP300","CDKN1A"
"EP300","CDKN1B"
"EP300","LDHAL6A"
"EP300","EDN1"
"EP300","EGF"
"EP300","ENO1"
"EP300","ENO2"
"EP300","ENO3"
"EP300","EPO"
"EP300","ALDOA"
"EP300","ALDOB"
"EP300","ALDOC"
"EP300","FLT1"
"EP300","GAPDH"
"EP300","ANGPT1"
"EP300","ANGPT2"
"EP300","HK1"
"EP300","HK2"
"EP300","HK3"
"EP300","HMOX1"
"EP300","ENO4"
"EP300","LDHA"
"EP300","LDHB"
"EP300","LDHC"
"EP300","LTBR"
"EP300","NOS2"
"EP300","NOS3"
"EP300","NPPA"
"EP300","SERPINE1"
"EP300","ANGPT4"
"EP300","PDK1"
"EP300","PFKFB3"
"EP300","PFKL"
"EP300","PFKM"
"EP300","PFKP"
"EP300","PGK1"
"EP300","PGK2"
"EP300","BCL2"
"EP300","SLC2A1"
"EP300","TEK"
"EP300","TF"
"EP300","TFRC"
"EP300","TIMP1"
"EP300","VEGFA"
"EP300","HKDC1"
"EP300","LDHAL6B"
"ERBB2","MAP2K1"
"ERBB2","MAP2K2"
"MKNK2","EIF4E"
"MKNK2","EIF4E1B"
"MKNK2","EIF4E2"
"HIF1A","CDKN1A"
"HIF1A","CDKN1B"
"HIF1A","LDHAL6A"
"HIF1A","EDN1"
"HIF1A","EGF"
"HIF1A","ENO1"
"HIF1A","ENO2"
"HIF1A","ENO3"
"HIF1A","EPO"
"HIF1A","ALDOA"
"HIF1A","ALDOB"
"HIF1A","ALDOC"
"HIF1A","FLT1"
"HIF1A","GAPDH"
"HIF1A","ANGPT1"
"HIF1A","ANGPT2"
"HIF1A","HK1"
"HIF1A","HK2"
"HIF1A","HK3"
"HIF1A","HMOX1"
"HIF1A","ENO4"
"HIF1A","LDHA"
"HIF1A","LDHB"
"HIF1A","LDHC"
"HIF1A","LTBR"
"HIF1A","NOS2"
"HIF1A","NOS3"
"HIF1A","NPPA"
"HIF1A","SERPINE1"
"HIF1A","ANGPT4"
"HIF1A","PDK1"
"HIF1A","PFKFB3"
"HIF1A","PFKL"
"HIF1A","PFKM"
"HIF1A","PFKP"
"HIF1A","PGK1"
"HIF1A","PGK2"
"HIF1A","BCL2"
"HIF1A","SLC2A1"
"HIF1A","TEK"
"HIF1A","TF"
"HIF1A","TFRC"
"HIF1A","TIMP1"
"HIF1A","VEGFA"
"HIF1A","HKDC1"
"HIF1A","LDHAL6B"
"IFNGR1","NFKB1"
"IFNGR1","RELA"
"IFNGR2","NFKB1"
"IFNGR2","RELA"
"IGF1R","MAP2K1"
"IGF1R","MAP2K2"
"IL6R","STAT3"
"INSR","PIK3CA"
"INSR","PIK3CB"
"INSR","PIK3CD"
"INSR","PIK3R1"
"INSR","PIK3R2"
"INSR","MAP2K1"
"INSR","MAP2K2"
"INSR","PIK3R3"
"ARNT","CDKN1A"
"ARNT","CDKN1B"
"ARNT","LDHAL6A"
"ARNT","EDN1"
"ARNT","EGF"
"ARNT","ENO1"
"ARNT","ENO2"
"ARNT","ENO3"
"ARNT","EPO"
"ARNT","ALDOA"
"ARNT","ALDOB"
"ARNT","ALDOC"
"ARNT","FLT1"
"ARNT","GAPDH"
"ARNT","ANGPT1"
"ARNT","ANGPT2"
"ARNT","HK1"
"ARNT","HK2"
"ARNT","HK3"
"ARNT","HMOX1"
"ARNT","ENO4"
"ARNT","LDHA"
"ARNT","LDHB"
"ARNT","LDHC"
"ARNT","LTBR"
"ARNT","NOS2"
"ARNT","NOS3"
"ARNT","NPPA"
"ARNT","SERPINE1"
"ARNT","ANGPT4"
"ARNT","PDK1"
"ARNT","PFKFB3"
"ARNT","PFKL"
"ARNT","PFKM"
"ARNT","PFKP"
"ARNT","PGK1"
"ARNT","PGK2"
"ARNT","BCL2"
"ARNT","SLC2A1"
"ARNT","TEK"
"ARNT","TF"
"ARNT","TFRC"
"ARNT","TIMP1"
"ARNT","VEGFA"
"ARNT","HKDC1"
"ARNT","LDHAL6B"
"NFKB1","HIF1A"
"PDK1","PDHA1"
"PDK1","PDHA2"
"PDK1","PDHB"
"EGLN1","HIF1A"
"PRKCA","EGLN2"
"PRKCA","EGLN3"
"PRKCA","MTOR"
"PRKCA","EGLN1"
"PRKCB","EGLN2"
"PRKCB","EGLN3"
"PRKCB","MTOR"
"PRKCB","EGLN1"
"PRKCG","EGLN2"
"PRKCG","EGLN3"
"PRKCG","MTOR"
"PRKCG","EGLN1"
"MAPK1","EIF4EBP1"
"MAPK1","MKNK2"
"MAPK1","MKNK1"
"MAPK3","EIF4EBP1"
"MAPK3","MKNK2"
"MAPK3","MKNK1"
"RELA","HIF1A"
"STAT3","HIF1A"
"ELOC","HIF1A"
"ELOB","HIF1A"
"TLR4","NFKB1"
"TLR4","RELA"
"VHL","HIF1A"
"CAMK2A","CREBBP"
"CAMK2A","EP300"
"CAMK2B","CREBBP"
"CAMK2B","EP300"
"CAMK2D","CREBBP"
"CAMK2D","EP300"
"CAMK2G","CREBBP"
"CAMK2G","EP300"
"MKNK1","EIF4E"
"MKNK1","EIF4E1B"
"MKNK1","EIF4E2"
"RBX1","HIF1A"
"AKT3","FOXO6"
"AKT3","FOXO1"
"FOXO6","BCL2L11"
"FOXO6","CDKN1A"
"FOXO6","CDKN1B"
"FOXO6","CDKN2B"
"FOXO6","CDKN2D"
"FOXO6","KLF2"
"FOXO6","PLK4"
"FOXO6","PLK2"
"FOXO6","GADD45G"
"FOXO6","GABARAP"
"FOXO6","GABARAPL2"
"FOXO6","FBXO32"
"FOXO6","PLK3"
"FOXO6","GADD45A"
"FOXO6","S1PR1"
"FOXO6","GABARAPL1"
"FOXO6","G6PC1"
"FOXO6","FBXO25"
"FOXO6","FASLG"
"FOXO6","IL7R"
"FOXO6","GADD45B"
"FOXO6","ATM"
"FOXO6","PCK1"
"FOXO6","PCK2"
"FOXO6","PLK1"
"FOXO6","G6PC2"
"FOXO6","RAG1"
"FOXO6","RAG2"
"FOXO6","RBL2"
"FOXO6","CCND1"
"FOXO6","BCL6"
"FOXO6","BNIP3"
"FOXO6","SOD2"
"FOXO6","CAT"
"FOXO6","CCNB3"
"FOXO6","S1PR4"
"FOXO6","TNFSF10"
"FOXO6","CCNB1"
"FOXO6","CCND2"
"FOXO6","CCNG2"
"FOXO6","CCNB2"
"FOXO6","ATG12"
"FOXO6","G6PC3"
"C8orf44-SGK3","FOXO6"
"C8orf44-SGK3","FOXO1"
"C8orf44-SGK3","FOXO3"
"C8orf44-SGK3","FOXO4"
"SGK2","FOXO6"
"SGK2","FOXO1"
"SGK2","FOXO3"
"SGK2","FOXO4"
"CDK2","FOXO6"
"CDK2","FOXO1"
"CDK2","FOXO3"
"CDK2","FOXO4"
"TPTEP2-CSNK1E","FOXO6"
"TPTEP2-CSNK1E","FOXO1"
"TPTEP2-CSNK1E","FOXO3"
"TPTEP2-CSNK1E","FOXO4"
"CHUK","FOXO6"
"CHUK","FOXO1"
"CHUK","FOXO3"
"CHUK","FOXO4"
"CHUK","PTEN"
"AGAP2","PIK3CA"
"AGAP2","PIK3CB"
"AGAP2","PIK3CD"
"AGAP2","PIK3R1"
"AGAP2","PIK3R2"
"AGAP2","PIK3R3"
"MAPK14","FOXO6"
"MAPK14","FOXO1"
"MAPK14","FOXO3"
"MAPK14","FOXO4"
"CSNK1E","FOXO6"
"CSNK1E","FOXO1"
"CSNK1E","FOXO3"
"CSNK1E","FOXO4"
"AKT1","FOXO6"
"AKT1","FOXO1"
"AKT2","FOXO6"
"AKT2","FOXO1"
"FOXO1","BCL2L11"
"FOXO1","CDKN1A"
"FOXO1","CDKN1B"
"FOXO1","CDKN2B"
"FOXO1","CDKN2D"
"FOXO1","KLF2"
"FOXO1","PLK4"
"FOXO1","PLK2"
"FOXO1","GADD45G"
"FOXO1","GABARAP"
"FOXO1","GABARAPL2"
"FOXO1","FBXO32"
"FOXO1","PLK3"
"FOXO1","GADD45A"
"FOXO1","S1PR1"
"FOXO1","GABARAPL1"
"FOXO1","G6PC1"
"FOXO1","FBXO25"
"FOXO1","FASLG"
"FOXO1","IL7R"
"FOXO1","GADD45B"
"FOXO1","ATM"
"FOXO1","PCK1"
"FOXO1","PCK2"
"FOXO1","PLK1"
"FOXO1","G6PC2"
"FOXO1","RAG1"
"FOXO1","RAG2"
"FOXO1","RBL2"
"FOXO1","CCND1"
"FOXO1","BCL6"
"FOXO1","BNIP3"
"FOXO1","SOD2"
"FOXO1","CAT"
"FOXO1","CCNB3"
"FOXO1","S1PR4"
"FOXO1","TNFSF10"
"FOXO1","CCNB1"
"FOXO1","CCND2"
"FOXO1","CCNG2"
"FOXO1","CCNB2"
"FOXO1","ATG12"
"FOXO1","G6PC3"
"FOXO3","CDKN1A"
"FOXO3","CDKN1B"
"FOXO3","CDKN2B"
"FOXO3","CDKN2D"
"FOXO3","KLF2"
"FOXO3","PLK4"
"FOXO3","PLK2"
"FOXO3","GADD45G"
"FOXO3","GABARAP"
"FOXO3","GABARAPL2"
"FOXO3","FBXO32"
"FOXO3","PLK3"
"FOXO3","GADD45A"
"FOXO3","S1PR1"
"FOXO3","GABARAPL1"
"FOXO3","G6PC1"
"FOXO3","FBXO25"
"FOXO3","FASLG"
"FOXO3","IL7R"
"FOXO3","GADD45B"
"FOXO3","ATM"
"FOXO3","PCK1"
"FOXO3","PCK2"
"FOXO3","PLK1"
"FOXO3","G6PC2"
"FOXO3","RAG1"
"FOXO3","RAG2"
"FOXO3","RBL2"
"FOXO3","CCND1"
"FOXO3","BCL6"
"FOXO3","BNIP3"
"FOXO3","SOD2"
"FOXO3","CAT"
"FOXO3","CCNB3"
"FOXO3","S1PR4"
"FOXO3","TNFSF10"
"FOXO3","CCNB1"
"FOXO3","CCND2"
"FOXO3","CCNG2"
"FOXO3","CCNB2"
"FOXO3","ATG12"
"FOXO3","G6PC3"
"SGK3","FOXO6"
"SGK3","FOXO1"
"SGK3","FOXO3"
"SGK3","FOXO4"
"PRMT1","FOXO6"
"PRMT1","FOXO1"
"PRMT1","FOXO3"
"PRMT1","FOXO4"
"IGF1R","IRS1"
"IGF1R","IRS4"
"IGF1R","IRS2"
"IKBKB","FOXO6"
"IKBKB","FOXO1"
"IKBKB","FOXO3"
"IKBKB","FOXO4"
"IKBKB","PTEN"
"IL6","STAT3"
"IL10","STAT3"
"IRS1","PIK3CA"
"IRS1","PIK3CB"
"IRS1","PIK3CD"
"IRS1","PIK3R1"
"IRS1","PIK3R2"
"IRS1","PIK3R3"
"SMAD4","SMAD3"
"FOXO4","BCL2L11"
"FOXO4","CDKN1A"
"FOXO4","CDKN1B"
"FOXO4","CDKN2B"
"FOXO4","CDKN2D"
"FOXO4","KLF2"
"FOXO4","PLK4"
"FOXO4","PLK2"
"FOXO4","GADD45G"
"FOXO4","GABARAP"
"FOXO4","GABARAPL2"
"FOXO4","FBXO32"
"FOXO4","PLK3"
"FOXO4","GADD45A"
"FOXO4","S1PR1"
"FOXO4","GABARAPL1"
"FOXO4","G6PC1"
"FOXO4","FBXO25"
"FOXO4","IL7R"
"FOXO4","GADD45B"
"FOXO4","ATM"
"FOXO4","PCK1"
"FOXO4","PCK2"
"FOXO4","PLK1"
"FOXO4","G6PC2"
"FOXO4","RAG1"
"FOXO4","RAG2"
"FOXO4","RBL2"
"FOXO4","CCND1"
"FOXO4","BCL6"
"FOXO4","BNIP3"
"FOXO4","SOD2"
"FOXO4","CAT"
"FOXO4","CCNB3"
"FOXO4","S1PR4"
"FOXO4","TNFSF10"
"FOXO4","CCNB1"
"FOXO4","CCND2"
"FOXO4","CCNG2"
"FOXO4","CCNB2"
"FOXO4","ATG12"
"FOXO4","G6PC3"
"PRKAG2","FOXO6"
"PRKAG2","FOXO1"
"PRKAG2","FOXO3"
"PRKAG2","FOXO4"
"PDPK1","C8orf44-SGK3"
"PDPK1","SGK2"
"PDPK1","CHUK"
"PDPK1","SGK3"
"PDPK1","IKBKB"
"PDPK1","SGK1"
"NLK","FOXO6"
"NLK","FOXO1"
"NLK","FOXO3"
"NLK","FOXO4"
"PRKAG3","FOXO6"
"PRKAG3","FOXO1"
"PRKAG3","FOXO3"
"PRKAG3","FOXO4"
"PRKAA1","FOXO6"
"PRKAA1","FOXO1"
"PRKAA1","FOXO3"
"PRKAA1","FOXO4"
"PRKAA2","FOXO6"
"PRKAA2","FOXO1"
"PRKAA2","FOXO3"
"PRKAA2","FOXO4"
"PRKAB1","FOXO6"
"PRKAB1","FOXO1"
"PRKAB1","FOXO3"
"PRKAB1","FOXO4"
"PRKAB2","FOXO6"
"PRKAB2","FOXO1"
"PRKAB2","FOXO3"
"PRKAB2","FOXO4"
"PRKAG1","FOXO6"
"PRKAG1","FOXO1"
"PRKAG1","FOXO3"
"PRKAG1","FOXO4"
"MAPK1","FOXO6"
"MAPK1","FOXO1"
"MAPK1","FOXO3"
"MAPK1","FOXO4"
"MAPK3","FOXO6"
"MAPK3","FOXO1"
"MAPK3","FOXO3"
"MAPK3","FOXO4"
"MAPK8","FOXO6"
"MAPK8","FOXO1"
"MAPK8","FOXO3"
"MAPK8","FOXO4"
"MAPK11","FOXO6"
"MAPK11","FOXO1"
"MAPK11","FOXO3"
"MAPK11","FOXO4"
"MAPK9","FOXO6"
"MAPK9","FOXO1"
"MAPK9","FOXO3"
"MAPK9","FOXO4"
"MAPK10","FOXO6"
"MAPK10","FOXO1"
"MAPK10","FOXO3"
"MAPK10","FOXO4"
"MAPK13","FOXO6"
"MAPK13","FOXO1"
"MAPK13","FOXO3"
"MAPK13","FOXO4"
"MAPK12","FOXO6"
"MAPK12","FOXO1"
"MAPK12","FOXO3"
"MAPK12","FOXO4"
"SGK1","FOXO6"
"SGK1","FOXO1"
"SGK1","FOXO3"
"SGK1","FOXO4"
"STAT3","FOXO6"
"STAT3","FOXO1"
"STAT3","FOXO3"
"STAT3","FOXO4"
"STK4","FOXO6"
"STK4","FOXO1"
"STK4","FOXO3"
"STK4","FOXO4"
"STK11","FOXO6"
"STK11","FOXO1"
"STK11","FOXO3"
"STK11","FOXO4"
"STK11","PRKAG2"
"STK11","PRKAG3"
"STK11","PRKAA1"
"STK11","PRKAA2"
"STK11","PRKAB1"
"STK11","PRKAB2"
"STK11","PRKAG1"
"TGFBR1","SMAD3"
"TGFBR2","SMAD3"
"USP7","FOXO6"
"USP7","FOXO1"
"USP7","FOXO3"
"USP7","FOXO4"
"SETD7","FOXO6"
"SETD7","FOXO1"
"SETD7","FOXO3"
"SETD7","FOXO4"
"IRS4","PIK3CA"
"IRS4","PIK3CB"
"IRS4","PIK3CD"
"IRS4","PIK3R1"
"IRS4","PIK3R2"
"IRS4","PIK3R3"
"IRS2","PIK3CA"
"IRS2","PIK3CB"
"IRS2","PIK3CD"
"IRS2","PIK3R1"
"IRS2","PIK3R2"
"IRS2","PIK3R3"
"HOMER3","PIK3CA"
"HOMER3","PIK3CB"
"HOMER3","PIK3CD"
"HOMER3","PIK3R1"
"HOMER3","PIK3R2"
"HOMER3","PIK3R3"
"HOMER2","PIK3CA"
"HOMER2","PIK3CB"
"HOMER2","PIK3CD"
"HOMER2","PIK3R1"
"HOMER2","PIK3R2"
"HOMER2","PIK3R3"
"HOMER1","PIK3CA"
"HOMER1","PIK3CB"
"HOMER1","PIK3CD"
"HOMER1","PIK3R1"
"HOMER1","PIK3R2"
"HOMER1","PIK3R3"
"AKT3","BCL2"
"MAPK14","AKT3"
"MAPK14","AKT1"
"MAPK14","AKT2"
"MAPK14","BAX"
"CTSD","BID"
"S1PR1","GNAI1"
"S1PR1","GNAI2"
"S1PR1","GNAI3"
"S1PR3","GNA13"
"S1PR3","GNA12"
"S1PR3","GNAI1"
"S1PR3","GNAI2"
"S1PR3","GNAI3"
"S1PR3","GNAQ"
"AKT1","BCL2"
"AKT2","BCL2"
"PLCB1","PRKCE"
"FYN","GAB2"
"GNAI1","PLCB1"
"GNAI1","HRAS"
"GNAI1","KRAS"
"GNAI1","NRAS"
"GNAI1","PIK3CA"
"GNAI1","PIK3CB"
"GNAI1","PIK3CD"
"GNAI1","PIK3R1"
"GNAI1","PIK3R2"
"GNAI1","PLCB2"
"GNAI1","PLCB3"
"GNAI1","PLCB4"
"GNAI1","PIK3R3"
"GNAI2","PLCB1"
"GNAI2","HRAS"
"GNAI2","KRAS"
"GNAI2","NRAS"
"GNAI2","PIK3CA"
"GNAI2","PIK3CB"
"GNAI2","PIK3CD"
"GNAI2","PIK3R1"
"GNAI2","PIK3R2"
"GNAI2","PLCB2"
"GNAI2","PLCB3"
"GNAI2","PLCB4"
"GNAI2","PIK3R3"
"GNAI3","PLCB1"
"GNAI3","HRAS"
"GNAI3","KRAS"
"GNAI3","NRAS"
"GNAI3","PIK3CA"
"GNAI3","PIK3CB"
"GNAI3","PIK3CD"
"GNAI3","PIK3R1"
"GNAI3","PIK3R2"
"GNAI3","PLCB2"
"GNAI3","PLCB3"
"GNAI3","PLCB4"
"GNAI3","PIK3R3"
"PPP2R3B","AKT3"
"PPP2R3B","AKT1"
"PPP2R3B","AKT2"
"PPP2R3B","BCL2"
"KNG1","ADORA1"
"KNG1","ADORA3"
"KNG1","OPRD1"
"MAP3K5","MAPK14"
"MAP3K5","MAPK8"
"MAP3K5","MAPK11"
"MAP3K5","MAPK9"
"MAP3K5","MAPK10"
"MAP3K5","MAPK13"
"MAP3K5","MAPK12"
"PLCB2","PRKCE"
"PLCB3","PRKCE"
"PLCB4","PRKCE"
"PLD1","SPHK2"
"PLD1","SPHK1"
"PLD2","SPHK2"
"PLD2","SPHK1"
"S1PR5","GNA13"
"S1PR5","GNA12"
"S1PR5","GNAI1"
"S1PR5","GNAI2"
"S1PR5","GNAI3"
"PPP2R3C","AKT3"
"PPP2R3C","AKT1"
"PPP2R3C","AKT2"
"PPP2R3C","BCL2"
"PPP2CA","AKT3"
"PPP2CA","AKT1"
"PPP2CA","AKT2"
"PPP2CA","BCL2"
"PPP2CB","AKT3"
"PPP2CB","AKT1"
"PPP2CB","AKT2"
"PPP2CB","BCL2"
"PPP2R1A","AKT3"
"PPP2R1A","AKT1"
"PPP2R1A","AKT2"
"PPP2R1A","BCL2"
"PPP2R1B","AKT3"
"PPP2R1B","AKT1"
"PPP2R1B","AKT2"
"PPP2R1B","BCL2"
"PPP2R2A","AKT3"
"PPP2R2A","AKT1"
"PPP2R2A","AKT2"
"PPP2R2A","BCL2"
"PPP2R2B","AKT3"
"PPP2R2B","AKT1"
"PPP2R2B","AKT2"
"PPP2R2B","BCL2"
"PPP2R2C","AKT3"
"PPP2R2C","AKT1"
"PPP2R2C","AKT2"
"PPP2R2C","BCL2"
"PPP2R3A","AKT3"
"PPP2R3A","AKT1"
"PPP2R3A","AKT2"
"PPP2R3A","BCL2"
"PPP2R5A","AKT3"
"PPP2R5A","AKT1"
"PPP2R5A","AKT2"
"PPP2R5A","BCL2"
"PPP2R5B","AKT3"
"PPP2R5B","AKT1"
"PPP2R5B","AKT2"
"PPP2R5B","BCL2"
"PPP2R5C","AKT3"
"PPP2R5C","AKT1"
"PPP2R5C","AKT2"
"PPP2R5C","BCL2"
"PPP2R5D","AKT3"
"PPP2R5D","AKT1"
"PPP2R5D","AKT2"
"PPP2R5D","BCL2"
"PPP2R5E","AKT3"
"PPP2R5E","AKT1"
"PPP2R5E","AKT2"
"PPP2R5E","BCL2"
"PRKCE","SPHK2"
"PRKCE","SPHK1"
"PPP2R2D","AKT3"
"PPP2R2D","AKT1"
"PPP2R2D","AKT2"
"PPP2R2D","BCL2"
"PRKCZ","AKT3"
"PRKCZ","AKT1"
"PRKCZ","AKT2"
"MAPK1","SPHK2"
"MAPK1","SPHK1"
"MAPK3","SPHK2"
"MAPK3","SPHK1"
"MAPK8","BAX"
"MAPK11","AKT3"
"MAPK11","AKT1"
"MAPK11","AKT2"
"MAPK11","BAX"
"MAPK9","BAX"
"MAPK10","BAX"
"MAPK13","AKT3"
"MAPK13","AKT1"
"MAPK13","AKT2"
"MAPK13","BAX"
"ROCK1","NFKB1"
"ROCK1","PTEN"
"ROCK1","RELA"
"MAPK12","AKT3"
"MAPK12","AKT1"
"MAPK12","AKT2"
"MAPK12","BAX"
"BID","BAX"
"TNFRSF1A","NSMAF"
"TRAF2","SPHK2"
"TRAF2","SPHK1"
"NSMAF","SMPD2"
"S1PR4","GNA13"
"S1PR4","GNA12"
"S1PR4","GNAI1"
"S1PR4","GNAI2"
"S1PR4","GNAI3"
"S1PR2","GNA13"
"S1PR2","GNA12"
"S1PR2","GNAI1"
"S1PR2","GNAI2"
"S1PR2","GNAI3"
"S1PR2","GNAQ"
"ROCK2","NFKB1"
"ROCK2","PTEN"
"ROCK2","RELA"
"GAB2","PIK3CA"
"GAB2","PIK3CB"
"GAB2","PIK3CD"
"GAB2","PIK3R1"
"GAB2","PIK3R2"
"GAB2","PIK3R3"
"AKT3","TSC1"
"AKT3","TSC2"
"LPAR6","GNA13"
"LPAR6","PLCB1"
"LPAR6","GNA12"
"LPAR6","GNAS"
"LPAR6","PLCB2"
"LPAR6","PLCB3"
"LPAR6","PLCB4"
"LOC102723407","FCER1A"
"LOC102723407","MS4A2"
"LOC102723407","FCER1G"
"GNA13","PIK3R6"
"GNA13","PIK3R5"
"GNA13","PIK3CG"
"AGT","LPAR6"
"AGT","AGTR1"
"AGT","LPAR1"
"AGT","F2R"
"AGT","LPAR3"
"AGT","LPAR4"
"AGT","GRM1"
"AGT","GRM2"
"AGT","GRM3"
"AGT","GRM4"
"AGT","GRM5"
"AGT","GRM6"
"AGT","GRM7"
"AGT","GRM8"
"AGT","CXCR1"
"AGT","CXCR2"
"AGT","AVPR1A"
"AGT","AVPR1B"
"AGT","AVPR2"
"AGT","LPAR5"
"AGT","PTGFR"
"AGT","LPAR2"
"AGTR1","PLCB1"
"AGTR1","GNAS"
"AGTR1","PLCB2"
"AGTR1","PLCB3"
"AGTR1","PLCB4"
"LPAR1","GNA13"
"LPAR1","PLCB1"
"LPAR1","GNA12"
"LPAR1","PLCB2"
"LPAR1","PLCB3"
"LPAR1","PLCB4"
"EGFR","PTPN11"
"EGFR","GAB2"
"AKT1","TSC1"
"AKT1","TSC2"
"AKT2","TSC1"
"AKT2","TSC2"
"F2","LPAR6"
"F2","AGTR1"
"F2","LPAR1"
"F2","F2R"
"F2","LPAR3"
"F2","LPAR4"
"F2","GRM1"
"F2","GRM2"
"F2","GRM3"
"F2","GRM4"
"F2","GRM5"
"F2","GRM6"
"F2","GRM7"
"F2","GRM8"
"F2","CXCR1"
"F2","CXCR2"
"F2","AVPR1A"
"F2","AVPR1B"
"F2","AVPR2"
"F2","LPAR5"
"F2","PTGFR"
"F2","LPAR2"
"F2R","GNA13"
"F2R","PLCB1"
"F2R","GNA12"
"F2R","PLCB2"
"F2R","PLCB3"
"F2R","PLCB4"
"PTK2B","RHOA"
"FCER1A","FYN"
"FCER1A","SYK"
"MS4A2","FYN"
"MS4A2","SYK"
"FCER1G","FYN"
"FCER1G","SYK"
"LPAR3","GNA13"
"LPAR3","PLCB1"
"LPAR3","GNA12"
"LPAR3","PLCB2"
"LPAR3","PLCB3"
"LPAR3","PLCB4"
"GAB1","SOS1"
"GAB1","SOS2"
"SHC2","SOS1"
"SHC2","SOS2"
"CYTH4","ARF1"
"GNA12","PTK2B"
"LPAR4","GNA13"
"LPAR4","PLCB1"
"LPAR4","GNA12"
"LPAR4","PLCB2"
"LPAR4","PLCB3"
"LPAR4","PLCB4"
"GRM1","GNA13"
"GRM1","PLCB1"
"GRM1","GNA12"
"GRM1","GNAS"
"GRM1","PLCB2"
"GRM1","PLCB3"
"GRM1","PLCB4"
"GRM2","GNA13"
"GRM2","PLCB1"
"GRM2","GNA12"
"GRM2","GNAS"
"GRM2","PLCB2"
"GRM2","PLCB3"
"GRM2","PLCB4"
"GRM3","GNA13"
"GRM3","PLCB1"
"GRM3","GNA12"
"GRM3","GNAS"
"GRM3","PLCB2"
"GRM3","PLCB3"
"GRM3","PLCB4"
"GRM4","GNA13"
"GRM4","PLCB1"
"GRM4","GNA12"
"GRM4","GNAS"
"GRM4","PLCB2"
"GRM4","PLCB3"
"GRM4","PLCB4"
"GRM5","GNA13"
"GRM5","PLCB1"
"GRM5","GNA12"
"GRM5","GNAS"
"GRM5","PLCB2"
"GRM5","PLCB3"
"GRM5","PLCB4"
"GRM6","GNA13"
"GRM6","PLCB1"
"GRM6","GNA12"
"GRM6","GNAS"
"GRM6","PLCB2"
"GRM6","PLCB3"
"GRM6","PLCB4"
"GRM7","GNA13"
"GRM7","PLCB1"
"GRM7","GNA12"
"GRM7","GNAS"
"GRM7","PLCB2"
"GRM7","PLCB3"
"GRM7","PLCB4"
"GRM8","GNA13"
"GRM8","PLCB1"
"GRM8","GNA12"
"GRM8","GNAS"
"GRM8","PLCB2"
"GRM8","PLCB3"
"GRM8","PLCB4"
"CXCL8","LPAR6"
"CXCL8","AGTR1"
"CXCL8","LPAR1"
"CXCL8","F2R"
"CXCL8","LPAR3"
"CXCL8","LPAR4"
"CXCL8","GRM1"
"CXCL8","GRM2"
"CXCL8","GRM3"
"CXCL8","GRM4"
"CXCL8","GRM5"
"CXCL8","GRM6"
"CXCL8","GRM7"
"CXCL8","GRM8"
"CXCL8","AVPR1A"
"CXCL8","AVPR1B"
"CXCL8","AVPR2"
"CXCL8","LPAR5"
"CXCL8","PTGFR"
"CXCL8","LPAR2"
"CXCR1","GNA13"
"CXCR1","PLCB1"
"CXCR1","GNA12"
"CXCR1","GNAS"
"CXCR1","PLCB2"
"CXCR1","PLCB3"
"CXCR1","PLCB4"
"CXCR2","GNA13"
"CXCR2","PLCB1"
"CXCR2","GNA12"
"CXCR2","GNAS"
"CXCR2","PLCB2"
"CXCR2","PLCB3"
"CXCR2","PLCB4"
"INSR","GAB1"
"INSR","GRB2"
"INSR","PTPN11"
"INSR","GAB2"
"ARF1","PLD1"
"ARF1","PLD2"
"KIT","GAB1"
"KIT","GRB2"
"KIT","PIK3CA"
"KIT","PIK3CB"
"KIT","PIK3CD"
"KIT","PIK3R1"
"KIT","PIK3R2"
"KIT","PTPN11"
"KIT","PIK3R3"
"KIT","GAB2"
"ARF6","PLD1"
"ARF6","PLD2"
"RHOA","PLD1"
"RHOA","PLD2"
"SHC4","SOS1"
"SHC4","SOS2"
"PDGFRA","GRB2"
"PDGFRA","PIK3CA"
"PDGFRA","PIK3CB"
"PDGFRA","PIK3CD"
"PDGFRA","PIK3R1"
"PDGFRA","PIK3R2"
"PDGFRA","PTPN11"
"PDGFRA","PIK3R3"
"PDGFRA","GAB2"
"PDGFRB","GRB2"
"PDGFRB","PIK3CA"
"PDGFRB","PIK3CB"
"PDGFRB","PIK3CD"
"PDGFRB","PIK3R1"
"PDGFRB","PIK3R2"
"PDGFRB","PTPN11"
"PDGFRB","PIK3R3"
"PDGFRB","GAB2"
"SHC3","SOS1"
"SHC3","SOS2"
"AVP","LPAR6"
"AVP","AGTR1"
"AVP","LPAR1"
"AVP","F2R"
"AVP","LPAR3"
"AVP","LPAR4"
"AVP","GRM1"
"AVP","GRM2"
"AVP","GRM3"
"AVP","GRM4"
"AVP","GRM5"
"AVP","GRM6"
"AVP","GRM7"
"AVP","GRM8"
"AVP","CXCR1"
"AVP","CXCR2"
"AVP","AVPR1A"
"AVP","AVPR1B"
"AVP","AVPR2"
"AVP","LPAR5"
"AVP","PTGFR"
"AVP","LPAR2"
"AVPR1A","GNA13"
"AVPR1A","PLCB1"
"AVPR1A","GNA12"
"AVPR1A","GNAS"
"AVPR1A","PLCB2"
"AVPR1A","PLCB3"
"AVPR1A","PLCB4"
"AVPR1B","GNA13"
"AVPR1B","PLCB1"
"AVPR1B","GNA12"
"AVPR1B","GNAS"
"AVPR1B","PLCB2"
"AVPR1B","PLCB3"
"AVPR1B","PLCB4"
"AVPR2","GNA13"
"AVPR2","PLCB1"
"AVPR2","GNA12"
"AVPR2","GNAS"
"AVPR2","PLCB2"
"AVPR2","PLCB3"
"AVPR2","PLCB4"
"PRKCA","PLD1"
"PRKCA","PLD2"
"LPAR5","GNA13"
"LPAR5","PLCB1"
"LPAR5","GNA12"
"LPAR5","PLCB2"
"LPAR5","PLCB3"
"LPAR5","PLCB4"
"PTGFR","GNA13"
"PTGFR","PLCB1"
"PTGFR","GNA12"
"PTGFR","GNAS"
"PTGFR","PLCB2"
"PTGFR","PLCB3"
"PTGFR","PLCB4"
"PTPN11","SOS1"
"PTPN11","SOS2"
"RHEB","MTOR"
"SHC1","SOS1"
"SHC1","SOS2"
"SYK","GAB2"
"TSC1","RHEB"
"TSC2","RHEB"
"LPAR2","GNA13"
"LPAR2","PLCB1"
"LPAR2","GNA12"
"LPAR2","PLCB2"
"LPAR2","PLCB3"
"LPAR2","PLCB4"
"CYTH3","ARF1"
"CYTH2","ARF1"
"CYTH1","ARF1"
"GAB2","SOS1"
"GAB2","SOS2"
"PATE3","CHRNA1"
"PATE3","CHRNA2"
"PATE3","CHRNA3"
"PATE3","CHRNA4"
"PATE3","CHRNA5"
"PATE3","CHRNA7"
"PATE3","CHRNB1"
"PATE3","CHRNB2"
"PATE3","CHRNB3"
"PATE3","CHRNB4"
"PATE3","CHRND"
"PATE3","CHRNE"
"PATE3","CHRNG"
"PATE3","CHRNA9"
"PATE3","CHRNA10"
"PATE3","CHRNA6"
"INSL5","RXFP2"
"INSL5","RXFP4"
"INSL5","RXFP3"
"INSL5","RXFP1"
"APELA","APLNR"
"NMU","NMUR1"
"NMU","NMUR2"
"UTS2","UTS2R"
"PTH2","PTH1R"
"PTH2","PTH2R"
"UCN3","CRHR1"
"UCN3","CRHR2"
"RLN3","RXFP2"
"RLN3","RXFP4"
"RLN3","RXFP3"
"RLN3","RXFP1"
"NMS","NMUR1"
"NMS","NMUR2"
"LYPD6","CHRNA1"
"LYPD6","CHRNA2"
"LYPD6","CHRNA3"
"LYPD6","CHRNA4"
"LYPD6","CHRNA5"
"LYPD6","CHRNA7"
"LYPD6","CHRNB1"
"LYPD6","CHRNB2"
"LYPD6","CHRNB3"
"LYPD6","CHRNB4"
"LYPD6","CHRND"
"LYPD6","CHRNE"
"LYPD6","CHRNG"
"LYPD6","CHRNA9"
"LYPD6","CHRNA10"
"LYPD6","CHRNA6"
"LYPD6B","CHRNA1"
"LYPD6B","CHRNA2"
"LYPD6B","CHRNA3"
"LYPD6B","CHRNA4"
"LYPD6B","CHRNA5"
"LYPD6B","CHRNA7"
"LYPD6B","CHRNB1"
"LYPD6B","CHRNB2"
"LYPD6B","CHRNB3"
"LYPD6B","CHRNB4"
"LYPD6B","CHRND"
"LYPD6B","CHRNE"
"LYPD6B","CHRNG"
"LYPD6B","CHRNA9"
"LYPD6B","CHRNA10"
"LYPD6B","CHRNA6"
"CORT","SSTR1"
"CORT","SSTR2"
"CORT","SSTR3"
"CORT","SSTR4"
"CORT","SSTR5"
"ADM","CALCRL"
"ADM","CALCR"
"CTSG","F2R"
"CTSG","F2RL1"
"CTSG","F2RL2"
"CTSG","PARD3"
"CTSG","F2RL3"
"PATE1","CHRNA1"
"PATE1","CHRNA2"
"PATE1","CHRNA3"
"PATE1","CHRNA4"
"PATE1","CHRNA5"
"PATE1","CHRNA7"
"PATE1","CHRNB1"
"PATE1","CHRNB2"
"PATE1","CHRNB3"
"PATE1","CHRNB4"
"PATE1","CHRND"
"PATE1","CHRNE"
"PATE1","CHRNG"
"PATE1","CHRNA9"
"PATE1","CHRNA10"
"PATE1","CHRNA6"
"AGT","AGTR2"
"AGT","MAS1"
"EDN1","EDNRB"
"EDN2","EDNRB"
"EDN3","EDNRB"
"F2","F2RL1"
"F2","F2RL2"
"F2","PARD3"
"F2","F2RL3"
"TAC4","TACR1"
"NPB","NPBWR1"
"NPB","NPBWR2"
"UTS2B","UTS2R"
"GCG","GCGR"
"GCG","GLP2R"
"GHRH","GHRHR"
"GNRH1","GNRHR"
"GNRH2","GNRHR"
"NPW","NPBWR1"
"NPW","NPBWR2"
"GRP","GRPR"
"GRP","NMBR"
"GRP","BRS3"
"GZMA","F2R"
"GZMA","F2RL1"
"GZMA","F2RL2"
"GZMA","PARD3"
"GZMA","F2RL3"
"HCRT","HCRTR1"
"HCRT","HCRTR2"
"IAPP","CALCRL"
"IAPP","CALCR"
"QRFP","QRFPR"
"INSL3","RXFP2"
"INSL3","RXFP4"
"INSL3","RXFP3"
"INSL3","RXFP1"
"KISS1","KISS1R"
"KNG1","BDKRB1"
"PATE2","CHRNA1"
"PATE2","CHRNA2"
"PATE2","CHRNA3"
"PATE2","CHRNA4"
"PATE2","CHRNA5"
"PATE2","CHRNA7"
"PATE2","CHRNB1"
"PATE2","CHRNB2"
"PATE2","CHRNB3"
"PATE2","CHRNB4"
"PATE2","CHRND"
"PATE2","CHRNE"
"PATE2","CHRNG"
"PATE2","CHRNA9"
"PATE2","CHRNA10"
"PATE2","CHRNA6"
"PATE4","CHRNA1"
"PATE4","CHRNA2"
"PATE4","CHRNA3"
"PATE4","CHRNA4"
"PATE4","CHRNA5"
"PATE4","CHRNA7"
"PATE4","CHRNB1"
"PATE4","CHRNB2"
"PATE4","CHRNB3"
"PATE4","CHRNB4"
"PATE4","CHRND"
"PATE4","CHRNE"
"PATE4","CHRNG"
"PATE4","CHRNA9"
"PATE4","CHRNA10"
"PATE4","CHRNA6"
"MLN","MLNR"
"SLURP2","CHRNA1"
"SLURP2","CHRNA2"
"SLURP2","CHRNA3"
"SLURP2","CHRNA4"
"SLURP2","CHRNA5"
"SLURP2","CHRNA7"
"SLURP2","CHRNB1"
"SLURP2","CHRNB2"
"SLURP2","CHRNB3"
"SLURP2","CHRNB4"
"SLURP2","CHRND"
"SLURP2","CHRNE"
"SLURP2","CHRNG"
"SLURP2","CHRNA9"
"SLURP2","CHRNA10"
"SLURP2","CHRNA6"
"NMB","GRPR"
"NMB","NMBR"
"NMB","BRS3"
"NPY","NPY4R2"
"NPY","GPR83"
"NPY","NPY2R"
"NPY","NPY5R"
"NPY","NPY4R"
"NTS","NTSR2"
"NTS","NTSR1"
"PRLH","PRLHR"
"GAL","GALR1"
"GAL","GALR3"
"GAL","GALR2"
"PDYN","OPRD1"
"PDYN","OPRK1"
"PDYN","OPRL1"
"PDYN","OPRM1"
"PENK","OPRD1"
"PENK","OPRK1"
"PENK","OPRL1"
"PENK","OPRM1"
"PLG","F2R"
"PLG","F2RL1"
"PLG","F2RL2"
"PLG","PARD3"
"PLG","F2RL3"
"PMCH","MCHR1"
"PMCH","MCHR2"
"PNOC","OPRD1"
"PNOC","OPRK1"
"PNOC","OPRL1"
"PNOC","OPRM1"
"POMC","MC1R"
"POMC","MC3R"
"POMC","MC4R"
"POMC","MC5R"
"POMC","OPRD1"
"POMC","OPRK1"
"POMC","OPRL1"
"POMC","OPRM1"
"PPY","NPY4R2"
"PPY","GPR83"
"PPY","NPY1R"
"PPY","NPY2R"
"PPY","NPY5R"
"PPY","NPY4R"
"PRSS1","F2R"
"PRSS1","F2RL1"
"PRSS1","F2RL2"
"PRSS1","PARD3"
"PRSS1","F2RL3"
"PRSS2","F2R"
"PRSS2","F2RL1"
"PRSS2","F2RL2"
"PRSS2","PARD3"
"PRSS2","F2RL3"
"PRSS3","F2R"
"PRSS3","F2RL1"
"PRSS3","F2RL2"
"PRSS3","PARD3"
"PRSS3","F2RL3"
"PYY","NPY4R2"
"PYY","GPR83"
"PYY","NPY1R"
"PYY","NPY2R"
"PYY","NPY5R"
"PYY","NPY4R"
"SLURP1","CHRNA1"
"SLURP1","CHRNA2"
"SLURP1","CHRNA3"
"SLURP1","CHRNA4"
"SLURP1","CHRNA5"
"SLURP1","CHRNA7"
"SLURP1","CHRNB1"
"SLURP1","CHRNB2"
"SLURP1","CHRNB3"
"SLURP1","CHRNB4"
"SLURP1","CHRND"
"SLURP1","CHRNE"
"SLURP1","CHRNG"
"SLURP1","CHRNA9"
"SLURP1","CHRNA10"
"SLURP1","CHRNA6"
"PTH","PTH1R"
"PTH","PTH2R"
"NPS","NPSR1"
"RLN1","RXFP2"
"RLN1","RXFP4"
"RLN1","RXFP3"
"RLN1","RXFP1"
"RLN2","RXFP2"
"RLN2","RXFP4"
"RLN2","RXFP3"
"RLN2","RXFP1"
"SCT","SCTR"
"NPVF","NPFFR2"
"NPVF","NPFFR1"
"LYNX1","CHRNA1"
"LYNX1","CHRNA2"
"LYNX1","CHRNA3"
"LYNX1","CHRNA4"
"LYNX1","CHRNA5"
"LYNX1","CHRNA7"
"LYNX1","CHRNB1"
"LYNX1","CHRNB2"
"LYNX1","CHRNB3"
"LYNX1","CHRNB4"
"LYNX1","CHRND"
"LYNX1","CHRNE"
"LYNX1","CHRNG"
"LYNX1","CHRNA9"
"LYNX1","CHRNA10"
"LYNX1","CHRNA6"
"SST","SSTR3"
"SST","SSTR4"
"TAC1","TACR2"
"TAC1","TACR1"
"TAC3","TACR3"
"C3","C3AR1"
"TRH","TRHR"
"C5","C5AR1"
"UCN","CRHR1"
"UCN","CRHR2"
"VGF","C3AR1"
"VIP","VIPR1"
"CALCA","CALCRL"
"CALCA","CALCR"
"CALCB","CALCRL"
"CALCB","CALCR"
"ADM2","CALCRL"
"ADM2","CALCR"
"SPX","GALR1"
"SPX","GALR3"
"SPX","GALR2"
"GALP","GALR1"
"GALP","GALR3"
"GALP","GALR2"
"NPFF","NPFFR2"
"NPFF","NPFFR1"
"CCK","CCKAR"
"CCK","CCKBR"
"APLN","APLNR"
"UCN2","CRHR1"
"UCN2","CRHR2"
"CDK2","CDKN1B"
"CDK2","CDKN1C"
"CDK2","E2F1"
"CDK2","E2F2"
"CDK2","E2F3"
"CDK2","FZR1"
"CDK2","RB1"
"CDK2","CDC6"
"CDK4","RBL1"
"CDK4","RBL2"
"CDK6","RB1"
"CDK6","RBL1"
"CDK6","RBL2"
"CDK7","CDK2"
"CDK7","CDK1"
"CDKN1A","CDK2"
"CDKN1A","CDK6"
"CDKN1A","FBXO5"
"CDKN1A","CCND1"
"CDKN1A","CCNA2"
"CDKN1A","CCNA1"
"CDKN1A","CCND2"
"CDKN1A","CCND3"
"CDKN1A","CCNE1"
"CDKN1A","CCNE2"
"CDKN1B","CDK2"
"CDKN1B","CCNA2"
"CDKN1B","CCNA1"
"CDKN1C","CDK2"
"CDKN1C","CCNA2"
"CDKN1C","CCNA1"
"CDKN2A","CDK6"
"CDKN2A","CCND1"
"CDKN2A","CCND2"
"CDKN2A","CCND3"
"CDKN2B","CDK4"
"CDKN2B","CDK6"
"CDKN2B","CCND1"
"CDKN2B","CCND2"
"CDKN2B","CCND3"
"CDKN2C","CDK6"
"CDKN2C","CCND1"
"CDKN2C","CCND2"
"CDKN2C","CCND3"
"CDKN2D","CDK4"
"CDKN2D","CDK6"
"CDKN2D","CCND1"
"CDKN2D","CCND2"
"CDKN2D","CCND3"
"ANAPC10","PTTG2"
"ANAPC10","FZR1"
"ANAPC10","PLK1"
"ANAPC10","PTTG1"
"MAD2L2","ANAPC10"
"MAD2L2","ANAPC16"
"MAD2L2","CDC26"
"MAD2L2","ANAPC13"
"MAD2L2","ANAPC15"
"MAD2L2","ANAPC2"
"MAD2L2","ANAPC4"
"MAD2L2","ANAPC5"
"MAD2L2","ANAPC7"
"MAD2L2","ANAPC11"
"MAD2L2","ANAPC1"
"MAD2L2","CDC23"
"MAD2L2","CDC16"
"MAD2L2","CDC27"
"PTTG2","ESPL1"
"GADD45G","PCNA"
"GADD45G","CCNB3"
"GADD45G","CCNB1"
"GADD45G","CCNB2"
"CHEK1","TP53"
"CHEK1","CDC25A"
"CHEK1","CDC25B"
"CHEK1","CDC25C"
"CHEK2","TP53"
"CHEK2","CDC25A"
"CHEK2","CDC25B"
"CHEK2","CDC25C"
"ANAPC16","PTTG2"
"ANAPC16","FZR1"
"ANAPC16","PLK1"
"ANAPC16","PTTG1"
"CREBBP","TP53"
"GADD45A","PCNA"
"GADD45A","CCNB3"
"GADD45A","CCNB1"
"GADD45A","CCNB2"
"E2F1","CCNE1"
"E2F1","CCNE2"
"E2F2","CCNE1"
"E2F2","CCNE2"
"E2F3","CCNE1"
"E2F3","CCNE2"
"E2F4","MYC"
"E2F5","MYC"
"EP300","TP53"
"CDC26","PTTG2"
"CDC26","FZR1"
"CDC26","PLK1"
"CDC26","PTTG1"
"ANAPC13","PTTG2"
"ANAPC13","FZR1"
"ANAPC13","PLK1"
"ANAPC13","PTTG1"
"ANAPC15","PTTG2"
"ANAPC15","FZR1"
"ANAPC15","PLK1"
"ANAPC15","PTTG1"
"FBXO5","FZR1"
"SFN","CCNB3"
"SFN","CCNB1"
"SFN","CCNB2"
"GSK3B","CCND1"
"GSK3B","CCND2"
"GSK3B","CCND3"
"ANAPC2","PTTG2"
"ANAPC2","FZR1"
"ANAPC2","PLK1"
"ANAPC2","PTTG1"
"ANAPC4","PTTG2"
"ANAPC4","FZR1"
"ANAPC4","PLK1"
"ANAPC4","PTTG1"
"MAD2L1","ANAPC10"
"MAD2L1","ANAPC16"
"MAD2L1","CDC26"
"MAD2L1","ANAPC13"
"MAD2L1","ANAPC15"
"MAD2L1","ANAPC2"
"MAD2L1","ANAPC4"
"MAD2L1","ANAPC5"
"MAD2L1","ANAPC7"
"MAD2L1","ANAPC11"
"MAD2L1","ANAPC1"
"MAD2L1","CDC23"
"MAD2L1","CDC16"
"MAD2L1","CDC27"
"SMAD2","CDKN1A"
"SMAD2","CDKN2B"
"SMAD2","MYC"
"SMAD3","CDKN1A"
"SMAD3","CDKN2B"
"SMAD3","MYC"
"SMAD4","CDKN1A"
"SMAD4","CDKN2B"
"SMAD4","MYC"
"MDM2","RB1"
"MYC","ZBTB17"
"GADD45B","PCNA"
"GADD45B","CCNB3"
"GADD45B","CCNB1"
"GADD45B","CCNB2"
"ATM","CHEK1"
"ATM","CHEK2"
"WEE2","CDK1"
"PCNA","CDK4"
"PCNA","CDK6"
"PCNA","CCND1"
"PCNA","CCND2"
"PCNA","CCND3"
"FZR1","PLK1"
"ANAPC5","PTTG2"
"ANAPC5","FZR1"
"ANAPC5","PLK1"
"ANAPC5","PTTG1"
"ANAPC7","PTTG2"
"ANAPC7","FZR1"
"ANAPC7","PLK1"
"ANAPC7","PTTG1"
"ANAPC11","PTTG2"
"ANAPC11","FZR1"
"ANAPC11","PLK1"
"ANAPC11","PTTG1"
"PLK1","PKMYT1"
"PLK1","CDC25B"
"PLK1","CDC25C"
"ATR","CHEK1"
"ATR","CHEK2"
"ATR","TP53"
"PRKDC","TP53"
"RBL1","MYC"
"CCND1","RB1"
"CCND1","RBL1"
"CCND1","RBL2"
"ANAPC1","PTTG2"
"ANAPC1","FZR1"
"ANAPC1","PLK1"
"ANAPC1","PTTG1"
"SKP1","CDK2"
"SKP1","CDKN1A"
"SKP1","CDKN1B"
"SKP1","CDKN1C"
"SKP1","CCNE1"
"SKP1","CCNE2"
"SKP2","CDK2"
"SKP2","CDKN1A"
"SKP2","CDKN1B"
"SKP2","CDKN1C"
"SKP2","CCNE1"
"SKP2","CCNE2"
"BUB1B","ANAPC10"
"BUB1B","ANAPC16"
"BUB1B","CDC26"
"BUB1B","ANAPC13"
"BUB1B","ANAPC15"
"BUB1B","ANAPC2"
"BUB1B","ANAPC4"
"BUB1B","ANAPC5"
"BUB1B","ANAPC7"
"BUB1B","ANAPC11"
"BUB1B","ANAPC1"
"BUB1B","CDC23"
"BUB1B","CDC16"
"BUB1B","CDC27"
"TFDP1","MYC"
"TFDP1","CCNE1"
"TFDP1","CCNE2"
"TFDP2","MYC"
"TFDP2","CCNE1"
"TFDP2","CCNE2"
"TGFB1","SMAD2"
"TGFB1","SMAD3"
"TGFB2","SMAD2"
"TGFB2","SMAD3"
"TGFB3","SMAD2"
"TGFB3","SMAD3"
"TP53","GADD45G"
"TP53","GADD45A"
"TP53","SFN"
"TP53","GADD45B"
"TTK","MAD1L1"
"WEE1","CDK1"
"ZBTB17","CDKN2B"
"MAD1L1","MAD2L2"
"MAD1L1","MAD2L1"
"CUL1","CDK2"
"CUL1","CDKN1A"
"CUL1","CDKN1B"
"CUL1","CDKN1C"
"CUL1","CCNE1"
"CUL1","CCNE2"
"CCNB3","PLK1"
"CDC14B","ANAPC10"
"CDC14B","ANAPC16"
"CDC14B","CDC26"
"CDC14B","ANAPC13"
"CDC14B","ANAPC15"
"CDC14B","ANAPC2"
"CDC14B","ANAPC4"
"CDC14B","FZR1"
"CDC14B","ANAPC5"
"CDC14B","ANAPC7"
"CDC14B","ANAPC11"
"CDC14B","ANAPC1"
"CDC14B","CDC23"
"CDC14B","CDC16"
"CDC14B","CDC27"
"CDC14A","ANAPC10"
"CDC14A","ANAPC16"
"CDC14A","CDC26"
"CDC14A","ANAPC13"
"CDC14A","ANAPC15"
"CDC14A","ANAPC2"
"CDC14A","ANAPC4"
"CDC14A","FZR1"
"CDC14A","ANAPC5"
"CDC14A","ANAPC7"
"CDC14A","ANAPC11"
"CDC14A","ANAPC1"
"CDC14A","CDC23"
"CDC14A","CDC16"
"CDC14A","CDC27"
"CDC23","PTTG2"
"CDC23","FZR1"
"CDC23","PLK1"
"CDC23","PTTG1"
"CDC16","PTTG2"
"CDC16","FZR1"
"CDC16","PLK1"
"CDC16","PTTG1"
"CCNA2","E2F1"
"CCNA2","E2F2"
"CCNA2","E2F3"
"CCNA2","FZR1"
"CCNA2","RB1"
"CCNA2","CDC6"
"CCNA1","E2F1"
"CCNA1","E2F2"
"CCNA1","E2F3"
"CCNA1","FZR1"
"CCNA1","RB1"
"CCNA1","CDC6"
"CCNB1","PLK1"
"CCND2","RB1"
"CCND2","RBL1"
"CCND2","RBL2"
"CCND3","RB1"
"CCND3","RBL1"
"CCND3","RBL2"
"CCNE1","CDKN1B"
"CCNE1","CDKN1C"
"CCNE1","RB1"
"CCNH","CDK2"
"CCNH","CDK1"
"PKMYT1","CDK1"
"CCNB2","PLK1"
"CCNE2","CDKN1B"
"CCNE2","CDKN1C"
"CCNE2","RB1"
"BUB3","ANAPC10"
"BUB3","ANAPC16"
"BUB3","CDC26"
"BUB3","ANAPC13"
"BUB3","ANAPC15"
"BUB3","ANAPC2"
"BUB3","ANAPC4"
"BUB3","ANAPC5"
"BUB3","ANAPC7"
"BUB3","ANAPC11"
"BUB3","ANAPC1"
"BUB3","CDC23"
"BUB3","CDC16"
"BUB3","CDC27"
"PTTG1","ESPL1"
"ESPL1","STAG1"
"ESPL1","STAG2"
"ESPL1","SMC1B"
"ESPL1","RAD21"
"ESPL1","SMC1A"
"ESPL1","SMC3"
"CDK1","PLK1"
"CDK1","RB1"
"CDC20","ANAPC10"
"CDC20","PTTG2"
"CDC20","ANAPC16"
"CDC20","CDC26"
"CDC20","ANAPC13"
"CDC20","ANAPC15"
"CDC20","ANAPC2"
"CDC20","ANAPC4"
"CDC20","FZR1"
"CDC20","ANAPC5"
"CDC20","ANAPC7"
"CDC20","ANAPC11"
"CDC20","ANAPC1"
"CDC20","CDC23"
"CDC20","CDC16"
"CDC20","PTTG1"
"CDC20","CDC27"
"CDC25A","CDK2"
"CDC25A","CDK4"
"CDC25A","CDK6"
"CDC25A","CDK1"
"CDC25B","CDK1"
"CDC25C","CDK1"
"CDC27","PTTG2"
"CDC27","FZR1"
"CDC27","PLK1"
"CDC27","PTTG1"
"RBX1","CDK2"
"RBX1","CDKN1A"
"RBX1","CDKN1B"
"RBX1","CDKN1C"
"RBX1","CCNE1"
"RBX1","CCNE2"
"SPDYE2B","CDC25C"
"SPDYE18","CDC25C"
"SPDYE11","CDC25C"
"CDK2","ANAPC10"
"CDK2","ANAPC16"
"CDK2","CDC26"
"CDK2","ANAPC13"
"CDK2","ANAPC15"
"CDK2","ANAPC2"
"CDK2","ANAPC4"
"CDK2","ANAPC5"
"CDK2","ANAPC7"
"CDK2","ANAPC11"
"CDK2","ANAPC1"
"CDK2","CDC23"
"CDK2","CDC16"
"CDK2","CDC25C"
"CDK2","CDC27"
"SPDYE16","CDC25C"
"SPDYE17","CDC25C"
"ANAPC10","CCNB1"
"ANAPC10","CCNB2"
"SPDYE15","CDC25C"
"ANAPC16","CCNB1"
"ANAPC16","CCNB2"
"MAPK14","CDC25C"
"CALML6","PPP3CA"
"CALML6","PPP3CB"
"CALML6","PPP3CC"
"CALML6","PPP3R1"
"CALML6","PPP3R2"
"CALML6","CAMK2A"
"CALML6","CAMK2B"
"CALML6","CAMK2D"
"CALML6","CAMK2G"
"FBXW11","FBXO5"
"FBXW11","FBXO43"
"SPDYA","CDC25C"
"CDC26","CCNB1"
"CDC26","CCNB2"
"ANAPC13","CCNB1"
"ANAPC13","CCNB2"
"ANAPC15","CCNB1"
"ANAPC15","CCNB2"
"FBXO5","CDC20"
"RPS6KA6","BUB1"
"RPS6KA6","PKMYT1"
"SPDYE1","CDC25C"
"FBXO43","CDC20"
"ANAPC2","CCNB1"
"ANAPC2","CCNB2"
"ANAPC4","CCNB1"
"ANAPC4","CCNB2"
"SPDYC","CDC25C"
"SPDYE4","CDC25C"
"MOS","MAP2K1"
"MOS","PKMYT1"
"SPDYE3","CDC25C"
"SPDYE2","CDC25C"
"SPDYE5","CDC25C"
"ANAPC5","CCNB1"
"ANAPC5","CCNB2"
"ANAPC7","CCNB1"
"ANAPC7","CCNB2"
"ANAPC11","CCNB1"
"ANAPC11","CCNB2"
"CALML5","PPP3CA"
"CALML5","PPP3CB"
"CALML5","PPP3CC"
"CALML5","PPP3R1"
"CALML5","PPP3R2"
"CALML5","CAMK2A"
"CALML5","CAMK2B"
"CALML5","CAMK2D"
"CALML5","CAMK2G"
"PLK1","CPEB2"
"PLK1","CPEB3"
"PLK1","FBXO43"
"PLK1","CPEB1"
"PLK1","CPEB4"
"PPP1CA","CDC25C"
"PPP1CB","CDC25C"
"PPP1CC","CDC25C"
"PPP2CA","FBXO43"
"PPP2CA","REC8"
"PPP2CB","FBXO43"
"PPP2CB","REC8"
"PPP2R1A","FBXO43"
"PPP2R1A","REC8"
"PPP2R1B","FBXO43"
"PPP2R1B","REC8"
"PPP2R5A","REC8"
"PPP2R5B","REC8"
"PPP2R5C","REC8"
"PPP2R5D","REC8"
"PPP2R5E","REC8"
"PPP3CA","ANAPC10"
"PPP3CA","ANAPC16"
"PPP3CA","CDC26"
"PPP3CA","ANAPC13"
"PPP3CA","ANAPC15"
"PPP3CA","ANAPC2"
"PPP3CA","ANAPC4"
"PPP3CA","ANAPC5"
"PPP3CA","ANAPC7"
"PPP3CA","ANAPC11"
"PPP3CA","ANAPC1"
"PPP3CA","CDC23"
"PPP3CA","CDC16"
"PPP3CA","CDC20"
"PPP3CA","CDC27"
"PPP3CB","ANAPC10"
"PPP3CB","ANAPC16"
"PPP3CB","CDC26"
"PPP3CB","ANAPC13"
"PPP3CB","ANAPC15"
"PPP3CB","ANAPC2"
"PPP3CB","ANAPC4"
"PPP3CB","ANAPC5"
"PPP3CB","ANAPC7"
"PPP3CB","ANAPC11"
"PPP3CB","ANAPC1"
"PPP3CB","CDC23"
"PPP3CB","CDC16"
"PPP3CB","CDC20"
"PPP3CB","CDC27"
"PPP3CC","ANAPC10"
"PPP3CC","ANAPC16"
"PPP3CC","CDC26"
"PPP3CC","ANAPC13"
"PPP3CC","ANAPC15"
"PPP3CC","ANAPC2"
"PPP3CC","ANAPC4"
"PPP3CC","ANAPC5"
"PPP3CC","ANAPC7"
"PPP3CC","ANAPC11"
"PPP3CC","ANAPC1"
"PPP3CC","CDC23"
"PPP3CC","CDC16"
"PPP3CC","CDC20"
"PPP3CC","CDC27"
"PPP3R1","ANAPC10"
"PPP3R1","ANAPC16"
"PPP3R1","CDC26"
"PPP3R1","ANAPC13"
"PPP3R1","ANAPC15"
"PPP3R1","ANAPC2"
"PPP3R1","ANAPC4"
"PPP3R1","ANAPC5"
"PPP3R1","ANAPC7"
"PPP3R1","ANAPC11"
"PPP3R1","ANAPC1"
"PPP3R1","CDC23"
"PPP3R1","CDC16"
"PPP3R1","CDC20"
"PPP3R1","CDC27"
"PPP3R2","ANAPC10"
"PPP3R2","ANAPC16"
"PPP3R2","CDC26"
"PPP3R2","ANAPC13"
"PPP3R2","ANAPC15"
"PPP3R2","ANAPC2"
"PPP3R2","ANAPC4"
"PPP3R2","ANAPC5"
"PPP3R2","ANAPC7"
"PPP3R2","ANAPC11"
"PPP3R2","ANAPC1"
"PPP3R2","CDC23"
"PPP3R2","CDC16"
"PPP3R2","CDC20"
"PPP3R2","CDC27"
"PRKACA","CDC25C"
"PRKACB","CDC25C"
"PRKACG","CDC25C"
"MAPK1","RPS6KA6"
"MAPK1","RPS6KA1"
"MAPK1","RPS6KA2"
"MAPK1","RPS6KA3"
"MAPK3","RPS6KA6"
"MAPK3","RPS6KA1"
"MAPK3","RPS6KA2"
"MAPK3","RPS6KA3"
"MAPK11","CDC25C"
"MAPK13","CDC25C"
"RPS6KA1","BUB1"
"RPS6KA1","PKMYT1"
"RPS6KA2","BUB1"
"RPS6KA2","PKMYT1"
"RPS6KA3","BUB1"
"RPS6KA3","PKMYT1"
"MAPK12","CDC25C"
"ANAPC1","CCNB1"
"ANAPC1","CCNB2"
"SKP1","FBXO5"
"SKP1","FBXO43"
"AURKA","CPEB2"
"AURKA","CPEB3"
"AURKA","CPEB1"
"AURKA","CPEB4"
"BUB1","MAD2L2"
"BUB1","MAD2L1"
"BUB1","MAD1L1"
"SPDYE6","CDC25C"
"CALM1","PPP3CA"
"CALM1","PPP3CB"
"CALM1","PPP3CC"
"CALM1","PPP3R1"
"CALM1","PPP3R2"
"CALM1","CAMK2A"
"CALM1","CAMK2B"
"CALM1","CAMK2D"
"CALM1","CAMK2G"
"CALM2","PPP3CA"
"CALM2","PPP3CB"
"CALM2","PPP3CC"
"CALM2","PPP3R1"
"CALM2","PPP3R2"
"CALM2","CAMK2A"
"CALM2","CAMK2B"
"CALM2","CAMK2D"
"CALM2","CAMK2G"
"CALM3","PPP3CA"
"CALM3","PPP3CB"
"CALM3","PPP3CC"
"CALM3","PPP3R1"
"CALM3","PPP3R2"
"CALM3","CAMK2A"
"CALM3","CAMK2B"
"CALM3","CAMK2D"
"CALM3","CAMK2G"
"CALML3","PPP3CA"
"CALML3","PPP3CB"
"CALML3","PPP3CC"
"CALML3","PPP3R1"
"CALML3","PPP3R2"
"CALML3","CAMK2A"
"CALML3","CAMK2B"
"CALML3","CAMK2D"
"CALML3","CAMK2G"
"CAMK2A","FBXO43"
"CAMK2A","CDC25C"
"CAMK2B","FBXO43"
"CAMK2B","CDC25C"
"CAMK2D","FBXO43"
"CAMK2D","CDC25C"
"CAMK2G","FBXO43"
"CAMK2G","CDC25C"
"MAD1L1","ANAPC10"
"MAD1L1","ANAPC16"
"MAD1L1","CDC26"
"MAD1L1","ANAPC13"
"MAD1L1","ANAPC15"
"MAD1L1","ANAPC2"
"MAD1L1","ANAPC4"
"MAD1L1","ANAPC5"
"MAD1L1","ANAPC7"
"MAD1L1","ANAPC11"
"MAD1L1","ANAPC1"
"MAD1L1","CDC23"
"MAD1L1","CDC16"
"MAD1L1","CDC27"
"CUL1","FBXO5"
"CUL1","FBXO43"
"CDC23","CCNB1"
"CDC23","CCNB2"
"CDC16","CCNB1"
"CDC16","CCNB2"
"CCNB1","FBXO43"
"BTRC","FBXO5"
"BTRC","FBXO43"
"CCNE1","ANAPC10"
"CCNE1","ANAPC16"
"CCNE1","CDC26"
"CCNE1","ANAPC13"
"CCNE1","ANAPC15"
"CCNE1","ANAPC2"
"CCNE1","ANAPC4"
"CCNE1","ANAPC5"
"CCNE1","ANAPC7"
"CCNE1","ANAPC11"
"CCNE1","ANAPC1"
"CCNE1","CDC23"
"CCNE1","CDC16"
"CCNE1","CDC27"
"CCNB2","CPEB2"
"CCNB2","CPEB3"
"CCNB2","CPEB1"
"CCNB2","CPEB4"
"CCNB2","SLK"
"CCNB2","CDC25C"
"CCNE2","ANAPC10"
"CCNE2","ANAPC16"
"CCNE2","CDC26"
"CCNE2","ANAPC13"
"CCNE2","ANAPC15"
"CCNE2","ANAPC2"
"CCNE2","ANAPC4"
"CCNE2","ANAPC5"
"CCNE2","ANAPC7"
"CCNE2","ANAPC11"
"CCNE2","ANAPC1"
"CCNE2","CDC23"
"CCNE2","CDC16"
"CCNE2","CDC27"
"CALML4","PPP3CA"
"CALML4","PPP3CB"
"CALML4","PPP3CC"
"CALML4","PPP3R1"
"CALML4","PPP3R2"
"CALML4","CAMK2A"
"CALML4","CAMK2B"
"CALML4","CAMK2D"
"CALML4","CAMK2G"
"ESPL1","REC8"
"SLK","PLK1"
"CDK1","CPEB2"
"CDK1","CPEB3"
"CDK1","FBXO43"
"CDK1","CPEB1"
"CDK1","CPEB4"
"CDK1","SLK"
"CDK1","CDC25C"
"CDC20","CCNB1"
"CDC20","CCNB2"
"CDC27","CCNB1"
"CDC27","CCNB2"
"RBX1","FBXO5"
"RBX1","FBXO43"
"SIVA1","BCL2"
"SIVA1","BCL2L1"
"GADD45G","CDK1"
"GADD45A","CDK1"
"BBC3","TP53AIP1"
"BBC3","TP53"
"SFN","CDK1"
"IGFBP3","IGF1"
"MDM4","MDM2"
"MDM4","TP53"
"GADD45B","CDK1"
"TP53","SIVA1"
"TP53","SESN3"
"TP53","DDB2"
"TP53","RCHY1"
"TP53","ZNF385A"
"TP53","SESN1"
"TP53","IGFBP3"
"TP53","CD82"
"TP53","MDM2"
"TP53","RRM2B"
"TP53","SERPINE1"
"TP53","SHISA5"
"TP53","GTSE1"
"TP53","SERPINB5"
"TP53","STEAP3"
"TP53","PIDD1"
"TP53","RPRM"
"TP53","PTEN"
"TP53","ADGRB1"
"TP53","RRM2"
"TP53","PERP"
"TP53","COP1"
"TP53","ZMAT3"
"TP53","SIAH1"
"TP53","THBS1"
"TP53","TP73"
"TP53","TSC2"
"TP53","SESN2"
"TP53","AIFM2"
"TP53","PPM1D"
"TP53","TNFRSF10B"
"TP53","TNFRSF10A"
"TP53","CCNG1"
"TP53","CCNG2"
"TP53","EI24"
"TP53","TP53I3"
"MPST","MOCS3"
"TST","MOCS3"
"URM1","MOCS3"
"CTU1","CTU2"
"NFS1","MOCS3"
"NFS1","MPST"
"NFS1","TST"
"BET1","STX5"
"BET1","SEC22B"
"BET1","GOSR2"
"YKT6","VTI1B"
"YKT6","VTI1A"
"YKT6","STX7"
"YKT6","STX8"
"BET1L","STX5"
"BET1L","SEC22B"
"BET1L","GOSR2"
"VAMP1","STX1B"
"VAMP1","STX2"
"VAMP1","STX1A"
"VAMP1","STX3"
"VAMP1","STX4"
"VAMP1","SNAP23"
"VAMP2","STX1B"
"VAMP2","STX2"
"VAMP2","STX1A"
"VAMP2","STX3"
"VAMP2","STX4"
"VAMP2","SNAP23"
"VAMP4","STX6"
"VAMP4","VTI1B"
"VAMP4","STX1B"
"VAMP4","VTI1A"
"VAMP4","STX2"
"VAMP4","STX1A"
"VAMP4","STX3"
"VAMP4","STX4"
"VAMP4","STX16"
"VAMP4","SNAP23"
"VAMP3","STX1B"
"VAMP3","STX2"
"VAMP3","STX1A"
"VAMP3","STX3"
"VAMP3","STX4"
"VAMP3","SNAP23"
"SEC22B","STX18"
"SEC22B","USE1"
"SEC22B","BNIP1"
"ATG7","GABARAP"
"ATG7","GABARAPL2"
"ATG7","GABARAPL1"
"ATG7","ATG12"
"ATG4A","GABARAP"
"ATG4A","GABARAPL2"
"ATG4A","GABARAPL1"
"ATG4B","GABARAP"
"ATG4B","GABARAPL2"
"ATG4B","GABARAPL1"
"MTOR","IGBP1"
"MTOR","ATG101"
"MTOR","ULK2"
"MTOR","ATG13"
"IGBP1","PPP2CA"
"IGBP1","PPP2CB"
"ATG16L1","GABARAP"
"ATG16L1","GABARAPL2"
"ATG16L1","GABARAPL1"
"ATG16L1","ATG3"
"PPP2CA","ATG101"
"PPP2CA","ULK2"
"PPP2CA","ATG13"
"PPP2CB","ATG101"
"PPP2CB","ULK2"
"PPP2CB","ATG13"
"RPTOR","IGBP1"
"RPTOR","ATG101"
"RPTOR","ULK2"
"RPTOR","ATG13"
"MLST8","IGBP1"
"MLST8","ATG101"
"MLST8","ULK2"
"MLST8","ATG13"
"ATG3","GABARAP"
"ATG3","GABARAPL2"
"ATG3","GABARAPL1"
"ATG10","ATG12"
"ATG4C","GABARAP"
"ATG4C","GABARAPL2"
"ATG4C","GABARAPL1"
"ATG4D","GABARAP"
"ATG4D","GABARAPL2"
"ATG4D","GABARAPL1"
"ATG12","GABARAP"
"ATG12","GABARAPL2"
"ATG12","GABARAPL1"
"ATG12","ATG3"
"ATG5","GABARAP"
"ATG5","GABARAPL2"
"ATG5","GABARAPL1"
"ATG5","ATG3"
"ULK2","ATG13"
"CITED2","BNIP3L"
"CSNK2A1","FUNDC1"
"CSNK2A2","FUNDC1"
"CSNK2B","FUNDC1"
"E2F1","BNIP3"
"PGAM5","FUNDC1"
"RRAS2","HIF1A"
"MRAS","HIF1A"
"FOXO3","CITED2"
"CSNK2A3","FUNDC1"
"ATG9B","MITF"
"ATG9B","TFE3"
"ATG9B","TFEB"
"TBK1","OPTN"
"TBK1","CALCOCO2"
"TBK1","SQSTM1"
"HIF1A","BNIP3"
"HIF1A","BNIP3L"
"HRAS","HIF1A"
"JUN","PRKN"
"KRAS","HIF1A"
"ATF4","PRKN"
"NRAS","HIF1A"
"PRKN","ATG9B"
"PRKN","RHOT1"
"PRKN","AMBRA1"
"PRKN","MFN1"
"PRKN","ATG9A"
"PRKN","RHOT2"
"PRKN","ATG5"
"PRKN","MFN2"
"FIS1","TBC1D15"
"FIS1","TBC1D17"
"TOMM7","PINK1"
"RELA","BNIP3"
"BCL2L1","PGAM5"
"BCL2L1","BNIP3"
"RPS27A","PRKN"
"RRAS","HIF1A"
"TBC1D15","GABARAP"
"TBC1D15","GABARAPL2"
"TBC1D15","GABARAPL1"
"TBC1D15","RAB7B"
"TBC1D15","MAP1LC3C"
"TBC1D15","MAP1LC3B2"
"TBC1D15","RAB7A"
"TBC1D15","MAP1LC3B"
"TBC1D15","MAP1LC3A"
"PINK1","BECN2"
"PINK1","PRKN"
"PINK1","RHOT1"
"PINK1","BCL2L1"
"PINK1","RPS27A"
"PINK1","UBA52"
"PINK1","UBB"
"PINK1","UBC"
"PINK1","BECN1"
"PINK1","RHOT2"
"PINK1","MFN2"
"SP1","BNIP3L"
"SRC","FUNDC1"
"TP53","BNIP3L"
"UBA52","PRKN"
"UBB","PRKN"
"UBC","PRKN"
"ATG9A","MITF"
"ATG9A","TFE3"
"ATG9A","TFEB"
"TBC1D17","GABARAP"
"TBC1D17","GABARAPL2"
"TBC1D17","GABARAPL1"
"TBC1D17","RAB7B"
"TBC1D17","MAP1LC3C"
"TBC1D17","MAP1LC3B2"
"TBC1D17","RAB7A"
"TBC1D17","MAP1LC3B"
"TBC1D17","MAP1LC3A"
"ULK1","FUNDC1"
"USP8","PRKN"
"EIF2AK3","ATF4"
"ATG5","MITF"
"ATG5","TFE3"
"ATG5","TFEB"
"MFN2","PRKN"
"TANK","SMCR8"
"RRAGB","MTOR"
"RRAGB","RPTOR"
"RRAGB","MLST8"
"RRAGB","DEPTOR"
"RRAGB","AKT1S1"
"ATG7","MAP1LC3C"
"ATG7","MAP1LC3B2"
"ATG7","MAP1LC3B"
"ATG7","MAP1LC3A"
"CAMKK2","PRKAA1"
"CAMKK2","PRKAA2"
"RRAGA","MTOR"
"RRAGA","RPTOR"
"RRAGA","MLST8"
"RRAGA","DEPTOR"
"RRAGA","AKT1S1"
"WDR45","ATG16L1"
"WDR45","ATG16L2"
"ATG4A","MAP1LC3C"
"ATG4A","MAP1LC3B2"
"ATG4A","MAP1LC3B"
"ATG4A","MAP1LC3A"
"RAB39B","SQSTM1"
"PRAP1","STK11"
"SMCR8","RAB39B"
"SMCR8","RAB8A"
"DAPK1","BECN2"
"DAPK1","BECN1"
"DAPK3","BECN2"
"DAPK3","BECN1"
"C9orf72","RAB39B"
"C9orf72","RAB8A"
"ERN1","MAPK8"
"ERN1","MAPK9"
"ERN1","MAPK10"
"RRAS2","PDPK1"
"MRAS","PDPK1"
"ATG14","NRBF2"
"ATG4B","MAP1LC3C"
"ATG4B","MAP1LC3B2"
"ATG4B","MAP1LC3B"
"ATG4B","MAP1LC3A"
"DAPK2","BECN2"
"DAPK2","BECN1"
"MTOR","ULK1"
"WIPI2","ATG16L1"
"WIPI2","ATG16L2"
"TBK1","SMCR8"
"NRBF2","PIK3C3"
"PIK3R4","PIK3C3"
"HIF1A","DDIT4"
"HMGB1","BECN2"
"HMGB1","BECN1"
"HRAS","PDPK1"
"IGF1R","RRAS2"
"IGF1R","MRAS"
"IGF1R","HRAS"
"IGF1R","KRAS"
"IGF1R","NRAS"
"IGF1R","RRAS"
"INS","RRAS2"
"INS","MRAS"
"INS","HRAS"
"INS","IRS1"
"INS","KRAS"
"INS","NRAS"
"INS","RRAS"
"INS","IRS4"
"INS","IRS2"
"ITPR1","BECN2"
"ITPR1","BECN1"
"KRAS","PDPK1"
"RAB8A","SQSTM1"
"EIF2AK4","EIF2S1"
"BECN2","NRBF2"
"BECN2","PIK3C3"
"NRAS","PDPK1"
"SH3GLB1","ATG9B"
"SH3GLB1","UVRAG"
"SH3GLB1","ATG9A"
"DDIT4","TSC1"
"DDIT4","TSC2"
"STX17","ATG14"
"ATG16L1","MAP1LC3C"
"ATG16L1","MAP1LC3B2"
"ATG16L1","MAP1LC3B"
"ATG16L1","MAP1LC3A"
"WIPI1","ATG16L1"
"WIPI1","ATG16L2"
"PPP2CA","ULK1"
"PPP2CB","ULK1"
"WDR41","RAB39B"
"WDR41","RAB8A"
"SUPT20H","ATG9B"
"SUPT20H","ATG9A"
"PRKAA1","RPTOR"
"PRKAA1","TSC1"
"PRKAA1","TSC2"
"AMBRA1","BECN2"
"AMBRA1","TRAF6"
"AMBRA1","BECN1"
"PRKAA2","RPTOR"
"PRKAA2","TSC1"
"PRKAA2","TSC2"
"PRKACA","GABARAP"
"PRKACA","GABARAPL2"
"PRKACA","GABARAPL1"
"PRKACA","MAP1LC3C"
"PRKACA","PRKAA1"
"PRKACA","PRKAA2"
"PRKACA","MAP1LC3B2"
"PRKACA","MAP1LC3B"
"PRKACA","ULK1"
"PRKACA","AKT1S1"
"PRKACA","MAP1LC3A"
"PRKACA","ULK2"
"PRKACA","ATG13"
"PRKACB","GABARAP"
"PRKACB","GABARAPL2"
"PRKACB","GABARAPL1"
"PRKACB","MAP1LC3C"
"PRKACB","PRKAA1"
"PRKACB","PRKAA2"
"PRKACB","MAP1LC3B2"
"PRKACB","MAP1LC3B"
"PRKACB","ULK1"
"PRKACB","AKT1S1"
"PRKACB","MAP1LC3A"
"PRKACB","ULK2"
"PRKACB","ATG13"
"PRKACG","GABARAP"
"PRKACG","GABARAPL2"
"PRKACG","GABARAPL1"
"PRKACG","MAP1LC3C"
"PRKACG","PRKAA1"
"PRKACG","PRKAA2"
"PRKACG","MAP1LC3B2"
"PRKACG","MAP1LC3B"
"PRKACG","ULK1"
"PRKACG","AKT1S1"
"PRKACG","MAP1LC3A"
"PRKACG","ULK2"
"PRKACG","ATG13"
"PRKCD","MAPK8"
"PRKCD","MAPK9"
"PRKCD","MAPK10"
"PRKCQ","GABARAP"
"PRKCQ","GABARAPL2"
"PRKCQ","GABARAPL1"
"PRKCQ","MAP1LC3C"
"PRKCQ","MAP1LC3B2"
"PRKCQ","MAP1LC3B"
"PRKCQ","MAP1LC3A"
"MAPK1","TSC1"
"MAPK1","TSC2"
"MAPK3","TSC1"
"MAPK3","TSC2"
"MAPK8","BCL2"
"MAPK8","BCL2L1"
"MAPK9","BCL2"
"MAPK9","BCL2L1"
"MAPK10","BCL2"
"MAPK10","BCL2L1"
"WDR45B","ATG16L1"
"WDR45B","ATG16L2"
"RPTOR","RPS6KB1"
"RPTOR","RPS6KB2"
"RPTOR","ULK1"
"TP53INP2","GABARAP"
"TP53INP2","GABARAPL2"
"TP53INP2","GABARAPL1"
"TP53INP2","MAP1LC3C"
"TP53INP2","MAP1LC3B2"
"TP53INP2","MAP1LC3B"
"TP53INP2","VMP1"
"TP53INP2","MAP1LC3A"
"RRAGD","MTOR"
"RRAGD","RPTOR"
"RRAGD","MLST8"
"RRAGD","DEPTOR"
"RRAGD","AKT1S1"
"RAB1A","C9orf72"
"BCL2","BECN2"
"BCL2","BECN1"
"BCL2L1","BECN2"
"BCL2L1","BECN1"
"RHEB","RPTOR"
"RHEB","MLST8"
"RHEB","DEPTOR"
"RHEB","AKT1S1"
"RPS6KB1","IRS1"
"RPS6KB1","IRS4"
"RPS6KB1","IRS2"
"RPS6KB2","IRS1"
"RPS6KB2","IRS4"
"RPS6KB2","IRS2"
"RRAS","PDPK1"
"RRAGC","MTOR"
"RRAGC","RPTOR"
"RRAGC","MLST8"
"RRAGC","DEPTOR"
"RRAGC","AKT1S1"
"MLST8","RPS6KB1"
"MLST8","RPS6KB2"
"MLST8","ULK1"
"ATG3","MAP1LC3C"
"ATG3","MAP1LC3B2"
"ATG3","MAP1LC3B"
"ATG3","MAP1LC3A"
"DEPTOR","MTOR"
"DEPTOR","IGBP1"
"DEPTOR","RPS6KB1"
"DEPTOR","RPS6KB2"
"DEPTOR","ULK1"
"DEPTOR","ULK2"
"DEPTOR","ATG13"
"BNIP3","BCL2"
"BNIP3","BCL2L1"
"BNIP3","RHEB"
"MAP3K7","PRKAA1"
"MAP3K7","PRKAA2"
"TRAF6","ULK1"
"TRAF6","ULK2"
"UVRAG","ATG14"
"UVRAG","BECN2"
"UVRAG","BECN1"
"UVRAG","RUBCN"
"VMP1","BECN2"
"VMP1","BECN1"
"RAB33B","ATG16L1"
"RAB33B","ATG16L2"
"ULK1","SMCR8"
"ULK1","ATG14"
"ULK1","ATG2A"
"ULK1","BECN2"
"ULK1","ATG2B"
"ULK1","AMBRA1"
"ULK1","BECN1"
"ULK1","ATG13"
"ULK1","RB1CC1"
"AKT1S1","MTOR"
"AKT1S1","IGBP1"
"AKT1S1","RPTOR"
"AKT1S1","RPS6KB1"
"AKT1S1","RPS6KB2"
"AKT1S1","ULK1"
"AKT1S1","ULK2"
"AKT1S1","ATG13"
"ATG4C","MAP1LC3C"
"ATG4C","MAP1LC3B2"
"ATG4C","MAP1LC3B"
"ATG4C","MAP1LC3A"
"ATG4D","MAP1LC3C"
"ATG4D","MAP1LC3B2"
"ATG4D","MAP1LC3B"
"ATG4D","MAP1LC3A"
"BECN1","NRBF2"
"BECN1","PIK3C3"
"CFLAR","ATG3"
"ATG16L2","GABARAP"
"ATG16L2","GABARAPL2"
"ATG16L2","GABARAPL1"
"ATG16L2","MAP1LC3C"
"ATG16L2","MAP1LC3B2"
"ATG16L2","ATG3"
"ATG16L2","MAP1LC3B"
"ATG16L2","MAP1LC3A"
"ATG12","MAP1LC3C"
"ATG12","MAP1LC3B2"
"ATG12","MAP1LC3B"
"ATG12","MAP1LC3A"
"EIF2AK3","EIF2S1"
"ATG5","MAP1LC3C"
"ATG5","MAP1LC3B2"
"ATG5","MAP1LC3B"
"ATG5","MAP1LC3A"
"ULK2","SMCR8"
"ULK2","ATG14"
"ULK2","ATG2A"
"ULK2","BECN2"
"ULK2","ATG2B"
"ULK2","AMBRA1"
"ULK2","BECN1"
"ULK2","RB1CC1"
"RUBCN","PIK3C3"
"ATG13","ATG14"
"ATG13","ATG9B"
"ATG13","ATG9A"
"ATG13","VMP1"
"RB1CC1","ATG16L1"
"RB1CC1","ATG16L2"
"PREB","SAR1B"
"PREB","SAR1A"
"ATF6B","DDIT3"
"DDIT3","BCL2"
"EIF2S1","ATF4"
"ERN1","TRAF2"
"ERN1","XBP1"
"ATF6","DDIT3"
"PPP1R15A","EIF2S1"
"SVIP","UBXN2A"
"SVIP","UBXN4"
"SVIP","UBXN1"
"SVIP","NPLOC4"
"SVIP","NSFL1C"
"SVIP","UBXN8"
"SVIP","UBXN6"
"ERO1A","PDIA6"
"ERO1A","ERP29"
"ERO1A","P4HB"
"ERO1A","TXNDC5"
"ERO1A","PDIA4"
"MAP3K5","MAP2K7"
"ATF4","DDIT3"
"ATF4","PPP1R15A"
"NFE2L2","DDIT3"
"ERO1B","PDIA6"
"ERO1B","ERP29"
"ERO1B","P4HB"
"ERO1B","TXNDC5"
"ERO1B","PDIA4"
"BAK1","CAPN1"
"BAK1","CAPN2"
"BAX","CAPN1"
"BAX","CAPN2"
"WFS1","ATF6B"
"WFS1","ATF6"
"XBP1","DDIT3"
"CAPN1","CASP12"
"CAPN2","CASP12"
"EIF2AK3","NFE2L2"
"NR1H3","ABCA1"
"NR1H3","ALOX15"
"NR1H3","TGFB1"
"ADAM10","MERTK"
"SIRPB1","PECAM1"
"SIRPB1","PTPN6"
"SIRPB1","PTPN11"
"SIRPB1","SIGLEC10"
"MERTK","MAPK1"
"MERTK","MAPK3"
"CEBPB","PPARG"
"CREB1","TGFB1"
"CRK","DOCK1"
"CRKL","DOCK1"
"SIRPA","PECAM1"
"SIRPA","PTPN6"
"SIRPA","PTPN11"
"SIRPA","SIGLEC10"
"CX3CR1","MERTK"
"DNMT3A","DUSP2"
"DNMT3A","DUSP4"
"DNMT3A","DUSP5"
"DNMT3A","DUSP7"
"DNMT3A","DUSP8"
"DNMT3A","DUSP16"
"DOCK1","RAC1"
"S1PR1","NFATC1"
"S1PR1","NFATC2"
"S1PR1","NFATC3"
"S1PR1","NFATC4"
"EPOR","JAK2"
"SIRT1","PBX1"
"PLA2G15","PPARD"
"PLA2G15","PPARG"
"HAVCR1","RAC1"
"LIPA","NR1H3"
"LIPA","PPARD"
"LIPA","PPARG"
"LIPA","NR1H2"
"NFATC1","HIF1A"
"NFATC1","ARNT"
"NFATC2","HIF1A"
"NFATC2","ARNT"
"NFATC3","HIF1A"
"NFATC3","ARNT"
"NFATC4","HIF1A"
"NFATC4","ARNT"
"ATP2A1","CAMK2A"
"ATP2A1","CAMK2B"
"ATP2A1","CAMK2D"
"ATP2A1","CAMK2G"
"ATP2A2","CAMK2A"
"ATP2A2","CAMK2B"
"ATP2A2","CAMK2D"
"ATP2A2","CAMK2G"
"ATP2A3","CAMK2A"
"ATP2A3","CAMK2B"
"ATP2A3","CAMK2D"
"ATP2A3","CAMK2G"
"PBX1","IL10"
"GULP1","RAC1"
"PECAM1","PTPN6"
"PPARG","MERTK"
"PPARG","GAS6"
"PPARG","MFGE8"
"SIRPG","PECAM1"
"SIRPG","PTPN6"
"SIRPG","PTPN11"
"SIRPG","SIGLEC10"
"MAPK1","CEBPB"
"MAPK1","ATP2A1"
"MAPK1","ATP2A2"
"MAPK1","ATP2A3"
"MAPK1","PTGS2"
"MAPK3","CEBPB"
"MAPK3","ATP2A1"
"MAPK3","ATP2A2"
"MAPK3","ATP2A3"
"MAPK3","PTGS2"
"PTGER2","CREB1"
"PTGER4","CREB1"
"RAC1","ABCA1"
"ADAM17","MERTK"
"NR1H2","ABCA1"
"NR1H2","ALOX15"
"NR1H2","TGFB1"
"CASP3","ATP8A1"
"CASP3","XKR4"
"CASP3","ATP11B"
"CASP3","ATP11A"
"CASP3","XKR6"
"CASP3","ATP11C"
"CASP3","XKR7"
"CASP3","XKR9"
"CASP3","ATP8A2"
"CASP3","XKR8"
"HAVCR2","RAC1"
"ADAM9","MERTK"
"SIGLEC10","PTPN6"
"SIGLEC10","PTPN11"
"TIMD4","RAC1"
"CD36","MAP2K1"
"CD36","MAP2K2"
"AKT3","TBC1D7-LOC100130357"
"AKT3","TBC1D7"
"AKT3","AKT1S1"
"LAMTOR5","RRAGB"
"LAMTOR5","RRAGA"
"LAMTOR5","RRAGD"
"LAMTOR5","RRAGC"
"NPRL2","RRAGB"
"NPRL2","RRAGA"
"TBC1D7-LOC100130357","RHEB"
"FZD10","DVL1"
"FZD10","DVL2"
"FZD10","DVL3"
"CHUK","MTOR"
"ATP6V1G3","LAMTOR5"
"ATP6V1G3","LAMTOR2"
"ATP6V1G3","LAMTOR4"
"ATP6V1G3","LAMTOR1"
"ATP6V1G3","LAMTOR3"
"SLC38A9","LAMTOR5"
"SLC38A9","LAMTOR2"
"SLC38A9","LAMTOR4"
"SLC38A9","LAMTOR1"
"SLC38A9","LAMTOR3"
"DVL1","GSK3B"
"DVL2","GSK3B"
"DVL3","GSK3B"
"FLCN","RRAGB"
"FLCN","RRAGA"
"FLCN","RRAGD"
"FLCN","RRAGC"
"AKT1","TBC1D7-LOC100130357"
"AKT1","TBC1D7"
"AKT1","AKT1S1"
"AKT2","TBC1D7-LOC100130357"
"AKT2","TBC1D7"
"AKT2","AKT1S1"
"RNF152","RRAGB"
"RNF152","RRAGA"
"ATP6V1C2","LAMTOR5"
"ATP6V1C2","LAMTOR2"
"ATP6V1C2","LAMTOR4"
"ATP6V1C2","LAMTOR1"
"ATP6V1C2","LAMTOR3"
"MTOR","LPIN1"
"MTOR","GRB10"
"MTOR","RHOA"
"MTOR","PRKCA"
"MTOR","PRKCB"
"MTOR","PRKCG"
"MTOR","CLIP1"
"MTOR","SGK1"
"MTOR","LPIN3"
"MTOR","LPIN2"
"FZD2","DVL1"
"FZD2","DVL2"
"FZD2","DVL3"
"RPS6KA6","TBC1D7-LOC100130357"
"RPS6KA6","TBC1D7"
"RPS6KA6","TSC1"
"RPS6KA6","TSC2"
"GRB10","IGF1R"
"GRB10","INSR"
"LAMTOR2","RRAGB"
"LAMTOR2","RRAGA"
"LAMTOR2","RRAGD"
"LAMTOR2","RRAGC"
"GSK3B","TBC1D7-LOC100130357"
"GSK3B","TBC1D7"
"GSK3B","TSC1"
"GSK3B","TSC2"
"IGF1R","GRB2"
"IKBKB","TBC1D7-LOC100130357"
"IKBKB","TBC1D7"
"IKBKB","TSC1"
"IKBKB","TSC2"
"LAMTOR4","RRAGB"
"LAMTOR4","RRAGA"
"LAMTOR4","RRAGD"
"LAMTOR4","RRAGC"
"LRP6","DVL1"
"LRP6","DVL2"
"LRP6","DVL3"
"LRP5","DVL1"
"LRP5","DVL2"
"LRP5","DVL3"
"TBC1D7","RHEB"
"ATP6V1D","LAMTOR5"
"ATP6V1D","LAMTOR2"
"ATP6V1D","LAMTOR4"
"ATP6V1D","LAMTOR1"
"ATP6V1D","LAMTOR3"
"WNT16","FZD10"
"WNT16","FZD2"
"WNT16","LRP6"
"WNT16","LRP5"
"WNT16","FZD5"
"WNT16","FZD3"
"WNT16","FZD1"
"WNT16","FZD4"
"WNT16","FZD6"
"WNT16","FZD7"
"WNT16","FZD8"
"WNT16","FZD9"
"ATP6V1H","LAMTOR5"
"ATP6V1H","LAMTOR2"
"ATP6V1H","LAMTOR4"
"ATP6V1H","LAMTOR1"
"ATP6V1H","LAMTOR3"
"CAB39","PRKAA1"
"CAB39","PRKAA2"
"ATP6V1A","LAMTOR5"
"ATP6V1A","LAMTOR2"
"ATP6V1A","LAMTOR4"
"ATP6V1A","LAMTOR1"
"ATP6V1A","LAMTOR3"
"ATP6V1B1","LAMTOR5"
"ATP6V1B1","LAMTOR2"
"ATP6V1B1","LAMTOR4"
"ATP6V1B1","LAMTOR1"
"ATP6V1B1","LAMTOR3"
"ATP6V1B2","LAMTOR5"
"ATP6V1B2","LAMTOR2"
"ATP6V1B2","LAMTOR4"
"ATP6V1B2","LAMTOR1"
"ATP6V1B2","LAMTOR3"
"ATP6V1C1","LAMTOR5"
"ATP6V1C1","LAMTOR2"
"ATP6V1C1","LAMTOR4"
"ATP6V1C1","LAMTOR1"
"ATP6V1C1","LAMTOR3"
"ATP6V1E1","LAMTOR5"
"ATP6V1E1","LAMTOR2"
"ATP6V1E1","LAMTOR4"
"ATP6V1E1","LAMTOR1"
"ATP6V1E1","LAMTOR3"
"PIK3CA","MTOR"
"PIK3CB","MTOR"
"PIK3CD","MTOR"
"PIK3R1","MTOR"
"PIK3R2","MTOR"
"ATP6V1G2","LAMTOR5"
"ATP6V1G2","LAMTOR2"
"ATP6V1G2","LAMTOR4"
"ATP6V1G2","LAMTOR1"
"ATP6V1G2","LAMTOR3"
"WNT4","FZD10"
"WNT4","FZD2"
"WNT4","LRP6"
"WNT4","LRP5"
"WNT4","FZD5"
"WNT4","FZD3"
"WNT4","FZD1"
"WNT4","FZD4"
"WNT4","FZD6"
"WNT4","FZD7"
"WNT4","FZD8"
"WNT4","FZD9"
"MIOS","NPRL2"
"MIOS","NPRL3"
"MIOS","DEPDC5"
"DDIT4","TBC1D7-LOC100130357"
"DDIT4","TBC1D7"
"LAMTOR1","RRAGB"
"LAMTOR1","RRAGA"
"LAMTOR1","RRAGD"
"LAMTOR1","RRAGC"
"STRADB","PRKAA1"
"STRADB","PRKAA2"
"PRKAA1","TBC1D7-LOC100130357"
"PRKAA1","MTOR"
"PRKAA1","TBC1D7"
"PRKAA2","TBC1D7-LOC100130357"
"PRKAA2","MTOR"
"PRKAA2","TBC1D7"
"MAPK1","TBC1D7-LOC100130357"
"MAPK1","TBC1D7"
"MAPK3","TBC1D7-LOC100130357"
"MAPK3","TBC1D7"
"FNIP2","RRAGB"
"FNIP2","RRAGA"
"FNIP2","RRAGD"
"FNIP2","RRAGC"
"RPS6KA1","TBC1D7-LOC100130357"
"RPS6KA1","TBC1D7"
"RPS6KA1","TSC1"
"RPS6KA1","TSC2"
"RPS6KA2","TBC1D7-LOC100130357"
"RPS6KA2","TBC1D7"
"RPS6KA2","TSC1"
"RPS6KA2","TSC2"
"RPS6KA3","TBC1D7-LOC100130357"
"RPS6KA3","TBC1D7"
"RPS6KA3","TSC1"
"RPS6KA3","TSC2"
"RPS6KB1","EIF4B"
"RPS6KB2","EIF4B"
"SEC13","NPRL2"
"SEC13","NPRL3"
"SEC13","DEPDC5"
"SKP2","RRAGB"
"SKP2","RRAGA"
"CASTOR1","MIOS"
"CASTOR1","SEC13"
"CASTOR1","WDR59"
"CASTOR1","SEH1L"
"CASTOR1","WDR24"
"TNFRSF1A","IKBKB"
"WNT1","FZD10"
"WNT1","FZD2"
"WNT1","LRP6"
"WNT1","LRP5"
"WNT1","FZD5"
"WNT1","FZD3"
"WNT1","FZD1"
"WNT1","FZD4"
"WNT1","FZD6"
"WNT1","FZD7"
"WNT1","FZD8"
"WNT1","FZD9"
"WNT2","FZD10"
"WNT2","FZD2"
"WNT2","LRP6"
"WNT2","LRP5"
"WNT2","FZD5"
"WNT2","FZD3"
"WNT2","FZD1"
"WNT2","FZD4"
"WNT2","FZD6"
"WNT2","FZD7"
"WNT2","FZD8"
"WNT2","FZD9"
"WNT3","FZD10"
"WNT3","FZD2"
"WNT3","LRP6"
"WNT3","LRP5"
"WNT3","FZD5"
"WNT3","FZD3"
"WNT3","FZD1"
"WNT3","FZD4"
"WNT3","FZD6"
"WNT3","FZD7"
"WNT3","FZD8"
"WNT3","FZD9"
"WNT5A","FZD10"
"WNT5A","FZD2"
"WNT5A","LRP6"
"WNT5A","LRP5"
"WNT5A","FZD5"
"WNT5A","FZD3"
"WNT5A","FZD1"
"WNT5A","FZD4"
"WNT5A","FZD6"
"WNT5A","FZD7"
"WNT5A","FZD8"
"WNT5A","FZD9"
"WNT6","FZD10"
"WNT6","FZD2"
"WNT6","LRP6"
"WNT6","LRP5"
"WNT6","FZD5"
"WNT6","FZD3"
"WNT6","FZD1"
"WNT6","FZD4"
"WNT6","FZD6"
"WNT6","FZD7"
"WNT6","FZD8"
"WNT6","FZD9"
"WNT7A","FZD10"
"WNT7A","FZD2"
"WNT7A","LRP6"
"WNT7A","LRP5"
"WNT7A","FZD5"
"WNT7A","FZD3"
"WNT7A","FZD1"
"WNT7A","FZD4"
"WNT7A","FZD6"
"WNT7A","FZD7"
"WNT7A","FZD8"
"WNT7A","FZD9"
"WNT7B","FZD10"
"WNT7B","FZD2"
"WNT7B","LRP6"
"WNT7B","LRP5"
"WNT7B","FZD5"
"WNT7B","FZD3"
"WNT7B","FZD1"
"WNT7B","FZD4"
"WNT7B","FZD6"
"WNT7B","FZD7"
"WNT7B","FZD8"
"WNT7B","FZD9"
"WNT8A","FZD10"
"WNT8A","FZD2"
"WNT8A","LRP6"
"WNT8A","LRP5"
"WNT8A","FZD5"
"WNT8A","FZD3"
"WNT8A","FZD1"
"WNT8A","FZD4"
"WNT8A","FZD6"
"WNT8A","FZD7"
"WNT8A","FZD8"
"WNT8A","FZD9"
"WNT8B","FZD10"
"WNT8B","FZD2"
"WNT8B","LRP6"
"WNT8B","LRP5"
"WNT8B","FZD5"
"WNT8B","FZD3"
"WNT8B","FZD1"
"WNT8B","FZD4"
"WNT8B","FZD6"
"WNT8B","FZD7"
"WNT8B","FZD8"
"WNT8B","FZD9"
"WNT10B","FZD10"
"WNT10B","FZD2"
"WNT10B","LRP6"
"WNT10B","LRP5"
"WNT10B","FZD5"
"WNT10B","FZD3"
"WNT10B","FZD1"
"WNT10B","FZD4"
"WNT10B","FZD6"
"WNT10B","FZD7"
"WNT10B","FZD8"
"WNT10B","FZD9"
"WNT11","FZD10"
"WNT11","FZD2"
"WNT11","LRP6"
"WNT11","LRP5"
"WNT11","FZD5"
"WNT11","FZD3"
"WNT11","FZD1"
"WNT11","FZD4"
"WNT11","FZD6"
"WNT11","FZD7"
"WNT11","FZD8"
"WNT11","FZD9"
"WNT2B","FZD10"
"WNT2B","FZD2"
"WNT2B","LRP6"
"WNT2B","LRP5"
"WNT2B","FZD5"
"WNT2B","FZD3"
"WNT2B","FZD1"
"WNT2B","FZD4"
"WNT2B","FZD6"
"WNT2B","FZD7"
"WNT2B","FZD8"
"WNT2B","FZD9"
"WNT9A","FZD10"
"WNT9A","FZD2"
"WNT9A","LRP6"
"WNT9A","LRP5"
"WNT9A","FZD5"
"WNT9A","FZD3"
"WNT9A","FZD1"
"WNT9A","FZD4"
"WNT9A","FZD6"
"WNT9A","FZD7"
"WNT9A","FZD8"
"WNT9A","FZD9"
"WNT9B","FZD10"
"WNT9B","FZD2"
"WNT9B","LRP6"
"WNT9B","LRP5"
"WNT9B","FZD5"
"WNT9B","FZD3"
"WNT9B","FZD1"
"WNT9B","FZD4"
"WNT9B","FZD6"
"WNT9B","FZD7"
"WNT9B","FZD8"
"WNT9B","FZD9"
"FZD5","DVL1"
"FZD5","DVL2"
"FZD5","DVL3"
"WDR59","NPRL2"
"WDR59","NPRL3"
"WDR59","DEPDC5"
"FZD3","DVL1"
"FZD3","DVL2"
"FZD3","DVL3"
"WNT10A","FZD10"
"WNT10A","FZD2"
"WNT10A","LRP6"
"WNT10A","LRP5"
"WNT10A","FZD5"
"WNT10A","FZD3"
"WNT10A","FZD1"
"WNT10A","FZD4"
"WNT10A","FZD6"
"WNT10A","FZD7"
"WNT10A","FZD8"
"WNT10A","FZD9"
"WNT5B","FZD10"
"WNT5B","FZD2"
"WNT5B","LRP6"
"WNT5B","LRP5"
"WNT5B","FZD5"
"WNT5B","FZD3"
"WNT5B","FZD1"
"WNT5B","FZD4"
"WNT5B","FZD6"
"WNT5B","FZD7"
"WNT5B","FZD8"
"WNT5B","FZD9"
"NPRL3","RRAGB"
"NPRL3","RRAGA"
"CAB39L","PRKAA1"
"CAB39L","PRKAA2"
"SEH1L","NPRL2"
"SEH1L","NPRL3"
"SEH1L","DEPDC5"
"FZD1","DVL1"
"FZD1","DVL2"
"FZD1","DVL3"
"FZD4","DVL1"
"FZD4","DVL2"
"FZD4","DVL3"
"FZD6","DVL1"
"FZD6","DVL2"
"FZD6","DVL3"
"FZD7","DVL1"
"FZD7","DVL2"
"FZD7","DVL3"
"FZD8","DVL1"
"FZD8","DVL2"
"FZD8","DVL3"
"FZD9","DVL1"
"FZD9","DVL2"
"FZD9","DVL3"
"SESN2","MIOS"
"SESN2","SEC13"
"SESN2","WDR59"
"SESN2","SEH1L"
"SESN2","WDR24"
"WDR24","NPRL2"
"WDR24","NPRL3"
"WDR24","DEPDC5"
"PIK3R3","MTOR"
"LAMTOR3","RRAGB"
"LAMTOR3","RRAGA"
"LAMTOR3","RRAGD"
"LAMTOR3","RRAGC"
"WNT3A","FZD10"
"WNT3A","FZD2"
"WNT3A","LRP6"
"WNT3A","LRP5"
"WNT3A","FZD5"
"WNT3A","FZD3"
"WNT3A","FZD1"
"WNT3A","FZD4"
"WNT3A","FZD6"
"WNT3A","FZD7"
"WNT3A","FZD8"
"WNT3A","FZD9"
"ATP6V1E2","LAMTOR5"
"ATP6V1E2","LAMTOR2"
"ATP6V1E2","LAMTOR4"
"ATP6V1E2","LAMTOR1"
"ATP6V1E2","LAMTOR3"
"STRADA","PRKAA1"
"STRADA","PRKAA2"
"ATP6V1F","LAMTOR5"
"ATP6V1F","LAMTOR2"
"ATP6V1F","LAMTOR4"
"ATP6V1F","LAMTOR1"
"ATP6V1F","LAMTOR3"
"ATP6V1G1","LAMTOR5"
"ATP6V1G1","LAMTOR2"
"ATP6V1G1","LAMTOR4"
"ATP6V1G1","LAMTOR1"
"ATP6V1G1","LAMTOR3"
"FNIP1","RRAGB"
"FNIP1","RRAGA"
"FNIP1","RRAGD"
"FNIP1","RRAGC"
"DEPDC5","RRAGB"
"DEPDC5","RRAGA"
"AKT3","CREB3"
"AKT3","CREB1"
"AKT3","ATF2"
"AKT3","ATF6B"
"AKT3","CREB3L4"
"AKT3","NR4A1"
"AKT3","MDM2"
"AKT3","ATF4"
"AKT3","RAF1"
"AKT3","CREB3L2"
"AKT3","CREB3L3"
"AKT3","CREB3L1"
"AKT3","CREB5"
"LPAR6","PIK3R6"
"LPAR6","PIK3R5"
"LPAR6","PIK3CG"
"CDKN1B","CDK6"
"CDKN1B","CCND1"
"CDKN1B","CCND2"
"CDKN1B","CCND3"
"CDKN1B","CCNE1"
"CDKN1B","CCNE2"
"LAMC3","ITGA11"
"LAMC3","ITGA6"
"LAMC3","ITGA1"
"LAMC3","ITGA2"
"LAMC3","ITGA2B"
"LAMC3","ITGA3"
"LAMC3","ITGA4"
"LAMC3","ITGA5"
"LAMC3","ITGA7"
"LAMC3","ITGA9"
"LAMC3","ITGAV"
"LAMC3","ITGB1"
"LAMC3","ITGB3"
"LAMC3","ITGB4"
"LAMC3","ITGB5"
"LAMC3","ITGB6"
"LAMC3","ITGB7"
"LAMC3","ITGB8"
"LAMC3","PTK2"
"LAMC3","ITGA10"
"LAMC3","ITGA8"
"CREB3","MCL1"
"CREB3","BCL2"
"GNB5","PIK3R6"
"GNB5","PIK3R5"
"GNB5","PIK3CG"
"YWHAQ","FOXO3"
"YWHAQ","BAD"
"CHAD","ITGA11"
"CHAD","ITGA6"
"CHAD","ITGA1"
"CHAD","ITGA2"
"CHAD","ITGA2B"
"CHAD","ITGA3"
"CHAD","ITGA4"
"CHAD","ITGA5"
"CHAD","ITGA7"
"CHAD","ITGA9"
"CHAD","ITGAV"
"CHAD","ITGB1"
"CHAD","ITGB3"
"CHAD","ITGB4"
"CHAD","ITGB5"
"CHAD","ITGB6"
"CHAD","ITGB7"
"CHAD","ITGB8"
"CHAD","PTK2"
"CHAD","ITGA10"
"CHAD","ITGA8"
"CDC37","AKT3"
"CDC37","AKT1"
"CDC37","AKT2"
"CHRM1","PIK3R6"
"CHRM1","PIK3R5"
"CHRM1","PIK3CG"
"CHRM2","PIK3R6"
"CHRM2","PIK3R5"
"CHRM2","PIK3CG"
"THEM4","AKT3"
"THEM4","AKT1"
"THEM4","AKT2"
"PIK3AP1","PIK3CA"
"PIK3AP1","PIK3CB"
"PIK3AP1","PIK3CD"
"PIK3AP1","PIK3R1"
"PIK3AP1","PIK3R2"
"PIK3AP1","PIK3R3"
"COL1A1","ITGA11"
"COL1A1","ITGA6"
"COL1A1","ITGA1"
"COL1A1","ITGA2"
"COL1A1","ITGA2B"
"COL1A1","ITGA3"
"COL1A1","ITGA4"
"COL1A1","ITGA5"
"COL1A1","ITGA7"
"COL1A1","ITGA9"
"COL1A1","ITGAV"
"COL1A1","ITGB1"
"COL1A1","ITGB3"
"COL1A1","ITGB4"
"COL1A1","ITGB5"
"COL1A1","ITGB6"
"COL1A1","ITGB7"
"COL1A1","ITGB8"
"COL1A1","PTK2"
"COL1A1","ITGA10"
"COL1A1","ITGA8"
"COL1A2","ITGA11"
"COL1A2","ITGA6"
"COL1A2","ITGA1"
"COL1A2","ITGA2"
"COL1A2","ITGA2B"
"COL1A2","ITGA3"
"COL1A2","ITGA4"
"COL1A2","ITGA5"
"COL1A2","ITGA7"
"COL1A2","ITGA9"
"COL1A2","ITGAV"
"COL1A2","ITGB1"
"COL1A2","ITGB3"
"COL1A2","ITGB4"
"COL1A2","ITGB5"
"COL1A2","ITGB6"
"COL1A2","ITGB7"
"COL1A2","ITGB8"
"COL1A2","PTK2"
"COL1A2","ITGA10"
"COL1A2","ITGA8"
"COL2A1","ITGA11"
"COL2A1","ITGA6"
"COL2A1","ITGA1"
"COL2A1","ITGA2"
"COL2A1","ITGA2B"
"COL2A1","ITGA3"
"COL2A1","ITGA4"
"COL2A1","ITGA5"
"COL2A1","ITGA7"
"COL2A1","ITGA9"
"COL2A1","ITGAV"
"COL2A1","ITGB1"
"COL2A1","ITGB3"
"COL2A1","ITGB4"
"COL2A1","ITGB5"
"COL2A1","ITGB6"
"COL2A1","ITGB7"
"COL2A1","ITGB8"
"COL2A1","PTK2"
"COL2A1","ITGA10"
"COL2A1","ITGA8"
"COL4A1","ITGA11"
"COL4A1","ITGA6"
"COL4A1","ITGA1"
"COL4A1","ITGA2"
"COL4A1","ITGA2B"
"COL4A1","ITGA3"
"COL4A1","ITGA4"
"COL4A1","ITGA5"
"COL4A1","ITGA7"
"COL4A1","ITGA9"
"COL4A1","ITGAV"
"COL4A1","ITGB1"
"COL4A1","ITGB3"
"COL4A1","ITGB4"
"COL4A1","ITGB5"
"COL4A1","ITGB6"
"COL4A1","ITGB7"
"COL4A1","ITGB8"
"COL4A1","PTK2"
"COL4A1","ITGA10"
"COL4A1","ITGA8"
"COL4A2","ITGA11"
"COL4A2","ITGA6"
"COL4A2","ITGA1"
"COL4A2","ITGA2"
"COL4A2","ITGA2B"
"COL4A2","ITGA3"
"COL4A2","ITGA4"
"COL4A2","ITGA5"
"COL4A2","ITGA7"
"COL4A2","ITGA9"
"COL4A2","ITGAV"
"COL4A2","ITGB1"
"COL4A2","ITGB3"
"COL4A2","ITGB4"
"COL4A2","ITGB5"
"COL4A2","ITGB6"
"COL4A2","ITGB7"
"COL4A2","ITGB8"
"COL4A2","PTK2"
"COL4A2","ITGA10"
"COL4A2","ITGA8"
"COL4A3","ITGA11"
"COL4A3","ITGA6"
"COL4A3","ITGA1"
"COL4A3","ITGA2"
"COL4A3","ITGA2B"
"COL4A3","ITGA3"
"COL4A3","ITGA4"
"COL4A3","ITGA5"
"COL4A3","ITGA7"
"COL4A3","ITGA9"
"COL4A3","ITGAV"
"COL4A3","ITGB1"
"COL4A3","ITGB3"
"COL4A3","ITGB4"
"COL4A3","ITGB5"
"COL4A3","ITGB6"
"COL4A3","ITGB7"
"COL4A3","ITGB8"
"COL4A3","PTK2"
"COL4A3","ITGA10"
"COL4A3","ITGA8"
"COL4A4","ITGA11"
"COL4A4","ITGA6"
"COL4A4","ITGA1"
"COL4A4","ITGA2"
"COL4A4","ITGA2B"
"COL4A4","ITGA3"
"COL4A4","ITGA4"
"COL4A4","ITGA5"
"COL4A4","ITGA7"
"COL4A4","ITGA9"
"COL4A4","ITGAV"
"COL4A4","ITGB1"
"COL4A4","ITGB3"
"COL4A4","ITGB4"
"COL4A4","ITGB5"
"COL4A4","ITGB6"
"COL4A4","ITGB7"
"COL4A4","ITGB8"
"COL4A4","PTK2"
"COL4A4","ITGA10"
"COL4A4","ITGA8"
"COL4A5","ITGA11"
"COL4A5","ITGA6"
"COL4A5","ITGA1"
"COL4A5","ITGA2"
"COL4A5","ITGA2B"
"COL4A5","ITGA3"
"COL4A5","ITGA4"
"COL4A5","ITGA5"
"COL4A5","ITGA7"
"COL4A5","ITGA9"
"COL4A5","ITGAV"
"COL4A5","ITGB1"
"COL4A5","ITGB3"
"COL4A5","ITGB4"
"COL4A5","ITGB5"
"COL4A5","ITGB6"
"COL4A5","ITGB7"
"COL4A5","ITGB8"
"COL4A5","PTK2"
"COL4A5","ITGA10"
"COL4A5","ITGA8"
"COL4A6","ITGA11"
"COL4A6","ITGA6"
"COL4A6","ITGA1"
"COL4A6","ITGA2"
"COL4A6","ITGA2B"
"COL4A6","ITGA3"
"COL4A6","ITGA4"
"COL4A6","ITGA5"
"COL4A6","ITGA7"
"COL4A6","ITGA9"
"COL4A6","ITGAV"
"COL4A6","ITGB1"
"COL4A6","ITGB3"
"COL4A6","ITGB4"
"COL4A6","ITGB5"
"COL4A6","ITGB6"
"COL4A6","ITGB7"
"COL4A6","ITGB8"
"COL4A6","PTK2"
"COL4A6","ITGA10"
"COL4A6","ITGA8"
"COL6A1","ITGA11"
"COL6A1","ITGA6"
"COL6A1","ITGA1"
"COL6A1","ITGA2"
"COL6A1","ITGA2B"
"COL6A1","ITGA3"
"COL6A1","ITGA4"
"COL6A1","ITGA5"
"COL6A1","ITGA7"
"COL6A1","ITGA9"
"COL6A1","ITGAV"
"COL6A1","ITGB1"
"COL6A1","ITGB3"
"COL6A1","ITGB4"
"COL6A1","ITGB5"
"COL6A1","ITGB6"
"COL6A1","ITGB7"
"COL6A1","ITGB8"
"COL6A1","PTK2"
"COL6A1","ITGA10"
"COL6A1","ITGA8"
"COL6A2","ITGA11"
"COL6A2","ITGA6"
"COL6A2","ITGA1"
"COL6A2","ITGA2"
"COL6A2","ITGA2B"
"COL6A2","ITGA3"
"COL6A2","ITGA4"
"COL6A2","ITGA5"
"COL6A2","ITGA7"
"COL6A2","ITGA9"
"COL6A2","ITGAV"
"COL6A2","ITGB1"
"COL6A2","ITGB3"
"COL6A2","ITGB4"
"COL6A2","ITGB5"
"COL6A2","ITGB6"
"COL6A2","ITGB7"
"COL6A2","ITGB8"
"COL6A2","PTK2"
"COL6A2","ITGA10"
"COL6A2","ITGA8"
"COL6A3","ITGA11"
"COL6A3","ITGA6"
"COL6A3","ITGA1"
"COL6A3","ITGA2"
"COL6A3","ITGA2B"
"COL6A3","ITGA3"
"COL6A3","ITGA4"
"COL6A3","ITGA5"
"COL6A3","ITGA7"
"COL6A3","ITGA9"
"COL6A3","ITGAV"
"COL6A3","ITGB1"
"COL6A3","ITGB3"
"COL6A3","ITGB4"
"COL6A3","ITGB5"
"COL6A3","ITGB6"
"COL6A3","ITGB7"
"COL6A3","ITGB8"
"COL6A3","PTK2"
"COL6A3","ITGA10"
"COL6A3","ITGA8"
"COL9A1","ITGA11"
"COL9A1","ITGA6"
"COL9A1","ITGA1"
"COL9A1","ITGA2"
"COL9A1","ITGA2B"
"COL9A1","ITGA3"
"COL9A1","ITGA4"
"COL9A1","ITGA5"
"COL9A1","ITGA7"
"COL9A1","ITGA9"
"COL9A1","ITGAV"
"COL9A1","ITGB1"
"COL9A1","ITGB3"
"COL9A1","ITGB4"
"COL9A1","ITGB5"
"COL9A1","ITGB6"
"COL9A1","ITGB7"
"COL9A1","ITGB8"
"COL9A1","PTK2"
"COL9A1","ITGA10"
"COL9A1","ITGA8"
"COL9A2","ITGA11"
"COL9A2","ITGA6"
"COL9A2","ITGA1"
"COL9A2","ITGA2"
"COL9A2","ITGA2B"
"COL9A2","ITGA3"
"COL9A2","ITGA4"
"COL9A2","ITGA5"
"COL9A2","ITGA7"
"COL9A2","ITGA9"
"COL9A2","ITGAV"
"COL9A2","ITGB1"
"COL9A2","ITGB3"
"COL9A2","ITGB4"
"COL9A2","ITGB5"
"COL9A2","ITGB6"
"COL9A2","ITGB7"
"COL9A2","ITGB8"
"COL9A2","PTK2"
"COL9A2","ITGA10"
"COL9A2","ITGA8"
"COL9A3","ITGA11"
"COL9A3","ITGA6"
"COL9A3","ITGA1"
"COL9A3","ITGA2"
"COL9A3","ITGA2B"
"COL9A3","ITGA3"
"COL9A3","ITGA4"
"COL9A3","ITGA5"
"COL9A3","ITGA7"
"COL9A3","ITGA9"
"COL9A3","ITGAV"
"COL9A3","ITGB1"
"COL9A3","ITGB3"
"COL9A3","ITGB4"
"COL9A3","ITGB5"
"COL9A3","ITGB6"
"COL9A3","ITGB7"
"COL9A3","ITGB8"
"COL9A3","PTK2"
"COL9A3","ITGA10"
"COL9A3","ITGA8"
"COMP","ITGA11"
"COMP","ITGA6"
"COMP","ITGA1"
"COMP","ITGA2"
"COMP","ITGA2B"
"COMP","ITGA3"
"COMP","ITGA4"
"COMP","ITGA5"
"COMP","ITGA7"
"COMP","ITGA9"
"COMP","ITGAV"
"COMP","ITGB1"
"COMP","ITGB3"
"COMP","ITGB4"
"COMP","ITGB5"
"COMP","ITGB6"
"COMP","ITGB7"
"COMP","ITGB8"
"COMP","PTK2"
"COMP","ITGA10"
"COMP","ITGA8"
"COL6A6","ITGA11"
"COL6A6","ITGA6"
"COL6A6","ITGA1"
"COL6A6","ITGA2"
"COL6A6","ITGA2B"
"COL6A6","ITGA3"
"COL6A6","ITGA4"
"COL6A6","ITGA5"
"COL6A6","ITGA7"
"COL6A6","ITGA9"
"COL6A6","ITGAV"
"COL6A6","ITGB1"
"COL6A6","ITGB3"
"COL6A6","ITGB4"
"COL6A6","ITGB5"
"COL6A6","ITGB6"
"COL6A6","ITGB7"
"COL6A6","ITGB8"
"COL6A6","PTK2"
"COL6A6","ITGA10"
"COL6A6","ITGA8"
"CREB1","MCL1"
"CREB1","BCL2"
"ATF2","MCL1"
"ATF2","BCL2"
"ATF6B","MCL1"
"ATF6B","BCL2"
"CSF1R","GRB2"
"CSF1R","IRS1"
"CSF3","EPOR"
"CSF3","GHR"
"CSF3","IFNAR1"
"CSF3","IFNAR2"
"CSF3","IL2RA"
"CSF3","IL2RB"
"CSF3","IL2RG"
"CSF3","IL3RA"
"CSF3","IL4R"
"CSF3","IL6R"
"CSF3","IL7R"
"CSF3","JAK1"
"CSF3","JAK2"
"CSF3","JAK3"
"CSF3","PRLR"
"CSF3","OSMR"
"CSH1","CSF3R"
"CSH1","EPOR"
"CSH1","IFNAR1"
"CSH1","IFNAR2"
"CSH1","IL2RA"
"CSH1","IL2RB"
"CSH1","IL2RG"
"CSH1","IL3RA"
"CSH1","IL4R"
"CSH1","IL6R"
"CSH1","IL7R"
"CSH1","JAK1"
"CSH1","JAK2"
"CSH1","JAK3"
"CSH1","PRLR"
"CSH1","OSMR"
"CSH2","CSF3R"
"CSH2","EPOR"
"CSH2","IFNAR1"
"CSH2","IFNAR2"
"CSH2","IL2RA"
"CSH2","IL2RB"
"CSH2","IL2RG"
"CSH2","IL3RA"
"CSH2","IL4R"
"CSH2","IL6R"
"CSH2","IL7R"
"CSH2","JAK1"
"CSH2","JAK2"
"CSH2","JAK3"
"CSH2","PRLR"
"CSH2","OSMR"
"CREB3L4","MCL1"
"CREB3L4","BCL2"
"LPAR1","PIK3R6"
"LPAR1","PIK3R5"
"LPAR1","PIK3CG"
"EGFR","IRS1"
"EPHA2","GRB2"
"EPHA2","IRS1"
"CRTC2","AKT3"
"CRTC2","AKT1"
"CRTC2","AKT2"
"EPO","CSF3R"
"EPO","GHR"
"EPO","IFNAR1"
"EPO","IFNAR2"
"EPO","IL2RA"
"EPO","IL2RB"
"EPO","IL2RG"
"EPO","IL3RA"
"EPO","IL4R"
"EPO","IL6R"
"EPO","IL7R"
"EPO","JAK1"
"EPO","JAK2"
"EPO","JAK3"
"EPO","PRLR"
"EPO","OSMR"
"ERBB2","IRS1"
"ERBB3","IRS1"
"ERBB4","IRS1"
"AKT1","CREB3"
"AKT1","CREB1"
"AKT1","ATF2"
"AKT1","ATF6B"
"AKT1","CREB3L4"
"AKT1","NR4A1"
"AKT1","MDM2"
"AKT1","ATF4"
"AKT1","RAF1"
"AKT1","CREB3L2"
"AKT1","CREB3L3"
"AKT1","CREB3L1"
"AKT1","CREB5"
"AKT2","CREB3"
"AKT2","CREB1"
"AKT2","ATF2"
"AKT2","ATF6B"
"AKT2","CREB3L4"
"AKT2","NR4A1"
"AKT2","MDM2"
"AKT2","ATF4"
"AKT2","RAF1"
"AKT2","CREB3L2"
"AKT2","CREB3L3"
"AKT2","CREB3L1"
"AKT2","CREB5"
"F2R","PIK3R6"
"F2R","PIK3R5"
"F2R","PIK3CG"
"FGFR1","GRB2"
"FGFR1","IRS1"
"FGFR3","GRB2"
"FGFR3","IRS1"
"FGFR2","GRB2"
"FGFR2","IRS1"
"FGFR4","GRB2"
"FGFR4","IRS1"
"LAMB4","ITGA11"
"LAMB4","ITGA6"
"LAMB4","ITGA1"
"LAMB4","ITGA2"
"LAMB4","ITGA2B"
"LAMB4","ITGA3"
"LAMB4","ITGA4"
"LAMB4","ITGA5"
"LAMB4","ITGA7"
"LAMB4","ITGA9"
"LAMB4","ITGAV"
"LAMB4","ITGB1"
"LAMB4","ITGB3"
"LAMB4","ITGB4"
"LAMB4","ITGB5"
"LAMB4","ITGB6"
"LAMB4","ITGB7"
"LAMB4","ITGB8"
"LAMB4","PTK2"
"LAMB4","ITGA10"
"LAMB4","ITGA8"
"PHLPP2","AKT3"
"PHLPP2","AKT1"
"PHLPP2","AKT2"
"FLT1","GRB2"
"FLT1","IRS1"
"FLT3","GRB2"
"FLT3","IRS1"
"PHLPP1","AKT3"
"PHLPP1","AKT1"
"PHLPP1","AKT2"
"FLT4","GRB2"
"FLT4","IRS1"
"FN1","ITGA11"
"FN1","ITGA6"
"FN1","ITGA1"
"FN1","ITGA2"
"FN1","ITGA2B"
"FN1","ITGA3"
"FN1","ITGA4"
"FN1","ITGA5"
"FN1","ITGA7"
"FN1","ITGA9"
"FN1","ITGAV"
"FN1","ITGB1"
"FN1","ITGB3"
"FN1","ITGB4"
"FN1","ITGB5"
"FN1","ITGB6"
"FN1","ITGB7"
"FN1","ITGB8"
"FN1","PTK2"
"FN1","ITGA10"
"FN1","ITGA8"
"LPAR3","PIK3R6"
"LPAR3","PIK3R5"
"LPAR3","PIK3CG"
"COL6A5","ITGA11"
"COL6A5","ITGA6"
"COL6A5","ITGA1"
"COL6A5","ITGA2"
"COL6A5","ITGA2B"
"COL6A5","ITGA3"
"COL6A5","ITGA4"
"COL6A5","ITGA5"
"COL6A5","ITGA7"
"COL6A5","ITGA9"
"COL6A5","ITGAV"
"COL6A5","ITGB1"
"COL6A5","ITGB3"
"COL6A5","ITGB4"
"COL6A5","ITGB5"
"COL6A5","ITGB6"
"COL6A5","ITGB7"
"COL6A5","ITGB8"
"COL6A5","PTK2"
"COL6A5","ITGA10"
"COL6A5","ITGA8"
"GH1","CSF3R"
"GH1","EPOR"
"GH1","IFNAR1"
"GH1","IFNAR2"
"GH1","IL2RA"
"GH1","IL2RB"
"GH1","IL2RG"
"GH1","IL3RA"
"GH1","IL4R"
"GH1","IL6R"
"GH1","IL7R"
"GH1","JAK1"
"GH1","JAK2"
"GH1","JAK3"
"GH1","PRLR"
"GH1","OSMR"
"GH2","CSF3R"
"GH2","EPOR"
"GH2","IFNAR1"
"GH2","IFNAR2"
"GH2","IL2RA"
"GH2","IL2RB"
"GH2","IL2RG"
"GH2","IL3RA"
"GH2","IL4R"
"GH2","IL6R"
"GH2","IL7R"
"GH2","JAK1"
"GH2","JAK2"
"GH2","JAK3"
"GH2","PRLR"
"GH2","OSMR"
"GNB1","PIK3R6"
"GNB1","PIK3R5"
"GNB1","PIK3CG"
"GNB2","PIK3R6"
"GNB2","PIK3R5"
"GNB2","PIK3CG"
"GNB3","PIK3R6"
"GNB3","PIK3R5"
"GNB3","PIK3CG"
"GNG3","PIK3R6"
"GNG3","PIK3R5"
"GNG3","PIK3CG"
"GNG4","PIK3R6"
"GNG4","PIK3R5"
"GNG4","PIK3CG"
"GNG5","PIK3R6"
"GNG5","PIK3R5"
"GNG5","PIK3CG"
"GNG7","PIK3R6"
"GNG7","PIK3R5"
"GNG7","PIK3CG"
"GNG10","PIK3R6"
"GNG10","PIK3R5"
"GNG10","PIK3CG"
"GNG11","PIK3R6"
"GNG11","PIK3R5"
"GNG11","PIK3CG"
"GNGT1","PIK3R6"
"GNGT1","PIK3R5"
"GNGT1","PIK3CG"
"GNGT2","PIK3R6"
"GNGT2","PIK3R5"
"GNGT2","PIK3CG"
"LAMA1","ITGA11"
"LAMA1","ITGA6"
"LAMA1","ITGA1"
"LAMA1","ITGA2"
"LAMA1","ITGA2B"
"LAMA1","ITGA3"
"LAMA1","ITGA4"
"LAMA1","ITGA5"
"LAMA1","ITGA7"
"LAMA1","ITGA9"
"LAMA1","ITGAV"
"LAMA1","ITGB1"
"LAMA1","ITGB3"
"LAMA1","ITGB4"
"LAMA1","ITGB5"
"LAMA1","ITGB6"
"LAMA1","ITGB7"
"LAMA1","ITGB8"
"LAMA1","PTK2"
"LAMA1","ITGA10"
"LAMA1","ITGA8"
"LPAR4","PIK3R6"
"LPAR4","PIK3R5"
"LPAR4","PIK3CG"
"GSK3B","GYS1"
"GSK3B","GYS2"
"GSK3B","MYC"
"NR4A1","BCL2"
"NR4A1","RXRA"
"HSP90AA1","AKT3"
"HSP90AA1","AKT1"
"HSP90AA1","AKT2"
"HSP90AB1","AKT3"
"HSP90AB1","AKT1"
"HSP90AB1","AKT2"
"TNC","ITGA11"
"TNC","ITGA6"
"TNC","ITGA1"
"TNC","ITGA2"
"TNC","ITGA2B"
"TNC","ITGA3"
"TNC","ITGA4"
"TNC","ITGA5"
"TNC","ITGA7"
"TNC","ITGA9"
"TNC","ITGAV"
"TNC","ITGB1"
"TNC","ITGB3"
"TNC","ITGB4"
"TNC","ITGB5"
"TNC","ITGB6"
"TNC","ITGB7"
"TNC","ITGB8"
"TNC","PTK2"
"TNC","ITGA10"
"TNC","ITGA8"
"IBSP","ITGA11"
"IBSP","ITGA6"
"IBSP","ITGA1"
"IBSP","ITGA2"
"IBSP","ITGA2B"
"IBSP","ITGA3"
"IBSP","ITGA4"
"IBSP","ITGA5"
"IBSP","ITGA7"
"IBSP","ITGA9"
"IBSP","ITGAV"
"IBSP","ITGB1"
"IBSP","ITGB3"
"IBSP","ITGB4"
"IBSP","ITGB5"
"IBSP","ITGB6"
"IBSP","ITGB7"
"IBSP","ITGB8"
"IBSP","PTK2"
"IBSP","ITGA10"
"IBSP","ITGA8"
"IFNA1","CSF3R"
"IFNA1","EPOR"
"IFNA1","GHR"
"IFNA1","IL2RA"
"IFNA1","IL2RB"
"IFNA1","IL2RG"
"IFNA1","IL3RA"
"IFNA1","IL4R"
"IFNA1","IL6R"
"IFNA1","IL7R"
"IFNA1","JAK1"
"IFNA1","JAK2"
"IFNA1","JAK3"
"IFNA1","PRLR"
"IFNA1","OSMR"
"IFNA2","CSF3R"
"IFNA2","EPOR"
"IFNA2","GHR"
"IFNA2","IL2RA"
"IFNA2","IL2RB"
"IFNA2","IL2RG"
"IFNA2","IL3RA"
"IFNA2","IL4R"
"IFNA2","IL6R"
"IFNA2","IL7R"
"IFNA2","JAK1"
"IFNA2","JAK2"
"IFNA2","JAK3"
"IFNA2","PRLR"
"IFNA2","OSMR"
"IFNA4","CSF3R"
"IFNA4","EPOR"
"IFNA4","GHR"
"IFNA4","IL2RA"
"IFNA4","IL2RB"
"IFNA4","IL2RG"
"IFNA4","IL3RA"
"IFNA4","IL4R"
"IFNA4","IL6R"
"IFNA4","IL7R"
"IFNA4","JAK1"
"IFNA4","JAK2"
"IFNA4","JAK3"
"IFNA4","PRLR"
"IFNA4","OSMR"
"IFNA5","CSF3R"
"IFNA5","EPOR"
"IFNA5","GHR"
"IFNA5","IL2RA"
"IFNA5","IL2RB"
"IFNA5","IL2RG"
"IFNA5","IL3RA"
"IFNA5","IL4R"
"IFNA5","IL6R"
"IFNA5","IL7R"
"IFNA5","JAK1"
"IFNA5","JAK2"
"IFNA5","JAK3"
"IFNA5","PRLR"
"IFNA5","OSMR"
"IFNA6","CSF3R"
"IFNA6","EPOR"
"IFNA6","GHR"
"IFNA6","IL2RA"
"IFNA6","IL2RB"
"IFNA6","IL2RG"
"IFNA6","IL3RA"
"IFNA6","IL4R"
"IFNA6","IL6R"
"IFNA6","IL7R"
"IFNA6","JAK1"
"IFNA6","JAK2"
"IFNA6","JAK3"
"IFNA6","PRLR"
"IFNA6","OSMR"
"IFNA7","CSF3R"
"IFNA7","EPOR"
"IFNA7","GHR"
"IFNA7","IL2RA"
"IFNA7","IL2RB"
"IFNA7","IL2RG"
"IFNA7","IL3RA"
"IFNA7","IL4R"
"IFNA7","IL6R"
"IFNA7","IL7R"
"IFNA7","JAK1"
"IFNA7","JAK2"
"IFNA7","JAK3"
"IFNA7","PRLR"
"IFNA7","OSMR"
"IFNA8","CSF3R"
"IFNA8","EPOR"
"IFNA8","GHR"
"IFNA8","IL2RA"
"IFNA8","IL2RB"
"IFNA8","IL2RG"
"IFNA8","IL3RA"
"IFNA8","IL4R"
"IFNA8","IL6R"
"IFNA8","IL7R"
"IFNA8","JAK1"
"IFNA8","JAK2"
"IFNA8","JAK3"
"IFNA8","PRLR"
"IFNA8","OSMR"
"IFNA10","CSF3R"
"IFNA10","EPOR"
"IFNA10","GHR"
"IFNA10","IL2RA"
"IFNA10","IL2RB"
"IFNA10","IL2RG"
"IFNA10","IL3RA"
"IFNA10","IL4R"
"IFNA10","IL6R"
"IFNA10","IL7R"
"IFNA10","JAK1"
"IFNA10","JAK2"
"IFNA10","JAK3"
"IFNA10","PRLR"
"IFNA10","OSMR"
"IFNA13","CSF3R"
"IFNA13","EPOR"
"IFNA13","GHR"
"IFNA13","IL2RA"
"IFNA13","IL2RB"
"IFNA13","IL2RG"
"IFNA13","IL3RA"
"IFNA13","IL4R"
"IFNA13","IL6R"
"IFNA13","IL7R"
"IFNA13","JAK1"
"IFNA13","JAK2"
"IFNA13","JAK3"
"IFNA13","PRLR"
"IFNA13","OSMR"
"IFNA14","CSF3R"
"IFNA14","EPOR"
"IFNA14","GHR"
"IFNA14","IL2RA"
"IFNA14","IL2RB"
"IFNA14","IL2RG"
"IFNA14","IL3RA"
"IFNA14","IL4R"
"IFNA14","IL6R"
"IFNA14","IL7R"
"IFNA14","JAK1"
"IFNA14","JAK2"
"IFNA14","JAK3"
"IFNA14","PRLR"
"IFNA14","OSMR"
"IFNA16","CSF3R"
"IFNA16","EPOR"
"IFNA16","GHR"
"IFNA16","IL2RA"
"IFNA16","IL2RB"
"IFNA16","IL2RG"
"IFNA16","IL3RA"
"IFNA16","IL4R"
"IFNA16","IL6R"
"IFNA16","IL7R"
"IFNA16","JAK1"
"IFNA16","JAK2"
"IFNA16","JAK3"
"IFNA16","PRLR"
"IFNA16","OSMR"
"IFNA17","CSF3R"
"IFNA17","EPOR"
"IFNA17","GHR"
"IFNA17","IL2RA"
"IFNA17","IL2RB"
"IFNA17","IL2RG"
"IFNA17","IL3RA"
"IFNA17","IL4R"
"IFNA17","IL6R"
"IFNA17","IL7R"
"IFNA17","JAK1"
"IFNA17","JAK2"
"IFNA17","JAK3"
"IFNA17","PRLR"
"IFNA17","OSMR"
"IFNA21","CSF3R"
"IFNA21","EPOR"
"IFNA21","GHR"
"IFNA21","IL2RA"
"IFNA21","IL2RB"
"IFNA21","IL2RG"
"IFNA21","IL3RA"
"IFNA21","IL4R"
"IFNA21","IL6R"
"IFNA21","IL7R"
"IFNA21","JAK1"
"IFNA21","JAK2"
"IFNA21","JAK3"
"IFNA21","PRLR"
"IFNA21","OSMR"
"IFNB1","CSF3R"
"IFNB1","EPOR"
"IFNB1","GHR"
"IFNB1","IL2RA"
"IFNB1","IL2RB"
"IFNB1","IL2RG"
"IFNB1","IL3RA"
"IFNB1","IL4R"
"IFNB1","IL6R"
"IFNB1","IL7R"
"IFNB1","JAK1"
"IFNB1","JAK2"
"IFNB1","JAK3"
"IFNB1","PRLR"
"IFNB1","OSMR"
"IL2","CSF3R"
"IL2","EPOR"
"IL2","GHR"
"IL2","IFNAR1"
"IL2","IFNAR2"
"IL2","IL3RA"
"IL2","IL4R"
"IL2","IL6R"
"IL2","IL7R"
"IL2","JAK1"
"IL2","JAK2"
"IL2","JAK3"
"IL2","PRLR"
"IL2","OSMR"
"IL3","CSF3R"
"IL3","EPOR"
"IL3","GHR"
"IL3","IFNAR1"
"IL3","IFNAR2"
"IL3","IL2RA"
"IL3","IL2RB"
"IL3","IL2RG"
"IL3","IL4R"
"IL3","IL6R"
"IL3","IL7R"
"IL3","JAK1"
"IL3","JAK2"
"IL3","JAK3"
"IL3","PRLR"
"IL3","OSMR"
"IL4","CSF3R"
"IL4","EPOR"
"IL4","GHR"
"IL4","IFNAR1"
"IL4","IFNAR2"
"IL4","IL2RA"
"IL4","IL2RB"
"IL4","IL3RA"
"IL4","IL6R"
"IL4","IL7R"
"IL4","JAK1"
"IL4","JAK2"
"IL4","JAK3"
"IL4","PRLR"
"IL4","OSMR"
"IL6","CSF3R"
"IL6","EPOR"
"IL6","GHR"
"IL6","IFNAR1"
"IL6","IFNAR2"
"IL6","IL2RA"
"IL6","IL2RB"
"IL6","IL2RG"
"IL6","IL3RA"
"IL6","IL4R"
"IL6","IL7R"
"IL6","JAK1"
"IL6","JAK2"
"IL6","JAK3"
"IL6","PRLR"
"IL6","OSMR"
"IL7","CSF3R"
"IL7","EPOR"
"IL7","GHR"
"IL7","IFNAR1"
"IL7","IFNAR2"
"IL7","IL2RA"
"IL7","IL2RB"
"IL7","IL3RA"
"IL7","IL4R"
"IL7","IL6R"
"IL7","JAK1"
"IL7","JAK2"
"IL7","JAK3"
"IL7","PRLR"
"IL7","OSMR"
"JAK1","PIK3CA"
"JAK1","PIK3CB"
"JAK1","PIK3CD"
"JAK1","PIK3R1"
"JAK1","PIK3R2"
"JAK1","PIK3R3"
"JAK2","PIK3CA"
"JAK2","PIK3CB"
"JAK2","PIK3CD"
"JAK2","PIK3R1"
"JAK2","PIK3R2"
"JAK2","PIK3R3"
"JAK3","PIK3CA"
"JAK3","PIK3CB"
"JAK3","PIK3CD"
"JAK3","PIK3R1"
"JAK3","PIK3R2"
"JAK3","PIK3R3"
"KDR","GRB2"
"KDR","IRS1"
"KIT","IRS1"
"LAMA2","ITGA11"
"LAMA2","ITGA6"
"LAMA2","ITGA1"
"LAMA2","ITGA2"
"LAMA2","ITGA2B"
"LAMA2","ITGA3"
"LAMA2","ITGA4"
"LAMA2","ITGA5"
"LAMA2","ITGA7"
"LAMA2","ITGA9"
"LAMA2","ITGAV"
"LAMA2","ITGB1"
"LAMA2","ITGB3"
"LAMA2","ITGB4"
"LAMA2","ITGB5"
"LAMA2","ITGB6"
"LAMA2","ITGB7"
"LAMA2","ITGB8"
"LAMA2","PTK2"
"LAMA2","ITGA10"
"LAMA2","ITGA8"
"LAMA3","ITGA11"
"LAMA3","ITGA6"
"LAMA3","ITGA1"
"LAMA3","ITGA2"
"LAMA3","ITGA2B"
"LAMA3","ITGA3"
"LAMA3","ITGA4"
"LAMA3","ITGA5"
"LAMA3","ITGA7"
"LAMA3","ITGA9"
"LAMA3","ITGAV"
"LAMA3","ITGB1"
"LAMA3","ITGB3"
"LAMA3","ITGB4"
"LAMA3","ITGB5"
"LAMA3","ITGB6"
"LAMA3","ITGB7"
"LAMA3","ITGB8"
"LAMA3","PTK2"
"LAMA3","ITGA10"
"LAMA3","ITGA8"
"LAMA4","ITGA11"
"LAMA4","ITGA6"
"LAMA4","ITGA1"
"LAMA4","ITGA2"
"LAMA4","ITGA2B"
"LAMA4","ITGA3"
"LAMA4","ITGA4"
"LAMA4","ITGA5"
"LAMA4","ITGA7"
"LAMA4","ITGA9"
"LAMA4","ITGAV"
"LAMA4","ITGB1"
"LAMA4","ITGB3"
"LAMA4","ITGB4"
"LAMA4","ITGB5"
"LAMA4","ITGB6"
"LAMA4","ITGB7"
"LAMA4","ITGB8"
"LAMA4","PTK2"
"LAMA4","ITGA10"
"LAMA4","ITGA8"
"LAMA5","ITGA11"
"LAMA5","ITGA6"
"LAMA5","ITGA1"
"LAMA5","ITGA2"
"LAMA5","ITGA2B"
"LAMA5","ITGA3"
"LAMA5","ITGA4"
"LAMA5","ITGA5"
"LAMA5","ITGA7"
"LAMA5","ITGA9"
"LAMA5","ITGAV"
"LAMA5","ITGB1"
"LAMA5","ITGB3"
"LAMA5","ITGB4"
"LAMA5","ITGB5"
"LAMA5","ITGB6"
"LAMA5","ITGB7"
"LAMA5","ITGB8"
"LAMA5","PTK2"
"LAMA5","ITGA10"
"LAMA5","ITGA8"
"LAMB1","ITGA11"
"LAMB1","ITGA6"
"LAMB1","ITGA1"
"LAMB1","ITGA2"
"LAMB1","ITGA2B"
"LAMB1","ITGA3"
"LAMB1","ITGA4"
"LAMB1","ITGA5"
"LAMB1","ITGA7"
"LAMB1","ITGA9"
"LAMB1","ITGAV"
"LAMB1","ITGB1"
"LAMB1","ITGB3"
"LAMB1","ITGB4"
"LAMB1","ITGB5"
"LAMB1","ITGB6"
"LAMB1","ITGB7"
"LAMB1","ITGB8"
"LAMB1","PTK2"
"LAMB1","ITGA10"
"LAMB1","ITGA8"
"LAMB2","ITGA11"
"LAMB2","ITGA6"
"LAMB2","ITGA1"
"LAMB2","ITGA2"
"LAMB2","ITGA2B"
"LAMB2","ITGA3"
"LAMB2","ITGA4"
"LAMB2","ITGA5"
"LAMB2","ITGA7"
"LAMB2","ITGA9"
"LAMB2","ITGAV"
"LAMB2","ITGB1"
"LAMB2","ITGB3"
"LAMB2","ITGB4"
"LAMB2","ITGB5"
"LAMB2","ITGB6"
"LAMB2","ITGB7"
"LAMB2","ITGB8"
"LAMB2","PTK2"
"LAMB2","ITGA10"
"LAMB2","ITGA8"
"LAMB3","ITGA11"
"LAMB3","ITGA6"
"LAMB3","ITGA1"
"LAMB3","ITGA2"
"LAMB3","ITGA2B"
"LAMB3","ITGA3"
"LAMB3","ITGA4"
"LAMB3","ITGA5"
"LAMB3","ITGA7"
"LAMB3","ITGA9"
"LAMB3","ITGAV"
"LAMB3","ITGB1"
"LAMB3","ITGB3"
"LAMB3","ITGB4"
"LAMB3","ITGB5"
"LAMB3","ITGB6"
"LAMB3","ITGB7"
"LAMB3","ITGB8"
"LAMB3","PTK2"
"LAMB3","ITGA10"
"LAMB3","ITGA8"
"LAMC1","ITGA11"
"LAMC1","ITGA6"
"LAMC1","ITGA1"
"LAMC1","ITGA2"
"LAMC1","ITGA2B"
"LAMC1","ITGA3"
"LAMC1","ITGA4"
"LAMC1","ITGA5"
"LAMC1","ITGA7"
"LAMC1","ITGA9"
"LAMC1","ITGAV"
"LAMC1","ITGB1"
"LAMC1","ITGB3"
"LAMC1","ITGB4"
"LAMC1","ITGB5"
"LAMC1","ITGB6"
"LAMC1","ITGB7"
"LAMC1","ITGB8"
"LAMC1","PTK2"
"LAMC1","ITGA10"
"LAMC1","ITGA8"
"LAMC2","ITGA11"
"LAMC2","ITGA6"
"LAMC2","ITGA1"
"LAMC2","ITGA2"
"LAMC2","ITGA2B"
"LAMC2","ITGA3"
"LAMC2","ITGA4"
"LAMC2","ITGA5"
"LAMC2","ITGA7"
"LAMC2","ITGA9"
"LAMC2","ITGAV"
"LAMC2","ITGB1"
"LAMC2","ITGB3"
"LAMC2","ITGB4"
"LAMC2","ITGB5"
"LAMC2","ITGB6"
"LAMC2","ITGB7"
"LAMC2","ITGB8"
"LAMC2","PTK2"
"LAMC2","ITGA10"
"LAMC2","ITGA8"
"MET","GRB2"
"MET","IRS1"
"MTCP1","AKT3"
"MTCP1","AKT1"
"MTCP1","AKT2"
"ATF4","MCL1"
"ATF4","BCL2"
"NFKB1","MYB"
"NGFR","GRB2"
"NGFR","IRS1"
"NTRK1","GRB2"
"NTRK1","IRS1"
"NTRK2","GRB2"
"NTRK2","IRS1"
"OSM","CSF3R"
"OSM","EPOR"
"OSM","GHR"
"OSM","IFNAR1"
"OSM","IFNAR2"
"OSM","IL2RA"
"OSM","IL2RB"
"OSM","IL2RG"
"OSM","IL3RA"
"OSM","IL4R"
"OSM","IL6R"
"OSM","IL7R"
"OSM","JAK1"
"OSM","JAK2"
"OSM","JAK3"
"OSM","PRLR"
"PDGFRA","IRS1"
"PDGFRB","IRS1"
"PDPK1","PKN3"
"PDPK1","PRKCA"
"PDPK1","PKN1"
"PDPK1","PKN2"
"PDPK1","RPS6KB1"
"PDPK1","RPS6KB2"
"GNG13","PIK3R6"
"GNG13","PIK3R5"
"GNG13","PIK3CG"
"GNG2","PIK3R6"
"GNG2","PIK3R5"
"GNG2","PIK3CG"
"GNG12","PIK3R6"
"GNG12","PIK3R5"
"GNG12","PIK3CG"
"PRL","CSF3R"
"PRL","EPOR"
"PRL","GHR"
"PRL","IFNAR1"
"PRL","IFNAR2"
"PRL","IL2RA"
"PRL","IL2RB"
"PRL","IL2RG"
"PRL","IL3RA"
"PRL","IL4R"
"PRL","IL6R"
"PRL","IL7R"
"PRL","JAK1"
"PRL","JAK2"
"PRL","JAK3"
"PRL","OSMR"
"RELN","ITGA11"
"RELN","ITGA6"
"RELN","ITGA1"
"RELN","ITGA2"
"RELN","ITGA2B"
"RELN","ITGA3"
"RELN","ITGA4"
"RELN","ITGA5"
"RELN","ITGA7"
"RELN","ITGA9"
"RELN","ITGAV"
"RELN","ITGB1"
"RELN","ITGB3"
"RELN","ITGB4"
"RELN","ITGB5"
"RELN","ITGB6"
"RELN","ITGB7"
"RELN","ITGB8"
"RELN","PTK2"
"RELN","ITGA10"
"RELN","ITGA8"
"LPAR5","PIK3R6"
"LPAR5","PIK3R5"
"LPAR5","PIK3CG"
"RPTOR","EIF4EBP1"
"RAC1","PIK3CA"
"RAC1","PIK3CB"
"RAC1","PIK3CD"
"RAC1","PIK3R1"
"RAC1","PIK3R2"
"RAC1","PIK3R3"
"GNB4","PIK3R6"
"GNB4","PIK3R5"
"GNB4","PIK3CG"
"RELA","MYB"
"RET","GRB2"
"RET","IRS1"
"TNN","ITGA11"
"TNN","ITGA6"
"TNN","ITGA1"
"TNN","ITGA2"
"TNN","ITGA2B"
"TNN","ITGA3"
"TNN","ITGA4"
"TNN","ITGA5"
"TNN","ITGA7"
"TNN","ITGA9"
"TNN","ITGAV"
"TNN","ITGB1"
"TNN","ITGB3"
"TNN","ITGB4"
"TNN","ITGB5"
"TNN","ITGB6"
"TNN","ITGB7"
"TNN","ITGB8"
"TNN","PTK2"
"TNN","ITGA10"
"TNN","ITGA8"
"MLST8","EIF4EBP1"
"CREB3L2","MCL1"
"CREB3L2","BCL2"
"SPP1","ITGA11"
"SPP1","ITGA6"
"SPP1","ITGA1"
"SPP1","ITGA2"
"SPP1","ITGA2B"
"SPP1","ITGA3"
"SPP1","ITGA4"
"SPP1","ITGA5"
"SPP1","ITGA7"
"SPP1","ITGA9"
"SPP1","ITGAV"
"SPP1","ITGB1"
"SPP1","ITGB3"
"SPP1","ITGB4"
"SPP1","ITGB5"
"SPP1","ITGB6"
"SPP1","ITGB7"
"SPP1","ITGB8"
"SPP1","PTK2"
"SPP1","ITGA10"
"SPP1","ITGA8"
"SYK","CD19"
"TEK","GRB2"
"TEK","IRS1"
"THBS1","ITGA11"
"THBS1","ITGA6"
"THBS1","ITGA1"
"THBS1","ITGA2"
"THBS1","ITGA2B"
"THBS1","ITGA3"
"THBS1","ITGA4"
"THBS1","ITGA5"
"THBS1","ITGA7"
"THBS1","ITGA9"
"THBS1","ITGAV"
"THBS1","ITGB1"
"THBS1","ITGB3"
"THBS1","ITGB4"
"THBS1","ITGB5"
"THBS1","ITGB6"
"THBS1","ITGB7"
"THBS1","ITGB8"
"THBS1","PTK2"
"THBS1","ITGA10"
"THBS1","ITGA8"
"THBS2","ITGA11"
"THBS2","ITGA6"
"THBS2","ITGA1"
"THBS2","ITGA2"
"THBS2","ITGA2B"
"THBS2","ITGA3"
"THBS2","ITGA4"
"THBS2","ITGA5"
"THBS2","ITGA7"
"THBS2","ITGA9"
"THBS2","ITGAV"
"THBS2","ITGB1"
"THBS2","ITGB3"
"THBS2","ITGB4"
"THBS2","ITGB5"
"THBS2","ITGB6"
"THBS2","ITGB7"
"THBS2","ITGB8"
"THBS2","PTK2"
"THBS2","ITGA10"
"THBS2","ITGA8"
"THBS3","ITGA11"
"THBS3","ITGA6"
"THBS3","ITGA1"
"THBS3","ITGA2"
"THBS3","ITGA2B"
"THBS3","ITGA3"
"THBS3","ITGA4"
"THBS3","ITGA5"
"THBS3","ITGA7"
"THBS3","ITGA9"
"THBS3","ITGAV"
"THBS3","ITGB1"
"THBS3","ITGB3"
"THBS3","ITGB4"
"THBS3","ITGB5"
"THBS3","ITGB6"
"THBS3","ITGB7"
"THBS3","ITGB8"
"THBS3","PTK2"
"THBS3","ITGA10"
"THBS3","ITGA8"
"THBS4","ITGA11"
"THBS4","ITGA6"
"THBS4","ITGA1"
"THBS4","ITGA2"
"THBS4","ITGA2B"
"THBS4","ITGA3"
"THBS4","ITGA4"
"THBS4","ITGA5"
"THBS4","ITGA7"
"THBS4","ITGA9"
"THBS4","ITGAV"
"THBS4","ITGB1"
"THBS4","ITGB3"
"THBS4","ITGB4"
"THBS4","ITGB5"
"THBS4","ITGB6"
"THBS4","ITGB7"
"THBS4","ITGB8"
"THBS4","PTK2"
"THBS4","ITGA10"
"THBS4","ITGA8"
"TLR2","RAC1"
"TLR4","RAC1"
"TNR","ITGA11"
"TNR","ITGA6"
"TNR","ITGA1"
"TNR","ITGA2"
"TNR","ITGA2B"
"TNR","ITGA3"
"TNR","ITGA4"
"TNR","ITGA5"
"TNR","ITGA7"
"TNR","ITGA9"
"TNR","ITGAV"
"TNR","ITGB1"
"TNR","ITGB3"
"TNR","ITGB4"
"TNR","ITGB5"
"TNR","ITGB6"
"TNR","ITGB7"
"TNR","ITGB8"
"TNR","PTK2"
"TNR","ITGA10"
"TNR","ITGA8"
"TNXB","ITGA11"
"TNXB","ITGA6"
"TNXB","ITGA1"
"TNXB","ITGA2"
"TNXB","ITGA2B"
"TNXB","ITGA3"
"TNXB","ITGA4"
"TNXB","ITGA5"
"TNXB","ITGA7"
"TNXB","ITGA9"
"TNXB","ITGAV"
"TNXB","ITGB1"
"TNXB","ITGB3"
"TNXB","ITGB4"
"TNXB","ITGB5"
"TNXB","ITGB6"
"TNXB","ITGB7"
"TNXB","ITGB8"
"TNXB","PTK2"
"TNXB","ITGA10"
"TNXB","ITGA8"
"HSP90B1","AKT3"
"HSP90B1","AKT1"
"HSP90B1","AKT2"
"VTN","ITGA11"
"VTN","ITGA6"
"VTN","ITGA1"
"VTN","ITGA2"
"VTN","ITGA2B"
"VTN","ITGA3"
"VTN","ITGA4"
"VTN","ITGA5"
"VTN","ITGA7"
"VTN","ITGA9"
"VTN","ITGAV"
"VTN","ITGB1"
"VTN","ITGB3"
"VTN","ITGB4"
"VTN","ITGB5"
"VTN","ITGB6"
"VTN","ITGB7"
"VTN","ITGB8"
"VTN","PTK2"
"VTN","ITGA10"
"VTN","ITGA8"
"VWF","ITGA11"
"VWF","ITGA6"
"VWF","ITGA1"
"VWF","ITGA2"
"VWF","ITGA2B"
"VWF","ITGA3"
"VWF","ITGA4"
"VWF","ITGA5"
"VWF","ITGA7"
"VWF","ITGA9"
"VWF","ITGAV"
"VWF","ITGB1"
"VWF","ITGB3"
"VWF","ITGB4"
"VWF","ITGB5"
"VWF","ITGB6"
"VWF","ITGB7"
"VWF","ITGB8"
"VWF","PTK2"
"VWF","ITGA10"
"VWF","ITGA8"
"YWHAB","FOXO3"
"YWHAB","BAD"
"YWHAE","FOXO3"
"YWHAE","BAD"
"YWHAG","FOXO3"
"YWHAG","BAD"
"YWHAH","FOXO3"
"YWHAH","BAD"
"YWHAZ","FOXO3"
"YWHAZ","BAD"
"TCL1A","AKT3"
"TCL1A","AKT1"
"TCL1A","AKT2"
"CREB3L3","MCL1"
"CREB3L3","BCL2"
"CREB3L1","MCL1"
"CREB3L1","BCL2"
"LPAR2","PIK3R6"
"LPAR2","PIK3R5"
"LPAR2","PIK3CG"
"MAGI1","PTEN"
"CD19","PIK3CA"
"CD19","PIK3CB"
"CD19","PIK3CD"
"CD19","PIK3R1"
"CD19","PIK3R2"
"CD19","PIK3R3"
"GNG8","PIK3R6"
"GNG8","PIK3R5"
"GNG8","PIK3CG"
"CREB5","MCL1"
"CREB5","BCL2"
"TCL1B","AKT3"
"TCL1B","AKT1"
"TCL1B","AKT2"
"MAGI2","PTEN"
"CAMKK2","PRKAG2"
"CAMKK2","PRKAG3"
"CAMKK2","PRKAB1"
"CAMKK2","PRKAB2"
"CAMKK2","PRKAG1"
"RAB10","SLC2A4"
"PPARGC1A","SLC2A4"
"CIDEA","PRKAG2"
"CIDEA","PRKAG3"
"CIDEA","PRKAA1"
"CIDEA","PRKAA2"
"CIDEA","PRKAB1"
"CIDEA","PRKAB2"
"CIDEA","PRKAG1"
"ADRA1A","PRKAG2"
"ADRA1A","PRKAG3"
"ADRA1A","PRKAA1"
"ADRA1A","PRKAA2"
"ADRA1A","PRKAB1"
"ADRA1A","PRKAB2"
"ADRA1A","PRKAG1"
"ELAVL1","CCND1"
"ELAVL1","CCNA2"
"ELAVL1","CCNA1"
"CRTC2","PPARGC1A"
"CRTC2","PCK1"
"CRTC2","PCK2"
"TBC1D1","RAB10"
"TBC1D1","RAB8A"
"TBC1D1","RAB14"
"TBC1D1","RAB2A"
"TBC1D1","RAB11B"
"MTOR","PPARG"
"EEF2K","EEF2"
"HNF4A","G6PC1"
"HNF4A","PCK1"
"HNF4A","PCK2"
"HNF4A","G6PC2"
"HNF4A","G6PC3"
"RAB8A","SLC2A4"
"PRKAG2","CFTR"
"PRKAG2","PPARGC1A"
"PRKAG2","ELAVL1"
"PRKAG2","CRTC2"
"PRKAG2","TBC1D1"
"PRKAG2","MLYCD"
"PRKAG2","MTOR"
"PRKAG2","EEF2K"
"PRKAG2","GYS1"
"PRKAG2","GYS2"
"PRKAG2","ACACA"
"PRKAG2","HMGCR"
"PRKAG2","ACACB"
"PRKAG2","LIPE"
"PRKAG2","PFKFB1"
"PRKAG2","PFKFB2"
"PRKAG2","PFKFB3"
"PRKAG2","PFKFB4"
"PRKAG2","RPTOR"
"PRKAG2","SREBF1"
"PRKAG2","TSC1"
"PRKAG2","TSC2"
"PRKAG2","AKT1S1"
"PRKAG2","CD36"
"RAB14","SLC2A4"
"CAB39","PRKAG2"
"CAB39","PRKAG3"
"CAB39","PRKAB1"
"CAB39","PRKAB2"
"CAB39","PRKAG1"
"PRKAG3","CFTR"
"PRKAG3","PPARGC1A"
"PRKAG3","ELAVL1"
"PRKAG3","CRTC2"
"PRKAG3","TBC1D1"
"PRKAG3","MLYCD"
"PRKAG3","MTOR"
"PRKAG3","EEF2K"
"PRKAG3","GYS1"
"PRKAG3","GYS2"
"PRKAG3","ACACA"
"PRKAG3","HMGCR"
"PRKAG3","ACACB"
"PRKAG3","LIPE"
"PRKAG3","PFKFB1"
"PRKAG3","PFKFB2"
"PRKAG3","PFKFB3"
"PRKAG3","PFKFB4"
"PRKAG3","RPTOR"
"PRKAG3","SREBF1"
"PRKAG3","TSC1"
"PRKAG3","TSC2"
"PRKAG3","AKT1S1"
"PRKAG3","CD36"
"STRADB","PRKAG2"
"STRADB","PRKAG3"
"STRADB","PRKAB1"
"STRADB","PRKAB2"
"STRADB","PRKAG1"
"PRKAA1","CFTR"
"PRKAA1","PPARGC1A"
"PRKAA1","ELAVL1"
"PRKAA1","CRTC2"
"PRKAA1","TBC1D1"
"PRKAA1","MLYCD"
"PRKAA1","EEF2K"
"PRKAA1","GYS1"
"PRKAA1","GYS2"
"PRKAA1","ACACA"
"PRKAA1","HMGCR"
"PRKAA1","ACACB"
"PRKAA1","LIPE"
"PRKAA1","PFKFB1"
"PRKAA1","PFKFB2"
"PRKAA1","PFKFB3"
"PRKAA1","PFKFB4"
"PRKAA1","SREBF1"
"PRKAA1","AKT1S1"
"PRKAA1","CD36"
"PRKAA2","CFTR"
"PRKAA2","PPARGC1A"
"PRKAA2","ELAVL1"
"PRKAA2","CRTC2"
"PRKAA2","TBC1D1"
"PRKAA2","MLYCD"
"PRKAA2","EEF2K"
"PRKAA2","GYS1"
"PRKAA2","GYS2"
"PRKAA2","ACACA"
"PRKAA2","HMGCR"
"PRKAA2","ACACB"
"PRKAA2","LIPE"
"PRKAA2","PFKFB1"
"PRKAA2","PFKFB2"
"PRKAA2","PFKFB3"
"PRKAA2","PFKFB4"
"PRKAA2","SREBF1"
"PRKAA2","AKT1S1"
"PRKAA2","CD36"
"PRKAB1","CFTR"
"PRKAB1","PPARGC1A"
"PRKAB1","ELAVL1"
"PRKAB1","CRTC2"
"PRKAB1","TBC1D1"
"PRKAB1","MLYCD"
"PRKAB1","MTOR"
"PRKAB1","EEF2K"
"PRKAB1","GYS1"
"PRKAB1","GYS2"
"PRKAB1","ACACA"
"PRKAB1","HMGCR"
"PRKAB1","ACACB"
"PRKAB1","LIPE"
"PRKAB1","PFKFB1"
"PRKAB1","PFKFB2"
"PRKAB1","PFKFB3"
"PRKAB1","PFKFB4"
"PRKAB1","RPTOR"
"PRKAB1","SREBF1"
"PRKAB1","TSC1"
"PRKAB1","TSC2"
"PRKAB1","AKT1S1"
"PRKAB1","CD36"
"PRKAB2","CFTR"
"PRKAB2","PPARGC1A"
"PRKAB2","ELAVL1"
"PRKAB2","CRTC2"
"PRKAB2","TBC1D1"
"PRKAB2","MLYCD"
"PRKAB2","MTOR"
"PRKAB2","EEF2K"
"PRKAB2","GYS1"
"PRKAB2","GYS2"
"PRKAB2","ACACA"
"PRKAB2","HMGCR"
"PRKAB2","ACACB"
"PRKAB2","LIPE"
"PRKAB2","PFKFB1"
"PRKAB2","PFKFB2"
"PRKAB2","PFKFB3"
"PRKAB2","PFKFB4"
"PRKAB2","RPTOR"
"PRKAB2","SREBF1"
"PRKAB2","TSC1"
"PRKAB2","TSC2"
"PRKAB2","AKT1S1"
"PRKAB2","CD36"
"PRKAG1","CFTR"
"PRKAG1","PPARGC1A"
"PRKAG1","ELAVL1"
"PRKAG1","CRTC2"
"PRKAG1","TBC1D1"
"PRKAG1","MLYCD"
"PRKAG1","MTOR"
"PRKAG1","EEF2K"
"PRKAG1","GYS1"
"PRKAG1","GYS2"
"PRKAG1","ACACA"
"PRKAG1","HMGCR"
"PRKAG1","ACACB"
"PRKAG1","LIPE"
"PRKAG1","PFKFB1"
"PRKAG1","PFKFB2"
"PRKAG1","PFKFB3"
"PRKAG1","PFKFB4"
"PRKAG1","RPTOR"
"PRKAG1","SREBF1"
"PRKAG1","TSC1"
"PRKAG1","TSC2"
"PRKAG1","AKT1S1"
"PRKAG1","CD36"
"RPTOR","PPARG"
"RAB2A","SLC2A4"
"SREBF1","FASN"
"SREBF1","ACACA"
"SREBF1","SCD"
"SREBF1","SCD5"
"MAP3K7","PRKAG2"
"MAP3K7","PRKAG3"
"MAP3K7","PRKAB1"
"MAP3K7","PRKAB2"
"MAP3K7","PRKAG1"
"CAB39L","PRKAG2"
"CAB39L","PRKAG3"
"CAB39L","PRKAB1"
"CAB39L","PRKAB2"
"CAB39L","PRKAG1"
"AKT1S1","EIF4EBP1"
"AKT1S1","PPARG"
"RAB11B","SLC2A4"
"STRADA","PRKAG2"
"STRADA","PRKAG3"
"STRADA","PRKAB1"
"STRADA","PRKAB2"
"STRADA","PRKAG1"
"ADIPOQ","ADIPOR1"
"ADIPOQ","ADIPOR2"
"CASP12","CASP3"
"CASP12","CASP7"
"CTSC","BIRC2"
"CTSC","BIRC3"
"CTSC","XIAP"
"CTSC","BIRC5"
"CTSC","BCL2"
"CTSC","BCL2L1"
"CTSC","BID"
"CHUK","NFKBIA"
"CSF2RB","HRAS"
"CSF2RB","KRAS"
"CSF2RB","NRAS"
"CSF2RB","PIK3CA"
"CSF2RB","PIK3CB"
"CSF2RB","PIK3CD"
"CSF2RB","PIK3R1"
"CSF2RB","PIK3R2"
"CSF2RB","PIK3R3"
"CTSB","BIRC2"
"CTSB","BIRC3"
"CTSB","XIAP"
"CTSB","BIRC5"
"CTSB","BCL2"
"CTSB","BCL2L1"
"CTSB","BID"
"CTSD","BIRC2"
"CTSD","BIRC3"
"CTSD","XIAP"
"CTSD","BIRC5"
"CTSD","BCL2"
"CTSD","BCL2L1"
"CTSH","BIRC2"
"CTSH","BIRC3"
"CTSH","XIAP"
"CTSH","BIRC5"
"CTSH","BCL2"
"CTSH","BCL2L1"
"CTSH","BID"
"CTSK","BIRC2"
"CTSK","BIRC3"
"CTSK","XIAP"
"CTSK","BIRC5"
"CTSK","BCL2"
"CTSK","BCL2L1"
"CTSK","BID"
"CTSL","BIRC2"
"CTSL","BIRC3"
"CTSL","XIAP"
"CTSL","BIRC5"
"CTSL","BCL2"
"CTSL","BCL2L1"
"CTSL","BID"
"CTSV","BIRC2"
"CTSV","BIRC3"
"CTSV","XIAP"
"CTSV","BIRC5"
"CTSV","BCL2"
"CTSV","BCL2L1"
"CTSV","BID"
"CTSO","BIRC2"
"CTSO","BIRC3"
"CTSO","XIAP"
"CTSO","BIRC5"
"CTSO","BCL2"
"CTSO","BCL2L1"
"CTSO","BID"
"CTSS","BIRC2"
"CTSS","BIRC3"
"CTSS","XIAP"
"CTSS","BIRC5"
"CTSS","BCL2"
"CTSS","BCL2L1"
"CTSS","BID"
"CTSW","BIRC2"
"CTSW","BIRC3"
"CTSW","XIAP"
"CTSW","BIRC5"
"CTSW","BCL2"
"CTSW","BCL2L1"
"CTSW","BID"
"CTSZ","BIRC2"
"CTSZ","BIRC3"
"CTSZ","XIAP"
"CTSZ","BIRC5"
"CTSZ","BCL2"
"CTSZ","BCL2L1"
"CTSZ","BID"
"DAB2IP","MAP3K5"
"DDIT3","BCL2L1"
"ERN1","MAP3K5"
"FOS","BCL2L11"
"FOS","FAS"
"FOS","FASLG"
"FOS","TP53"
"FOS","HRK"
"HTRA2","BIRC2"
"HTRA2","BIRC3"
"HTRA2","XIAP"
"HTRA2","BIRC5"
"GZMB","PARP2"
"GZMB","PARP3"
"GZMB","TUBA1B"
"GZMB","TUBA3E"
"GZMB","TUBA3D"
"GZMB","PARP1"
"GZMB","PARP4"
"GZMB","DFFA"
"GZMB","LMNA"
"GZMB","LMNB1"
"GZMB","MCL1"
"GZMB","TUBA8"
"GZMB","BID"
"GZMB","TUBA4A"
"GZMB","TUBA3C"
"GZMB","TUBA1A"
"GZMB","TUBAL3"
"GZMB","CASP3"
"GZMB","CASP7"
"GZMB","CASP8"
"GZMB","TUBA1C"
"GZMB","LMNB2"
"BIRC2","CASP7"
"BIRC3","CASP7"
"XIAP","CASP7"
"BIRC5","CASP7"
"IL3RA","HRAS"
"IL3RA","KRAS"
"IL3RA","NRAS"
"IL3RA","PIK3CA"
"IL3RA","PIK3CB"
"IL3RA","PIK3CD"
"IL3RA","PIK3R1"
"IL3RA","PIK3R2"
"IL3RA","PIK3R3"
"JUN","BCL2L11"
"JUN","FAS"
"JUN","FASLG"
"JUN","TP53"
"JUN","HRK"
"MCL1","BCL2L11"
"NFKB1","BIRC5"
"NFKB1","PTPN13"
"NTRK1","HRAS"
"NTRK1","KRAS"
"NTRK1","NRAS"
"NTRK1","PIK3CA"
"NTRK1","PIK3CB"
"NTRK1","PIK3CD"
"NTRK1","PIK3R1"
"NTRK1","PIK3R2"
"NTRK1","PIK3R3"
"SEPTIN4","BIRC2"
"SEPTIN4","BIRC3"
"SEPTIN4","XIAP"
"SEPTIN4","BIRC5"
"PIDD1","BID"
"MAPK1","BCL2"
"MAPK3","BCL2"
"MAPK8","BAD"
"MAPK8","BID"
"MAPK9","BAD"
"MAPK9","BID"
"MAPK10","BAD"
"MAPK10","BID"
"DIABLO","BIRC2"
"DIABLO","BIRC3"
"DIABLO","XIAP"
"DIABLO","BIRC5"
"RELA","BIRC5"
"RELA","PTPN13"
"RELA","CFLAR"
"TNFRSF1A","FADD"
"TP53","APAF1"
"TP53","BID"
"TP53","TP53AIP1"
"TRAF2","DAB2IP"
"CASP2","BID"
"CASP3","PARP2"
"CASP3","PARP3"
"CASP3","PARP1"
"CASP3","PARP4"
"CASP3","DFFA"
"CASP3","ACTB"
"CASP3","SPTA1"
"CASP3","SPTAN1"
"CASP3","ACTG1"
"CASP6","LMNA"
"CASP6","LMNB1"
"CASP6","ACTB"
"CASP6","ACTG1"
"CASP6","LMNB2"
"CASP7","PARP2"
"CASP7","PARP3"
"CASP7","PARP1"
"CASP7","PARP4"
"CASP7","ACTB"
"CASP7","ACTG1"
"CASP8","CASP6"
"CASP8","CASP7"
"CASP9","PARP2"
"CASP9","PARP3"
"CASP9","PARP1"
"CASP9","PARP4"
"CASP9","CASP6"
"CASP9","CASP7"
"CASP10","BID"
"IKBKG","NFKBIA"
"TRADD","CASP8"
"TRADD","CASP10"
"CTSF","BIRC2"
"CTSF","BIRC3"
"CTSF","XIAP"
"CTSF","BIRC5"
"CTSF","BCL2"
"CTSF","BCL2L1"
"CTSF","BID"
"FADD","CASP10"
"TNFRSF10B","FADD"
"TNFRSF10A","FADD"
"CFLAR","CASP8"
"CFLAR","CASP10"
"MAP3K14","IKBKB"
"MAP3K14","IKBKG"
"AKT3","ADCY1"
"AKT3","ADCY2"
"AKT3","ADCY3"
"AKT3","ADCY5"
"AKT3","ADCY6"
"AKT3","ADCY7"
"AKT3","ADCY8"
"AKT3","ADCY9"
"AKT3","ADCY4"
"AKT3","RPTOR"
"CAMKK2","CAMK4"
"SESN3","PRKAG2"
"SESN3","PRKAG3"
"SESN3","PRKAA1"
"SESN3","PRKAA2"
"SESN3","PRKAB1"
"SESN3","PRKAB2"
"SESN3","PRKAG1"
"AKT1","ADCY1"
"AKT1","ADCY2"
"AKT1","ADCY3"
"AKT1","ADCY5"
"AKT1","ADCY6"
"AKT1","ADCY7"
"AKT1","ADCY8"
"AKT1","ADCY9"
"AKT1","ADCY4"
"AKT1","RPTOR"
"AKT2","ADCY1"
"AKT2","ADCY2"
"AKT2","ADCY3"
"AKT2","ADCY5"
"AKT2","ADCY6"
"AKT2","ADCY7"
"AKT2","ADCY8"
"AKT2","ADCY9"
"AKT2","ADCY4"
"AKT2","RPTOR"
"FOXO1","ATG5"
"FOXO3","ATG5"
"SIRT1","PPARGC1A"
"SIRT1","FOXO1"
"SIRT1","FOXO3"
"SIRT1","NFKB1"
"SIRT1","PPARG"
"SIRT1","BAX"
"SIRT1","RELA"
"SIRT1","TP53"
"MTOR","RB1CC1"
"SESN1","PRKAG2"
"SESN1","PRKAG3"
"SESN1","PRKAA1"
"SESN1","PRKAA2"
"SESN1","PRKAB1"
"SESN1","PRKAB2"
"SESN1","PRKAG1"
"ADIPOR1","APPL1"
"PRKACA","EHMT2"
"PRKACA","FOXO1"
"PRKACA","FOXO3"
"PRKACA","EHMT1"
"PRKACB","EHMT2"
"PRKACB","FOXO1"
"PRKACB","FOXO3"
"PRKACB","EHMT1"
"PRKACG","EHMT2"
"PRKACG","FOXO1"
"PRKACG","FOXO3"
"PRKACG","EHMT1"
"RPTOR","RB1CC1"
"ADIPOR2","APPL1"
"CAMK4","PPARGC1A"
"SESN2","PRKAG2"
"SESN2","PRKAG3"
"SESN2","PRKAA1"
"SESN2","PRKAA2"
"SESN2","PRKAB1"
"SESN2","PRKAB2"
"SESN2","PRKAG1"
"AKT1S1","ATG101"
"AKT1S1","RB1CC1"
"KL","IGF1R"
"KL","INSR"
"KL","IRS1"
"KL","IRS4"
"KL","IRS2"
"AKT3","PRKAG2"
"AKT3","PRKAG3"
"AKT3","PRKAA1"
"AKT3","PRKAA2"
"AKT3","PRKAB1"
"AKT3","PRKAB2"
"AKT3","PRKAG1"
"EIF4EBP2","CRYAB"
"EIF4EBP2","HSPA1A"
"EIF4EBP2","HSPA1B"
"EIF4EBP2","HSPA1L"
"EIF4EBP2","HSPA6"
"EIF4EBP2","HSPA8"
"EIF4EBP2","SOD1"
"EIF4EBP2","SOD2"
"AKT1","PRKAG2"
"AKT1","PRKAG3"
"AKT1","PRKAA1"
"AKT1","PRKAA2"
"AKT1","PRKAB1"
"AKT1","PRKAB2"
"AKT1","PRKAG1"
"AKT2","PRKAG2"
"AKT2","PRKAG3"
"AKT2","PRKAA1"
"AKT2","PRKAA2"
"AKT2","PRKAB1"
"AKT2","PRKAB2"
"AKT2","PRKAG1"
"FOXO3","CRYAB"
"FOXO3","HSPA1A"
"FOXO3","HSPA1B"
"FOXO3","HSPA1L"
"FOXO3","HSPA6"
"FOXO3","HSPA8"
"FOXO3","SOD1"
"MTOR","EIF4EBP2"
"HDAC1","SIRT1"
"HDAC2","SIRT1"
"FOXA2","SOD2"
"FOXA2","CAT"
"RPTOR","EIF4EBP2"
"RPS6KB1","FOXA2"
"RPS6KB2","FOXA2"
"NGFR","FADD"
"CYCS","APAF1"
"MAPK8","APAF1"
"MAPK9","APAF1"
"MAPK10","APAF1"
"BID","BCL2"
"BID","BCL2L1"
"BIRC7","CASP7"
"TP53","SLC7A11"
"RBCK1","RIPK1"
"RIPK3","CYBB"
"RIPK3","MLKL"
"RIPK3","GLUD1"
"RIPK3","GLUD2"
"RIPK3","GLUL"
"RIPK3","MAPK8"
"RIPK3","MAPK9"
"RIPK3","MAPK10"
"RIPK3","PYGB"
"RIPK3","PYGL"
"RIPK3","PYGM"
"RIPK3","SMPD1"
"RIPK3","CAMK2A"
"RIPK3","CAMK2B"
"RIPK3","CAMK2D"
"RIPK3","CAMK2G"
"SPATA2L","CYLD"
"TICAM1","RIPK3"
"CYBB","CAMK2A"
"CYBB","CAMK2B"
"CYBB","CAMK2D"
"CYBB","CAMK2G"
"CYLD","RIPK1"
"PGAM5","DNM1L"
"MLKL","NLRP3"
"MLKL","PGAM5"
"MLKL","TRPM7"
"USP21","RIPK1"
"BIRC2","RIPK1"
"BIRC3","RIPK1"
"XIAP","RIPK1"
"HSP90AA1","RIPK3"
"HSP90AA1","MLKL"
"HSP90AA1","RIPK1"
"HSP90AB1","RIPK3"
"HSP90AB1","MLKL"
"HSP90AB1","RIPK1"
"IFNA1","IFNGR1"
"IFNA1","IFNGR2"
"IFNA2","IFNGR1"
"IFNA2","IFNGR2"
"IFNA4","IFNGR1"
"IFNA4","IFNGR2"
"IFNA5","IFNGR1"
"IFNA5","IFNGR2"
"IFNA6","IFNGR1"
"IFNA6","IFNGR2"
"IFNA7","IFNGR1"
"IFNA7","IFNGR2"
"IFNA8","IFNGR1"
"IFNA8","IFNGR2"
"IFNA10","IFNGR1"
"IFNA10","IFNGR2"
"IFNA13","IFNGR1"
"IFNA13","IFNGR2"
"IFNA14","IFNGR1"
"IFNA14","IFNGR2"
"IFNA16","IFNGR1"
"IFNA16","IFNGR2"
"IFNA17","IFNGR1"
"IFNA17","IFNGR2"
"IFNA21","IFNGR1"
"IFNA21","IFNGR2"
"IFNAR1","JAK1"
"IFNAR1","JAK2"
"IFNAR1","JAK3"
"IFNAR1","TYK2"
"IFNAR2","JAK1"
"IFNAR2","JAK2"
"IFNAR2","JAK3"
"IFNAR2","TYK2"
"IFNB1","IFNGR1"
"IFNB1","IFNGR2"
"IFNG","IFNAR1"
"IFNG","IFNAR2"
"IFNGR1","JAK1"
"IFNGR1","JAK2"
"IFNGR1","JAK3"
"IFNGR1","TYK2"
"IFNGR2","JAK1"
"IFNGR2","JAK2"
"IFNGR2","JAK3"
"IFNGR2","TYK2"
"TICAM2","TICAM1"
"JAK1","STAT1"
"JAK1","STAT2"
"JAK1","STAT4"
"JAK1","STAT5A"
"JAK1","STAT5B"
"JAK1","STAT6"
"JAK2","STAT4"
"JAK2","STAT5A"
"JAK2","STAT6"
"JAK3","STAT4"
"JAK3","STAT5A"
"JAK3","STAT6"
"RNF31","RIPK1"
"MAPK8","FTH1"
"MAPK8","FTL"
"MAPK9","FTH1"
"MAPK9","FTL"
"MAPK10","FTH1"
"MAPK10","FTL"
"EIF2AK2","RIPK1"
"BAX","AIFM1"
"STAT1","EIF2AK2"
"STAT1","RIPK1"
"STAT2","EIF2AK2"
"STAT2","RIPK1"
"STAT3","EIF2AK2"
"STAT3","RIPK1"
"STAT4","EIF2AK2"
"STAT4","RIPK1"
"STAT5A","EIF2AK2"
"STAT5A","RIPK1"
"STAT5B","EIF2AK2"
"STAT5B","RIPK1"
"STAT6","EIF2AK2"
"STAT6","RIPK1"
"TLR3","TICAM1"
"TNFAIP3","RIPK3"
"TYK2","STAT1"
"TYK2","STAT2"
"TYK2","STAT3"
"TYK2","STAT4"
"TYK2","STAT5A"
"TYK2","STAT5B"
"TYK2","STAT6"
"ZBP1","RIPK3"
"CAMK2A","SLC25A4"
"CAMK2A","SLC25A5"
"CAMK2A","SLC25A6"
"CAMK2A","PPID"
"CAMK2A","VDAC1"
"CAMK2A","VDAC2"
"CAMK2A","VDAC3"
"CAMK2A","SLC25A31"
"CAMK2B","SLC25A4"
"CAMK2B","SLC25A5"
"CAMK2B","SLC25A6"
"CAMK2B","PPID"
"CAMK2B","VDAC1"
"CAMK2B","VDAC2"
"CAMK2B","VDAC3"
"CAMK2B","SLC25A31"
"CAMK2D","SLC25A4"
"CAMK2D","SLC25A5"
"CAMK2D","SLC25A6"
"CAMK2D","PPID"
"CAMK2D","VDAC1"
"CAMK2D","VDAC2"
"CAMK2D","VDAC3"
"CAMK2D","SLC25A31"
"CAMK2G","SLC25A4"
"CAMK2G","SLC25A5"
"CAMK2G","SLC25A6"
"CAMK2G","PPID"
"CAMK2G","VDAC1"
"CAMK2G","VDAC2"
"CAMK2G","VDAC3"
"CAMK2G","SLC25A31"
"SHARPIN","RIPK1"
"CAPN1","BID"
"CAPN2","BID"
"CASP1","IL1B"
"CASP8","RIPK3"
"CASP8","CYLD"
"CASP8","RIPK1"
"RIPK1","RIPK3"
"RIPK1","SLC25A4"
"RIPK1","SLC25A5"
"RIPK1","SLC25A6"
"RIPK1","SLC25A31"
"TNFRSF10B","RIPK1"
"TNFRSF10A","RIPK1"
"SQSTM1","RIPK1"
"SPATA2","CYLD"
"RAD50","ATM"
"HIPK3","TP53"
"CDK2","MYBL2"
"CDK2","RBL1"
"CDK2","RBL2"
"TRAF3IP2","NFKB1"
"TRAF3IP2","RELA"
"MAPK14","CDKN2A"
"MAPK14","TP53"
"RAD9B","ATR"
"HIPK4","TP53"
"E2F1","FOXM1"
"E2F1","MYBL2"
"E2F2","FOXM1"
"E2F2","MYBL2"
"E2F3","FOXM1"
"E2F3","MYBL2"
"E2F4","FOXM1"
"E2F4","MYBL2"
"E2F5","FOXM1"
"E2F5","MYBL2"
"HIPK1","TP53"
"ETS1","CDKN2A"
"RRAS2","CDKN2A"
"MRAS","CDKN2A"
"FBXW11","MDM2"
"MTOR","TP53"
"GATA4","TRAF3IP2"
"GATA4","IL1A"
"HIPK2","TP53"
"HLA-A","CDKN1A"
"HLA-B","CDKN1A"
"HLA-C","CDKN1A"
"HLA-E","CDKN1A"
"HLA-F","CDKN1A"
"HLA-G","CDKN1A"
"HRAS","CDKN2A"
"HUS1","ATR"
"IL1A","NFKB1"
"IL1A","RELA"
"KIR2DL4","CDKN1A"
"KRAS","CDKN2A"
"MRE11","ATM"
"MYC","CDKN2A"
"NBN","ATM"
"ATM","SQSTM1"
"NRAS","CDKN2A"
"PIK3CA","FOXO1"
"PIK3CA","FOXO3"
"PIK3CB","FOXO1"
"PIK3CB","FOXO3"
"PIK3CD","FOXO1"
"PIK3CD","FOXO3"
"PIK3R1","FOXO1"
"PIK3R1","FOXO3"
"PIK3R2","FOXO1"
"PIK3R2","FOXO3"
"ATR","SQSTM1"
"PPP1CA","RB1"
"PPP1CA","RBL1"
"PPP1CA","RBL2"
"PPP1CB","RB1"
"PPP1CB","RBL1"
"PPP1CB","RBL2"
"PPP1CC","RB1"
"PPP1CC","RBL1"
"PPP1CC","RBL2"
"MAPK1","MAPK14"
"MAPK1","MAPK11"
"MAPK1","MAPK13"
"MAPK1","MAPK12"
"MAPK3","MAPK14"
"MAPK3","MAPK11"
"MAPK3","MAPK13"
"MAPK3","MAPK12"
"MAPK11","CDKN2A"
"MAPK11","TP53"
"MAPK13","CDKN2A"
"MAPK13","TP53"
"RAD1","ATR"
"RAD9A","ATR"
"RB1","E2F4"
"RB1","E2F5"
"RBL1","E2F1"
"RBL1","E2F2"
"RBL1","E2F3"
"RBL1","E2F4"
"RBL1","E2F5"
"RBL2","E2F1"
"RBL2","E2F2"
"RBL2","E2F3"
"RBL2","E2F4"
"RBL2","E2F5"
"RRAS","CDKN2A"
"MAPK12","CDKN2A"
"MAPK12","TP53"
"TGFBR1","SMAD2"
"TGFBR2","SMAD2"
"CAPN1","IL1A"
"CAPN2","IL1A"
"RASSF5","HIPK3"
"RASSF5","HIPK4"
"RASSF5","HIPK1"
"RASSF5","HIPK2"
"RASSF5","MDM2"
"RASSF5","PPP1CA"
"RASSF5","PPP1CB"
"RASSF5","PPP1CC"
"PIK3R3","FOXO1"
"PIK3R3","FOXO3"
"SQSTM1","GATA4"
"CCNA2","MYBL2"
"CCNA1","MYBL2"
"BTRC","MDM2"
"CCNE1","RBL1"
"CCNE1","RBL2"
"CCNE2","RBL1"
"CCNE2","RBL2"
"MAPKAPK2","ZFP36L1"
"MAPKAPK2","ZFP36L2"
"CDC25A","CCND1"
"CDC25A","CCNB3"
"CDC25A","CCNB1"
"CDC25A","CCND2"
"CDC25A","CCND3"
"CDC25A","CCNE1"
"CDC25A","CCNB2"
"CDC25A","CCNE2"
"RAPGEF3","MAPK14"
"RAPGEF3","MAPK11"
"RAPGEF3","MAPK13"
"RAPGEF3","MAPK12"
"ADCY1","RAPGEF3"
"ADCY1","RAPGEF4"
"ADCY2","RAPGEF3"
"ADCY2","RAPGEF4"
"ADCY3","RAPGEF3"
"ADCY3","RAPGEF4"
"RAPGEF4","MAPK14"
"RAPGEF4","MAPK11"
"RAPGEF4","MAPK13"
"RAPGEF4","MAPK12"
"ADCY5","RAPGEF3"
"ADCY5","RAPGEF4"
"ADCY6","RAPGEF3"
"ADCY6","RAPGEF4"
"ADCY7","RAPGEF3"
"ADCY7","RAPGEF4"
"ADCY8","RAPGEF3"
"ADCY8","RAPGEF4"
"ADCY9","RAPGEF3"
"ADCY9","RAPGEF4"
"CREM","CREB3"
"CREM","CREB1"
"CREM","ATF2"
"CREM","ATF6B"
"CREM","CREB3L4"
"CREM","ATF4"
"CREM","BCL2"
"CREM","CREB3L2"
"CREM","CREB3L3"
"CREM","CREB3L1"
"CREM","CREB5"
"AGTR2","GNAQ"
"ADCY4","RAPGEF3"
"ADCY4","RAPGEF4"
"GNAI1","MAPK1"
"GNAI1","MAPK3"
"GNAI2","MAPK1"
"GNAI2","MAPK3"
"GNAI3","MAPK1"
"GNAI3","MAPK3"
"PPP2R3B","CACNG3"
"PPP2R3B","CACNG2"
"PPP2R3B","CACNG5"
"PPP2R3B","CACNG4"
"PPP2R3B","PPP1R1A"
"PPP2R3B","CACNA2D3"
"PPP2R3B","CACNG8"
"PPP2R3B","CACNG7"
"PPP2R3B","CACNG6"
"PPP2R3B","RYR2"
"PPP2R3B","TNNI3"
"PPP2R3B","CACNA1C"
"PPP2R3B","CACNA1D"
"PPP2R3B","CACNA1F"
"PPP2R3B","CACNA1S"
"PPP2R3B","CACNA2D1"
"PPP2R3B","CACNB1"
"PPP2R3B","CACNB2"
"PPP2R3B","CACNB3"
"PPP2R3B","CACNB4"
"PPP2R3B","CACNG1"
"PPP2R3B","CACNA2D2"
"PPP2R3B","CACNA2D4"
"PPP1CA","CACNG3"
"PPP1CA","CACNG2"
"PPP1CA","CACNG5"
"PPP1CA","CACNG4"
"PPP1CA","PLN"
"PPP1CA","CACNA2D3"
"PPP1CA","CACNG8"
"PPP1CA","CACNG7"
"PPP1CA","CACNG6"
"PPP1CA","RYR2"
"PPP1CA","CACNA1C"
"PPP1CA","CACNA1D"
"PPP1CA","CACNA1F"
"PPP1CA","CACNA1S"
"PPP1CA","CACNA2D1"
"PPP1CA","CACNB1"
"PPP1CA","CACNB2"
"PPP1CA","CACNB3"
"PPP1CA","CACNB4"
"PPP1CA","CACNG1"
"PPP1CA","CACNA2D2"
"PPP1CA","CACNA2D4"
"PPP1CB","CACNG3"
"PPP1CB","CACNG2"
"PPP1CB","CACNG5"
"PPP1CB","CACNG4"
"PPP1CB","PLN"
"PPP1CB","CACNA2D3"
"PPP1CB","CACNG8"
"PPP1CB","CACNG7"
"PPP1CB","CACNG6"
"PPP1CB","RYR2"
"PPP1CB","CACNA1C"
"PPP1CB","CACNA1D"
"PPP1CB","CACNA1F"
"PPP1CB","CACNA1S"
"PPP1CB","CACNA2D1"
"PPP1CB","CACNB1"
"PPP1CB","CACNB2"
"PPP1CB","CACNB3"
"PPP1CB","CACNB4"
"PPP1CB","CACNG1"
"PPP1CB","CACNA2D2"
"PPP1CB","CACNA2D4"
"PPP1CC","CACNG3"
"PPP1CC","CACNG2"
"PPP1CC","CACNG5"
"PPP1CC","CACNG4"
"PPP1CC","PLN"
"PPP1CC","CACNA2D3"
"PPP1CC","CACNG8"
"PPP1CC","CACNG7"
"PPP1CC","CACNG6"
"PPP1CC","RYR2"
"PPP1CC","CACNA1C"
"PPP1CC","CACNA1D"
"PPP1CC","CACNA1F"
"PPP1CC","CACNA1S"
"PPP1CC","CACNA2D1"
"PPP1CC","CACNB1"
"PPP1CC","CACNB2"
"PPP1CC","CACNB3"
"PPP1CC","CACNB4"
"PPP1CC","CACNG1"
"PPP1CC","CACNA2D2"
"PPP1CC","CACNA2D4"
"PPP2R3C","CACNG3"
"PPP2R3C","CACNG2"
"PPP2R3C","CACNG5"
"PPP2R3C","CACNG4"
"PPP2R3C","PPP1R1A"
"PPP2R3C","CACNA2D3"
"PPP2R3C","CACNG8"
"PPP2R3C","CACNG7"
"PPP2R3C","CACNG6"
"PPP2R3C","RYR2"
"PPP2R3C","TNNI3"
"PPP2R3C","CACNA1C"
"PPP2R3C","CACNA1D"
"PPP2R3C","CACNA1F"
"PPP2R3C","CACNA1S"
"PPP2R3C","CACNA2D1"
"PPP2R3C","CACNB1"
"PPP2R3C","CACNB2"
"PPP2R3C","CACNB3"
"PPP2R3C","CACNB4"
"PPP2R3C","CACNG1"
"PPP2R3C","CACNA2D2"
"PPP2R3C","CACNA2D4"
"PPP1R1A","PPP1CA"
"PPP1R1A","PPP1CB"
"PPP1R1A","PPP1CC"
"PPP2CA","CACNG3"
"PPP2CA","CACNG2"
"PPP2CA","CACNG5"
"PPP2CA","CACNG4"
"PPP2CA","PPP1R1A"
"PPP2CA","CACNA2D3"
"PPP2CA","CACNG8"
"PPP2CA","CACNG7"
"PPP2CA","CACNG6"
"PPP2CA","RYR2"
"PPP2CA","TNNI3"
"PPP2CA","CACNA1C"
"PPP2CA","CACNA1D"
"PPP2CA","CACNA1F"
"PPP2CA","CACNA1S"
"PPP2CA","CACNA2D1"
"PPP2CA","CACNB1"
"PPP2CA","CACNB2"
"PPP2CA","CACNB3"
"PPP2CA","CACNB4"
"PPP2CA","CACNG1"
"PPP2CA","CACNA2D2"
"PPP2CA","CACNA2D4"
"PPP2CB","CACNG3"
"PPP2CB","CACNG2"
"PPP2CB","CACNG5"
"PPP2CB","CACNG4"
"PPP2CB","PPP1R1A"
"PPP2CB","CACNA2D3"
"PPP2CB","CACNG8"
"PPP2CB","CACNG7"
"PPP2CB","CACNG6"
"PPP2CB","RYR2"
"PPP2CB","TNNI3"
"PPP2CB","CACNA1C"
"PPP2CB","CACNA1D"
"PPP2CB","CACNA1F"
"PPP2CB","CACNA1S"
"PPP2CB","CACNA2D1"
"PPP2CB","CACNB1"
"PPP2CB","CACNB2"
"PPP2CB","CACNB3"
"PPP2CB","CACNB4"
"PPP2CB","CACNG1"
"PPP2CB","CACNA2D2"
"PPP2CB","CACNA2D4"
"PPP2R1A","CACNG3"
"PPP2R1A","CACNG2"
"PPP2R1A","CACNG5"
"PPP2R1A","CACNG4"
"PPP2R1A","PPP1R1A"
"PPP2R1A","CACNA2D3"
"PPP2R1A","CACNG8"
"PPP2R1A","CACNG7"
"PPP2R1A","CACNG6"
"PPP2R1A","RYR2"
"PPP2R1A","TNNI3"
"PPP2R1A","CACNA1C"
"PPP2R1A","CACNA1D"
"PPP2R1A","CACNA1F"
"PPP2R1A","CACNA1S"
"PPP2R1A","CACNA2D1"
"PPP2R1A","CACNB1"
"PPP2R1A","CACNB2"
"PPP2R1A","CACNB3"
"PPP2R1A","CACNB4"
"PPP2R1A","CACNG1"
"PPP2R1A","CACNA2D2"
"PPP2R1A","CACNA2D4"
"PPP2R1B","CACNG3"
"PPP2R1B","CACNG2"
"PPP2R1B","CACNG5"
"PPP2R1B","CACNG4"
"PPP2R1B","PPP1R1A"
"PPP2R1B","CACNA2D3"
"PPP2R1B","CACNG8"
"PPP2R1B","CACNG7"
"PPP2R1B","CACNG6"
"PPP2R1B","RYR2"
"PPP2R1B","TNNI3"
"PPP2R1B","CACNA1C"
"PPP2R1B","CACNA1D"
"PPP2R1B","CACNA1F"
"PPP2R1B","CACNA1S"
"PPP2R1B","CACNA2D1"
"PPP2R1B","CACNB1"
"PPP2R1B","CACNB2"
"PPP2R1B","CACNB3"
"PPP2R1B","CACNB4"
"PPP2R1B","CACNG1"
"PPP2R1B","CACNA2D2"
"PPP2R1B","CACNA2D4"
"PPP2R2A","CACNG3"
"PPP2R2A","CACNG2"
"PPP2R2A","CACNG5"
"PPP2R2A","CACNG4"
"PPP2R2A","PPP1R1A"
"PPP2R2A","CACNA2D3"
"PPP2R2A","CACNG8"
"PPP2R2A","CACNG7"
"PPP2R2A","CACNG6"
"PPP2R2A","RYR2"
"PPP2R2A","TNNI3"
"PPP2R2A","CACNA1C"
"PPP2R2A","CACNA1D"
"PPP2R2A","CACNA1F"
"PPP2R2A","CACNA1S"
"PPP2R2A","CACNA2D1"
"PPP2R2A","CACNB1"
"PPP2R2A","CACNB2"
"PPP2R2A","CACNB3"
"PPP2R2A","CACNB4"
"PPP2R2A","CACNG1"
"PPP2R2A","CACNA2D2"
"PPP2R2A","CACNA2D4"
"PPP2R2B","CACNG3"
"PPP2R2B","CACNG2"
"PPP2R2B","CACNG5"
"PPP2R2B","CACNG4"
"PPP2R2B","PPP1R1A"
"PPP2R2B","CACNA2D3"
"PPP2R2B","CACNG8"
"PPP2R2B","CACNG7"
"PPP2R2B","CACNG6"
"PPP2R2B","RYR2"
"PPP2R2B","TNNI3"
"PPP2R2B","CACNA1C"
"PPP2R2B","CACNA1D"
"PPP2R2B","CACNA1F"
"PPP2R2B","CACNA1S"
"PPP2R2B","CACNA2D1"
"PPP2R2B","CACNB1"
"PPP2R2B","CACNB2"
"PPP2R2B","CACNB3"
"PPP2R2B","CACNB4"
"PPP2R2B","CACNG1"
"PPP2R2B","CACNA2D2"
"PPP2R2B","CACNA2D4"
"PPP2R2C","CACNG3"
"PPP2R2C","CACNG2"
"PPP2R2C","CACNG5"
"PPP2R2C","CACNG4"
"PPP2R2C","PPP1R1A"
"PPP2R2C","CACNA2D3"
"PPP2R2C","CACNG8"
"PPP2R2C","CACNG7"
"PPP2R2C","CACNG6"
"PPP2R2C","RYR2"
"PPP2R2C","TNNI3"
"PPP2R2C","CACNA1C"
"PPP2R2C","CACNA1D"
"PPP2R2C","CACNA1F"
"PPP2R2C","CACNA1S"
"PPP2R2C","CACNA2D1"
"PPP2R2C","CACNB1"
"PPP2R2C","CACNB2"
"PPP2R2C","CACNB3"
"PPP2R2C","CACNB4"
"PPP2R2C","CACNG1"
"PPP2R2C","CACNA2D2"
"PPP2R2C","CACNA2D4"
"PPP2R3A","CACNG3"
"PPP2R3A","CACNG2"
"PPP2R3A","CACNG5"
"PPP2R3A","CACNG4"
"PPP2R3A","PPP1R1A"
"PPP2R3A","CACNA2D3"
"PPP2R3A","CACNG8"
"PPP2R3A","CACNG7"
"PPP2R3A","CACNG6"
"PPP2R3A","RYR2"
"PPP2R3A","TNNI3"
"PPP2R3A","CACNA1C"
"PPP2R3A","CACNA1D"
"PPP2R3A","CACNA1F"
"PPP2R3A","CACNA1S"
"PPP2R3A","CACNA2D1"
"PPP2R3A","CACNB1"
"PPP2R3A","CACNB2"
"PPP2R3A","CACNB3"
"PPP2R3A","CACNB4"
"PPP2R3A","CACNG1"
"PPP2R3A","CACNA2D2"
"PPP2R3A","CACNA2D4"
"PPP2R5A","CACNG3"
"PPP2R5A","CACNG2"
"PPP2R5A","CACNG5"
"PPP2R5A","CACNG4"
"PPP2R5A","PPP1R1A"
"PPP2R5A","CACNA2D3"
"PPP2R5A","CACNG8"
"PPP2R5A","CACNG7"
"PPP2R5A","CACNG6"
"PPP2R5A","RYR2"
"PPP2R5A","TNNI3"
"PPP2R5A","CACNA1C"
"PPP2R5A","CACNA1D"
"PPP2R5A","CACNA1F"
"PPP2R5A","CACNA1S"
"PPP2R5A","CACNA2D1"
"PPP2R5A","CACNB1"
"PPP2R5A","CACNB2"
"PPP2R5A","CACNB3"
"PPP2R5A","CACNB4"
"PPP2R5A","CACNG1"
"PPP2R5A","CACNA2D2"
"PPP2R5A","CACNA2D4"
"PPP2R5B","CACNG3"
"PPP2R5B","CACNG2"
"PPP2R5B","CACNG5"
"PPP2R5B","CACNG4"
"PPP2R5B","PPP1R1A"
"PPP2R5B","CACNA2D3"
"PPP2R5B","CACNG8"
"PPP2R5B","CACNG7"
"PPP2R5B","CACNG6"
"PPP2R5B","RYR2"
"PPP2R5B","TNNI3"
"PPP2R5B","CACNA1C"
"PPP2R5B","CACNA1D"
"PPP2R5B","CACNA1F"
"PPP2R5B","CACNA1S"
"PPP2R5B","CACNA2D1"
"PPP2R5B","CACNB1"
"PPP2R5B","CACNB2"
"PPP2R5B","CACNB3"
"PPP2R5B","CACNB4"
"PPP2R5B","CACNG1"
"PPP2R5B","CACNA2D2"
"PPP2R5B","CACNA2D4"
"PPP2R5C","CACNG3"
"PPP2R5C","CACNG2"
"PPP2R5C","CACNG5"
"PPP2R5C","CACNG4"
"PPP2R5C","PPP1R1A"
"PPP2R5C","CACNA2D3"
"PPP2R5C","CACNG8"
"PPP2R5C","CACNG7"
"PPP2R5C","CACNG6"
"PPP2R5C","RYR2"
"PPP2R5C","TNNI3"
"PPP2R5C","CACNA1C"
"PPP2R5C","CACNA1D"
"PPP2R5C","CACNA1F"
"PPP2R5C","CACNA1S"
"PPP2R5C","CACNA2D1"
"PPP2R5C","CACNB1"
"PPP2R5C","CACNB2"
"PPP2R5C","CACNB3"
"PPP2R5C","CACNB4"
"PPP2R5C","CACNG1"
"PPP2R5C","CACNA2D2"
"PPP2R5C","CACNA2D4"
"PPP2R5D","CACNG3"
"PPP2R5D","CACNG2"
"PPP2R5D","CACNG5"
"PPP2R5D","CACNG4"
"PPP2R5D","PPP1R1A"
"PPP2R5D","CACNA2D3"
"PPP2R5D","CACNG8"
"PPP2R5D","CACNG7"
"PPP2R5D","CACNG6"
"PPP2R5D","RYR2"
"PPP2R5D","TNNI3"
"PPP2R5D","CACNA1C"
"PPP2R5D","CACNA1D"
"PPP2R5D","CACNA1F"
"PPP2R5D","CACNA1S"
"PPP2R5D","CACNA2D1"
"PPP2R5D","CACNB1"
"PPP2R5D","CACNB2"
"PPP2R5D","CACNB3"
"PPP2R5D","CACNB4"
"PPP2R5D","CACNG1"
"PPP2R5D","CACNA2D2"
"PPP2R5D","CACNA2D4"
"PPP2R5E","CACNG3"
"PPP2R5E","CACNG2"
"PPP2R5E","CACNG5"
"PPP2R5E","CACNG4"
"PPP2R5E","PPP1R1A"
"PPP2R5E","CACNA2D3"
"PPP2R5E","CACNG8"
"PPP2R5E","CACNG7"
"PPP2R5E","CACNG6"
"PPP2R5E","RYR2"
"PPP2R5E","TNNI3"
"PPP2R5E","CACNA1C"
"PPP2R5E","CACNA1D"
"PPP2R5E","CACNA1F"
"PPP2R5E","CACNA1S"
"PPP2R5E","CACNA2D1"
"PPP2R5E","CACNB1"
"PPP2R5E","CACNB2"
"PPP2R5E","CACNB3"
"PPP2R5E","CACNB4"
"PPP2R5E","CACNG1"
"PPP2R5E","CACNA2D2"
"PPP2R5E","CACNA2D4"
"PRKACA","LOC102723475"
"PRKACA","CACNG3"
"PRKACA","CACNG2"
"PRKACA","ATF2"
"PRKACA","ATF6B"
"PRKACA","ATP1B4"
"PRKACA","CACNG5"
"PRKACA","CACNG4"
"PRKACA","KCNE1"
"PRKACA","KCNQ1"
"PRKACA","ATF4"
"PRKACA","ATP1A1"
"PRKACA","ATP1A2"
"PRKACA","ATP1A3"
"PRKACA","ATP1A4"
"PRKACA","ATP1B1"
"PRKACA","ATP1B2"
"PRKACA","ATP1B3"
"PRKACA","FXYD2"
"PRKACA","PPP1R1A"
"PRKACA","CACNA2D3"
"PRKACA","CACNG8"
"PRKACA","CACNG7"
"PRKACA","CACNG6"
"PRKACA","SCN1B"
"PRKACA","SCN4B"
"PRKACA","SCN5A"
"PRKACA","SCN7A"
"PRKACA","SLC8A2"
"PRKACA","SLC8A1"
"PRKACA","SLC8A3"
"PRKACA","CACNA2D1"
"PRKACA","CACNB1"
"PRKACA","CACNB2"
"PRKACA","CACNB3"
"PRKACA","CACNB4"
"PRKACA","CACNG1"
"PRKACA","CACNA2D2"
"PRKACA","CACNA2D4"
"PRKACB","LOC102723475"
"PRKACB","CACNG3"
"PRKACB","CACNG2"
"PRKACB","ATF2"
"PRKACB","ATF6B"
"PRKACB","ATP1B4"
"PRKACB","CACNG5"
"PRKACB","CACNG4"
"PRKACB","KCNE1"
"PRKACB","KCNQ1"
"PRKACB","ATF4"
"PRKACB","ATP1A1"
"PRKACB","ATP1A2"
"PRKACB","ATP1A3"
"PRKACB","ATP1A4"
"PRKACB","ATP1B1"
"PRKACB","ATP1B2"
"PRKACB","ATP1B3"
"PRKACB","FXYD2"
"PRKACB","PPP1R1A"
"PRKACB","CACNA2D3"
"PRKACB","CACNG8"
"PRKACB","CACNG7"
"PRKACB","CACNG6"
"PRKACB","SCN1B"
"PRKACB","SCN4B"
"PRKACB","SCN5A"
"PRKACB","SCN7A"
"PRKACB","SLC8A2"
"PRKACB","SLC8A1"
"PRKACB","SLC8A3"
"PRKACB","CACNA2D1"
"PRKACB","CACNB1"
"PRKACB","CACNB2"
"PRKACB","CACNB3"
"PRKACB","CACNB4"
"PRKACB","CACNG1"
"PRKACB","CACNA2D2"
"PRKACB","CACNA2D4"
"PRKACG","LOC102723475"
"PRKACG","CACNG3"
"PRKACG","CACNG2"
"PRKACG","ATF2"
"PRKACG","ATF6B"
"PRKACG","ATP1B4"
"PRKACG","CACNG5"
"PRKACG","CACNG4"
"PRKACG","KCNE1"
"PRKACG","KCNQ1"
"PRKACG","ATF4"
"PRKACG","ATP1A1"
"PRKACG","ATP1A2"
"PRKACG","ATP1A3"
"PRKACG","ATP1A4"
"PRKACG","ATP1B1"
"PRKACG","ATP1B2"
"PRKACG","ATP1B3"
"PRKACG","FXYD2"
"PRKACG","PPP1R1A"
"PRKACG","CACNA2D3"
"PRKACG","CACNG8"
"PRKACG","CACNG7"
"PRKACG","CACNG6"
"PRKACG","SCN1B"
"PRKACG","SCN4B"
"PRKACG","SCN5A"
"PRKACG","SCN7A"
"PRKACG","SLC8A2"
"PRKACG","SLC8A1"
"PRKACG","SLC8A3"
"PRKACG","CACNA2D1"
"PRKACG","CACNB1"
"PRKACG","CACNB2"
"PRKACG","CACNB3"
"PRKACG","CACNB4"
"PRKACG","CACNG1"
"PRKACG","CACNA2D2"
"PRKACG","CACNA2D4"
"PRKCA","PPP1R1A"
"PRKCA","MAPK1"
"PRKCA","MAPK3"
"PPP2R2D","CACNG3"
"PPP2R2D","CACNG2"
"PPP2R2D","CACNG5"
"PPP2R2D","CACNG4"
"PPP2R2D","PPP1R1A"
"PPP2R2D","CACNA2D3"
"PPP2R2D","CACNG8"
"PPP2R2D","CACNG7"
"PPP2R2D","CACNG6"
"PPP2R2D","RYR2"
"PPP2R2D","TNNI3"
"PPP2R2D","CACNA1C"
"PPP2R2D","CACNA1D"
"PPP2R2D","CACNA1F"
"PPP2R2D","CACNA1S"
"PPP2R2D","CACNA2D1"
"PPP2R2D","CACNB1"
"PPP2R2D","CACNB2"
"PPP2R2D","CACNB3"
"PPP2R2D","CACNB4"
"PPP2R2D","CACNG1"
"PPP2R2D","CACNA2D2"
"PPP2R2D","CACNA2D4"
"MAPK1","RPS6KA5"
"MAPK3","RPS6KA5"
"CAMK2A","CACNG3"
"CAMK2A","CACNG2"
"CAMK2A","CACNG5"
"CAMK2A","CACNG4"
"CAMK2A","CACNA2D3"
"CAMK2A","CACNG8"
"CAMK2A","CACNG7"
"CAMK2A","CACNG6"
"CAMK2A","RYR2"
"CAMK2A","SCN1B"
"CAMK2A","SCN4B"
"CAMK2A","SCN5A"
"CAMK2A","SCN7A"
"CAMK2A","CACNA1C"
"CAMK2A","CACNA1D"
"CAMK2A","CACNA1F"
"CAMK2A","CACNA1S"
"CAMK2A","CACNA2D1"
"CAMK2A","CACNB1"
"CAMK2A","CACNB2"
"CAMK2A","CACNB3"
"CAMK2A","CACNB4"
"CAMK2A","CACNG1"
"CAMK2A","CACNA2D2"
"CAMK2A","CACNA2D4"
"CAMK2B","CACNG3"
"CAMK2B","CACNG2"
"CAMK2B","CACNG5"
"CAMK2B","CACNG4"
"CAMK2B","CACNA2D3"
"CAMK2B","CACNG8"
"CAMK2B","CACNG7"
"CAMK2B","CACNG6"
"CAMK2B","RYR2"
"CAMK2B","SCN1B"
"CAMK2B","SCN4B"
"CAMK2B","SCN5A"
"CAMK2B","SCN7A"
"CAMK2B","CACNA1C"
"CAMK2B","CACNA1D"
"CAMK2B","CACNA1F"
"CAMK2B","CACNA1S"
"CAMK2B","CACNA2D1"
"CAMK2B","CACNB1"
"CAMK2B","CACNB2"
"CAMK2B","CACNB3"
"CAMK2B","CACNB4"
"CAMK2B","CACNG1"
"CAMK2B","CACNA2D2"
"CAMK2B","CACNA2D4"
"CAMK2D","CACNG3"
"CAMK2D","CACNG2"
"CAMK2D","CACNG5"
"CAMK2D","CACNG4"
"CAMK2D","CACNA2D3"
"CAMK2D","CACNG8"
"CAMK2D","CACNG7"
"CAMK2D","CACNG6"
"CAMK2D","RYR2"
"CAMK2D","SCN1B"
"CAMK2D","SCN4B"
"CAMK2D","SCN5A"
"CAMK2D","SCN7A"
"CAMK2D","CACNA1C"
"CAMK2D","CACNA1D"
"CAMK2D","CACNA1F"
"CAMK2D","CACNA1S"
"CAMK2D","CACNA2D1"
"CAMK2D","CACNB1"
"CAMK2D","CACNB2"
"CAMK2D","CACNB3"
"CAMK2D","CACNB4"
"CAMK2D","CACNG1"
"CAMK2D","CACNA2D2"
"CAMK2D","CACNA2D4"
"CAMK2G","CACNG3"
"CAMK2G","CACNG2"
"CAMK2G","CACNG5"
"CAMK2G","CACNG4"
"CAMK2G","CACNA2D3"
"CAMK2G","CACNG8"
"CAMK2G","CACNG7"
"CAMK2G","CACNG6"
"CAMK2G","RYR2"
"CAMK2G","SCN1B"
"CAMK2G","SCN4B"
"CAMK2G","SCN5A"
"CAMK2G","SCN7A"
"CAMK2G","CACNA1C"
"CAMK2G","CACNA1D"
"CAMK2G","CACNA1F"
"CAMK2G","CACNA1S"
"CAMK2G","CACNA2D1"
"CAMK2G","CACNB1"
"CAMK2G","CACNB2"
"CAMK2G","CACNB3"
"CAMK2G","CACNB4"
"CAMK2G","CACNG1"
"CAMK2G","CACNA2D2"
"CAMK2G","CACNA2D4"
"RPS6KA5","CREB3"
"RPS6KA5","CREB1"
"RPS6KA5","ATF2"
"RPS6KA5","ATF6B"
"RPS6KA5","CREB3L4"
"RPS6KA5","ATF4"
"RPS6KA5","CREB3L2"
"RPS6KA5","CREB3L3"
"RPS6KA5","CREB3L1"
"RPS6KA5","CREB5"
"CALCRL","GNAS"
"RAMP2","GNAS"
"RAMP1","GNAS"
"RAMP3","GNAS"
"GNA13","ARHGEF12"
"GNA13","AVPR1A"
"GNA13","AVPR1B"
"GNA13","ARHGEF1"
"GNA13","ARHGEF11"
"ADM","RAMP2"
"ADM","RAMP1"
"ADM","RAMP3"
"ARHGEF12","RHOA"
"GNA11","PLA2G4B"
"GNA11","PLA2G4E"
"GNA11","PLA2G4F"
"GNA11","PLA2G2D"
"GNA11","PLA2G4D"
"GNA11","PLA2G2E"
"GNA11","PLA2G2C"
"GNA11","PLA2G3"
"GNA11","PLA2G1B"
"GNA11","PLA2G2A"
"GNA11","PLA2G4A"
"GNA11","PLA2G5"
"GNA11","PLA2G2F"
"GNA11","PLA2G12A"
"GNA11","PLA2G6"
"GNA11","PLA2G10"
"GNA11","PLA2G12B"
"GNA11","PLA2G4C"
"GNA11","JMJD7-PLA2G4B"
"GNA12","ARHGEF12"
"GNA12","AVPR1A"
"GNA12","AVPR1B"
"GNA12","ARHGEF1"
"GNA12","ARHGEF11"
"GNAQ","PLA2G4B"
"GNAQ","PLA2G4E"
"GNAQ","PLA2G4F"
"GNAQ","PLA2G2D"
"GNAQ","PLA2G4D"
"GNAQ","PLA2G2E"
"GNAQ","PLA2G2C"
"GNAQ","PLA2G3"
"GNAQ","PLA2G1B"
"GNAQ","PLA2G2A"
"GNAQ","PLA2G4A"
"GNAQ","PLA2G5"
"GNAQ","PLA2G2F"
"GNAQ","PLA2G12A"
"GNAQ","PLA2G6"
"GNAQ","PLA2G10"
"GNAQ","PLA2G12B"
"GNAQ","PLA2G4C"
"GNAQ","JMJD7-PLA2G4B"
"MYLK4","MYL6B"
"MYLK4","MYL6"
"MYLK","MYL6B"
"MYLK","MYL6"
"PPP1R12A","MYL6B"
"PPP1R12A","MYL6"
"PPP1R12B","MYL9"
"PPP1R12B","MYL6B"
"PPP1R12B","MYL6"
"PPP1R12C","MYL9"
"PPP1R12C","MYL6B"
"PPP1R12C","MYL6"
"PPP1CA","MYL6B"
"PPP1CA","MYL6"
"PPP1CB","MYL6B"
"PPP1CB","MYL6"
"PPP1CC","MYL6B"
"PPP1CC","MYL6"
"PRKACA","KCNMB2"
"PRKACA","KCNU1"
"PRKACA","KCNMB3"
"PRKACA","KCNMB4"
"PRKACA","MYLK4"
"PRKACA","ITPR1"
"PRKACA","ITPR2"
"PRKACA","ITPR3"
"PRKACA","KCNMA1"
"PRKACA","KCNMB1"
"PRKACA","MYLK"
"PRKACA","MYLK2"
"PRKACA","MYLK3"
"PRKACB","KCNMB2"
"PRKACB","KCNU1"
"PRKACB","KCNMB3"
"PRKACB","KCNMB4"
"PRKACB","MYLK4"
"PRKACB","ITPR1"
"PRKACB","ITPR2"
"PRKACB","ITPR3"
"PRKACB","KCNMA1"
"PRKACB","KCNMB1"
"PRKACB","MYLK"
"PRKACB","MYLK2"
"PRKACB","MYLK3"
"PRKACG","KCNMB2"
"PRKACG","KCNU1"
"PRKACG","KCNMB3"
"PRKACG","KCNMB4"
"PRKACG","MYLK4"
"PRKACG","ITPR1"
"PRKACG","ITPR2"
"PRKACG","ITPR3"
"PRKACG","KCNMA1"
"PRKACG","KCNMB1"
"PRKACG","MYLK"
"PRKACG","MYLK2"
"PRKACG","MYLK3"
"PRKCD","ARAF"
"PRKCD","RAF1"
"PRKCD","BRAF"
"PRKCE","ARAF"
"PRKCE","RAF1"
"PRKCE","BRAF"
"PRKCH","ARAF"
"PRKCH","RAF1"
"PRKCH","BRAF"
"PRKCQ","ARAF"
"PRKCQ","RAF1"
"PRKCQ","BRAF"
"PRKG1","PPP1R12B"
"PRKG1","PPP1R12C"
"MAPK1","CALD1"
"MAPK3","CALD1"
"PTGIR","GNAS"
"ROCK1","PPP1R12B"
"ROCK1","PPP1R12C"
"CALCA","RAMP2"
"CALCA","RAMP1"
"CALCA","RAMP3"
"CALCB","RAMP2"
"CALCB","RAMP1"
"CALCB","RAMP3"
"ADM2","RAMP2"
"ADM2","RAMP1"
"ADM2","RAMP3"
"MYLK2","MYL6B"
"MYLK2","MYL6"
"ARHGEF1","RHOA"
"MYLK3","MYL6B"
"MYLK3","MYL6"
"PPP1R14A","PPP1R12A"
"PPP1R14A","PPP1R12B"
"PPP1R14A","PPP1R12C"
"PPP1R14A","PPP1CA"
"PPP1R14A","PPP1CB"
"PPP1R14A","PPP1CC"
"ROCK2","PPP1R12B"
"ROCK2","PPP1R12C"
"ARHGEF11","RHOA"
"TLE7","LEF1"
"TLE7","TCF7"
"TLE7","TCF7L2"
"TLE7","TCF7L1"
"WIF1","WNT16"
"WIF1","WNT4"
"WIF1","WNT1"
"WIF1","WNT2"
"WIF1","WNT3"
"WIF1","WNT5A"
"WIF1","WNT6"
"WIF1","WNT7A"
"WIF1","WNT7B"
"WIF1","WNT8A"
"WIF1","WNT8B"
"WIF1","WNT10B"
"WIF1","WNT11"
"WIF1","WNT2B"
"WIF1","WNT9A"
"WIF1","WNT9B"
"WIF1","WNT10A"
"WIF1","WNT5B"
"WIF1","WNT3A"
"NOTUM","WNT16"
"NOTUM","WNT4"
"NOTUM","WNT1"
"NOTUM","WNT2"
"NOTUM","WNT3"
"NOTUM","WNT5A"
"NOTUM","WNT6"
"NOTUM","WNT7A"
"NOTUM","WNT7B"
"NOTUM","WNT8A"
"NOTUM","WNT8B"
"NOTUM","WNT10B"
"NOTUM","WNT11"
"NOTUM","WNT2B"
"NOTUM","WNT9A"
"NOTUM","WNT9B"
"NOTUM","WNT10A"
"NOTUM","WNT5B"
"NOTUM","WNT3A"
"APCDD1","LRP6"
"APCDD1","LRP5"
"APCDD1","WNT16"
"APCDD1","WNT4"
"APCDD1","WNT1"
"APCDD1","WNT2"
"APCDD1","WNT3"
"APCDD1","WNT5A"
"APCDD1","WNT6"
"APCDD1","WNT7A"
"APCDD1","WNT7B"
"APCDD1","WNT8A"
"APCDD1","WNT8B"
"APCDD1","WNT10B"
"APCDD1","WNT11"
"APCDD1","WNT2B"
"APCDD1","WNT9A"
"APCDD1","WNT9B"
"APCDD1","WNT10A"
"APCDD1","WNT5B"
"APCDD1","WNT3A"
"CTBP1","LEF1"
"CTBP1","TCF7"
"CTBP1","TCF7L2"
"CTBP1","TCF7L1"
"CTBP2","LEF1"
"CTBP2","TCF7"
"CTBP2","TCF7L2"
"CTBP2","TCF7L1"
"CTNNB1","LEF1"
"CTNNB1","TCF7"
"CTNNB1","TCF7L2"
"CTNNB1","TCF7L1"
"CTNND2","LEF1"
"CTNND2","TCF7"
"CTNND2","TCF7L2"
"CTNND2","TCF7L1"
"APCDD1L","LRP6"
"APCDD1L","LRP5"
"APCDD1L","WNT16"
"APCDD1L","WNT4"
"APCDD1L","WNT1"
"APCDD1L","WNT2"
"APCDD1L","WNT3"
"APCDD1L","WNT5A"
"APCDD1L","WNT6"
"APCDD1L","WNT7A"
"APCDD1L","WNT7B"
"APCDD1L","WNT8A"
"APCDD1L","WNT8B"
"APCDD1L","WNT10B"
"APCDD1L","WNT11"
"APCDD1L","WNT2B"
"APCDD1L","WNT9A"
"APCDD1L","WNT9B"
"APCDD1L","WNT10A"
"APCDD1L","WNT5B"
"APCDD1L","WNT3A"
"DKK1","LRP6"
"DKK1","LRP5"
"SIRT1","CTNNB1"
"FRZB","FZD10"
"FRZB","FZD2"
"FRZB","WNT16"
"FRZB","WNT4"
"FRZB","WNT1"
"FRZB","WNT2"
"FRZB","WNT3"
"FRZB","WNT5A"
"FRZB","WNT6"
"FRZB","WNT7A"
"FRZB","WNT7B"
"FRZB","WNT8A"
"FRZB","WNT8B"
"FRZB","WNT10B"
"FRZB","WNT11"
"FRZB","WNT2B"
"FRZB","WNT9A"
"FRZB","WNT9B"
"FRZB","FZD5"
"FRZB","FZD3"
"FRZB","WNT10A"
"FRZB","WNT5B"
"FRZB","FZD1"
"FRZB","FZD4"
"FRZB","FZD6"
"FRZB","FZD7"
"FRZB","FZD8"
"FRZB","FZD9"
"FRZB","WNT3A"
"BAMBI","FZD10"
"BAMBI","DVL1"
"BAMBI","DVL2"
"BAMBI","DVL3"
"BAMBI","FZD2"
"BAMBI","LRP6"
"BAMBI","LRP5"
"BAMBI","FZD5"
"BAMBI","FZD3"
"BAMBI","FZD1"
"BAMBI","FZD4"
"BAMBI","FZD6"
"BAMBI","FZD7"
"BAMBI","FZD8"
"BAMBI","FZD9"
"DKK4","LRP6"
"DKK4","LRP5"
"DKK2","LRP6"
"DKK2","LRP5"
"RSPO1","RNF43"
"RSPO1","ZNRF3"
"GSK3B","CTNNB1"
"RSPO2","RNF43"
"RSPO2","ZNRF3"
"RSPO4","RNF43"
"RSPO4","ZNRF3"
"SMAD4","LEF1"
"SMAD4","TCF7"
"SMAD4","TCF7L2"
"SMAD4","TCF7L1"
"MCC","CCAR2"
"SOST","LRP6"
"SOST","LRP5"
"LEF1","JUN"
"LEF1","MMP7"
"LEF1","MYC"
"LEF1","PPARD"
"LEF1","CCND1"
"LEF1","FOSL1"
"LEF1","CCND2"
"LEF1","CCND3"
"NLK","LEF1"
"NLK","TCF7"
"NLK","TCF7L2"
"NLK","TCF7L1"
"SERPINF1","LRP6"
"SERPINF1","LRP5"
"RNF43","FZD10"
"RNF43","FZD2"
"RNF43","FZD5"
"RNF43","FZD3"
"RNF43","FZD1"
"RNF43","FZD4"
"RNF43","FZD6"
"RNF43","FZD7"
"RNF43","FZD8"
"RNF43","FZD9"
"PRKACA","GSK3B"
"PRKACB","GSK3B"
"PRKACG","GSK3B"
"PSEN1","CTNNB1"
"CTNNBIP1","CTNNB1"
"CHD8","CTNNB1"
"CCAR2","SIRT1"
"RAC1","MAPK8"
"RAC1","MAPK9"
"RAC1","MAPK10"
"RAC2","MAPK8"
"RAC2","MAPK9"
"RAC2","MAPK10"
"RAC3","MAPK8"
"RAC3","MAPK9"
"RAC3","MAPK10"
"SENP2","DVL1"
"SENP2","DVL2"
"SENP2","DVL3"
"SFRP1","FZD10"
"SFRP1","FZD2"
"SFRP1","WNT16"
"SFRP1","WNT4"
"SFRP1","WNT1"
"SFRP1","WNT2"
"SFRP1","WNT3"
"SFRP1","WNT5A"
"SFRP1","WNT6"
"SFRP1","WNT7A"
"SFRP1","WNT7B"
"SFRP1","WNT8A"
"SFRP1","WNT8B"
"SFRP1","WNT10B"
"SFRP1","WNT11"
"SFRP1","WNT2B"
"SFRP1","WNT9A"
"SFRP1","WNT9B"
"SFRP1","FZD5"
"SFRP1","FZD3"
"SFRP1","WNT10A"
"SFRP1","WNT5B"
"SFRP1","FZD1"
"SFRP1","FZD4"
"SFRP1","FZD6"
"SFRP1","FZD7"
"SFRP1","FZD8"
"SFRP1","FZD9"
"SFRP1","WNT3A"
"SFRP2","FZD10"
"SFRP2","FZD2"
"SFRP2","WNT16"
"SFRP2","WNT4"
"SFRP2","WNT1"
"SFRP2","WNT2"
"SFRP2","WNT3"
"SFRP2","WNT5A"
"SFRP2","WNT6"
"SFRP2","WNT7A"
"SFRP2","WNT7B"
"SFRP2","WNT8A"
"SFRP2","WNT8B"
"SFRP2","WNT10B"
"SFRP2","WNT11"
"SFRP2","WNT2B"
"SFRP2","WNT9A"
"SFRP2","WNT9B"
"SFRP2","FZD5"
"SFRP2","FZD3"
"SFRP2","WNT10A"
"SFRP2","WNT5B"
"SFRP2","FZD1"
"SFRP2","FZD4"
"SFRP2","FZD6"
"SFRP2","FZD7"
"SFRP2","FZD8"
"SFRP2","FZD9"
"SFRP2","WNT3A"
"SFRP4","FZD10"
"SFRP4","FZD2"
"SFRP4","WNT16"
"SFRP4","WNT4"
"SFRP4","WNT1"
"SFRP4","WNT2"
"SFRP4","WNT3"
"SFRP4","WNT5A"
"SFRP4","WNT6"
"SFRP4","WNT7A"
"SFRP4","WNT7B"
"SFRP4","WNT8A"
"SFRP4","WNT8B"
"SFRP4","WNT10B"
"SFRP4","WNT11"
"SFRP4","WNT2B"
"SFRP4","WNT9A"
"SFRP4","WNT9B"
"SFRP4","FZD5"
"SFRP4","FZD3"
"SFRP4","WNT10A"
"SFRP4","WNT5B"
"SFRP4","FZD1"
"SFRP4","FZD4"
"SFRP4","FZD6"
"SFRP4","FZD7"
"SFRP4","FZD8"
"SFRP4","FZD9"
"SFRP4","WNT3A"
"SFRP5","FZD10"
"SFRP5","FZD2"
"SFRP5","WNT16"
"SFRP5","WNT4"
"SFRP5","WNT1"
"SFRP5","WNT2"
"SFRP5","WNT3"
"SFRP5","WNT5A"
"SFRP5","WNT6"
"SFRP5","WNT7A"
"SFRP5","WNT7B"
"SFRP5","WNT8A"
"SFRP5","WNT8B"
"SFRP5","WNT10B"
"SFRP5","WNT11"
"SFRP5","WNT2B"
"SFRP5","WNT9A"
"SFRP5","WNT9B"
"SFRP5","FZD5"
"SFRP5","FZD3"
"SFRP5","WNT10A"
"SFRP5","WNT5B"
"SFRP5","FZD1"
"SFRP5","FZD4"
"SFRP5","FZD6"
"SFRP5","FZD7"
"SFRP5","FZD8"
"SFRP5","FZD9"
"SFRP5","WNT3A"
"SOX17","LEF1"
"SOX17","TCF7"
"SOX17","TCF7L2"
"SOX17","TCF7L1"
"PORCN","WNT16"
"PORCN","WNT4"
"PORCN","WNT1"
"PORCN","WNT2"
"PORCN","WNT3"
"PORCN","WNT5A"
"PORCN","WNT6"
"PORCN","WNT7A"
"PORCN","WNT7B"
"PORCN","WNT8A"
"PORCN","WNT8B"
"PORCN","WNT10B"
"PORCN","WNT11"
"PORCN","WNT2B"
"PORCN","WNT9A"
"PORCN","WNT9B"
"PORCN","WNT10A"
"PORCN","WNT5B"
"PORCN","WNT3A"
"TCF7","JUN"
"TCF7","MMP7"
"TCF7","MYC"
"TCF7","PPARD"
"TCF7","CCND1"
"TCF7","FOSL1"
"TCF7","CCND2"
"TCF7","CCND3"
"TCF7L2","JUN"
"TCF7L2","MMP7"
"TCF7L2","MYC"
"TCF7L2","PPARD"
"TCF7L2","CCND1"
"TCF7L2","FOSL1"
"TCF7L2","CCND2"
"TCF7L2","CCND3"
"TLE1","LEF1"
"TLE1","TCF7"
"TLE1","TCF7L2"
"TLE1","TCF7L1"
"TLE2","LEF1"
"TLE2","TCF7"
"TLE2","TCF7L2"
"TLE2","TCF7L1"
"TLE3","LEF1"
"TLE3","TCF7"
"TLE3","TCF7L2"
"TLE3","TCF7L1"
"TLE4","LEF1"
"TLE4","TCF7"
"TLE4","TCF7L2"
"TLE4","TCF7L1"
"TLE6","LEF1"
"TLE6","TCF7"
"TLE6","TCF7L2"
"TLE6","TCF7L1"
"CXXC4","DVL1"
"CXXC4","DVL2"
"CXXC4","DVL3"
"TCF7L1","JUN"
"TCF7L1","MMP7"
"TCF7L1","MYC"
"TCF7L1","PPARD"
"TCF7L1","CCND1"
"TCF7L1","FOSL1"
"TCF7L1","CCND2"
"TCF7L1","CCND3"
"ZNRF3","FZD10"
"ZNRF3","FZD2"
"ZNRF3","FZD5"
"ZNRF3","FZD3"
"ZNRF3","FZD1"
"ZNRF3","FZD4"
"ZNRF3","FZD6"
"ZNRF3","FZD7"
"ZNRF3","FZD8"
"ZNRF3","FZD9"
"LZTS2","CTNNB1"
"RSPO3","RNF43"
"RSPO3","ZNRF3"
"NKD1","DVL1"
"NKD1","DVL2"
"NKD1","DVL3"
"NKD2","DVL1"
"NKD2","DVL2"
"NKD2","DVL3"
"CER1","WNT16"
"CER1","WNT4"
"CER1","WNT1"
"CER1","WNT2"
"CER1","WNT3"
"CER1","WNT5A"
"CER1","WNT6"
"CER1","WNT7A"
"CER1","WNT7B"
"CER1","WNT8A"
"CER1","WNT8B"
"CER1","WNT10B"
"CER1","WNT11"
"CER1","WNT2B"
"CER1","WNT9A"
"CER1","WNT9B"
"CER1","WNT10A"
"CER1","WNT5B"
"CER1","WNT3A"
"TLE7","RBPJL"
"TLE7","RBPJ"
"RBPJL","PTCRA"
"RBPJL","HEY1"
"RBPJL","HEY2"
"RBPJL","HEYL"
"RBPJL","HES1"
"RBPJL","HES5"
"RBPJL","NRARP"
"CREBBP","RBPJL"
"CREBBP","RBPJ"
"CTBP1","RBPJL"
"CTBP1","RBPJ"
"CTBP2","RBPJL"
"CTBP2","RBPJ"
"DVL1","NOTCH1"
"DVL1","NOTCH2"
"DVL1","NOTCH3"
"DVL1","NOTCH4"
"DVL2","NOTCH1"
"DVL2","NOTCH2"
"DVL2","NOTCH3"
"DVL2","NOTCH4"
"DVL3","NOTCH1"
"DVL3","NOTCH2"
"DVL3","NOTCH3"
"DVL3","NOTCH4"
"EP300","RBPJL"
"EP300","RBPJ"
"SPEN","RBPJL"
"SPEN","RBPJ"
"NCSTN","NOTCH1"
"NCSTN","NOTCH2"
"NCSTN","NOTCH3"
"NCSTN","NOTCH4"
"KAT2A","RBPJL"
"KAT2A","RBPJ"
"HDAC1","RBPJL"
"HDAC1","RBPJ"
"HDAC2","RBPJL"
"HDAC2","RBPJ"
"HES1","RBPJL"
"HES1","RBPJ"
"ATXN1L","RBPJL"
"ATXN1L","RBPJ"
"RBPJ","PTCRA"
"RBPJ","HEY1"
"RBPJ","HEY2"
"RBPJ","HEYL"
"RBPJ","HES1"
"RBPJ","HES5"
"RBPJ","NRARP"
"LFNG","NOTCH1"
"LFNG","NOTCH2"
"LFNG","NOTCH3"
"LFNG","NOTCH4"
"MFNG","NOTCH1"
"MFNG","NOTCH2"
"MFNG","NOTCH3"
"MFNG","NOTCH4"
"NRARP","RBPJL"
"NRARP","RBPJ"
"NOTCH1","DTX2"
"NOTCH1","DTX3L"
"NOTCH1","DTX1"
"NOTCH1","DTX3"
"NOTCH1","DTX4"
"NOTCH2","DTX2"
"NOTCH2","DTX3L"
"NOTCH2","DTX1"
"NOTCH2","DTX3"
"NOTCH2","DTX4"
"NOTCH3","DTX2"
"NOTCH3","DTX3L"
"NOTCH3","DTX1"
"NOTCH3","DTX3"
"NOTCH3","DTX4"
"NOTCH4","DTX2"
"NOTCH4","DTX3L"
"NOTCH4","DTX1"
"NOTCH4","DTX3"
"NOTCH4","DTX4"
"APH1A","NOTCH1"
"APH1A","NOTCH2"
"APH1A","NOTCH3"
"APH1A","NOTCH4"
"MAML3","RBPJL"
"MAML3","RBPJ"
"PSENEN","NOTCH1"
"PSENEN","NOTCH2"
"PSENEN","NOTCH3"
"PSENEN","NOTCH4"
"PSEN1","NOTCH1"
"PSEN1","NOTCH2"
"PSEN1","NOTCH3"
"PSEN1","NOTCH4"
"PSEN2","NOTCH1"
"PSEN2","NOTCH2"
"PSEN2","NOTCH3"
"PSEN2","NOTCH4"
"RFNG","NOTCH1"
"RFNG","NOTCH2"
"RFNG","NOTCH3"
"RFNG","NOTCH4"
"ATXN1","RBPJL"
"ATXN1","RBPJ"
"ADAM17","NOTCH1"
"ADAM17","NOTCH2"
"ADAM17","NOTCH3"
"ADAM17","NOTCH4"
"TLE1","RBPJL"
"TLE1","RBPJ"
"TLE2","RBPJL"
"TLE2","RBPJ"
"TLE3","RBPJL"
"TLE3","RBPJ"
"TLE4","RBPJL"
"TLE4","RBPJ"
"TLE6","RBPJL"
"TLE6","RBPJ"
"APH1B","NOTCH1"
"APH1B","NOTCH2"
"APH1B","NOTCH3"
"APH1B","NOTCH4"
"ITCH","NOTCH1"
"ITCH","NOTCH2"
"ITCH","NOTCH3"
"ITCH","NOTCH4"
"MAML2","RBPJL"
"MAML2","RBPJ"
"NUMB","NOTCH1"
"NUMB","NOTCH2"
"NUMB","NOTCH3"
"NUMB","NOTCH4"
"KAT2B","RBPJL"
"KAT2B","RBPJ"
"NUMBL","NOTCH1"
"NUMBL","NOTCH2"
"NUMBL","NOTCH3"
"NUMBL","NOTCH4"
"CIR1","RBPJL"
"CIR1","RBPJ"
"NCOR2","RBPJL"
"NCOR2","RBPJ"
"MAML1","RBPJL"
"MAML1","RBPJ"
"TPTEP2-CSNK1E","SMO"
"KIF3A","GLI1"
"KIF3A","GLI2"
"KIF3A","GLI3"
"CSNK1A1L","SMO"
"CSNK1A1","SMO"
"CSNK1D","SMO"
"CSNK1E","SMO"
"CSNK1G2","SMO"
"CSNK1G3","SMO"
"GRK2","SMO"
"GRK3","SMO"
"MEGF8","SMO"
"MGRN1","SMO"
"GLI1","PTCH1"
"GLI1","CCND1"
"GLI1","BCL2"
"GLI1","HHIP"
"GLI1","PTCH2"
"GLI1","CCND2"
"GLI2","PTCH1"
"GLI2","CCND1"
"GLI2","BCL2"
"GLI2","HHIP"
"GLI2","PTCH2"
"GLI2","CCND2"
"GLI3","CCND1"
"GLI3","BCL2"
"GLI3","PTCH2"
"GLI3","CCND2"
"IHH","GAS1"
"IHH","LRP2"
"IHH","CDON"
"IHH","PTCH1"
"IHH","PTCH2"
"IHH","BOC"
"ARRB1","GLI1"
"ARRB1","GLI2"
"ARRB1","GLI3"
"ARRB2","GLI1"
"ARRB2","GLI2"
"ARRB2","GLI3"
"DHH","GAS1"
"DHH","LRP2"
"DHH","CDON"
"DHH","PTCH1"
"DHH","PTCH2"
"DHH","BOC"
"CSNK1G1","SMO"
"PRKACA","GLI1"
"PRKACA","GLI2"
"PRKACB","GLI1"
"PRKACB","GLI2"
"PRKACG","GLI1"
"PRKACG","GLI2"
"PTCH1","SMO"
"HHATL","HHAT"
"HHIP","IHH"
"HHIP","DHH"
"HHIP","SHH"
"SHH","GAS1"
"SHH","LRP2"
"SHH","CDON"
"SHH","PTCH1"
"SHH","PTCH2"
"SHH","BOC"
"SMO","PRKACA"
"SMO","PRKACB"
"SMO","PRKACG"
"MOSMO","SMO"
"PTCH2","SMO"
"MICOS10-NBL1","GDF7"
"MICOS10-NBL1","AMH"
"MICOS10-NBL1","BMP8A"
"MICOS10-NBL1","GDF6"
"MICOS10-NBL1","BMP2"
"MICOS10-NBL1","BMP4"
"MICOS10-NBL1","BMP5"
"MICOS10-NBL1","BMP6"
"MICOS10-NBL1","BMP7"
"MICOS10-NBL1","BMP8B"
"MICOS10-NBL1","GDF5"
"FST","INHBA"
"FST","INHBB"
"FST","INHBC"
"FST","INHBE"
"LEFTY1","NODAL"
"LEFTY1","TGFB1"
"LEFTY1","TGFB2"
"LEFTY1","TGFB3"
"ACVR1C","SMAD2"
"ACVR1C","SMAD3"
"CREBBP","CDKN2B"
"GDF7","AMHR2"
"DCN","TGFB1"
"DCN","TGFB2"
"DCN","TGFB3"
"EP300","CDKN2B"
"FMOD","TGFB1"
"FMOD","TGFB2"
"FMOD","TGFB3"
"BAMBI","BMPR1A"
"BAMBI","BMPR1B"
"BAMBI","TGFBR1"
"BAMBI","ACVR1"
"BAMBI","ACVR1B"
"SIN3A","SMAD4"
"LRRC32","TGFB1"
"LRRC32","TGFB2"
"LRRC32","TGFB3"
"GREM1","GDF7"
"GREM1","AMH"
"GREM1","BMP8A"
"GREM1","GDF6"
"GREM1","BMP2"
"GREM1","BMP4"
"GREM1","BMP5"
"GREM1","BMP6"
"GREM1","BMP7"
"GREM1","BMP8B"
"GREM1","GDF5"
"AMH","AMHR2"
"AMH","BMPR2"
"HDAC1","SMAD4"
"HDAC2","SMAD4"
"IFNG","SMAD6"
"IFNG","SMAD7"
"BMP8A","AMHR2"
"IGSF1","ACVR1"
"IGSF1","ACVR1B"
"INHBA","NODAL"
"INHBA","TGFB1"
"INHBA","TGFB2"
"INHBA","TGFB3"
"INHBA","ACVR2A"
"INHBA","ACVR2B"
"INHBB","NODAL"
"INHBB","BMPR1A"
"INHBB","BMPR1B"
"INHBB","TGFB1"
"INHBB","TGFB2"
"INHBB","TGFB3"
"INHBB","ACVR1"
"INHBB","ACVR2A"
"INHBB","ACVR2B"
"INHBC","NODAL"
"INHBC","TGFB1"
"INHBC","TGFB2"
"INHBC","TGFB3"
"INHBC","ACVR2A"
"INHBC","ACVR2B"
"NRROS","TGFB1"
"NRROS","TGFB2"
"NRROS","TGFB3"
"GDF6","AMHR2"
"LTBP1","TGFB1"
"LTBP1","TGFB2"
"LTBP1","TGFB3"
"SMAD1","ID1"
"SMAD1","ID2"
"SMAD1","ID3"
"SMAD1","ID4"
"SMAD1","SMAD4"
"SMAD1","HAMP"
"SMAD2","E2F4"
"SMAD2","E2F5"
"SMAD2","SMAD4"
"SMAD2","PITX2"
"SMAD2","RBL1"
"SMAD2","TFDP1"
"SMAD3","E2F4"
"SMAD3","E2F5"
"SMAD3","SMAD4"
"SMAD3","PITX2"
"SMAD3","RBL1"
"SMAD3","TFDP1"
"SMAD4","E2F4"
"SMAD4","E2F5"
"SMAD4","ID1"
"SMAD4","ID2"
"SMAD4","ID3"
"SMAD4","ID4"
"SMAD4","PITX2"
"SMAD4","HAMP"
"SMAD4","RBL1"
"SMAD4","TFDP1"
"SMAD5","ID1"
"SMAD5","ID2"
"SMAD5","ID3"
"SMAD5","ID4"
"SMAD5","SMAD4"
"SMAD5","HAMP"
"SMAD6","SMAD1"
"SMAD6","SMAD2"
"SMAD6","SMAD3"
"SMAD6","SMAD5"
"SMAD6","SMAD9"
"SMAD7","SMAD1"
"SMAD7","SMAD2"
"SMAD7","SMAD3"
"SMAD7","SMAD5"
"SMAD7","SMAD9"
"SMAD9","ID1"
"SMAD9","ID2"
"SMAD9","ID3"
"SMAD9","ID4"
"SMAD9","SMAD4"
"SMAD9","HAMP"
"MYC","CDKN2B"
"NBL1","GDF7"
"NBL1","AMH"
"NBL1","BMP8A"
"NBL1","GDF6"
"NBL1","BMP2"
"NBL1","BMP4"
"NBL1","BMP5"
"NBL1","BMP6"
"NBL1","BMP7"
"NBL1","BMP8B"
"NBL1","GDF5"
"NODAL","ACVR2A"
"NODAL","ACVR2B"
"PPP2CA","RPS6KB1"
"PPP2CA","RPS6KB2"
"PPP2CB","RPS6KB1"
"PPP2CB","RPS6KB2"
"PPP2R1A","RPS6KB1"
"PPP2R1A","RPS6KB2"
"PPP2R1B","RPS6KB1"
"PPP2R1B","RPS6KB2"
"MAPK1","SMAD1"
"MAPK1","SMAD2"
"MAPK1","SMAD3"
"MAPK1","SMAD5"
"MAPK1","SMAD9"
"MAPK3","SMAD1"
"MAPK3","SMAD2"
"MAPK3","SMAD3"
"MAPK3","SMAD5"
"MAPK3","SMAD9"
"SMURF1","TGFBR1"
"SMURF1","TGFBR2"
"TGIF2","SMAD2"
"TGIF2","SMAD3"
"GREM2","GDF7"
"GREM2","AMH"
"GREM2","BMP8A"
"GREM2","GDF6"
"GREM2","BMP2"
"GREM2","BMP4"
"GREM2","BMP5"
"GREM2","BMP6"
"GREM2","BMP7"
"GREM2","BMP8B"
"GREM2","GDF5"
"SMURF2","TGFBR1"
"SMURF2","TGFBR2"
"SKI","SMAD4"
"SKIL","SMAD4"
"BMP2","AMHR2"
"BMP2","ACVR1"
"SKP1","SMAD2"
"SKP1","SMAD3"
"BMP4","AMHR2"
"BMP4","ACVR1"
"BMP5","AMHR2"
"BMP6","AMHR2"
"BMP7","AMHR2"
"BMP8B","AMHR2"
"BMPR1A","SMAD1"
"BMPR1A","SMAD5"
"BMPR1A","SMAD9"
"BMPR1B","SMAD1"
"BMPR1B","SMAD5"
"BMPR1B","SMAD9"
"SP1","CDKN2B"
"TF","TFRC"
"TFRC","HFE"
"TFRC","TFR2"
"LEFTY2","NODAL"
"LEFTY2","TGFB1"
"LEFTY2","TGFB2"
"LEFTY2","TGFB3"
"TGFBR2","RHOA"
"TGFBR2","PPP2CA"
"TGFBR2","PPP2CB"
"TGFBR2","PPP2R1A"
"TGFBR2","PPP2R1B"
"TGIF1","SMAD2"
"TGIF1","SMAD3"
"THBS1","LTBP1"
"TNF","SMAD6"
"TNF","SMAD7"
"GDF5","AMHR2"
"INHBE","NODAL"
"INHBE","TGFB1"
"INHBE","TGFB2"
"INHBE","TGFB3"
"INHBE","ACVR2A"
"INHBE","ACVR2B"
"CUL1","SMAD2"
"CUL1","SMAD3"
"CHRD","GDF7"
"CHRD","AMH"
"CHRD","BMP8A"
"CHRD","GDF6"
"CHRD","BMP2"
"CHRD","BMP4"
"CHRD","BMP5"
"CHRD","BMP6"
"CHRD","BMP7"
"CHRD","BMP8B"
"CHRD","GDF5"
"ACVR1","SMAD1"
"ACVR1","SMAD2"
"ACVR1","SMAD3"
"ACVR1","SMAD5"
"ACVR1","SMAD9"
"ACVR1B","SMAD2"
"ACVR1B","SMAD3"
"NOG","GDF7"
"NOG","AMH"
"NOG","BMP8A"
"NOG","GDF6"
"NOG","BMP2"
"NOG","BMP4"
"NOG","BMP5"
"NOG","BMP6"
"NOG","BMP7"
"NOG","BMP8B"
"NOG","GDF5"
"NCOR1","SMAD4"
"RBX1","SMAD2"
"RBX1","SMAD3"
"CDK5","DPYSL2"
"PAK4","LIMK1"
"PAK4","LIMK2"
"PAK4","RAC1"
"PAK4","RAC2"
"PAK4","RAC3"
"SEMA3A","NRP1"
"SEMA4F","PLXNB2"
"SEMA4F","PLXNB1"
"SEMA4F","PLXNB3"
"SEMA4D","PLXNB2"
"SEMA4D","PLXNB1"
"SEMA4D","PLXNB3"
"SEMA4B","PLXNB2"
"SEMA4B","PLXNB1"
"SEMA4B","PLXNB3"
"SEMA3C","NRP1"
"BUB1B-PAK6","LIMK1"
"BUB1B-PAK6","LIMK2"
"BUB1B-PAK6","RAC1"
"BUB1B-PAK6","RAC2"
"BUB1B-PAK6","RAC3"
"DCC","PLCG1"
"DCC","PLCG2"
"DCC","PTK2"
"EFNA1","EPHA1"
"EFNA1","EPHA3"
"EFNA1","EPHA4"
"EFNA1","EPHA5"
"EFNA1","EPHA7"
"EFNA1","EPHA8"
"EFNA1","FYN"
"EFNA1","EPHA6"
"EFNA1","RASA1"
"EFNA2","EPHA1"
"EFNA2","EPHA3"
"EFNA2","EPHA4"
"EFNA2","EPHA5"
"EFNA2","EPHA7"
"EFNA2","EPHA8"
"EFNA2","FYN"
"EFNA2","EPHA6"
"EFNA2","RASA1"
"EFNA3","EPHA1"
"EFNA3","EPHA3"
"EFNA3","EPHA4"
"EFNA3","EPHA5"
"EFNA3","EPHA7"
"EFNA3","EPHA8"
"EFNA3","FYN"
"EFNA3","EPHA6"
"EFNA3","RASA1"
"EFNA4","EPHA1"
"EFNA4","EPHA3"
"EFNA4","EPHA4"
"EFNA4","EPHA5"
"EFNA4","EPHA7"
"EFNA4","EPHA8"
"EFNA4","FYN"
"EFNA4","EPHA6"
"EFNA4","RASA1"
"EFNA5","EPHA1"
"EFNA5","EPHA3"
"EFNA5","EPHA4"
"EFNA5","EPHA5"
"EFNA5","EPHA7"
"EFNA5","EPHA8"
"EFNA5","FYN"
"EFNA5","EPHA6"
"EFNA5","RASA1"
"EFNB1","EPHB1"
"EFNB1","EPHB2"
"EFNB1","EPHB3"
"EFNB1","EPHB4"
"EFNB1","EPHB6"
"EFNB1","NCK2"
"EFNB2","EPHB1"
"EFNB2","EPHB2"
"EFNB2","EPHB3"
"EFNB2","EPHB4"
"EFNB2","EPHB6"
"EFNB2","NCK2"
"EFNB3","EPHB1"
"EFNB3","EPHB2"
"EFNB3","EPHB3"
"EFNB3","EPHB4"
"EFNB3","EPHB6"
"EFNB3","NCK2"
"EPHA2","ABL1"
"EPHA2","NGEF"
"EPHA2","RASA1"
"EPHA1","ABL1"
"EPHA1","NGEF"
"EPHA1","RASA1"
"EPHA3","ABL1"
"EPHA3","NGEF"
"EPHA3","RASA1"
"EPHA4","ABL1"
"EPHA4","NGEF"
"EPHA4","RASA1"
"EPHA5","ABL1"
"EPHA5","NGEF"
"EPHA5","RASA1"
"EPHA7","ABL1"
"EPHA7","NGEF"
"EPHA7","RASA1"
"EPHA8","ABL1"
"EPHA8","NGEF"
"EPHA8","RASA1"
"EPHB1","ABL1"
"EPHB1","NGEF"
"EPHB1","RASA1"
"EPHB2","ABL1"
"EPHB2","NGEF"
"EPHB2","RASA1"
"EPHB3","ABL1"
"EPHB3","NGEF"
"EPHB3","RASA1"
"EPHB4","ABL1"
"EPHB4","NGEF"
"EPHB4","RASA1"
"EPHB6","ABL1"
"EPHB6","NGEF"
"EPHB6","RASA1"
"SEMA3D","NRP1"
"FES","DPYSL2"
"FES","PLXNA1"
"FES","PLXNA2"
"FES","PLXNA3"
"FES","DPYSL5"
"FES","PLXNA4"
"SRGAP2","CDC42"
"PLXNB2","RAC1"
"PLXNB2","RAC2"
"PLXNB2","RAC3"
"PLXNB2","RRAS"
"ABL1","ENAH"
"ABL1","ROBO1"
"ABL1","ROBO2"
"FYN","CDK5"
"FYN","RHOA"
"FYN","PLXNA1"
"FYN","PLXNA2"
"FYN","PLXNA3"
"FYN","RAC1"
"FYN","RAC2"
"FYN","RAC3"
"FYN","PLXNA4"
"FYN","CDC42"
"NGEF","RHOA"
"NGEF","RAC1"
"NGEF","RAC2"
"NGEF","RAC3"
"NGEF","CDC42"
"RND1","RHOA"
"EPHA6","ABL1"
"EPHA6","NGEF"
"EPHA6","RASA1"
"GSK3B","DPYSL2"
"RHOD","RND1"
"HRAS","MAPK1"
"HRAS","MAPK3"
"ITGB1","PTK2"
"KRAS","MAPK1"
"KRAS","MAPK3"
"RHOA","RAF1"
"L1CAM","NRP1"
"LIMK1","CFL1"
"LIMK1","CFL2"
"LIMK2","CFL1"
"LIMK2","CFL2"
"NEO1","PTK2"
"NRAS","MAPK1"
"NRAS","MAPK3"
"PAK1","LIMK1"
"PAK1","LIMK2"
"PAK1","RAC1"
"PAK1","RAC2"
"PAK1","RAC3"
"PAK2","LIMK1"
"PAK2","LIMK2"
"PAK2","RAC1"
"PAK2","RAC2"
"PAK2","RAC3"
"PAK3","LIMK1"
"PAK3","LIMK2"
"PAK3","RAC1"
"PAK3","RAC2"
"PAK3","RAC3"
"PARD6A","GSK3B"
"PDPK1","PARD6A"
"PDPK1","PRKCZ"
"PDPK1","PARD3"
"PDPK1","PARD6G"
"PDPK1","PARD6B"
"PLXNA1","RAC1"
"PLXNA1","RAC2"
"PLXNA1","RAC3"
"PLXNA2","RAC1"
"PLXNA2","RAC2"
"PLXNA2","RAC3"
"PLXNB1","RAC1"
"PLXNB1","RAC2"
"PLXNB1","RAC3"
"PLXNB1","RRAS"
"PLXNB3","RAC1"
"PLXNB3","RAC2"
"PLXNB3","RAC3"
"PLXNB3","RRAS"
"SSH1","CFL1"
"SSH1","CFL2"
"SEMA4C","PLXNB2"
"SEMA4C","PLXNB1"
"SEMA4C","PLXNB3"
"SSH3","CFL1"
"SSH3","CFL2"
"PPP3CA","SSH1"
"PPP3CA","SSH3"
"PPP3CA","SSH2"
"PPP3CB","SSH1"
"PPP3CB","SSH3"
"PPP3CB","SSH2"
"PPP3CC","SSH1"
"PPP3CC","SSH3"
"PPP3CC","SSH2"
"PPP3R1","SSH1"
"PPP3R1","SSH3"
"PPP3R1","SSH2"
"PPP3R2","SSH1"
"PPP3R2","SSH3"
"PPP3R2","SSH2"
"PLXNA3","RAC1"
"PLXNA3","RAC2"
"PLXNA3","RAC3"
"PRKCA","ILK"
"PRKCZ","GSK3B"
"PARD3","GSK3B"
"SEMA3G","NRP1"
"PAK6","LIMK1"
"PAK6","LIMK2"
"PAK6","RAC1"
"PAK6","RAC2"
"PAK6","RAC3"
"RGMA","NEO1"
"RGMA","LRIG2"
"PAK5","LIMK1"
"PAK5","LIMK2"
"PAK5","RAC1"
"PAK5","RAC2"
"PAK5","RAC3"
"PTK2","UNC5D"
"PTK2","DCC"
"PTK2","UNC5B"
"PTK2","FYN"
"PTK2","RHOA"
"PTK2","MAPK1"
"PTK2","MAPK3"
"PTK2","SRC"
"PTK2","UNC5C"
"PTK2","UNC5A"
"SRGAP1","CDC42"
"SEMA4G","PLXNB2"
"SEMA4G","PLXNB1"
"SEMA4G","PLXNB3"
"RAC1","ABLIM3"
"RAC1","ABLIM1"
"RAC1","ABLIM2"
"RAC2","ABLIM3"
"RAC2","ABLIM1"
"RAC2","ABLIM2"
"RAC3","ABLIM3"
"RAC3","ABLIM1"
"RAC3","ABLIM2"
"RGS3","GNAI1"
"RGS3","GNAI2"
"RGS3","GNAI3"
"ROBO1","PAK4"
"ROBO1","BUB1B-PAK6"
"ROBO1","SRGAP2"
"ROBO1","PAK1"
"ROBO1","PAK2"
"ROBO1","PAK3"
"ROBO1","PAK6"
"ROBO1","PAK5"
"ROBO1","SRGAP1"
"ROBO1","NCK2"
"ROBO1","SRGAP3"
"ROBO2","PAK4"
"ROBO2","BUB1B-PAK6"
"ROBO2","SRGAP2"
"ROBO2","PAK1"
"ROBO2","PAK2"
"ROBO2","PAK3"
"ROBO2","PAK6"
"ROBO2","PAK5"
"ROBO2","SRGAP1"
"ROBO2","NCK2"
"ROBO2","SRGAP3"
"ROCK1","MYL12B"
"ROCK1","MYL9"
"ROCK1","MYL12A"
"ROCK1","MYL5"
"RRAS","RHOA"
"SEMA3F","NRP1"
"SEMA4A","PLXNB2"
"SEMA4A","PLXNB1"
"SEMA4A","PLXNB3"
"ROBO3","ROBO1"
"BMPR1B","LIMK1"
"SLIT1","ROBO1"
"SLIT1","ROBO2"
"BMPR2","LIMK1"
"SMO","FYN"
"SMO","PRKCA"
"SMO","SRC"
"SRC","UNC5D"
"SRC","DCC"
"SRC","UNC5B"
"SRC","RAC1"
"SRC","RAC2"
"SRC","RAC3"
"SRC","UNC5C"
"SRC","UNC5A"
"TRPC1","BMPR2"
"TRPC3","BMPR2"
"TRPC4","BMPR2"
"TRPC5","BMPR2"
"TRPC6","BMPR2"
"WNT5A","RYK"
"SEMA3B","NRP1"
"FZD3","PIK3CA"
"FZD3","PIK3CB"
"FZD3","PIK3CD"
"FZD3","PIK3R1"
"FZD3","PIK3R2"
"FZD3","PIK3R3"
"WNT5B","RYK"
"NCK2","PTK2"
"NCK2","RAC1"
"NCK2","RAC2"
"NCK2","RAC3"
"PARD6G","GSK3B"
"PARD6B","GSK3B"
"SEMA7A","PLXNC1"
"SEMA7A","ITGB1"
"SSH2","CFL1"
"SSH2","CFL2"
"PLXNA4","RAC1"
"PLXNA4","RAC2"
"PLXNA4","RAC3"
"BOC","SMO"
"SLIT2","ROBO1"
"SLIT2","ROBO2"
"NTN1","UNC5D"
"NTN1","DCC"
"NTN1","UNC5B"
"NTN1","UNC5C"
"NTN1","UNC5A"
"ROCK2","MYL12B"
"ROCK2","MYL9"
"ROCK2","MYL12A"
"ROCK2","MYL5"
"SEMA3E","NRP1"
"SRGAP3","CDC42"
"CDC42","PAK4"
"CDC42","BUB1B-PAK6"
"CDC42","ABLIM3"
"CDC42","ABLIM1"
"CDC42","PAK3"
"CDC42","PAK6"
"CDC42","PAK5"
"CDC42","ABLIM2"
"MAPK14","MAPKAPK3"
"MAPK14","MAPKAPK2"
"KDR","PIK3CA"
"KDR","PIK3CB"
"KDR","PIK3CD"
"KDR","PIK3R1"
"KDR","PIK3R2"
"KDR","PTK2"
"KDR","PXN"
"KDR","PIK3R3"
"KDR","SH2D2A"
"KDR","CDC42"
"NFATC2","PTGS2"
"PLCG1","PLA2G4B"
"PLCG1","PLA2G4E"
"PLCG1","PLA2G4F"
"PLCG1","PLA2G4D"
"PLCG1","NOS3"
"PLCG1","PLA2G4A"
"PLCG1","PPP3CA"
"PLCG1","PPP3CB"
"PLCG1","PPP3CC"
"PLCG1","PPP3R1"
"PLCG1","PPP3R2"
"PLCG1","PRKCA"
"PLCG1","PRKCG"
"PLCG1","PLA2G4C"
"PLCG1","JMJD7-PLA2G4B"
"PLCG2","PLA2G4B"
"PLCG2","PLA2G4E"
"PLCG2","PLA2G4F"
"PLCG2","PLA2G4D"
"PLCG2","NOS3"
"PLCG2","PLA2G4A"
"PLCG2","PPP3CA"
"PLCG2","PPP3CB"
"PLCG2","PPP3CC"
"PLCG2","PPP3R1"
"PLCG2","PPP3R2"
"PLCG2","PRKCA"
"PLCG2","PRKCG"
"PLCG2","PLA2G4C"
"PLCG2","JMJD7-PLA2G4B"
"PRKCA","SPHK2"
"PRKCA","SPHK1"
"PRKCB","SPHK2"
"PRKCB","SPHK1"
"PRKCG","SPHK2"
"PRKCG","SPHK1"
"MAPK11","MAPKAPK3"
"MAPK11","MAPKAPK2"
"MAPK13","MAPKAPK3"
"MAPK13","MAPKAPK2"
"MAPK12","MAPKAPK3"
"MAPK12","MAPKAPK2"
"MAPKAPK3","HSPB1"
"MAPKAPK2","HSPB1"
"CDC42","MAPK14"
"CDC42","MAPK11"
"CDC42","MAPK13"
"CDC42","MAPK12"
"AKT3","NOS1"
"AKT3","NOS2"
"AKT3","PDE3B"
"AKT3","MAPK1"
"AKT3","MAPK3"
"HDAC5","MEF2B"
"HDAC5","MEF2A"
"HDAC5","BORCS8-MEF2B"
"HDAC5","MEF2C"
"HDAC5","MEF2D"
"MEF2B","KLF2"
"APELA","SERPINE1"
"APELA","TGFBR1"
"KLF2","NOS1"
"KLF2","NOS2"
"KLF2","NOS3"
"GNA13","CAMK4"
"GNB5","ADCY1"
"GNB5","ADCY2"
"GNB5","ADCY3"
"GNB5","ADCY5"
"GNB5","ADCY6"
"GNB5","ADCY7"
"GNB5","ADCY8"
"GNB5","ADCY9"
"GNB5","ADCY4"
"GNB5","RRAS2"
"GNB5","MRAS"
"GNB5","HRAS"
"GNB5","KRAS"
"GNB5","NRAS"
"GNB5","PRKAG2"
"GNB5","PRKAG3"
"GNB5","PRKAA1"
"GNB5","PRKAA2"
"GNB5","PRKAB1"
"GNB5","PRKAB2"
"GNB5","PRKAG1"
"GNB5","PRKCE"
"GNB5","ADCY10"
"GNB5","RRAS"
"GNB5","CAMK4"
"PPARGC1A","NRF1"
"PPARGC1A","TFAM"
"PPARGC1A","UCP1"
"CALML6","NOS1"
"CALML6","NOS2"
"CALML6","NOS3"
"JAG1","CCND1"
"AGTR1","SERPINE1"
"APLNR","PIK3R4"
"APLNR","PIK3C3"
"EGR1","SPP1"
"AKT1","NOS1"
"AKT1","NOS2"
"AKT1","PDE3B"
"AKT1","MAPK1"
"AKT1","MAPK3"
"AKT2","NOS1"
"AKT2","NOS2"
"AKT2","PDE3B"
"AKT2","MAPK1"
"AKT2","MAPK3"
"GNAI1","PRKCE"
"GNAI1","ADCY10"
"GNAI2","PRKCE"
"GNAI2","ADCY10"
"GNAI3","PRKCE"
"GNAI3","ADCY10"
"GNAQ","RRAS2"
"GNAQ","MRAS"
"GNAQ","HRAS"
"GNAQ","KRAS"
"GNAQ","NRAS"
"GNAQ","PRKAG2"
"GNAQ","PRKAG3"
"GNAQ","PRKAA1"
"GNAQ","PRKAA2"
"GNAQ","PRKAB1"
"GNAQ","PRKAB2"
"GNAQ","PRKAG1"
"GNAQ","RRAS"
"GNB1","ADCY1"
"GNB1","ADCY2"
"GNB1","ADCY3"
"GNB1","ADCY5"
"GNB1","ADCY6"
"GNB1","ADCY7"
"GNB1","ADCY8"
"GNB1","ADCY9"
"GNB1","ADCY4"
"GNB1","RRAS2"
"GNB1","MRAS"
"GNB1","HRAS"
"GNB1","KRAS"
"GNB1","NRAS"
"GNB1","PRKAG2"
"GNB1","PRKAG3"
"GNB1","PRKAA1"
"GNB1","PRKAA2"
"GNB1","PRKAB1"
"GNB1","PRKAB2"
"GNB1","PRKAG1"
"GNB1","PRKCE"
"GNB1","ADCY10"
"GNB1","RRAS"
"GNB1","CAMK4"
"GNB2","ADCY1"
"GNB2","ADCY2"
"GNB2","ADCY3"
"GNB2","ADCY5"
"GNB2","ADCY6"
"GNB2","ADCY7"
"GNB2","ADCY8"
"GNB2","ADCY9"
"GNB2","ADCY4"
"GNB2","RRAS2"
"GNB2","MRAS"
"GNB2","HRAS"
"GNB2","KRAS"
"GNB2","NRAS"
"GNB2","PRKAG2"
"GNB2","PRKAG3"
"GNB2","PRKAA1"
"GNB2","PRKAA2"
"GNB2","PRKAB1"
"GNB2","PRKAB2"
"GNB2","PRKAG1"
"GNB2","PRKCE"
"GNB2","ADCY10"
"GNB2","RRAS"
"GNB2","CAMK4"
"GNB3","ADCY1"
"GNB3","ADCY2"
"GNB3","ADCY3"
"GNB3","ADCY5"
"GNB3","ADCY6"
"GNB3","ADCY7"
"GNB3","ADCY8"
"GNB3","ADCY9"
"GNB3","ADCY4"
"GNB3","RRAS2"
"GNB3","MRAS"
"GNB3","HRAS"
"GNB3","KRAS"
"GNB3","NRAS"
"GNB3","PRKAG2"
"GNB3","PRKAG3"
"GNB3","PRKAA1"
"GNB3","PRKAA2"
"GNB3","PRKAB1"
"GNB3","PRKAB2"
"GNB3","PRKAG1"
"GNB3","PRKCE"
"GNB3","ADCY10"
"GNB3","RRAS"
"GNB3","CAMK4"
"GNG3","ADCY1"
"GNG3","ADCY2"
"GNG3","ADCY3"
"GNG3","ADCY5"
"GNG3","ADCY6"
"GNG3","ADCY7"
"GNG3","ADCY8"
"GNG3","ADCY9"
"GNG3","ADCY4"
"GNG3","RRAS2"
"GNG3","MRAS"
"GNG3","HRAS"
"GNG3","KRAS"
"GNG3","NRAS"
"GNG3","PRKAG2"
"GNG3","PRKAG3"
"GNG3","PRKAA1"
"GNG3","PRKAA2"
"GNG3","PRKAB1"
"GNG3","PRKAB2"
"GNG3","PRKAG1"
"GNG3","PRKCE"
"GNG3","ADCY10"
"GNG3","RRAS"
"GNG3","CAMK4"
"GNG4","ADCY1"
"GNG4","ADCY2"
"GNG4","ADCY3"
"GNG4","ADCY5"
"GNG4","ADCY6"
"GNG4","ADCY7"
"GNG4","ADCY8"
"GNG4","ADCY9"
"GNG4","ADCY4"
"GNG4","RRAS2"
"GNG4","MRAS"
"GNG4","HRAS"
"GNG4","KRAS"
"GNG4","NRAS"
"GNG4","PRKAG2"
"GNG4","PRKAG3"
"GNG4","PRKAA1"
"GNG4","PRKAA2"
"GNG4","PRKAB1"
"GNG4","PRKAB2"
"GNG4","PRKAG1"
"GNG4","PRKCE"
"GNG4","ADCY10"
"GNG4","RRAS"
"GNG4","CAMK4"
"GNG5","ADCY1"
"GNG5","ADCY2"
"GNG5","ADCY3"
"GNG5","ADCY5"
"GNG5","ADCY6"
"GNG5","ADCY7"
"GNG5","ADCY8"
"GNG5","ADCY9"
"GNG5","ADCY4"
"GNG5","RRAS2"
"GNG5","MRAS"
"GNG5","HRAS"
"GNG5","KRAS"
"GNG5","NRAS"
"GNG5","PRKAG2"
"GNG5","PRKAG3"
"GNG5","PRKAA1"
"GNG5","PRKAA2"
"GNG5","PRKAB1"
"GNG5","PRKAB2"
"GNG5","PRKAG1"
"GNG5","PRKCE"
"GNG5","ADCY10"
"GNG5","RRAS"
"GNG5","CAMK4"
"GNG7","ADCY1"
"GNG7","ADCY2"
"GNG7","ADCY3"
"GNG7","ADCY5"
"GNG7","ADCY6"
"GNG7","ADCY7"
"GNG7","ADCY8"
"GNG7","ADCY9"
"GNG7","ADCY4"
"GNG7","RRAS2"
"GNG7","MRAS"
"GNG7","HRAS"
"GNG7","KRAS"
"GNG7","NRAS"
"GNG7","PRKAG2"
"GNG7","PRKAG3"
"GNG7","PRKAA1"
"GNG7","PRKAA2"
"GNG7","PRKAB1"
"GNG7","PRKAB2"
"GNG7","PRKAG1"
"GNG7","PRKCE"
"GNG7","ADCY10"
"GNG7","RRAS"
"GNG7","CAMK4"
"GNG10","ADCY1"
"GNG10","ADCY2"
"GNG10","ADCY3"
"GNG10","ADCY5"
"GNG10","ADCY6"
"GNG10","ADCY7"
"GNG10","ADCY8"
"GNG10","ADCY9"
"GNG10","ADCY4"
"GNG10","RRAS2"
"GNG10","MRAS"
"GNG10","HRAS"
"GNG10","KRAS"
"GNG10","NRAS"
"GNG10","PRKAG2"
"GNG10","PRKAG3"
"GNG10","PRKAA1"
"GNG10","PRKAA2"
"GNG10","PRKAB1"
"GNG10","PRKAB2"
"GNG10","PRKAG1"
"GNG10","PRKCE"
"GNG10","ADCY10"
"GNG10","RRAS"
"GNG10","CAMK4"
"GNG11","ADCY1"
"GNG11","ADCY2"
"GNG11","ADCY3"
"GNG11","ADCY5"
"GNG11","ADCY6"
"GNG11","ADCY7"
"GNG11","ADCY8"
"GNG11","ADCY9"
"GNG11","ADCY4"
"GNG11","RRAS2"
"GNG11","MRAS"
"GNG11","HRAS"
"GNG11","KRAS"
"GNG11","NRAS"
"GNG11","PRKAG2"
"GNG11","PRKAG3"
"GNG11","PRKAA1"
"GNG11","PRKAA2"
"GNG11","PRKAB1"
"GNG11","PRKAB2"
"GNG11","PRKAG1"
"GNG11","PRKCE"
"GNG11","ADCY10"
"GNG11","RRAS"
"GNG11","CAMK4"
"GNGT1","ADCY1"
"GNGT1","ADCY2"
"GNGT1","ADCY3"
"GNGT1","ADCY5"
"GNGT1","ADCY6"
"GNGT1","ADCY7"
"GNGT1","ADCY8"
"GNGT1","ADCY9"
"GNGT1","ADCY4"
"GNGT1","RRAS2"
"GNGT1","MRAS"
"GNGT1","HRAS"
"GNGT1","KRAS"
"GNGT1","NRAS"
"GNGT1","PRKAG2"
"GNGT1","PRKAG3"
"GNGT1","PRKAA1"
"GNGT1","PRKAA2"
"GNGT1","PRKAB1"
"GNGT1","PRKAB2"
"GNGT1","PRKAG1"
"GNGT1","PRKCE"
"GNGT1","ADCY10"
"GNGT1","RRAS"
"GNGT1","CAMK4"
"GNGT2","ADCY1"
"GNGT2","ADCY2"
"GNGT2","ADCY3"
"GNGT2","ADCY5"
"GNGT2","ADCY6"
"GNGT2","ADCY7"
"GNGT2","ADCY8"
"GNGT2","ADCY9"
"GNGT2","ADCY4"
"GNGT2","RRAS2"
"GNGT2","MRAS"
"GNGT2","HRAS"
"GNGT2","KRAS"
"GNGT2","NRAS"
"GNGT2","PRKAG2"
"GNGT2","PRKAG3"
"GNGT2","PRKAA1"
"GNGT2","PRKAA2"
"GNGT2","PRKAB1"
"GNGT2","PRKAB2"
"GNGT2","PRKAG1"
"GNGT2","PRKCE"
"GNGT2","ADCY10"
"GNGT2","RRAS"
"GNGT2","CAMK4"
"MYLK4","MYL2"
"MYLK4","MYL3"
"MYLK4","MYL4"
"SMAD2","CCN2"
"SMAD2","SPHK2"
"SMAD2","ACTA2"
"SMAD2","SPHK1"
"SMAD2","CDH1"
"SMAD3","CCN2"
"SMAD3","SPHK2"
"SMAD3","ACTA2"
"SMAD3","SPHK1"
"SMAD3","CDH1"
"SMAD4","CCN2"
"SMAD4","SPHK2"
"SMAD4","ACTA2"
"SMAD4","SPHK1"
"SMAD4","CDH1"
"MEF2A","KLF2"
"BORCS8-MEF2B","KLF2"
"MEF2C","KLF2"
"MEF2D","KLF2"
"BECN2","MAP1LC3C"
"BECN2","MAP1LC3B2"
"BECN2","MAP1LC3B"
"BECN2","MAP1LC3A"
"MYLK","MYL2"
"MYLK","MYL3"
"MYLK","MYL4"
"NOTCH3","CCND1"
"SERPINE1","PLAT"
"PRKAG2","KLF2"
"PRKAG2","PLIN1"
"PRKAG2","SPHK2"
"PRKAG2","SPHK1"
"GNG13","ADCY1"
"GNG13","ADCY2"
"GNG13","ADCY3"
"GNG13","ADCY5"
"GNG13","ADCY6"
"GNG13","ADCY7"
"GNG13","ADCY8"
"GNG13","ADCY9"
"GNG13","ADCY4"
"GNG13","RRAS2"
"GNG13","MRAS"
"GNG13","HRAS"
"GNG13","KRAS"
"GNG13","NRAS"
"GNG13","PRKAG2"
"GNG13","PRKAG3"
"GNG13","PRKAA1"
"GNG13","PRKAA2"
"GNG13","PRKAB1"
"GNG13","PRKAB2"
"GNG13","PRKAG1"
"GNG13","PRKCE"
"GNG13","ADCY10"
"GNG13","RRAS"
"GNG13","CAMK4"
"CALML5","NOS1"
"CALML5","NOS2"
"CALML5","NOS3"
"PRKAG3","KLF2"
"PRKAG3","PLIN1"
"PRKAG3","SPHK2"
"PRKAG3","SPHK1"
"GNG2","ADCY1"
"GNG2","ADCY2"
"GNG2","ADCY3"
"GNG2","ADCY5"
"GNG2","ADCY6"
"GNG2","ADCY7"
"GNG2","ADCY8"
"GNG2","ADCY9"
"GNG2","ADCY4"
"GNG2","RRAS2"
"GNG2","MRAS"
"GNG2","HRAS"
"GNG2","KRAS"
"GNG2","NRAS"
"GNG2","PRKAG2"
"GNG2","PRKAG3"
"GNG2","PRKAA1"
"GNG2","PRKAA2"
"GNG2","PRKAB1"
"GNG2","PRKAB2"
"GNG2","PRKAG1"
"GNG2","PRKCE"
"GNG2","ADCY10"
"GNG2","RRAS"
"GNG2","CAMK4"
"PRKAA1","KLF2"
"PRKAA1","PLIN1"
"PRKAA1","SPHK2"
"PRKAA1","SPHK1"
"PRKAA2","KLF2"
"PRKAA2","PLIN1"
"PRKAA2","SPHK2"
"PRKAA2","SPHK1"
"PRKAB1","KLF2"
"PRKAB1","PLIN1"
"PRKAB1","SPHK2"
"PRKAB1","SPHK1"
"PRKAB2","KLF2"
"PRKAB2","PLIN1"
"PRKAB2","SPHK2"
"PRKAB2","SPHK1"
"PRKAG1","KLF2"
"PRKAG1","PLIN1"
"PRKAG1","SPHK2"
"PRKAG1","SPHK1"
"PRKCE","RRAS2"
"PRKCE","MRAS"
"PRKCE","HRAS"
"PRKCE","MYLK4"
"PRKCE","KRAS"
"PRKCE","MYLK"
"PRKCE","NRAS"
"PRKCE","RRAS"
"PRKCE","SLC9A1"
"PRKCE","MYLK2"
"PRKCE","MYLK3"
"MAPK1","JAG1"
"MAPK1","EGR1"
"MAPK1","RPS6KB1"
"MAPK1","RPS6KB2"
"MAPK1","SLC9A1"
"MAPK3","JAG1"
"MAPK3","EGR1"
"MAPK3","RPS6KB1"
"MAPK3","RPS6KB2"
"MAPK3","SLC9A1"
"GNG12","ADCY1"
"GNG12","ADCY2"
"GNG12","ADCY3"
"GNG12","ADCY5"
"GNG12","ADCY6"
"GNG12","ADCY7"
"GNG12","ADCY8"
"GNG12","ADCY9"
"GNG12","ADCY4"
"GNG12","RRAS2"
"GNG12","MRAS"
"GNG12","HRAS"
"GNG12","KRAS"
"GNG12","NRAS"
"GNG12","PRKAG2"
"GNG12","PRKAG3"
"GNG12","PRKAA1"
"GNG12","PRKAA2"
"GNG12","PRKAB1"
"GNG12","PRKAB2"
"GNG12","PRKAG1"
"GNG12","PRKCE"
"GNG12","ADCY10"
"GNG12","RRAS"
"GNG12","CAMK4"
"GNB4","ADCY1"
"GNB4","ADCY2"
"GNB4","ADCY3"
"GNB4","ADCY5"
"GNB4","ADCY6"
"GNB4","ADCY7"
"GNB4","ADCY8"
"GNB4","ADCY9"
"GNB4","ADCY4"
"GNB4","RRAS2"
"GNB4","MRAS"
"GNB4","HRAS"
"GNB4","KRAS"
"GNB4","NRAS"
"GNB4","PRKAG2"
"GNB4","PRKAG3"
"GNB4","PRKAA1"
"GNB4","PRKAA2"
"GNB4","PRKAB1"
"GNB4","PRKAB2"
"GNB4","PRKAG1"
"GNB4","PRKCE"
"GNB4","ADCY10"
"GNB4","RRAS"
"GNB4","CAMK4"
"CALM1","NOS1"
"CALM1","NOS2"
"CALM1","NOS3"
"CALM2","NOS1"
"CALM2","NOS2"
"CALM2","NOS3"
"CALM3","NOS1"
"CALM3","NOS2"
"CALM3","NOS3"
"CALML3","NOS1"
"CALML3","NOS2"
"CALML3","NOS3"
"CAMK4","HDAC5"
"CAMK4","HDAC4"
"MYLK2","MYL2"
"MYLK2","MYL3"
"MYLK2","MYL4"
"BECN1","MAP1LC3C"
"BECN1","MAP1LC3B2"
"BECN1","MAP1LC3B"
"BECN1","MAP1LC3A"
"APLN","SERPINE1"
"APLN","TGFBR1"
"MYLK3","MYL2"
"MYLK3","MYL3"
"MYLK3","MYL4"
"CALML4","NOS1"
"CALML4","NOS2"
"CALML4","NOS3"
"GNG8","ADCY1"
"GNG8","ADCY2"
"GNG8","ADCY3"
"GNG8","ADCY5"
"GNG8","ADCY6"
"GNG8","ADCY7"
"GNG8","ADCY8"
"GNG8","ADCY9"
"GNG8","ADCY4"
"GNG8","RRAS2"
"GNG8","MRAS"
"GNG8","HRAS"
"GNG8","KRAS"
"GNG8","NRAS"
"GNG8","PRKAG2"
"GNG8","PRKAG3"
"GNG8","PRKAA1"
"GNG8","PRKAA2"
"GNG8","PRKAB1"
"GNG8","PRKAB2"
"GNG8","PRKAG1"
"GNG8","PRKCE"
"GNG8","ADCY10"
"GNG8","RRAS"
"GNG8","CAMK4"
"HDAC4","MEF2B"
"HDAC4","MEF2A"
"HDAC4","BORCS8-MEF2B"
"HDAC4","MEF2C"
"HDAC4","MEF2D"
"IRF9","FOS"
"CHUK","RELB"
"CREB1","CTSK"
"CREB1","ITGB3"
"CREB1","ACP5"
"CREB1","CALCR"
"MAPK14","FOSB"
"MAPK14","FOSL2"
"MAPK14","JUNB"
"MAPK14","JUND"
"MAPK14","FOSL1"
"CSF1R","PIK3CA"
"CSF1R","PIK3CB"
"CSF1R","PIK3CD"
"CSF1R","PIK3R1"
"CSF1R","PIK3R2"
"CSF1R","PIK3R3"
"CYLD","TRAF2"
"FHL2","TRAF2"
"FHL2","TRAF6"
"FOS","CTSK"
"FOS","IFNB1"
"FOS","ITGB3"
"FOS","NFATC1"
"FOS","ACP5"
"FOS","CALCR"
"FOSB","CTSK"
"FOSB","IFNB1"
"FOSB","ITGB3"
"FOSB","NFATC1"
"FOSB","ACP5"
"FOSB","CALCR"
"FOSL2","CTSK"
"FOSL2","IFNB1"
"FOSL2","ITGB3"
"FOSL2","NFATC1"
"FOSL2","ACP5"
"FOSL2","CALCR"
"FYN","PIK3CA"
"FYN","PIK3CB"
"FYN","PIK3CD"
"FYN","PIK3R1"
"FYN","PIK3R2"
"FYN","PIK3R3"
"GRB2","MAPK1"
"GRB2","MAPK3"
"IFNGR1","STAT1"
"IFNGR2","STAT1"
"IL1R1","TRAF2"
"JUN","CTSK"
"JUN","IFNB1"
"JUN","ITGB3"
"JUN","NFATC1"
"JUN","ACP5"
"JUN","CALCR"
"JUNB","CTSK"
"JUNB","IFNB1"
"JUNB","ITGB3"
"JUNB","NFATC1"
"JUNB","ACP5"
"JUNB","CALCR"
"JUND","CTSK"
"JUND","IFNB1"
"JUND","ITGB3"
"JUND","NFATC1"
"JUND","ACP5"
"JUND","CALCR"
"LCK","PIK3CA"
"LCK","PIK3CB"
"LCK","PIK3CD"
"LCK","PIK3R1"
"LCK","PIK3R2"
"LCK","PIK3R3"
"NFATC1","CTSK"
"NFATC1","ITGB3"
"NFATC1","ACP5"
"NFATC1","CALCR"
"NFKB1","IFNB1"
"NFKB1","NFATC1"
"NFKB2","IFNB1"
"NFKB2","NFATC1"
"TNFRSF11B","TNFSF11"
"PPARG","FOS"
"MAPK8","FOSB"
"MAPK8","FOSL2"
"MAPK8","JUNB"
"MAPK8","JUND"
"MAPK8","FOSL1"
"MAPK11","FOSB"
"MAPK11","FOSL2"
"MAPK11","JUNB"
"MAPK11","JUND"
"MAPK11","FOSL1"
"MAPK9","FOSB"
"MAPK9","FOSL2"
"MAPK9","JUNB"
"MAPK9","JUND"
"MAPK9","FOSL1"
"MAPK10","FOSB"
"MAPK10","FOSL2"
"MAPK10","JUNB"
"MAPK10","JUND"
"MAPK10","FOSL1"
"MAPK13","FOSB"
"MAPK13","FOSL2"
"MAPK13","JUNB"
"MAPK13","JUND"
"MAPK13","FOSL1"
"RAC1","CYBA"
"RAC1","NOX1"
"RAC1","NCF2"
"RAC1","NCF4"
"RAC1","NCF1"
"RELA","IFNB1"
"RELA","NFATC1"
"RELB","IFNB1"
"RELB","NFATC1"
"MAPK12","FOSB"
"MAPK12","FOSL2"
"MAPK12","JUNB"
"MAPK12","JUND"
"MAPK12","FOSL1"
"STAT1","TRAF2"
"STAT1","TRAF6"
"SYK","BLNK"
"SYK","LCP2"
"MAP3K7","MAP2K1"
"MAP3K7","MAP2K6"
"MAP3K7","MAP2K7"
"TEC","PLCG2"
"TNFRSF1A","TRAF6"
"TRAF2","RAC1"
"TRAF6","RAC1"
"FOSL1","CTSK"
"FOSL1","IFNB1"
"FOSL1","ITGB3"
"FOSL1","NFATC1"
"FOSL1","ACP5"
"FOSL1","CALCR"
"CAMK4","CREB1"
"TNFRSF11A","FCGR1A"
"TNFRSF11A","FCGR2A"
"TNFRSF11A","FCGR2B"
"TNFRSF11A","FCGR3A"
"TNFRSF11A","FCGR3B"
"TNFRSF11A","BTK"
"TNFRSF11A","TEC"
"TNFRSF11A","TRAF2"
"TNFRSF11A","TRAF6"
"TNFRSF11A","TYROBP"
"TNFRSF11A","FCGR2C"
"TPTEP2-CSNK1E","YAP1"
"TPTEP2-CSNK1E","WWTR1"
"TPTEP2-CSNK1E","GSK3B"
"YAP1","CCN2"
"YAP1","AFP"
"YAP1","FGF1"
"YAP1","BBC3"
"YAP1","GLI2"
"YAP1","BIRC2"
"YAP1","BIRC3"
"YAP1","BIRC5"
"YAP1","ID1"
"YAP1","ID2"
"YAP1","ITGB2"
"YAP1","AREG"
"YAP1","SMAD2"
"YAP1","SMAD3"
"YAP1","SMAD7"
"YAP1","MYC"
"YAP1","SERPINE1"
"YAP1","CCND1"
"YAP1","SNAI2"
"YAP1","SOX2"
"YAP1","TGFBR1"
"YAP1","TGFBR2"
"YAP1","AXIN1"
"YAP1","AXIN2"
"YAP1","NKD1"
"YAP1","NKD2"
"YAP1","CCND2"
"YAP1","CCND3"
"YWHAQ","TPTEP2-CSNK1E"
"YWHAQ","CSNK1D"
"YWHAQ","CSNK1E"
"RASSF1","STK3"
"FRMD6","STK3"
"WTIP","LATS2"
"WTIP","SAV1"
"WTIP","LATS1"
"CSNK1D","YAP1"
"CSNK1D","WWTR1"
"CSNK1D","GSK3B"
"CSNK1E","YAP1"
"CSNK1E","WWTR1"
"CSNK1E","GSK3B"
"CTNNA1","YWHAQ"
"CTNNA1","YWHAB"
"CTNNA1","YWHAE"
"CTNNA1","YWHAG"
"CTNNA1","YWHAH"
"CTNNA1","YWHAZ"
"CTNNA2","YWHAQ"
"CTNNA2","YWHAB"
"CTNNA2","YWHAE"
"CTNNA2","YWHAG"
"CTNNA2","YWHAH"
"CTNNA2","YWHAZ"
"RASSF6","STK3"
"DLG1","YAP1"
"DLG1","WWTR1"
"DLG2","YAP1"
"DLG2","WWTR1"
"DLG3","YAP1"
"DLG3","WWTR1"
"DLG4","YAP1"
"DLG4","WWTR1"
"WWC1","STK3"
"FBXW11","YAP1"
"FBXW11","WWTR1"
"SCRIB","YAP1"
"SCRIB","WWTR1"
"WWTR1","TPTEP2-CSNK1E"
"WWTR1","CSNK1D"
"WWTR1","CSNK1E"
"WWTR1","CCN2"
"WWTR1","AFP"
"WWTR1","FGF1"
"WWTR1","BBC3"
"WWTR1","GLI2"
"WWTR1","BIRC5"
"WWTR1","ITGB2"
"WWTR1","AREG"
"WWTR1","SMAD7"
"WWTR1","SERPINE1"
"LATS2","YAP1"
"LATS2","WWTR1"
"AMH","BMPR1A"
"AMH","BMPR1B"
"CTNNA3","YWHAQ"
"CTNNA3","YWHAB"
"CTNNA3","YWHAE"
"CTNNA3","YWHAG"
"CTNNA3","YWHAH"
"CTNNA3","YWHAZ"
"GSK3B","APC2"
"GSK3B","APC"
"GSK3B","AXIN1"
"GSK3B","AXIN2"
"LLGL2","YAP1"
"LLGL2","WWTR1"
"LLGL1","YAP1"
"LLGL1","WWTR1"
"SMAD2","SMAD1"
"SMAD2","SMAD7"
"SMAD2","SERPINE1"
"SMAD2","BMPR1A"
"SMAD2","BMPR1B"
"SMAD2","BMPR2"
"SMAD3","SMAD1"
"SMAD3","SMAD7"
"SMAD3","SERPINE1"
"SMAD3","BMPR1A"
"SMAD3","BMPR1B"
"SMAD3","BMPR2"
"SMAD4","SMAD7"
"SMAD4","SERPINE1"
"SMAD7","TGFBR1"
"SMAD7","TGFBR2"
"NF2","STK3"
"LEF1","BIRC2"
"LEF1","BIRC3"
"LEF1","BIRC5"
"LEF1","SNAI2"
"LEF1","SOX2"
"LEF1","AXIN1"
"LEF1","AXIN2"
"LEF1","NKD1"
"LEF1","NKD2"
"PPP1CA","YAP1"
"PPP1CA","WWTR1"
"PPP1CB","YAP1"
"PPP1CB","WWTR1"
"PPP1CC","YAP1"
"PPP1CC","WWTR1"
"PPP2CA","YAP1"
"PPP2CA","WWTR1"
"PPP2CA","STK3"
"PPP2CB","YAP1"
"PPP2CB","WWTR1"
"PPP2CB","STK3"
"PPP2R1A","YAP1"
"PPP2R1A","WWTR1"
"PPP2R1A","STK3"
"PPP2R1B","YAP1"
"PPP2R1B","WWTR1"
"PPP2R1B","STK3"
"PPP2R2A","YAP1"
"PPP2R2A","WWTR1"
"PPP2R2A","STK3"
"PPP2R2B","YAP1"
"PPP2R2B","WWTR1"
"PPP2R2B","STK3"
"PPP2R2C","YAP1"
"PPP2R2C","WWTR1"
"PPP2R2C","STK3"
"PPP2R2D","YAP1"
"PPP2R2D","WWTR1"
"PPP2R2D","STK3"
"ACTB","STK3"
"BMPR2","SMAD1"
"STK3","LATS2"
"STK3","MOB1A"
"STK3","LATS1"
"STK3","MOB1B"
"TCF7","BIRC2"
"TCF7","BIRC3"
"TCF7","BIRC5"
"TCF7","SNAI2"
"TCF7","SOX2"
"TCF7","AXIN1"
"TCF7","AXIN2"
"TCF7","NKD1"
"TCF7","NKD2"
"TCF7L2","BIRC2"
"TCF7L2","BIRC3"
"TCF7L2","BIRC5"
"TCF7L2","SNAI2"
"TCF7L2","SOX2"
"TCF7L2","AXIN1"
"TCF7L2","AXIN2"
"TCF7L2","NKD1"
"TCF7L2","NKD2"
"TEAD1","CCN2"
"TEAD1","GLI2"
"TEAD1","BIRC2"
"TEAD1","BIRC3"
"TEAD1","BIRC5"
"TEAD1","MYC"
"TEAD1","CCND1"
"TEAD1","SNAI2"
"TEAD1","SOX2"
"TEAD1","AXIN1"
"TEAD1","AXIN2"
"TEAD1","NKD1"
"TEAD1","NKD2"
"TEAD1","CCND2"
"TEAD1","CCND3"
"TEAD4","CCN2"
"TEAD4","GLI2"
"TEAD4","BIRC2"
"TEAD4","BIRC3"
"TEAD4","BIRC5"
"TEAD4","MYC"
"TEAD4","CCND1"
"TEAD4","SNAI2"
"TEAD4","SOX2"
"TEAD4","AXIN1"
"TEAD4","AXIN2"
"TEAD4","NKD1"
"TEAD4","NKD2"
"TEAD4","CCND2"
"TEAD4","CCND3"
"TEAD3","CCN2"
"TEAD3","GLI2"
"TEAD3","BIRC2"
"TEAD3","BIRC3"
"TEAD3","BIRC5"
"TEAD3","MYC"
"TEAD3","CCND1"
"TEAD3","SNAI2"
"TEAD3","SOX2"
"TEAD3","AXIN1"
"TEAD3","AXIN2"
"TEAD3","NKD1"
"TEAD3","NKD2"
"TEAD3","CCND2"
"TEAD3","CCND3"
"ACTG1","STK3"
"TP53BP2","YAP1"
"TP53BP2","WWTR1"
"TP73","BBC3"
"YWHAB","TPTEP2-CSNK1E"
"YWHAB","CSNK1D"
"YWHAB","CSNK1E"
"YWHAE","TPTEP2-CSNK1E"
"YWHAE","CSNK1D"
"YWHAE","CSNK1E"
"YWHAG","TPTEP2-CSNK1E"
"YWHAG","CSNK1D"
"YWHAG","CSNK1E"
"YWHAH","TPTEP2-CSNK1E"
"YWHAH","CSNK1D"
"YWHAH","CSNK1E"
"YWHAZ","TPTEP2-CSNK1E"
"YWHAZ","CSNK1D"
"YWHAZ","CSNK1E"
"FRMD1","STK3"
"TCF7L1","BIRC2"
"TCF7L1","BIRC3"
"TCF7L1","BIRC5"
"TCF7L1","SNAI2"
"TCF7L1","SOX2"
"TCF7L1","AXIN1"
"TCF7L1","AXIN2"
"TCF7L1","NKD1"
"TCF7L1","NKD2"
"TEAD2","CCN2"
"TEAD2","GLI2"
"TEAD2","BIRC2"
"TEAD2","BIRC3"
"TEAD2","BIRC5"
"TEAD2","MYC"
"TEAD2","CCND1"
"TEAD2","SNAI2"
"TEAD2","SOX2"
"TEAD2","AXIN1"
"TEAD2","AXIN2"
"TEAD2","NKD1"
"TEAD2","NKD2"
"TEAD2","CCND2"
"TEAD2","CCND3"
"AJUBA","LATS2"
"AJUBA","SAV1"
"AJUBA","LATS1"
"BTRC","YAP1"
"BTRC","WWTR1"
"LIMD1","LATS2"
"LIMD1","SAV1"
"LIMD1","LATS1"
"LATS1","YAP1"
"LATS1","WWTR1"
"DLG5","YAP1"
"DLG5","WWTR1"
"TPTEP2-CSNK1E","FRMD6"
"TPTEP2-CSNK1E","WWC1"
"TPTEP2-CSNK1E","NF2"
"TPTEP2-CSNK1E","FRMD1"
"CSNK1E","FRMD6"
"CSNK1E","WWC1"
"CSNK1E","NF2"
"CSNK1E","FRMD1"
"WWC1","SAV1"
"PAK1","TEAD1"
"PAK1","TEAD4"
"PAK1","TEAD3"
"PAK1","TEAD2"
"DCHS2","FRMD6"
"DCHS2","WWC1"
"DCHS2","NF2"
"DCHS2","FRMD1"
"FAT4","FRMD6"
"FAT4","WWC1"
"FAT4","NF2"
"FAT4","FRMD1"
"RASSF4","STK3"
"DCHS1","FRMD6"
"DCHS1","WWC1"
"DCHS1","NF2"
"DCHS1","FRMD1"
"RASSF2","STK3"
"PAK4","MYLK4"
"PAK4","MYLK"
"PAK4","MYLK2"
"PAK4","MYLK3"
"MYL12B","ACTB"
"MYL12B","ACTG1"
"MYL9","ACTB"
"MYL9","ACTG1"
"MYL12A","ACTB"
"MYL12A","ACTG1"
"BUB1B-PAK6","MYLK4"
"BUB1B-PAK6","MYLK"
"BUB1B-PAK6","MYLK2"
"BUB1B-PAK6","MYLK3"
"CRK","PXN"
"CRKL","PXN"
"CTNNB1","CCND1"
"CTNNB1","CCND2"
"CTNNB1","CCND3"
"DOCK1","RAC2"
"DOCK1","RAC3"
"EGFR","PTK2"
"ELK1","BIRC2"
"ELK1","BIRC3"
"ELK1","XIAP"
"ELK1","CCND1"
"ELK1","CCND2"
"ELK1","CCND3"
"ERBB2","PTK2"
"FLT1","PIK3CA"
"FLT1","PIK3CB"
"FLT1","PIK3CD"
"FLT1","PIK3R1"
"FLT1","PIK3R2"
"FLT1","PTK2"
"FLT1","PIK3R3"
"FLT4","PIK3CA"
"FLT4","PIK3CB"
"FLT4","PIK3CD"
"FLT4","PIK3R1"
"FLT4","PIK3R2"
"FLT4","PTK2"
"FLT4","PIK3R3"
"FYN","SHC2"
"FYN","SHC4"
"FYN","SHC3"
"FYN","SHC1"
"ARHGAP35","RHOA"
"MYL11","ACTB"
"MYL11","ACTG1"
"MYLK4","MYL12B"
"MYLK4","MYL12A"
"MYLK4","MYL11"
"MYLK4","MYL5"
"MYLK4","MYL7"
"MYLK4","MYL10"
"IGF1R","PTK2"
"ITGB1","SRC"
"ITGB3","PTK2"
"ITGB3","SRC"
"ITGB4","PTK2"
"ITGB4","SRC"
"ITGB5","PTK2"
"ITGB5","SRC"
"ITGB6","PTK2"
"ITGB6","SRC"
"ITGB7","PTK2"
"ITGB7","SRC"
"ITGB8","PTK2"
"ITGB8","SRC"
"JUN","CCND1"
"JUN","CCND2"
"JUN","CCND3"
"RHOA","DIAPH1"
"RHOA","PIP5K1C"
"RHOA","PIP5K1A"
"RHOA","PIP5K1B"
"ARHGAP5","RHOA"
"MET","PIK3CA"
"MET","PIK3CB"
"MET","PIK3CD"
"MET","PIK3R1"
"MET","PIK3R2"
"MET","PTK2"
"MET","PIK3R3"
"MYL2","ACTB"
"MYL2","ACTG1"
"MYL5","ACTB"
"MYL5","ACTG1"
"MYLK","MYL12B"
"MYLK","MYL12A"
"MYLK","MYL11"
"MYLK","MYL5"
"MYLK","MYL7"
"MYLK","MYL10"
"PPP1R12A","MYL12B"
"PPP1R12A","MYL12A"
"PPP1R12A","MYL11"
"PPP1R12A","MYL2"
"PPP1R12A","MYL5"
"PPP1R12A","MYL7"
"PPP1R12A","MYL10"
"PPP1R12B","MYL12B"
"PPP1R12B","MYL12A"
"PPP1R12B","MYL11"
"PPP1R12B","MYL2"
"PPP1R12B","MYL5"
"PPP1R12B","MYL7"
"PPP1R12B","MYL10"
"PAK1","MYLK4"
"PAK1","MYLK"
"PAK1","MYLK2"
"PAK1","MYLK3"
"PAK2","MYLK4"
"PAK2","MYLK"
"PAK2","MYLK2"
"PAK2","MYLK3"
"PAK3","MYLK4"
"PAK3","MYLK"
"PAK3","MYLK2"
"PAK3","MYLK3"
"PDGFRA","PTK2"
"PDGFRB","PTK2"
"PPP1R12C","MYL12B"
"PPP1R12C","MYL12A"
"PPP1R12C","MYL11"
"PPP1R12C","MYL2"
"PPP1R12C","MYL5"
"PPP1R12C","MYL7"
"PPP1R12C","MYL10"
"PPP1CA","MYL12B"
"PPP1CA","MYL12A"
"PPP1CA","MYL11"
"PPP1CA","MYL2"
"PPP1CA","MYL5"
"PPP1CA","MYL7"
"PPP1CA","MYL10"
"PPP1CB","MYL12B"
"PPP1CB","MYL12A"
"PPP1CB","MYL11"
"PPP1CB","MYL2"
"PPP1CB","MYL5"
"PPP1CB","MYL7"
"PPP1CB","MYL10"
"PPP1CC","MYL12B"
"PPP1CC","MYL12A"
"PPP1CC","MYL11"
"PPP1CC","MYL2"
"PPP1CC","MYL5"
"PPP1CC","MYL7"
"PPP1CC","MYL10"
"PRKCA","PTK2"
"PRKCB","PTK2"
"PRKCG","PTK2"
"MAP2K1","BAD"
"PAK6","MYLK4"
"PAK6","MYLK"
"PAK6","MYLK2"
"PAK6","MYLK3"
"PAK5","MYLK4"
"PAK5","MYLK"
"PAK5","MYLK2"
"PAK5","MYLK3"
"PTEN","PTK2"
"PTK2","SHC2"
"PTK2","GRB2"
"PTK2","SHC4"
"PTK2","SHC3"
"PTK2","SHC1"
"MYL7","ACTB"
"MYL7","ACTG1"
"RAC1","ACTB"
"RAC1","ACTG1"
"RAC2","ACTB"
"RAC2","ACTG1"
"RAC3","ACTB"
"RAC3","ACTG1"
"RAF1","BAD"
"RAP1A","MAPK8"
"RAP1A","MAPK9"
"RAP1A","MAPK10"
"RAP1B","MAPK8"
"RAP1B","MAPK9"
"RAP1B","MAPK10"
"RASGRF1","RHOA"
"CAPN2","TLN1"
"CAPN2","TLN2"
"MYLK2","MYL12B"
"MYLK2","MYL12A"
"MYLK2","MYL11"
"MYLK2","MYL5"
"MYLK2","MYL7"
"MYLK2","MYL10"
"CAV1","FYN"
"CAV2","FYN"
"CAV3","FYN"
"MYLK3","MYL12B"
"MYLK3","MYL12A"
"MYLK3","MYL11"
"MYLK3","MYL5"
"MYLK3","MYL7"
"MYLK3","MYL10"
"MYL10","ACTB"
"MYL10","ACTG1"
"CDC42","RAC1"
"CDC42","RAC2"
"CDC42","RAC3"
"LAMC3","DAG1"
"LAMC3","SV2C"
"LAMC3","CD44"
"LAMC3","SV2B"
"LAMC3","SV2A"
"COL1A1","GP6"
"COL1A1","SDC1"
"COL1A1","SDC4"
"COL1A1","CD44"
"COL1A2","GP6"
"COL1A2","SDC1"
"COL1A2","SDC4"
"COL1A2","CD44"
"COL2A1","GP6"
"COL2A1","SDC1"
"COL2A1","SDC4"
"COL2A1","CD44"
"COL4A1","GP6"
"COL4A1","SDC1"
"COL4A1","SDC4"
"COL4A1","CD44"
"COL4A2","GP6"
"COL4A2","SDC1"
"COL4A2","SDC4"
"COL4A2","CD44"
"COL4A3","GP6"
"COL4A3","SDC1"
"COL4A3","SDC4"
"COL4A3","CD44"
"COL4A4","GP6"
"COL4A4","SDC1"
"COL4A4","SDC4"
"COL4A4","CD44"
"COL4A5","GP6"
"COL4A5","SDC1"
"COL4A5","SDC4"
"COL4A5","CD44"
"COL4A6","GP6"
"COL4A6","SDC1"
"COL4A6","SDC4"
"COL4A6","CD44"
"COL6A1","GP6"
"COL6A1","SDC1"
"COL6A1","SDC4"
"COL6A1","CD44"
"COL6A2","GP6"
"COL6A2","SDC1"
"COL6A2","SDC4"
"COL6A2","CD44"
"COL6A3","GP6"
"COL6A3","SDC1"
"COL6A3","SDC4"
"COL6A3","CD44"
"COL9A1","GP6"
"COL9A1","SDC1"
"COL9A1","SDC4"
"COL9A1","CD44"
"COL9A2","GP6"
"COL9A2","SDC1"
"COL9A2","SDC4"
"COL9A2","CD44"
"COL9A3","GP6"
"COL9A3","SDC1"
"COL9A3","SDC4"
"COL9A3","CD44"
"COMP","SDC1"
"COMP","SDC4"
"COMP","CD36"
"COMP","CD47"
"COL6A6","GP6"
"COL6A6","SDC1"
"COL6A6","SDC4"
"COL6A6","CD44"
"FREM1","ITGB1"
"FREM1","ITGA8"
"DMP1","ITGAV"
"DMP1","ITGB3"
"DSPP","ITGAV"
"DSPP","ITGB1"
"DSPP","ITGB6"
"LAMB4","DAG1"
"LAMB4","SV2C"
"LAMB4","CD44"
"LAMB4","SV2B"
"LAMB4","SV2A"
"FN1","SDC1"
"FN1","SDC4"
"FN1","CD44"
"NPNT","ITGB1"
"NPNT","ITGA8"
"COL6A5","GP6"
"COL6A5","SDC1"
"COL6A5","SDC4"
"COL6A5","CD44"
"LAMA1","DAG1"
"LAMA1","SV2C"
"LAMA1","CD44"
"LAMA1","SV2B"
"LAMA1","SV2A"
"HSPG2","DAG1"
"TNC","SDC1"
"TNC","SDC4"
"FREM2","ITGB1"
"FREM2","ITGA8"
"AGRN","DAG1"
"LAMA2","DAG1"
"LAMA2","SV2C"
"LAMA2","CD44"
"LAMA2","SV2B"
"LAMA2","SV2A"
"LAMA3","DAG1"
"LAMA3","SV2C"
"LAMA3","CD44"
"LAMA3","SV2B"
"LAMA3","SV2A"
"LAMA4","DAG1"
"LAMA4","SV2C"
"LAMA4","CD44"
"LAMA4","SV2B"
"LAMA4","SV2A"
"LAMA5","DAG1"
"LAMA5","SV2C"
"LAMA5","CD44"
"LAMA5","SV2B"
"LAMA5","SV2A"
"LAMB1","DAG1"
"LAMB1","SV2C"
"LAMB1","CD44"
"LAMB1","SV2B"
"LAMB1","SV2A"
"LAMB2","DAG1"
"LAMB2","SV2C"
"LAMB2","CD44"
"LAMB2","SV2B"
"LAMB2","SV2A"
"LAMB3","DAG1"
"LAMB3","SV2C"
"LAMB3","CD44"
"LAMB3","SV2B"
"LAMB3","SV2A"
"LAMC1","DAG1"
"LAMC1","SV2C"
"LAMC1","CD44"
"LAMC1","SV2B"
"LAMC1","SV2A"
"LAMC2","DAG1"
"LAMC2","SV2C"
"LAMC2","CD44"
"LAMC2","SV2B"
"LAMC2","SV2A"
"MEPE","ITGAV"
"MEPE","ITGB3"
"TNN","SDC1"
"TNN","SDC4"
"THBS1","SDC1"
"THBS1","SDC4"
"THBS1","CD36"
"THBS1","CD47"
"THBS2","SDC1"
"THBS2","SDC4"
"THBS2","CD36"
"THBS2","CD47"
"THBS3","SDC1"
"THBS3","SDC4"
"THBS3","CD36"
"THBS3","CD47"
"THBS4","SDC1"
"THBS4","SDC4"
"THBS4","CD36"
"THBS4","CD47"
"TNR","SDC1"
"TNR","SDC4"
"TNXB","SDC1"
"TNXB","SDC4"
"VWF","GP1BA"
"VWF","GP1BB"
"VWF","GP5"
"VWF","GP9"
"FRAS1","ITGB1"
"FRAS1","ITGA8"
"LOC102723996","CTLA4"
"LOC102723996","ICOS"
"LOC102723996","CD28"
"CNTN1","NRCAM"
"ICOSLG","CTLA4"
"ICOSLG","ICOS"
"ICOSLG","CD28"
"NECTIN3","TIGIT"
"CD274","PDCD1"
"CD274","CD80"
"HLA-A","CD8A"
"HLA-A","CD8B"
"HLA-A","CD8B2"
"HLA-B","CD8A"
"HLA-B","CD8B"
"HLA-B","CD8B2"
"HLA-C","CD8A"
"HLA-C","CD8B"
"HLA-C","CD8B2"
"HLA-DMA","CD4"
"HLA-DMB","CD4"
"HLA-DOA","CD4"
"HLA-DOB","CD4"
"HLA-DPA1","CD4"
"HLA-DPB1","CD4"
"HLA-DQA1","CD4"
"HLA-DQA2","CD4"
"HLA-DQB1","CD4"
"HLA-DRA","CD4"
"HLA-DRB1","CD4"
"HLA-DRB3","CD4"
"HLA-DRB4","CD4"
"HLA-DRB5","CD4"
"HLA-E","CD8A"
"HLA-E","CD8B"
"HLA-E","CD8B2"
"HLA-F","CD8A"
"HLA-F","CD8B"
"HLA-F","CD8B2"
"HLA-G","CD8A"
"HLA-G","CD8B"
"HLA-G","CD8B2"
"ICAM1","ITGAL"
"ICAM1","ITGB2"
"ICAM2","ITGAL"
"ICAM2","ITGB2"
"ICAM3","ITGAL"
"ICAM3","ITGB2"
"ITGA4","VCAM1"
"ITGA9","VCAM1"
"ITGAL","CD226"
"ITGAL","ICAM1"
"ITGAL","ICAM2"
"ITGAL","ICAM3"
"ITGAM","ICAM1"
"ITGB1","VCAM1"
"ITGB2","CD226"
"ITGB2","ICAM1"
"ITGB2","ICAM2"
"ITGB2","ICAM3"
"LRRC4C","NTNG1"
"PVR","CD226"
"PVR","TIGIT"
"NECTIN2","CD226"
"NECTIN2","TIGIT"
"SELPLG","SELE"
"SELPLG","SELP"
"LRRC4","NTNG2"
"VSIR","IGSF11"
"PDCD1LG2","PDCD1"
"NRXN3","NLGN4Y"
"NRXN3","NLGN1"
"NRXN3","NLGN3"
"NRXN3","NLGN4X"
"NRXN3","NLGN2"
"NRXN1","NLGN4Y"
"NRXN1","NLGN1"
"NRXN1","NLGN3"
"NRXN1","NLGN4X"
"NRXN1","NLGN2"
"NRXN2","NLGN4Y"
"NRXN2","NLGN1"
"NRXN2","NLGN3"
"NRXN2","NLGN4X"
"NRXN2","NLGN2"
"CD28","CD80"
"LRRC4B","PTPRF"
"CD80","CTLA4"
"CD80","CD274"
"CD80","CD28"
"CD86","CTLA4"
"CD86","CD28"
"CD58","CD2"
"WASF2","ACTB"
"WASF2","ACTG1"
"BAIAP2","ACTB"
"BAIAP2","ACTG1"
"WASF3","ACTB"
"WASF3","ACTG1"
"CSNK2A1","CTNNB1"
"CSNK2A2","CTNNB1"
"CSNK2B","CTNNB1"
"CTNND1","RHOA"
"CTNND1","RAC1"
"CTNND1","RAC2"
"CTNND1","RAC3"
"CTNND1","CDC42"
"EGFR","CTNNB1"
"EGFR","CTNND1"
"ERBB2","CTNNB1"
"ERBB2","CTNND1"
"FER","CTNNB1"
"FER","CTNND1"
"FYN","CTNNB1"
"FYN","CTNND1"
"NECTIN3","PARD3"
"CSNK2A3","CTNNB1"
"IGF1R","CTNNB1"
"MET","CTNNB1"
"MET","CTNND1"
"AFDN","ACTB"
"AFDN","ACTG1"
"ACP1","CTNNB1"
"SMURF1","RHOA"
"PTPN1","CTNNB1"
"PTPN6","CTNND1"
"PTPRB","CTNNB1"
"PTPRF","CTNNB1"
"PTPRJ","CTNND1"
"PTPRM","CTNNB1"
"PTPRM","CTNND1"
"NECTIN1","PARD3"
"NECTIN2","PARD3"
"RAC1","WASF2"
"RAC1","BAIAP2"
"RAC1","WASF3"
"RAC1","IQGAP1"
"RAC1","WASF1"
"RAC2","WASF2"
"RAC2","BAIAP2"
"RAC2","WASF3"
"RAC2","IQGAP1"
"RAC2","WASF1"
"RAC3","WASF2"
"RAC3","BAIAP2"
"RAC3","WASF3"
"RAC3","IQGAP1"
"RAC3","WASF1"
"ROCK1","MYL11"
"ROCK1","MYL2"
"ROCK1","MYL7"
"ROCK1","MYL10"
"SMURF2","RHOA"
"SRC","CTNNB1"
"SRC","FARP2"
"MAP3K7","NLK"
"WAS","ACTB"
"WAS","ACTG1"
"YES1","CTNND1"
"YES1","FER"
"YES1","FYN"
"NECTIN4","PARD3"
"IQGAP1","CTNNB1"
"IQGAP1","ACTB"
"IQGAP1","ACTG1"
"WASF1","ACTB"
"WASF1","ACTG1"
"WASL","ACTB"
"WASL","ACTG1"
"ARHGAP29","RHOA"
"ROCK2","MYL11"
"ROCK2","MYL2"
"ROCK2","MYL7"
"ROCK2","MYL10"
"CDC42","IQGAP1"
"CDC42","WASL"
"CDK4","ERBB2"
"CDK4","PCNA"
"CDK4","CCND1"
"CDK4","RUNX1"
"TUBA1B","CDC42"
"TUBA3E","CDC42"
"TUBA3D","CDC42"
"AMOT","ARHGAP17"
"AMOTL1","ARHGAP17"
"ARHGEF18","RHOA"
"GATA4","CLDN24"
"GATA4","CLDN34"
"GATA4","CLDN16"
"GATA4","CLDN4"
"GATA4","CLDN3"
"GATA4","CLDN7"
"GATA4","CLDN23"
"GATA4","CLDN19"
"GATA4","CLDN14"
"GATA4","CLDN15"
"GATA4","CLDN17"
"GATA4","CLDN20"
"GATA4","CLDN11"
"GATA4","CLDN18"
"GATA4","CLDN22"
"GATA4","CLDN25"
"GATA4","CLDN5"
"GATA4","CLDN12"
"GATA4","CLDN10"
"GATA4","CLDN8"
"GATA4","CLDN6"
"GATA4","CLDN2"
"GATA4","CLDN1"
"GATA4","CLDN9"
"HSPA4","TJP1"
"JUN","CD1A"
"JUN","CD1B"
"JUN","CD1C"
"JUN","CD1D"
"JUN","CD1E"
"RHOA","GATA4"
"MAP3K1","MAPK8"
"MAP3K1","MAPK9"
"MAP3K1","MAPK10"
"MYL2","MYL12B"
"MYL2","MYL9"
"MYL2","MYL12A"
"MYL2","MYL6B"
"MYL2","MYH9"
"MYL2","MYH10"
"MYL2","MYH11"
"MYL2","MYL6"
"MYL2","MYH14"
"NF2","AMOT"
"NF2","AMOTL1"
"NF2","AMOTL2"
"AMOTL2","ARHGAP17"
"PRKAG2","MYL2"
"TUBA8","CDC42"
"PRKAG3","MYL2"
"EPB41L4B","ARHGEF18"
"ARHGAP17","RAC1"
"ARHGAP17","CDC42"
"PPP2CA","OCLN"
"PPP2CA","PRKCI"
"PPP2CA","PRKCZ"
"PPP2CB","OCLN"
"PPP2CB","PRKCI"
"PPP2CB","PRKCZ"
"PPP2R1A","OCLN"
"PPP2R1A","PRKCI"
"PPP2R1A","PRKCZ"
"PPP2R1B","OCLN"
"PPP2R1B","PRKCI"
"PPP2R1B","PRKCZ"
"PPP2R2A","OCLN"
"PPP2R2A","PRKCI"
"PPP2R2A","PRKCZ"
"PPP2R2B","OCLN"
"PPP2R2B","PRKCI"
"PPP2R2B","PRKCZ"
"PPP2R2C","OCLN"
"PPP2R2C","PRKCI"
"PPP2R2C","PRKCZ"
"PRKAA1","MYL2"
"PRKAA2","MYL2"
"PRKAB1","MYL2"
"PRKAB2","MYL2"
"PRKACA","VASP"
"PRKACB","VASP"
"PRKACG","VASP"
"PRKAG1","MYL2"
"PRKCE","MSN"
"PRKCE","RDX"
"PRKCE","EZR"
"PRKCI","LLGL2"
"PRKCI","LLGL1"
"PRKCI","EPB41L4B"
"PRKCI","PARD3"
"PRKCI","STK11"
"PPP2R2D","OCLN"
"PPP2R2D","PRKCI"
"PPP2R2D","PRKCZ"
"PRKCZ","LLGL2"
"PRKCZ","LLGL1"
"PRKCZ","EPB41L4B"
"PRKCZ","PARD3"
"PRKCZ","STK11"
"MAPK8","SRC"
"MAPK9","SRC"
"MAPK10","SRC"
"PARD3","PATJ"
"PARD3","TIAM1"
"CGN","GATA4"
"CGN","ARHGEF2"
"RAP2C","RHOA"
"RAB13","PRKACA"
"RAB13","PRKACB"
"RAB13","PRKACG"
"RAP1A","ITGB1"
"SRC","OCLN"
"SRC","TJP1"
"STK11","ARHGEF18"
"TJP1","YBX3"
"TUBA4A","CDC42"
"TUBA3C","CDC42"
"TUBA1A","CDC42"
"TUBAL3","CDC42"
"SYMPK","ERBB2"
"SYMPK","PCNA"
"SYMPK","CCND1"
"SYMPK","RUNX1"
"TUBA1C","CDC42"
"CGNL1","ARHGEF2"
"YBX3","ERBB2"
"YBX3","PCNA"
"YBX3","CCND1"
"YBX3","RUNX1"
"ARHGEF2","RHOA"
"MARVELD3","MAP3K1"
"RAPGEF2","RAP2C"
"CDC42","WHAMM"
"MAP3K2","MAP2K5"
"CSNK1D","GJA1"
"LPAR1","GNAI1"
"LPAR1","GNAI2"
"LPAR1","GNAI3"
"MAPK1","GJA1"
"MAPK1","GJD2"
"MAPK3","GJA1"
"MAPK3","GJD2"
"MAPK7","GJA1"
"MAPK7","GJD2"
"MAP2K5","MAPK7"
"SRC","MAP3K2"
"CDK1","GJA1"
"CDK1","GJD2"
"APC2","TCF7"
"CTNNB1","TCF3"
"FGFR1","HRAS"
"FGFR1","KRAS"
"FGFR1","NRAS"
"FGFR1","PIK3CA"
"FGFR1","PIK3CB"
"FGFR1","PIK3CD"
"FGFR1","PIK3R1"
"FGFR1","PIK3R2"
"FGFR1","PIK3R3"
"FGFR3","HRAS"
"FGFR3","KRAS"
"FGFR3","NRAS"
"FGFR3","PIK3CA"
"FGFR3","PIK3CB"
"FGFR3","PIK3CD"
"FGFR3","PIK3R1"
"FGFR3","PIK3R2"
"FGFR3","PIK3R3"
"FGFR2","HRAS"
"FGFR2","KRAS"
"FGFR2","NRAS"
"FGFR2","PIK3CA"
"FGFR2","PIK3CB"
"FGFR2","PIK3CD"
"FGFR2","PIK3R1"
"FGFR2","PIK3R2"
"FGFR2","PIK3R3"
"FGFR4","HRAS"
"FGFR4","KRAS"
"FGFR4","NRAS"
"FGFR4","PIK3CA"
"FGFR4","PIK3CB"
"FGFR4","PIK3CD"
"FGFR4","PIK3R1"
"FGFR4","PIK3R2"
"FGFR4","PIK3R3"
"GRB2","MAP2K1"
"GRB2","MAP2K2"
"APC","TCF7"
"IL6ST","GRB2"
"IL6ST","JAK1"
"IL6ST","JAK2"
"IL6ST","JAK3"
"IL6ST","PIK3CA"
"IL6ST","PIK3CB"
"IL6ST","PIK3CD"
"IL6ST","PIK3R1"
"IL6ST","PIK3R2"
"IL6ST","PIK3R3"
"INHBA","ACVR1C"
"INHBA","ACVR1B"
"INHBB","ACVR1C"
"INHBB","ACVR1B"
"INHBC","ACVR1C"
"INHBC","ACVR1B"
"NANOGP8","POU5F1"
"NANOGP8","POU5F1B"
"LIFR","GRB2"
"LIFR","JAK1"
"LIFR","JAK2"
"LIFR","JAK3"
"LIFR","PIK3CA"
"LIFR","PIK3CB"
"LIFR","PIK3CD"
"LIFR","PIK3R1"
"LIFR","PIK3R2"
"LIFR","PIK3R3"
"SMAD1","DUSP9"
"SMAD5","DUSP9"
"SMAD9","DUSP9"
"NODAL","ACVR1C"
"NODAL","ACVR1B"
"POU5F1","SOX2"
"POU5F1B","SOX2"
"MAPK1","TBX3"
"MAPK3","TBX3"
"BMPR1A","MAPK14"
"BMPR1A","MAPK1"
"BMPR1A","MAPK3"
"BMPR1A","MAPK11"
"BMPR1A","MAPK13"
"BMPR1A","MAPK12"
"BMPR1B","MAPK14"
"BMPR1B","MAPK1"
"BMPR1B","MAPK3"
"BMPR1B","MAPK11"
"BMPR1B","MAPK13"
"BMPR1B","MAPK12"
"BMPR2","MAPK14"
"BMPR2","SMAD5"
"BMPR2","SMAD9"
"BMPR2","MAPK1"
"BMPR2","MAPK3"
"BMPR2","MAPK11"
"BMPR2","MAPK13"
"BMPR2","MAPK12"
"SOX2","NANOGP8"
"SOX2","NANOG"
"STAT3","MYC"
"STAT3","KLF4"
"TBX3","NANOGP8"
"TBX3","NANOG"
"TCF3","ESRRB"
"NANOG","POU5F1"
"NANOG","POU5F1B"
"AXIN1","TCF7"
"AXIN2","TCF7"
"INHBE","ACVR1C"
"INHBE","ACVR1B"
"ACVR1","MAPK14"
"ACVR1","MAPK1"
"ACVR1","MAPK3"
"ACVR1","MAPK11"
"ACVR1","MAPK13"
"ACVR1","MAPK12"
"ACVR2A","SMAD2"
"ACVR2A","SMAD3"
"ACVR2B","SMAD2"
"ACVR2B","SMAD3"
"KLF4","SOX2"
"PROCR","PROC"
"MASP2","C2"
"MASP2","C4A"
"MASP2","C4B"
"CFHR4","CFH"
"CFHR3","CFH"
"CFD","CFB"
"A2M","PLAU"
"F3","F10"
"CFHR1","CFH"
"CFHR2","CFH"
"MBL2","C2"
"MBL2","C4A"
"MBL2","C4B"
"SERPINE1","PLAU"
"SERPINB2","PLAT"
"SERPINB2","PLAU"
"SERPINA5","PLAT"
"SERPINA5","PLAU"
"SERPINA1","PLAU"
"SERPINE2","PLAT"
"SERPINE2","PLAU"
"PLAT","PLG"
"PLAU","PLAUR"
"PLAU","PLG"
"MASP1","C2"
"MASP1","C4A"
"MASP1","C4B"
"THBD","PROC"
"SERPING1","MASP2"
"SERPING1","MBL2"
"SERPING1","PLAU"
"SERPING1","MASP1"
"SERPING1","C1QA"
"SERPING1","C1QB"
"SERPING1","C1QC"
"SERPING1","C1R"
"SERPING1","C1S"
"C1QA","C2"
"C1QA","C4A"
"C1QA","C4B"
"C1QB","C2"
"C1QB","C4A"
"C1QB","C4B"
"C1QC","C2"
"C1QC","C4A"
"C1QC","C4B"
"C1R","C2"
"C1R","C4A"
"C1R","C4B"
"C1S","C2"
"C1S","C4A"
"C1S","C4B"
"VTN","C6"
"VTN","C7"
"VTN","C8A"
"VTN","C8B"
"VTN","C8G"
"VTN","C9"
"CFHR5","CFH"
"RASGRP1","PLA2G4B"
"RASGRP1","PLA2G4E"
"RASGRP1","PLA2G4F"
"RASGRP1","PLA2G4D"
"RASGRP1","PLA2G4A"
"RASGRP1","RAP1A"
"RASGRP1","RAP1B"
"RASGRP1","PLA2G4C"
"RASGRP1","JMJD7-PLA2G4B"
"RASGRP2","PLA2G4B"
"RASGRP2","PLA2G4E"
"RASGRP2","PLA2G4F"
"RASGRP2","PLA2G4D"
"RASGRP2","PLA2G4A"
"RASGRP2","PLA2G4C"
"RASGRP2","JMJD7-PLA2G4B"
"GNA13","SRC"
"COL3A1","ITGA2"
"COL3A1","ITGB1"
"COL3A1","GP6"
"MAPK14","MAPK1"
"MAPK14","MAPK3"
"FCER1G","PIK3CA"
"FCER1G","PIK3CB"
"FCER1G","PIK3CD"
"FCER1G","PIK3R1"
"FCER1G","PIK3R2"
"FCER1G","PIK3R3"
"FCGR2A","SYK"
"FYN","FCER1G"
"GP1BA","PIK3CA"
"GP1BA","PIK3CB"
"GP1BA","PIK3CD"
"GP1BA","PIK3R1"
"GP1BA","PIK3R2"
"GP1BA","PIK3R3"
"GP1BB","PIK3CA"
"GP1BB","PIK3CB"
"GP1BB","PIK3CD"
"GP1BB","PIK3R1"
"GP1BB","PIK3R2"
"GP1BB","PIK3R3"
"GP5","PIK3CA"
"GP5","PIK3CB"
"GP5","PIK3CD"
"GP5","PIK3R1"
"GP5","PIK3R2"
"GP5","PIK3R3"
"GP9","PIK3CA"
"GP9","PIK3CB"
"GP9","PIK3CD"
"GP9","PIK3R1"
"GP9","PIK3R2"
"GP9","PIK3R3"
"ITGA2","PIK3CA"
"ITGA2","PIK3CB"
"ITGA2","PIK3CD"
"ITGA2","PIK3R1"
"ITGA2","PIK3R2"
"ITGA2","PIK3R3"
"ITGA2B","GNA13"
"ITGB1","PIK3CA"
"ITGB1","PIK3CB"
"ITGB1","PIK3CD"
"ITGB1","PIK3R1"
"ITGB1","PIK3R2"
"ITGB1","PIK3R3"
"ITGB3","GNA13"
"LYN","FCER1G"
"PIK3CA","LCP2"
"PIK3CA","PLCG2"
"PIK3CA","BTK"
"PIK3CB","LCP2"
"PIK3CB","PLCG2"
"PIK3CB","BTK"
"PIK3CD","LCP2"
"PIK3CD","PLCG2"
"PIK3CD","BTK"
"PIK3R1","LCP2"
"PIK3R1","PLCG2"
"PIK3R1","BTK"
"PIK3R2","LCP2"
"PIK3R2","PLCG2"
"PIK3R2","BTK"
"PRKCI","RAP1A"
"PRKCI","RAP1B"
"PRKCZ","RAP1A"
"PRKCZ","RAP1B"
"PRKG1","MAPK14"
"PRKG1","MAPK11"
"PRKG1","MAPK13"
"PRKG1","MAPK12"
"PRKG2","MAPK14"
"PRKG2","MAPK11"
"PRKG2","MAPK13"
"PRKG2","MAPK12"
"MAPK11","MAPK1"
"MAPK11","MAPK3"
"MAPK13","MAPK1"
"MAPK13","MAPK3"
"ACTB","ITGA2B"
"ACTB","ITGB3"
"MAPK12","MAPK1"
"MAPK12","MAPK3"
"P2RY12","GNAI1"
"P2RY12","GNAI2"
"P2RY12","GNAI3"
"SRC","FCGR2A"
"SRC","ARHGAP35"
"SYK","PLCG2"
"TBXA2R","GNA13"
"ACTG1","ITGA2B"
"ACTG1","ITGB3"
"FERMT3","ITGA2B"
"FERMT3","ITGB3"
"PIK3R3","LCP2"
"PIK3R3","PLCG2"
"PIK3R3","BTK"
"F2RL3","GNA13"
"CTSB","CD74"
"CTSL","CD74"
"CTSS","CD74"
"HLA-A","KIR2DS2"
"HLA-A","KIR3DL3"
"HLA-A","KIR2DL1"
"HLA-A","KIR2DL2"
"HLA-A","KIR2DL3"
"HLA-A","KIR2DL4"
"HLA-A","KIR2DS1"
"HLA-A","KIR2DS3"
"HLA-A","KIR2DS4"
"HLA-A","KIR2DS5"
"HLA-A","KIR3DL1"
"HLA-A","KIR3DL2"
"HLA-A","KLRC1"
"HLA-A","KLRC2"
"HLA-A","KLRC3"
"HLA-A","KLRD1"
"HLA-A","KIR2DL5A"
"HLA-A","KLRC4"
"HLA-B","KIR2DS2"
"HLA-B","KIR3DL3"
"HLA-B","KIR2DL1"
"HLA-B","KIR2DL2"
"HLA-B","KIR2DL3"
"HLA-B","KIR2DL4"
"HLA-B","KIR2DS1"
"HLA-B","KIR2DS3"
"HLA-B","KIR2DS4"
"HLA-B","KIR2DS5"
"HLA-B","KIR3DL1"
"HLA-B","KIR3DL2"
"HLA-B","KLRC1"
"HLA-B","KLRC2"
"HLA-B","KLRC3"
"HLA-B","KLRD1"
"HLA-B","KIR2DL5A"
"HLA-B","KLRC4"
"HLA-C","KIR2DS2"
"HLA-C","KIR3DL3"
"HLA-C","KIR2DL1"
"HLA-C","KIR2DL2"
"HLA-C","KIR2DL3"
"HLA-C","KIR2DL4"
"HLA-C","KIR2DS1"
"HLA-C","KIR2DS3"
"HLA-C","KIR2DS4"
"HLA-C","KIR2DS5"
"HLA-C","KIR3DL1"
"HLA-C","KIR3DL2"
"HLA-C","KLRC1"
"HLA-C","KLRC2"
"HLA-C","KLRC3"
"HLA-C","KLRD1"
"HLA-C","KIR2DL5A"
"HLA-C","KLRC4"
"HLA-DMA","CD74"
"HLA-DMB","CD74"
"HLA-DOA","CD74"
"HLA-DOB","CD74"
"HLA-DPA1","CD74"
"HLA-DPB1","CD74"
"HLA-DQA1","CD74"
"HLA-DQA2","CD74"
"HLA-DQB1","CD74"
"HLA-DRA","CD74"
"HLA-DRB1","CD74"
"HLA-DRB3","CD74"
"HLA-DRB4","CD74"
"HLA-DRB5","CD74"
"HLA-E","KIR2DS2"
"HLA-E","KIR3DL3"
"HLA-E","KIR2DL1"
"HLA-E","KIR2DL2"
"HLA-E","KIR2DL3"
"HLA-E","KIR2DL4"
"HLA-E","KIR2DS1"
"HLA-E","KIR2DS3"
"HLA-E","KIR2DS4"
"HLA-E","KIR2DS5"
"HLA-E","KIR3DL1"
"HLA-E","KIR3DL2"
"HLA-E","KLRC1"
"HLA-E","KLRC2"
"HLA-E","KLRC3"
"HLA-E","KLRD1"
"HLA-E","KIR2DL5A"
"HLA-E","KLRC4"
"HLA-F","KIR2DS2"
"HLA-F","KIR3DL3"
"HLA-F","KIR2DL1"
"HLA-F","KIR2DL2"
"HLA-F","KIR2DL3"
"HLA-F","KIR2DL4"
"HLA-F","KIR2DS1"
"HLA-F","KIR2DS3"
"HLA-F","KIR2DS4"
"HLA-F","KIR2DS5"
"HLA-F","KIR3DL1"
"HLA-F","KIR3DL2"
"HLA-F","KLRC1"
"HLA-F","KLRC2"
"HLA-F","KLRC3"
"HLA-F","KLRD1"
"HLA-F","KIR2DL5A"
"HLA-F","KLRC4"
"HLA-G","KIR2DS2"
"HLA-G","KIR3DL3"
"HLA-G","KIR2DL1"
"HLA-G","KIR2DL2"
"HLA-G","KIR2DL3"
"HLA-G","KIR2DL4"
"HLA-G","KIR2DS1"
"HLA-G","KIR2DS3"
"HLA-G","KIR2DS4"
"HLA-G","KIR2DS5"
"HLA-G","KIR3DL1"
"HLA-G","KIR3DL2"
"HLA-G","KLRC1"
"HLA-G","KLRC2"
"HLA-G","KLRC3"
"HLA-G","KLRD1"
"HLA-G","KIR2DL5A"
"HLA-G","KLRC4"
"IFNG","PSME3"
"IFNG","PSME1"
"IFNG","PSME2"
"CIITA","CREB1"
"CIITA","NFYA"
"CIITA","NFYB"
"CIITA","NFYC"
"CIITA","RFX5"
"CIITA","RFXAP"
"CIITA","RFXANK"
"LGMN","CD74"
"TNF","PSME3"
"TNF","PSME1"
"TNF","PSME2"
"FCGR3A","SYK"
"FCGR3B","SYK"
"FPR1","PLCB1"
"FPR1","PIK3CA"
"FPR1","PIK3CB"
"FPR1","PIK3CD"
"FPR1","PIK3R1"
"FPR1","PIK3R2"
"FPR1","PLCB2"
"FPR1","PLCB3"
"FPR1","PLCB4"
"FPR1","PLCG1"
"FPR1","PLCG2"
"FPR1","PIK3R3"
"FPR2","PLCB1"
"FPR2","PIK3CA"
"FPR2","PIK3CB"
"FPR2","PIK3CD"
"FPR2","PIK3R1"
"FPR2","PIK3R2"
"FPR2","PLCB2"
"FPR2","PLCB3"
"FPR2","PLCB4"
"FPR2","PLCG1"
"FPR2","PLCG2"
"FPR2","PIK3R3"
"FPR3","PLCB1"
"FPR3","PIK3CA"
"FPR3","PIK3CB"
"FPR3","PIK3CD"
"FPR3","PIK3R1"
"FPR3","PIK3R2"
"FPR3","PLCB2"
"FPR3","PLCB3"
"FPR3","PLCB4"
"FPR3","PLCG1"
"FPR3","PLCG2"
"FPR3","PIK3R3"
"MTOR","ATG7"
"SIGLEC9","CYBA"
"SIGLEC9","CYBB"
"SIGLEC9","NCF2"
"SIGLEC9","NCF4"
"SIGLEC9","RAC1"
"SIGLEC9","RAC2"
"SIGLEC9","NCF1"
"HMGB1","AGER"
"HMGB1","TLR2"
"HMGB1","TLR4"
"TLR7","CYBA"
"TLR7","CYBB"
"TLR7","NCF2"
"TLR7","NCF4"
"TLR7","RAC1"
"TLR7","RAC2"
"TLR7","NCF1"
"TLR8","CYBA"
"TLR8","CYBB"
"TLR8","NCF2"
"TLR8","NCF4"
"TLR8","RAC1"
"TLR8","RAC2"
"TLR8","NCF1"
"PRKCA","ATG7"
"PRKCA","CYBA"
"PRKCA","CYBB"
"PRKCA","NCF2"
"PRKCA","NCF4"
"PRKCA","RAC1"
"PRKCA","RAC2"
"PRKCA","NCF1"
"PRKCB","ATG7"
"PRKCB","CYBA"
"PRKCB","CYBB"
"PRKCB","NCF2"
"PRKCB","NCF4"
"PRKCB","RAC1"
"PRKCB","RAC2"
"PRKCG","ATG7"
"PRKCG","CYBA"
"PRKCG","CYBB"
"PRKCG","NCF2"
"PRKCG","NCF4"
"PRKCG","RAC1"
"PRKCG","RAC2"
"PRKCG","NCF1"
"MAPK1","CYBA"
"MAPK1","CYBB"
"MAPK1","NCF2"
"MAPK1","NCF4"
"MAPK1","RAC1"
"MAPK1","RAC2"
"MAPK1","NCF1"
"MAPK3","CYBA"
"MAPK3","CYBB"
"MAPK3","NCF2"
"MAPK3","NCF4"
"MAPK3","RAC1"
"MAPK3","RAC2"
"MAPK3","NCF1"
"SELP","SELPLG"
"SRC","CR1"
"SRC","CR1L"
"SRC","FCGR1A"
"SRC","ITGAL"
"SRC","ITGAM"
"SRC","ITGB2"
"SRC","CLEC7A"
"SRC","C5AR1"
"SYK","PLCB1"
"SYK","PIK3CA"
"SYK","PIK3CB"
"SYK","PIK3CD"
"SYK","PIK3R1"
"SYK","PIK3R2"
"SYK","PLCB2"
"SYK","PLCB3"
"SYK","PLCB4"
"SYK","PLCG1"
"SYK","MAPK1"
"SYK","MAPK3"
"SYK","MAP3K7"
"SYK","PIK3R3"
"MAP3K7","MAP2K2"
"TLR2","MAPK1"
"TLR2","MAPK3"
"TLR4","MAPK14"
"TLR4","MAPK11"
"TLR4","MAPK13"
"TLR4","MAPK12"
"C3","CR1"
"C3","CR1L"
"C3","ITGAM"
"CASP1","GSDMD"
"CASP4","GSDMD"
"REN","ATP6AP2"
"AKT3","NFKB1"
"AKT3","RELA"
"IRF9","CXCL10"
"IRF9","CXCL11"
"MAP3K8","NFKB1"
"TICAM1","TRAF3"
"AKT1","NFKB1"
"AKT1","RELA"
"AKT2","NFKB1"
"AKT2","RELA"
"FOS","IL1B"
"FOS","IL6"
"FOS","CXCL8"
"FOS","IL12A"
"FOS","IL12B"
"FOS","CCL4L1"
"FOS","CCL3L3"
"FOS","CCL3"
"FOS","CCL3L1"
"FOS","CCL4"
"FOS","CCL5"
"FOS","TNF"
"FOS","CCL4L2"
"TBK1","IRF3"
"TBK1","IRF7"
"IRAK1","IRF7"
"IRF3","IFNB1"
"IRF3","CXCL10"
"IRF3","CXCL9"
"IRF3","CXCL11"
"IRF3","CD80"
"IRF3","CD86"
"IRF3","CD40"
"IRF5","IFNA1"
"IRF5","IFNA2"
"IRF5","IFNA4"
"IRF5","IFNA5"
"IRF5","IFNA6"
"IRF5","IFNA7"
"IRF5","IFNA8"
"IRF5","IFNA10"
"IRF5","IFNA13"
"IRF5","IFNA14"
"IRF5","IFNA16"
"IRF5","IFNA17"
"IRF5","IFNA21"
"IRF5","IFNB1"
"IRF5","IL1B"
"IRF5","IL6"
"IRF5","CXCL8"
"IRF5","IL12A"
"IRF5","IL12B"
"IRF5","CCL3L3"
"IRF5","CCL3"
"IRF5","CCL3L1"
"IRF5","CCL5"
"IRF5","TNF"
"IRF7","IFNA1"
"IRF7","IFNA2"
"IRF7","IFNA4"
"IRF7","IFNA5"
"IRF7","IFNA6"
"IRF7","IFNA7"
"IRF7","IFNA8"
"IRF7","IFNA10"
"IRF7","IFNA13"
"IRF7","IFNA14"
"IRF7","IFNA16"
"IRF7","IFNA17"
"IRF7","IFNA21"
"IRF7","IFNB1"
"JAK1","IRF9"
"JUN","IL1B"
"JUN","IL6"
"JUN","CXCL8"
"JUN","IL12A"
"JUN","IL12B"
"JUN","CCL4L1"
"JUN","CCL3L3"
"JUN","CCL3"
"JUN","CCL3L1"
"JUN","CCL4"
"JUN","CCL5"
"JUN","TNF"
"JUN","CCL4L2"
"MYD88","FADD"
"NFKB1","IL12A"
"NFKB1","IL12B"
"NFKB1","CCL3L3"
"NFKB1","CCL3"
"NFKB1","CCL3L1"
"NFKB1","CCL5"
"NFKBIA","NFKB1"
"NFKBIA","RELA"
"IRAK4","IRAK1"
"TLR9","MYD88"
"RELA","IL12A"
"RELA","IL12B"
"RELA","CCL3L3"
"RELA","CCL3"
"RELA","CCL3L1"
"RELA","CCL5"
"SPP1","IRF7"
"STAT1","CXCL10"
"STAT1","CXCL9"
"STAT1","CXCL11"
"STAT2","CXCL10"
"STAT2","CXCL11"
"MAP3K7","MAP2K3"
"MAP3K7","MAP2K4"
"TLR2","TIRAP"
"TLR2","MYD88"
"TLR2","TOLLIP"
"TLR5","MYD88"
"TRAF3","TBK1"
"TRAF3","IKBKE"
"TRAF6","IRF5"
"TRAF6","IRF7"
"TYK2","IRF9"
"RIPK1","TRAF6"
"IKBKE","IRF3"
"IKBKE","IRF7"
"CASP12","CASP1"
"NAMPT","CYBB"
"NOD1","ATG16L1"
"NOD1","RIPK2"
"RBCK1","RIPK2"
"TXNIP","NLRP3"
"PYDC5","AIM2"
"SUGT1","NOD1"
"SUGT1","NLRP3"
"RIPK3","DNM1L"
"CHUK","NFKBIB"
"CARD16","CASP1"
"NEK7","NLRP3"
"TICAM1","IRF3"
"TICAM1","IRF7"
"CTSB","NLRP3"
"PYDC2","PYCARD"
"GPRC6A","PLCB1"
"GPRC6A","PLCB2"
"GPRC6A","PLCB3"
"GPRC6A","PLCB4"
"PYDC1","PYCARD"
"PYCARD","CASP1"
"TBK1","NFKB1"
"TBK1","RELA"
"BIRC2","RIPK2"
"BIRC3","RIPK2"
"XIAP","RIPK2"
"STING1","TBK1"
"IFI16","STING1"
"IFI16","AIM2"
"IRGM","NLRP3"
"IKBKB","NFKBIB"
"IRF3","IFNA1"
"IRF3","IFNA2"
"IRF3","IFNA4"
"IRF3","IFNA5"
"IRF3","IFNA6"
"IRF3","IFNA7"
"IRF3","IFNA8"
"IRF3","IFNA10"
"IRF3","IFNA13"
"IRF3","IFNA14"
"IRF3","IFNA16"
"IRF3","IFNA17"
"IRF3","IFNA21"
"JUN","CXCL1"
"JUN","CXCL2"
"JUN","CXCL3"
"JUN","IL18"
"JUN","CCL2"
"JUN","CAMP"
"RHOA","PKN1"
"RHOA","PKN2"
"MEFV","PYCARD"
"NAIP","NLRC4"
"NFKB1","NLRP3"
"NFKB1","IFNA1"
"NFKB1","IFNA2"
"NFKB1","IFNA4"
"NFKB1","IFNA5"
"NFKB1","IFNA6"
"NFKB1","IFNA7"
"NFKB1","IFNA8"
"NFKB1","IFNA10"
"NFKB1","IFNA13"
"NFKB1","IFNA14"
"NFKB1","IFNA16"
"NFKB1","IFNA17"
"NFKB1","IFNA21"
"NFKB1","IL18"
"NFKB1","CCL2"
"NFKB1","CAMP"
"NFKBIB","NFKB1"
"NFKBIB","RELA"
"IRAK4","IKBKG"
"RNF31","RIPK2"
"PRKCD","NLRC4"
"PKN1","MEFV"
"PKN2","MEFV"
"ERBIN","NOD2"
"MAVS","NLRP3"
"MAVS","TRAF3"
"CARD18","CASP1"
"BCL2","NLRP1"
"RELA","NLRP3"
"RELA","IFNA1"
"RELA","IFNA2"
"RELA","IFNA4"
"RELA","IFNA5"
"RELA","IFNA6"
"RELA","IFNA7"
"RELA","IFNA8"
"RELA","IFNA10"
"RELA","IFNA13"
"RELA","IFNA14"
"RELA","IFNA16"
"RELA","IFNA17"
"RELA","IFNA21"
"RELA","IL18"
"RELA","CCL2"
"RELA","CAMP"
"BCL2L1","NLRP1"
"RNASEL","DHX33"
"GPSM3","NLRP3"
"NOD2","NLRP1"
"NOD2","ATG16L1"
"NOD2","MAVS"
"NOD2","RIPK2"
"NOD2","ATG12"
"NOD2","ATG5"
"CARD9","RIPK2"
"MAP3K7","CHUK"
"MAP3K7","MAPK14"
"MAP3K7","MAPK1"
"MAP3K7","MAPK3"
"MAP3K7","MAPK8"
"MAP3K7","MAPK11"
"MAP3K7","MAPK9"
"MAP3K7","MAPK10"
"MAP3K7","MAPK13"
"MAP3K7","MAPK12"
"TNFAIP3","RIPK2"
"TP53BP1","AIM2"
"TRAF2","RIPK2"
"TRAF5","RIPK2"
"TRAF6","RIPK2"
"TRIP6","RIPK2"
"YWHAE","MEFV"
"BRCC3","NLRP3"
"NLRX1","MAVS"
"GSDMD","NLRP3"
"SHARPIN","RIPK2"
"CASP1","IL18"
"CASP5","GSDMD"
"CASP8","CASP1"
"CASR","PLCB1"
"CASR","PLCB2"
"CASR","PLCB3"
"CASR","PLCB4"
"CARD6","RIPK2"
"RIPK1","DNM1L"
"RIPK2","TAB1"
"RIPK2","TAB2"
"RIPK2","TAB3"
"RIPK2","TRAF3"
"RIPK2","IKBKG"
"PSTPIP1","MEFV"
"NLRP12","NFKB1"
"NLRP12","RELA"
"TANK","IKBKG"
"CYLD","RIGI"
"RIGI","MAVS"
"TKFC","IFIH1"
"IRF3","IFNE"
"IRF3","IFNW1"
"IRF3","IFNK"
"IRF7","IFNE"
"IRF7","IFNW1"
"IRF7","IFNK"
"MAP3K1","MAPK14"
"MAP3K1","NFKB1"
"MAP3K1","MAPK11"
"MAP3K1","MAPK13"
"MAP3K1","RELA"
"MAP3K1","MAPK12"
"NFKB1","IFNE"
"NFKB1","IFNW1"
"NFKB1","CXCL10"
"NFKB1","IFNK"
"RNF125","RIGI"
"RNF125","IFIH1"
"OTUD5","TRAF3"
"RELA","IFNE"
"RELA","IFNW1"
"RELA","CXCL10"
"RELA","IFNK"
"IFIH1","MAVS"
"AZI2","IKBKG"
"MAP3K7","NFKB1"
"MAP3K7","RELA"
"TRAF6","MAP3K1"
"TRIM25","RIGI"
"DHX58","RIGI"
"DHX58","IFIH1"
"SIKE1","IKBKE"
"CASP8","CHUK"
"CASP8","IKBKB"
"CASP8","IKBKG"
"CASP10","CHUK"
"CASP10","IKBKB"
"CASP10","IKBKG"
"IKBKG","IRF3"
"IKBKG","IRF7"
"TBKBP1","IKBKG"
"NLRP3","RIPK3"
"NLRP3","PYCARD"
"NLRP3","CASP1"
"NLRP3","CASP8"
"NLRP3","RIPK1"
"NLRP3","FADD"
"STING1","IKBKE"
"MEFV","RIPK3"
"MEFV","CASP1"
"MEFV","CASP8"
"MEFV","RIPK1"
"MEFV","FADD"
"MAVS","NFKB1"
"MAVS","RELA"
"ZBP1","PYCARD"
"ZBP1","TBK1"
"ZBP1","CASP1"
"ZBP1","CASP8"
"ZBP1","RIPK1"
"ZBP1","FADD"
"ZBP1","IKBKE"
"CASP1","IL33"
"CASP3","GSDME"
"CASP7","GSDME"
"IKBKG","NFKBIB"
"RIPK1","CHUK"
"RIPK1","IKBKB"
"RIPK1","IKBKG"
"AIM2","RIPK3"
"AIM2","PYCARD"
"AIM2","CASP1"
"AIM2","CASP8"
"AIM2","RIPK1"
"AIM2","FADD"
"IRF9","IL17D"
"MALT1","CHUK"
"MALT1","MAPK14"
"MALT1","IKBKB"
"MALT1","PIK3CA"
"MALT1","PIK3CB"
"MALT1","PIK3CD"
"MALT1","PIK3R1"
"MALT1","PIK3R2"
"MALT1","MAPK1"
"MALT1","MAPK3"
"MALT1","MAPK8"
"MALT1","MAPK11"
"MALT1","MAPK9"
"MALT1","MAPK10"
"MALT1","MAPK13"
"MALT1","MAPK12"
"MALT1","CASP8"
"MALT1","PIK3R3"
"MALT1","IKBKG"
"CYLD","BCL3"
"ARHGEF12","RRAS2"
"ARHGEF12","MRAS"
"ARHGEF12","HRAS"
"ARHGEF12","KRAS"
"ARHGEF12","NRAS"
"ARHGEF12","RRAS"
"IRF1","IL12A"
"IRF1","IL12B"
"RHOA","PAK1"
"LSP1","RRAS2"
"LSP1","MRAS"
"LSP1","HRAS"
"LSP1","KRAS"
"LSP1","NRAS"
"LSP1","RRAS"
"LSP1","SRC"
"MDM2","IL12A"
"MDM2","IL12B"
"NFATC1","EGR2"
"NFATC1","EGR3"
"NFATC1","IL2"
"NFATC1","IL10"
"NFATC1","IL17D"
"NFATC1","PTGS2"
"NFATC2","EGR2"
"NFATC2","EGR3"
"NFATC2","IL2"
"NFATC2","IL10"
"NFATC2","IL17D"
"NFATC3","EGR2"
"NFATC3","EGR3"
"NFATC3","IL2"
"NFATC3","IL10"
"NFATC3","IL17D"
"NFATC3","PTGS2"
"NFATC4","EGR2"
"NFATC4","EGR3"
"NFATC4","IL2"
"NFATC4","IL10"
"NFATC4","IL17D"
"NFATC4","PTGS2"
"NFKB1","IL10"
"NFKB1","IL23A"
"NFKB1","CCL17"
"NFKB1","CCL22"
"PAK1","RAF1"
"PRKCD","MAPK1"
"PRKCD","MAPK3"
"PRKCD","CARD9"
"RAF1","RELA"
"RELA","IL10"
"RELA","IL23A"
"RELB","IL1B"
"RELB","IL12A"
"RELB","IL12B"
"BCL3","IL6"
"BCL3","IL10"
"BCL3","IL12A"
"BCL3","IL12B"
"BCL3","IL23A"
"BCL3","CCL17"
"BCL3","CCL22"
"CARD9","CHUK"
"CARD9","MAPK14"
"CARD9","IKBKB"
"CARD9","PIK3CA"
"CARD9","PIK3CB"
"CARD9","PIK3CD"
"CARD9","PIK3R1"
"CARD9","PIK3R2"
"CARD9","MAPK1"
"CARD9","MAPK3"
"CARD9","MAPK8"
"CARD9","MAPK11"
"CARD9","MAPK9"
"CARD9","MAPK10"
"CARD9","MAPK13"
"CARD9","MAPK12"
"CARD9","CASP8"
"CARD9","PIK3R3"
"CARD9","IKBKG"
"SRC","RAF1"
"STAT1","IL17D"
"STAT2","IL17D"
"SYK","CARD9"
"SYK","MAP3K14"
"CBLB","CLEC7A"
"CBLB","SYK"
"CBLB","CLEC6A"
"BCL10","CHUK"
"BCL10","MAPK14"
"BCL10","IKBKB"
"BCL10","PIK3CA"
"BCL10","PIK3CB"
"BCL10","PIK3CD"
"BCL10","PIK3R1"
"BCL10","PIK3R2"
"BCL10","MAPK1"
"BCL10","MAPK3"
"BCL10","MAPK8"
"BCL10","MAPK11"
"BCL10","MAPK9"
"BCL10","MAPK10"
"BCL10","MAPK13"
"BCL10","MAPK12"
"BCL10","CASP8"
"BCL10","PIK3R3"
"BCL10","IKBKG"
"MAPKAPK2","LSP1"
"IKBKE","CYLD"
"IKBKE","STAT1"
"STAM2","JAK1"
"STAM2","JAK2"
"STAM2","JAK3"
"STAM2","TYK2"
"PIAS3","STAT1"
"PIAS3","STAT2"
"PIAS3","STAT3"
"PIAS3","STAT4"
"PIAS3","STAT5A"
"PIAS3","STAT5B"
"PIAS3","STAT6"
"IL24","IL22RA2"
"IL24","IL10RA"
"IL24","IL10RB"
"IL24","JAK1"
"IL24","JAK3"
"IL24","TYK2"
"CISH","STAT1"
"CISH","STAT2"
"CISH","STAT3"
"CISH","STAT4"
"CISH","STAT5A"
"CISH","STAT5B"
"CISH","STAT6"
"IL22RA2","STAT3"
"SOCS4","JAK1"
"SOCS4","JAK2"
"SOCS4","JAK3"
"SOCS4","TYK2"
"CNTF","IL31RA"
"CNTF","IL4R"
"CNTF","IL6R"
"CNTF","IL11RA"
"CNTF","IL13RA1"
"CNTF","IL13RA2"
"CNTF","JAK1"
"CNTF","JAK2"
"CNTF","TYK2"
"CNTF","OSMR"
"CNTF","IL27RA"
"CNTFR","STAT1"
"CNTFR","STAT3"
"CNTFR","STAT6"
"IL31RA","STAT1"
"IL31RA","STAT3"
"IL31RA","STAT6"
"CREBBP","STAT1"
"CREBBP","STAT2"
"CREBBP","STAT3"
"CREBBP","STAT4"
"CREBBP","STAT5A"
"CREBBP","STAT5B"
"CREBBP","STAT6"
"CSF2","IL3RA"
"CSF2","IL5RA"
"CSF2","JAK2"
"CSF2RA","STAT5A"
"CSF2RA","STAT5B"
"CSF2RB","STAT5A"
"CSF2RB","STAT5B"
"CSF3","LEPR"
"CSF3","MPL"
"CSF3R","STAT3"
"CSF3R","STAT5A"
"CSF3R","STAT5B"
"CSH1","LEPR"
"CSH1","MPL"
"CSH2","LEPR"
"CSH2","MPL"
"CTF1","CNTFR"
"CTF1","IL31RA"
"CTF1","IL4R"
"CTF1","IL6R"
"CTF1","IL11RA"
"CTF1","IL13RA1"
"CTF1","IL13RA2"
"CTF1","JAK1"
"CTF1","JAK2"
"CTF1","TYK2"
"CTF1","OSMR"
"CTF1","IL27RA"
"IL23R","STAT3"
"IL23R","STAT4"
"IFNLR1","STAT1"
"IFNLR1","STAT2"
"EGF","JAK1"
"EGF","JAK2"
"EGFR","STAT1"
"EGFR","STAT3"
"EP300","STAT1"
"EP300","STAT2"
"EP300","STAT3"
"EP300","STAT4"
"EP300","STAT5A"
"EP300","STAT5B"
"EP300","STAT6"
"EPO","LEPR"
"EPO","MPL"
"EPOR","STAT3"
"EPOR","STAT5A"
"EPOR","STAT5B"
"CLCF1","IL31RA"
"CLCF1","IL4R"
"CLCF1","IL6R"
"CLCF1","IL11RA"
"CLCF1","IL13RA1"
"CLCF1","IL13RA2"
"CLCF1","JAK1"
"CLCF1","JAK2"
"CLCF1","TYK2"
"CLCF1","OSMR"
"CLCF1","IL27RA"
"IL27","CNTFR"
"IL27","IL31RA"
"IL27","IL4R"
"IL27","IL6R"
"IL27","IL11RA"
"IL27","IL13RA1"
"IL27","IL13RA2"
"IL27","JAK1"
"IL27","JAK2"
"IL27","LIFR"
"IL27","TYK2"
"IL27","OSMR"
"GH1","LEPR"
"GH1","MPL"
"GH2","LEPR"
"GH2","MPL"
"GHR","STAT3"
"GHR","STAT5A"
"GHR","STAT5B"
"IFNL2","IFNAR1"
"IFNL2","IFNAR2"
"IFNL2","JAK1"
"IFNL2","TYK2"
"IFNL3","IFNAR1"
"IFNL3","IFNAR2"
"IFNL3","JAK1"
"IFNL3","TYK2"
"IFNL1","IFNAR1"
"IFNL1","IFNAR2"
"IFNL1","JAK1"
"IFNL1","TYK2"
"IL19","IL22RA2"
"IL19","IL10RA"
"IL19","IL10RB"
"IL19","JAK1"
"IL19","JAK3"
"IL19","IL22RA1"
"IL19","TYK2"
"SOCS7","JAK1"
"SOCS7","JAK2"
"SOCS7","JAK3"
"SOCS7","TYK2"
"IFNE","IFNLR1"
"IFNE","IL10RB"
"IFNE","JAK1"
"IFNE","TYK2"
"IFNA1","IFNLR1"
"IFNA1","IL10RB"
"IFNA1","TYK2"
"IFNA2","IFNLR1"
"IFNA2","IL10RB"
"IFNA2","TYK2"
"IFNA4","IFNLR1"
"IFNA4","IL10RB"
"IFNA4","TYK2"
"IFNA5","IFNLR1"
"IFNA5","IL10RB"
"IFNA5","TYK2"
"IFNA6","IFNLR1"
"IFNA6","IL10RB"
"IFNA6","TYK2"
"IFNA7","IFNLR1"
"IFNA7","IL10RB"
"IFNA7","TYK2"
"IFNA8","IFNLR1"
"IFNA8","IL10RB"
"IFNA8","TYK2"
"IFNA10","IFNLR1"
"IFNA10","IL10RB"
"IFNA10","TYK2"
"IFNA13","IFNLR1"
"IFNA13","IL10RB"
"IFNA13","TYK2"
"IFNA14","IFNLR1"
"IFNA14","IL10RB"
"IFNA14","TYK2"
"IFNA16","IFNLR1"
"IFNA16","IL10RB"
"IFNA16","TYK2"
"IFNA17","IFNLR1"
"IFNA17","IL10RB"
"IFNA17","TYK2"
"IFNA21","IFNLR1"
"IFNA21","IL10RB"
"IFNA21","TYK2"
"IFNAR1","STAT1"
"IFNAR1","STAT2"
"IFNAR2","STAT1"
"IFNAR2","STAT2"
"IFNB1","IFNLR1"
"IFNB1","IL10RB"
"IFNB1","TYK2"
"IFNG","JAK1"
"IFNG","JAK2"
"IFNGR1","STAT3"
"IFNGR2","STAT3"
"IFNW1","IFNLR1"
"IFNW1","IL10RB"
"IFNW1","JAK1"
"IFNW1","TYK2"
"IL2","IL9R"
"IL2","IL15RA"
"IL2","IL21R"
"IL2","CRLF2"
"IL2RA","STAT1"
"IL2RA","STAT3"
"IL2RA","STAT5A"
"IL2RA","STAT5B"
"IL2RA","STAT6"
"IL2RB","STAT1"
"IL2RB","STAT3"
"IL2RB","STAT5A"
"IL2RB","STAT5B"
"IL2RB","STAT6"
"IL2RG","STAT1"
"IL2RG","STAT3"
"IL2RG","STAT5A"
"IL2RG","STAT5B"
"IL2RG","STAT6"
"IL3","CSF2RA"
"IL3","IL5RA"
"IL3RA","STAT5A"
"IL3RA","STAT5B"
"IL4","IL9R"
"IL4","IL15RA"
"IL4","IL21R"
"IL4","CRLF2"
"IL4R","STAT1"
"IL4R","STAT3"
"IL4R","STAT5A"
"IL4R","STAT5B"
"IL4R","STAT6"
"IL5","CSF2RA"
"IL5","IL3RA"
"IL5","JAK2"
"IL5RA","STAT5A"
"IL5RA","STAT5B"
"IL6","CNTFR"
"IL6","IL31RA"
"IL6","IL11RA"
"IL6","IL13RA1"
"IL6","IL13RA2"
"IL6","LIFR"
"IL6","TYK2"
"IL6","IL27RA"
"IL6R","STAT1"
"IL6R","STAT6"
"IL6ST","STAT1"
"IL6ST","STAT3"
"IL6ST","STAT6"
"IL7","IL9R"
"IL7","IL15RA"
"IL7","IL21R"
"IL7","CRLF2"
"IL7R","STAT1"
"IL7R","STAT3"
"IL7R","STAT5A"
"IL7R","STAT5B"
"IL7R","STAT6"
"IL9","IL2RA"
"IL9","IL2RB"
"IL9","IL4R"
"IL9","IL7R"
"IL9","IL15RA"
"IL9","JAK1"
"IL9","JAK3"
"IL9","IL21R"
"IL9","CRLF2"
"IL9R","STAT1"
"IL9R","STAT3"
"IL9R","STAT5A"
"IL9R","STAT5B"
"IL9R","STAT6"
"IL10","IL22RA2"
"IL10","JAK1"
"IL10","JAK3"
"IL10","IL20RA"
"IL10","IL20RB"
"IL10","IL22RA1"
"IL10","TYK2"
"IL10RA","STAT3"
"IL10RB","STAT1"
"IL10RB","STAT2"
"IL10RB","STAT3"
"IL11","CNTFR"
"IL11","IL31RA"
"IL11","IL4R"
"IL11","IL6R"
"IL11","IL13RA1"
"IL11","IL13RA2"
"IL11","JAK1"
"IL11","JAK2"
"IL11","LIFR"
"IL11","TYK2"
"IL11","OSMR"
"IL11","IL27RA"
"IL11RA","STAT1"
"IL11RA","STAT3"
"IL11RA","STAT6"
"IL12A","IL23R"
"IL12A","JAK2"
"IL12A","TYK2"
"IL12B","IL23R"
"IL12B","JAK2"
"IL12B","TYK2"
"IL12RB1","STAT3"
"IL12RB1","STAT4"
"IL12RB2","STAT3"
"IL12RB2","STAT4"
"IL13","CNTFR"
"IL13","IL31RA"
"IL13","IL6R"
"IL13","IL6ST"
"IL13","IL11RA"
"IL13","JAK1"
"IL13","JAK2"
"IL13","LIFR"
"IL13","TYK2"
"IL13","OSMR"
"IL13","IL27RA"
"IL13RA1","STAT1"
"IL13RA1","STAT3"
"IL13RA1","STAT6"
"IL13RA2","STAT1"
"IL13RA2","STAT3"
"IL13RA2","STAT6"
"IL15","IL2RA"
"IL15","IL4R"
"IL15","IL7R"
"IL15","IL9R"
"IL15","JAK1"
"IL15","JAK3"
"IL15","IL21R"
"IL15","CRLF2"
"IL15RA","STAT1"
"IL15RA","STAT3"
"IL15RA","STAT5A"
"IL15RA","STAT5B"
"IL15RA","STAT6"
"JAK1","PTPN11"
"JAK2","PTPN11"
"JAK3","PTPN11"
"IL31","CNTFR"
"IL31","IL4R"
"IL31","IL6R"
"IL31","IL6ST"
"IL31","IL11RA"
"IL31","IL13RA1"
"IL31","IL13RA2"
"IL31","JAK1"
"IL31","JAK2"
"IL31","LIFR"
"IL31","TYK2"
"IL31","IL27RA"
"LEP","CSF3R"
"LEP","EPOR"
"LEP","GHR"
"LEP","JAK2"
"LEP","MPL"
"LEP","PRLR"
"LEPR","STAT3"
"LEPR","STAT5A"
"LEPR","STAT5B"
"LIF","CNTFR"
"LIF","IL31RA"
"LIF","IL4R"
"LIF","IL6R"
"LIF","IL11RA"
"LIF","IL13RA1"
"LIF","IL13RA2"
"LIF","JAK1"
"LIF","JAK2"
"LIF","TYK2"
"LIF","OSMR"
"LIF","IL27RA"
"LIFR","STAT1"
"LIFR","STAT3"
"LIFR","STAT6"
"MPL","STAT3"
"MPL","STAT5A"
"MPL","STAT5B"
"OSM","CNTFR"
"OSM","IL31RA"
"OSM","IL11RA"
"OSM","IL13RA1"
"OSM","IL13RA2"
"OSM","TYK2"
"OSM","IL27RA"
"IL20","IL22RA2"
"IL20","IL10RA"
"IL20","IL10RB"
"IL20","JAK1"
"IL20","JAK3"
"IL20","TYK2"
"IL21R","STAT1"
"IL21R","STAT3"
"IL21R","STAT5A"
"IL21R","STAT5B"
"IL21R","STAT6"
"IL22","IL22RA2"
"IL22","IL10RA"
"IL22","JAK1"
"IL22","JAK3"
"IL22","IL20RA"
"IL22","IL20RB"
"IL22","TYK2"
"PDGFA","JAK1"
"PDGFA","JAK2"
"PDGFB","JAK1"
"PDGFB","JAK2"
"PDGFRA","STAT1"
"PDGFRA","STAT3"
"IL23A","IL12RB2"
"IL23A","JAK2"
"IL23A","TYK2"
"PIAS4","STAT1"
"PIAS4","STAT2"
"PIAS4","STAT3"
"PIAS4","STAT4"
"PIAS4","STAT5A"
"PIAS4","STAT5B"
"PIAS4","STAT6"
"PDGFRB","STAT1"
"PDGFRB","STAT3"
"IL20RA","STAT3"
"IL20RB","STAT3"
"IL26","IL22RA2"
"IL26","IL10RA"
"IL26","JAK1"
"IL26","JAK3"
"IL26","IL20RB"
"IL26","IL22RA1"
"IL26","TYK2"
"PRL","LEPR"
"PRL","MPL"
"PRLR","STAT3"
"PRLR","STAT5A"
"PRLR","STAT5B"
"IFNK","IFNLR1"
"IFNK","IL10RB"
"IFNK","JAK1"
"IFNK","TYK2"
"PTPN2","JAK1"
"PTPN2","JAK2"
"PTPN2","JAK3"
"PTPN2","STAT1"
"PTPN2","STAT2"
"PTPN2","STAT3"
"PTPN2","STAT4"
"PTPN2","STAT5A"
"PTPN2","STAT5B"
"PTPN2","STAT6"
"PTPN2","TYK2"
"PTPN6","JAK1"
"PTPN6","JAK2"
"PTPN6","JAK3"
"PTPN6","TYK2"
"IL22RA1","STAT3"
"IL21","IL2RA"
"IL21","IL2RB"
"IL21","IL4R"
"IL21","IL7R"
"IL21","IL9R"
"IL21","IL15RA"
"IL21","JAK1"
"IL21","JAK3"
"IL21","CRLF2"
"CRLF2","STAT1"
"CRLF2","STAT3"
"CRLF2","STAT5A"
"CRLF2","STAT5B"
"CRLF2","STAT6"
"STAT1","CDKN1A"
"STAT1","CISH"
"STAT1","SOCS4"
"STAT1","GFAP"
"STAT1","SOCS7"
"STAT1","AOX1"
"STAT1","MCL1"
"STAT1","MYC"
"STAT1","PIM1"
"STAT1","CCND1"
"STAT1","BCL2"
"STAT1","BCL2L1"
"STAT1","SOCS1"
"STAT1","SOCS2"
"STAT1","CCND2"
"STAT1","CCND3"
"STAT1","SOCS3"
"STAT1","SOCS6"
"STAT1","SOCS5"
"STAT2","CDKN1A"
"STAT2","CISH"
"STAT2","SOCS4"
"STAT2","GFAP"
"STAT2","SOCS7"
"STAT2","AOX1"
"STAT2","MCL1"
"STAT2","MYC"
"STAT2","PIM1"
"STAT2","CCND1"
"STAT2","BCL2"
"STAT2","BCL2L1"
"STAT2","SOCS1"
"STAT2","SOCS2"
"STAT2","CCND2"
"STAT2","CCND3"
"STAT2","SOCS3"
"STAT2","SOCS6"
"STAT2","SOCS5"
"STAT3","CDKN1A"
"STAT3","CISH"
"STAT3","SOCS4"
"STAT3","GFAP"
"STAT3","SOCS7"
"STAT3","AOX1"
"STAT3","MCL1"
"STAT3","PIM1"
"STAT3","CCND1"
"STAT3","BCL2"
"STAT3","BCL2L1"
"STAT3","SOCS1"
"STAT3","SOCS2"
"STAT3","CCND2"
"STAT3","CCND3"
"STAT3","SOCS3"
"STAT3","SOCS6"
"STAT3","SOCS5"
"STAT4","CDKN1A"
"STAT4","CISH"
"STAT4","SOCS4"
"STAT4","GFAP"
"STAT4","SOCS7"
"STAT4","AOX1"
"STAT4","MCL1"
"STAT4","MYC"
"STAT4","PIM1"
"STAT4","CCND1"
"STAT4","BCL2"
"STAT4","BCL2L1"
"STAT4","SOCS1"
"STAT4","SOCS2"
"STAT4","CCND2"
"STAT4","CCND3"
"STAT4","SOCS3"
"STAT4","SOCS6"
"STAT4","SOCS5"
"STAT5A","CDKN1A"
"STAT5A","CISH"
"STAT5A","SOCS4"
"STAT5A","GFAP"
"STAT5A","SOCS7"
"STAT5A","AOX1"
"STAT5A","MCL1"
"STAT5A","MYC"
"STAT5A","PIM1"
"STAT5A","CCND1"
"STAT5A","BCL2"
"STAT5A","BCL2L1"
"STAT5A","SOCS1"
"STAT5A","SOCS2"
"STAT5A","CCND2"
"STAT5A","CCND3"
"STAT5A","SOCS3"
"STAT5A","SOCS6"
"STAT5A","SOCS5"
"STAT5B","CDKN1A"
"STAT5B","CISH"
"STAT5B","SOCS4"
"STAT5B","GFAP"
"STAT5B","SOCS7"
"STAT5B","AOX1"
"STAT5B","MCL1"
"STAT5B","MYC"
"STAT5B","PIM1"
"STAT5B","CCND1"
"STAT5B","BCL2"
"STAT5B","BCL2L1"
"STAT5B","SOCS1"
"STAT5B","SOCS2"
"STAT5B","CCND2"
"STAT5B","CCND3"
"STAT5B","SOCS3"
"STAT5B","SOCS6"
"STAT5B","SOCS5"
"STAT6","CDKN1A"
"STAT6","CISH"
"STAT6","SOCS4"
"STAT6","GFAP"
"STAT6","SOCS7"
"STAT6","AOX1"
"STAT6","MCL1"
"STAT6","MYC"
"STAT6","PIM1"
"STAT6","CCND1"
"STAT6","BCL2"
"STAT6","BCL2L1"
"STAT6","SOCS1"
"STAT6","SOCS2"
"STAT6","CCND2"
"STAT6","CCND3"
"STAT6","SOCS3"
"STAT6","SOCS6"
"STAT6","SOCS5"
"THPO","CSF3R"
"THPO","EPOR"
"THPO","GHR"
"THPO","JAK2"
"THPO","LEPR"
"THPO","PRLR"
"TYK2","PIK3CA"
"TYK2","PIK3CB"
"TYK2","PIK3CD"
"TYK2","PIK3R1"
"TYK2","PIK3R2"
"TYK2","PTPN11"
"TYK2","PIK3R3"
"STAM","JAK1"
"STAM","JAK2"
"STAM","JAK3"
"STAM","TYK2"
"TSLP","IL2RA"
"TSLP","IL2RB"
"TSLP","IL2RG"
"TSLP","IL4R"
"TSLP","IL9R"
"TSLP","IL15RA"
"TSLP","JAK1"
"TSLP","JAK3"
"TSLP","IL21R"
"PIAS1","STAT1"
"PIAS1","STAT2"
"PIAS1","STAT3"
"PIAS1","STAT4"
"PIAS1","STAT5A"
"PIAS1","STAT5B"
"PIAS1","STAT6"
"SOCS1","JAK1"
"SOCS1","JAK2"
"SOCS1","JAK3"
"SOCS1","TYK2"
"SOCS2","JAK1"
"SOCS2","JAK2"
"SOCS2","JAK3"
"SOCS2","TYK2"
"SOCS3","JAK1"
"SOCS3","JAK2"
"SOCS3","JAK3"
"SOCS3","TYK2"
"PIAS2","STAT1"
"PIAS2","STAT2"
"PIAS2","STAT3"
"PIAS2","STAT4"
"PIAS2","STAT5A"
"PIAS2","STAT5B"
"PIAS2","STAT6"
"OSMR","STAT1"
"OSMR","STAT3"
"OSMR","STAT6"
"SOCS6","JAK1"
"SOCS6","JAK2"
"SOCS6","JAK3"
"SOCS6","TYK2"
"IL27RA","STAT1"
"IL27RA","STAT3"
"IL27RA","STAT6"
"SOCS5","JAK1"
"SOCS5","JAK2"
"SOCS5","JAK3"
"SOCS5","TYK2"
"MICA","KLRC4-KLRK1"
"MICA","KLRK1"
"LOC102723407","FCGR3A"
"LOC102723407","FCGR3B"
"HCST","GRB2"
"HCST","PIK3CA"
"HCST","PIK3CB"
"HCST","PIK3CD"
"HCST","PIK3R1"
"HCST","PIK3R2"
"HCST","PLCG1"
"HCST","PLCG2"
"HCST","PIK3R3"
"KIR3DL3","PTPN6"
"KIR3DL3","PTPN11"
"RAET1E","KLRC4-KLRK1"
"RAET1E","KLRK1"
"RAET1L","KLRC4-KLRK1"
"RAET1L","KLRK1"
"PTK2B","RAC1"
"PTK2B","RAC2"
"PTK2B","RAC3"
"FCER1G","ZAP70"
"FYN","CD244"
"FYN","TYROBP"
"FYN","CD247"
"LAT","GRB2"
"RAET1G","KLRC4-KLRK1"
"RAET1G","KLRK1"
"ITGAL","VAV3"
"ITGAL","PTK2B"
"ITGAL","VAV1"
"ITGAL","VAV2"
"ITGB2","VAV3"
"ITGB2","PTK2B"
"ITGB2","VAV1"
"ITGB2","VAV2"
"KIR2DL1","PTPN6"
"KIR2DL1","PTPN11"
"KIR2DL2","PTPN6"
"KIR2DL2","PTPN11"
"KIR2DL3","PTPN6"
"KIR2DL3","PTPN11"
"KIR3DL1","PTPN6"
"KIR3DL1","PTPN11"
"KIR3DL2","PTPN6"
"KIR3DL2","PTPN11"
"KLRC1","PTPN6"
"KLRC1","PTPN11"
"KLRD1","PTPN6"
"KLRD1","PTPN11"
"LCK","TYROBP"
"LCP2","GRB2"
"SH2D1A","FYN"
"MICB","KLRC4-KLRK1"
"MICB","KLRK1"
"PAK1","MAP2K1"
"PAK1","MAP2K2"
"CD244","SH2D1B"
"CD244","LAT"
"CD244","SH2D1A"
"PLCG1","VAV3"
"PLCG1","VAV1"
"PLCG1","VAV2"
"PLCG2","VAV3"
"PLCG2","VAV1"
"PLCG2","VAV2"
"KIR2DL5A","PTPN6"
"KIR2DL5A","PTPN11"
"PTPN6","VAV3"
"PTPN6","LAT"
"PTPN6","LCP2"
"PTPN6","VAV1"
"PTPN6","VAV2"
"PTPN6","LAT2"
"PTPN11","VAV3"
"PTPN11","LAT"
"PTPN11","LCP2"
"PTPN11","VAV1"
"PTPN11","VAV2"
"PTPN11","LAT2"
"SYK","SHC2"
"SYK","LAT"
"SYK","SHC4"
"SYK","SHC3"
"SYK","SHC1"
"SYK","LAT2"
"TYROBP","SYK"
"TYROBP","ZAP70"
"LAT2","GRB2"
"ZAP70","SHC2"
"ZAP70","LCP2"
"ZAP70","SHC4"
"ZAP70","PIK3CA"
"ZAP70","PIK3CB"
"ZAP70","PIK3CD"
"ZAP70","PIK3R1"
"ZAP70","PIK3R2"
"ZAP70","SHC3"
"ZAP70","SHC1"
"ZAP70","LAT2"
"ZAP70","PIK3R3"
"ULBP3","KLRC4-KLRK1"
"ULBP3","KLRK1"
"ULBP2","KLRC4-KLRK1"
"ULBP2","KLRK1"
"ULBP1","KLRC4-KLRK1"
"ULBP1","KLRK1"
"CD247","SYK"
"CD247","ZAP70"
"CD48","CD244"
"CEBPB","DEFB4B"
"CEBPB","CSF2"
"CEBPB","CSF3"
"CEBPB","DEFB4A"
"CEBPB","CXCL1"
"CEBPB","CXCL2"
"CEBPB","CXCL3"
"CEBPB","S100A7A"
"CEBPB","IL6"
"CEBPB","CXCL8"
"CEBPB","CXCL10"
"CEBPB","LCN2"
"CEBPB","MMP1"
"CEBPB","MMP3"
"CEBPB","MMP9"
"CEBPB","MMP13"
"CEBPB","MUC5AC"
"CEBPB","PTGS2"
"CEBPB","S100A7"
"CEBPB","S100A8"
"CEBPB","S100A9"
"CEBPB","CCL2"
"CEBPB","CCL7"
"CEBPB","CCL20"
"CEBPB","CXCL6"
"CEBPB","CXCL5"
"CEBPB","TNF"
"CEBPB","MUC5B"
"TRAF3IP2","FOS"
"TRAF3IP2","FOSB"
"TRAF3IP2","IL17RA"
"TRAF3IP2","IL17A"
"TRAF3IP2","JUN"
"TRAF3IP2","JUND"
"TRAF3IP2","TRAF2"
"TRAF3IP2","TRAF5"
"TRAF3IP2","TRAF6"
"TRAF3IP2","FOSL1"
"IL17RE","TRAF3IP2"
"IL17RE","TRAF6"
"MAPK15","FOS"
"MAPK15","FOSB"
"MAPK15","JUN"
"MAPK15","JUND"
"MAPK15","FOSL1"
"TAB2","CHUK"
"TAB2","IKBKB"
"TAB2","IKBKG"
"FOS","DEFB4B"
"FOS","CSF2"
"FOS","CSF3"
"FOS","DEFB4A"
"FOS","CXCL1"
"FOS","CXCL2"
"FOS","CXCL3"
"FOS","S100A7A"
"FOS","IFNG"
"FOS","IL4"
"FOS","IL5"
"FOS","IL13"
"FOS","CXCL10"
"FOS","LCN2"
"FOS","MMP1"
"FOS","MMP3"
"FOS","MMP9"
"FOS","MMP13"
"FOS","MUC5AC"
"FOS","PTGS2"
"FOS","S100A7"
"FOS","S100A8"
"FOS","S100A9"
"FOS","CCL2"
"FOS","CCL7"
"FOS","CCL11"
"FOS","CCL17"
"FOS","CCL20"
"FOS","CXCL6"
"FOS","CXCL5"
"FOS","MUC5B"
"FOSB","DEFB4B"
"FOSB","CSF2"
"FOSB","CSF3"
"FOSB","DEFB4A"
"FOSB","CXCL1"
"FOSB","CXCL2"
"FOSB","CXCL3"
"FOSB","S100A7A"
"FOSB","IFNG"
"FOSB","IL1B"
"FOSB","IL4"
"FOSB","IL5"
"FOSB","IL6"
"FOSB","CXCL8"
"FOSB","IL13"
"FOSB","CXCL10"
"FOSB","LCN2"
"FOSB","MMP1"
"FOSB","MMP3"
"FOSB","MMP9"
"FOSB","MMP13"
"FOSB","MUC5AC"
"FOSB","PTGS2"
"FOSB","S100A7"
"FOSB","S100A8"
"FOSB","S100A9"
"FOSB","CCL2"
"FOSB","CCL7"
"FOSB","CCL11"
"FOSB","CCL17"
"FOSB","CCL20"
"FOSB","CXCL6"
"FOSB","CXCL5"
"FOSB","TNF"
"FOSB","MUC5B"
"IL17RA","TRAF3IP2"
"IL17RA","GSK3B"
"IL17RA","MAPK1"
"IL17RA","MAPK3"
"IL17RA","TRAF6"
"IL17RA","TRADD"
"TAB3","CHUK"
"TAB3","IKBKB"
"TAB3","IKBKG"
"IL17C","IL17RA"
"TBK1","TRAF3IP2"
"GSK3B","CEBPB"
"USP25","TRAF2"
"USP25","TRAF5"
"USP25","TRAF6"
"JUN","DEFB4B"
"JUN","CSF2"
"JUN","CSF3"
"JUN","DEFB4A"
"JUN","S100A7A"
"JUN","IFNG"
"JUN","IL4"
"JUN","IL5"
"JUN","IL13"
"JUN","CXCL10"
"JUN","LCN2"
"JUN","MMP1"
"JUN","MMP3"
"JUN","MMP9"
"JUN","MMP13"
"JUN","MUC5AC"
"JUN","PTGS2"
"JUN","S100A7"
"JUN","S100A8"
"JUN","S100A9"
"JUN","CCL7"
"JUN","CCL11"
"JUN","CCL17"
"JUN","CCL20"
"JUN","CXCL6"
"JUN","CXCL5"
"JUN","MUC5B"
"JUND","DEFB4B"
"JUND","CSF2"
"JUND","CSF3"
"JUND","DEFB4A"
"JUND","CXCL1"
"JUND","CXCL2"
"JUND","CXCL3"
"JUND","S100A7A"
"JUND","IFNG"
"JUND","IL1B"
"JUND","IL4"
"JUND","IL5"
"JUND","IL6"
"JUND","CXCL8"
"JUND","IL13"
"JUND","CXCL10"
"JUND","LCN2"
"JUND","MMP1"
"JUND","MMP3"
"JUND","MMP9"
"JUND","MMP13"
"JUND","MUC5AC"
"JUND","PTGS2"
"JUND","S100A7"
"JUND","S100A8"
"JUND","S100A9"
"JUND","CCL2"
"JUND","CCL7"
"JUND","CCL11"
"JUND","CCL17"
"JUND","CCL20"
"JUND","CXCL6"
"JUND","CXCL5"
"JUND","TNF"
"JUND","MUC5B"
"NFKB1","DEFB4B"
"NFKB1","CSF2"
"NFKB1","CSF3"
"NFKB1","DEFB4A"
"NFKB1","S100A7A"
"NFKB1","IFNG"
"NFKB1","IL4"
"NFKB1","IL5"
"NFKB1","IL13"
"NFKB1","LCN2"
"NFKB1","MMP1"
"NFKB1","MMP3"
"NFKB1","MMP9"
"NFKB1","MMP13"
"NFKB1","MUC5AC"
"NFKB1","S100A7"
"NFKB1","S100A8"
"NFKB1","S100A9"
"NFKB1","CCL7"
"NFKB1","CCL11"
"NFKB1","CCL20"
"NFKB1","CXCL6"
"NFKB1","CXCL5"
"NFKB1","MUC5B"
"ANAPC5","TRAF6"
"IL17RB","TRAF3IP2"
"IL17RB","TRAF6"
"IL17RB","TRADD"
"MAPK1","FOSB"
"MAPK1","JUND"
"MAPK1","FOSL1"
"MAPK3","FOSB"
"MAPK3","JUND"
"MAPK3","FOSL1"
"MAPK4","FOS"
"MAPK4","FOSB"
"MAPK4","JUN"
"MAPK4","JUND"
"MAPK4","FOSL1"
"MAPK6","FOS"
"MAPK6","FOSB"
"MAPK6","JUN"
"MAPK6","JUND"
"MAPK6","FOSL1"
"MAPK7","FOS"
"MAPK7","FOSB"
"MAPK7","JUN"
"MAPK7","JUND"
"MAPK7","FOSL1"
"RELA","DEFB4B"
"RELA","CSF2"
"RELA","CSF3"
"RELA","DEFB4A"
"RELA","S100A7A"
"RELA","IFNG"
"RELA","IL4"
"RELA","IL5"
"RELA","IL13"
"RELA","LCN2"
"RELA","MMP1"
"RELA","MMP3"
"RELA","MMP9"
"RELA","MMP13"
"RELA","MUC5AC"
"RELA","S100A7"
"RELA","S100A8"
"RELA","S100A9"
"RELA","CCL7"
"RELA","CCL11"
"RELA","CCL17"
"RELA","CCL20"
"RELA","CXCL6"
"RELA","CXCL5"
"RELA","MUC5B"
"MAP3K7","IKBKG"
"TNFAIP3","TRAF6"
"TRAF2","ELAVL1"
"TRAF2","SRSF1"
"TRAF3","IL17RA"
"TRAF3","IL17RC"
"TRAF5","ELAVL1"
"TRAF5","SRSF1"
"TRAF6","CEBPB"
"TRAF6","MAPK14"
"TRAF6","MAPK15"
"TRAF6","FOS"
"TRAF6","FOSB"
"TRAF6","JUN"
"TRAF6","JUND"
"TRAF6","NFKB1"
"TRAF6","MAPK1"
"TRAF6","MAPK3"
"TRAF6","MAPK4"
"TRAF6","MAPK6"
"TRAF6","MAPK7"
"TRAF6","MAPK8"
"TRAF6","MAPK11"
"TRAF6","MAPK9"
"TRAF6","MAPK10"
"TRAF6","MAPK13"
"TRAF6","RELA"
"TRAF6","MAPK12"
"TRAF6","FOSL1"
"FOSL1","DEFB4B"
"FOSL1","CSF2"
"FOSL1","CSF3"
"FOSL1","DEFB4A"
"FOSL1","CXCL1"
"FOSL1","CXCL2"
"FOSL1","CXCL3"
"FOSL1","S100A7A"
"FOSL1","IFNG"
"FOSL1","IL1B"
"FOSL1","IL4"
"FOSL1","IL5"
"FOSL1","IL6"
"FOSL1","CXCL8"
"FOSL1","IL13"
"FOSL1","CXCL10"
"FOSL1","LCN2"
"FOSL1","MMP1"
"FOSL1","MMP3"
"FOSL1","MMP9"
"FOSL1","MMP13"
"FOSL1","MUC5AC"
"FOSL1","PTGS2"
"FOSL1","S100A7"
"FOSL1","S100A8"
"FOSL1","S100A9"
"FOSL1","CCL2"
"FOSL1","CCL7"
"FOSL1","CCL11"
"FOSL1","CCL17"
"FOSL1","CCL20"
"FOSL1","CXCL6"
"FOSL1","CXCL5"
"FOSL1","TNF"
"FOSL1","MUC5B"
"IL17RC","GSK3B"
"IL17RC","MAPK1"
"IL17RC","MAPK3"
"TRADD","FADD"
"FADD","CASP3"
"TRAF4","TRAF3IP2"
"IKBKE","TRAF3IP2"
"RBPJL","GATA3"
"RBPJL","TBX21"
"RBPJL","IL4"
"CHUK","NFKBIE"
"FOS","GATA3"
"FOS","TBX21"
"FOS","IL2"
"FOS","IL2RA"
"FOS","IL4R"
"FOS","IL12RB1"
"FOS","IL12RB2"
"GATA3","TBX21"
"GATA3","IL2"
"GATA3","IL2RA"
"GATA3","IL4"
"GATA3","IL4R"
"GATA3","IL5"
"GATA3","IL12RB1"
"GATA3","IL12RB2"
"GATA3","IL13"
"GATA3","MAF"
"TBX21","GATA3"
"TBX21","IFNG"
"TBX21","IL4"
"TBX21","IL12RB1"
"TBX21","IL12RB2"
"HLA-DMA","CD247"
"HLA-DMB","CD247"
"HLA-DOA","CD247"
"HLA-DOB","CD247"
"HLA-DPA1","CD247"
"HLA-DPB1","CD247"
"HLA-DQA1","CD247"
"HLA-DQA2","CD247"
"HLA-DQB1","CD247"
"HLA-DRA","CD247"
"HLA-DRB1","CD247"
"HLA-DRB3","CD247"
"HLA-DRB4","CD247"
"HLA-DRB5","CD247"
"RBPJ","GATA3"
"RBPJ","TBX21"
"RBPJ","IL4"
"IKBKB","NFKBIE"
"JUN","GATA3"
"JUN","TBX21"
"JUN","IL2"
"JUN","IL2RA"
"JUN","IL4R"
"JUN","IL12RB1"
"JUN","IL12RB2"
"LCK","ZAP70"
"MAF","IL2RA"
"MAF","IL4"
"MAF","IL4R"
"NFATC1","GATA3"
"NFATC1","TBX21"
"NFATC1","IFNG"
"NFATC1","IL2RA"
"NFATC1","IL4"
"NFATC1","IL4R"
"NFATC1","IL5"
"NFATC1","IL12RB1"
"NFATC1","IL12RB2"
"NFATC1","IL13"
"NFATC2","GATA3"
"NFATC2","TBX21"
"NFATC2","IFNG"
"NFATC2","IL2RA"
"NFATC2","IL4"
"NFATC2","IL4R"
"NFATC2","IL5"
"NFATC2","IL12RB1"
"NFATC2","IL12RB2"
"NFATC2","IL13"
"NFATC3","GATA3"
"NFATC3","TBX21"
"NFATC3","IFNG"
"NFATC3","IL2RA"
"NFATC3","IL4"
"NFATC3","IL4R"
"NFATC3","IL5"
"NFATC3","IL12RB1"
"NFATC3","IL12RB2"
"NFATC3","IL13"
"NFKB1","GATA3"
"NFKB1","TBX21"
"NFKB1","IL2"
"NFKB1","IL2RA"
"NFKB1","IL4R"
"NFKB1","IL12RB1"
"NFKB1","IL12RB2"
"NOTCH1","RBPJL"
"NOTCH1","RBPJ"
"NOTCH1","MAML3"
"NOTCH1","MAML2"
"NOTCH1","MAML1"
"NOTCH2","RBPJL"
"NOTCH2","RBPJ"
"NOTCH2","MAML3"
"NOTCH2","MAML2"
"NOTCH2","MAML1"
"NOTCH3","RBPJL"
"NOTCH3","RBPJ"
"NOTCH3","NFKB1"
"NOTCH3","MAML3"
"NOTCH3","RELA"
"NOTCH3","MAML2"
"NOTCH3","MAML1"
"MAML3","GATA3"
"MAML3","TBX21"
"MAML3","IL4"
"PRKCQ","CHUK"
"PRKCQ","IKBKB"
"PRKCQ","IKBKG"
"RELA","GATA3"
"RELA","TBX21"
"RELA","IL2"
"RELA","IL2RA"
"RELA","IL4R"
"RELA","IL12RB1"
"RELA","IL12RB2"
"STAT1","TBX21"
"STAT1","IFNG"
"STAT1","IL12RB1"
"STAT1","IL12RB2"
"STAT4","TBX21"
"STAT4","IFNG"
"STAT4","IL12RB1"
"STAT4","IL12RB2"
"STAT5A","GATA3"
"STAT5A","IL2"
"STAT5A","IL2RA"
"STAT5A","IL4"
"STAT5A","IL4R"
"STAT5B","GATA3"
"STAT5B","IL2"
"STAT5B","IL2RA"
"STAT5B","IL4"
"STAT5B","IL4R"
"STAT6","GATA3"
"STAT6","IL2"
"STAT6","IL2RA"
"STAT6","IL4"
"STAT6","IL4R"
"MAML2","GATA3"
"MAML2","TBX21"
"MAML2","IL4"
"IKBKG","NFKBIE"
"MAML1","GATA3"
"MAML1","TBX21"
"MAML1","IL4"
"EBI3","JAK1"
"EBI3","JAK2"
"EBI3","TYK2"
"MAPK14","IRF4"
"MAPK14","RORA"
"MAPK14","RORC"
"AHR","IL17F"
"AHR","IL17A"
"AHR","IL22"
"AHR","IL21"
"MTOR","IRF4"
"MTOR","RORA"
"MTOR","RORC"
"GATA3","RORC"
"LAT","MAPK14"
"LAT","MAPK1"
"LAT","MAPK3"
"LAT","MAPK8"
"LAT","MAPK11"
"LAT","MAPK9"
"LAT","MAPK10"
"LAT","MAPK13"
"LAT","MAPK12"
"TBX21","RUNX1"
"HSP90AA1","IL17F"
"HSP90AA1","IL17A"
"HSP90AA1","IL22"
"HSP90AA1","IL21"
"HSP90AB1","IL17F"
"HSP90AB1","IL17A"
"HSP90AB1","IL22"
"HSP90AB1","IL21"
"IL1R1","MAPK14"
"IL1R1","MTOR"
"IL1R1","MAPK11"
"IL1R1","MAPK13"
"IL1R1","MAPK12"
"IL1RAP","MAPK14"
"IL1RAP","MTOR"
"IL1RAP","MAPK11"
"IL1RAP","MAPK13"
"IL1RAP","MAPK12"
"SMAD2","IL23R"
"SMAD2","IL12RB1"
"SMAD2","FOXP3"
"SMAD2","RORA"
"SMAD2","RORC"
"SMAD3","IL23R"
"SMAD3","IL12RB1"
"SMAD3","FOXP3"
"SMAD3","RORA"
"SMAD3","RORC"
"SMAD4","IL23R"
"SMAD4","IL12RB1"
"SMAD4","FOXP3"
"SMAD4","RORA"
"SMAD4","RORC"
"NFATC1","IL17F"
"NFATC1","IL17A"
"NFATC1","IL22"
"NFATC1","IL21"
"NFATC2","IL17F"
"NFATC2","IL17A"
"NFATC2","IL22"
"NFATC2","IL21"
"NFATC3","IL17F"
"NFATC3","IL17A"
"NFATC3","IL22"
"NFATC3","IL21"
"FOXP3","RORC"
"MAPK11","IRF4"
"MAPK11","RORA"
"MAPK11","RORC"
"MAPK13","IRF4"
"MAPK13","RORA"
"MAPK13","RORC"
"RARA","FOXP3"
"RORA","IL17F"
"RORA","IL17A"
"RORA","IL22"
"RORA","IL21"
"RORC","IL17F"
"RORC","IL17A"
"RORC","IL22"
"RORC","IL21"
"RXRA","FOXP3"
"RXRB","FOXP3"
"RXRG","FOXP3"
"MAPK12","IRF4"
"MAPK12","RORA"
"MAPK12","RORC"
"STAT3","IL17F"
"STAT3","IL23R"
"STAT3","IL12RB1"
"STAT3","IL17A"
"STAT3","IL22"
"STAT3","IL21"
"STAT3","RORA"
"STAT3","RORC"
"STAT5A","FOXP3"
"STAT5B","FOXP3"
"TGFBR1","SMAD4"
"TGFBR2","SMAD4"
"RUNX1","RORC"
"AKT3","MAP3K8"
"MAP3K8","MAP3K14"
"MAPK14","NFATC1"
"MAPK14","NFATC2"
"MAPK14","NFATC3"
"AKT1","MAP3K8"
"AKT2","MAP3K8"
"FOS","CDK4"
"FOS","IL10"
"FYN","LCK"
"FYN","ZAP70"
"GSK3B","NFATC1"
"GSK3B","NFATC2"
"GSK3B","NFATC3"
"ICOS","PIK3CA"
"ICOS","PIK3CB"
"ICOS","PIK3CD"
"ICOS","PIK3R1"
"ICOS","PIK3R2"
"ICOS","PIK3R3"
"ICOS","CD40LG"
"ITK","PLCG1"
"JUN","CDK4"
"JUN","IL10"
"NFATC1","CDK4"
"NFATC1","CSF2"
"NFATC1","TNF"
"NFATC2","CDK4"
"NFATC2","CSF2"
"NFATC2","TNF"
"NFATC3","CDK4"
"NFATC3","CSF2"
"NFATC3","TNF"
"NFKB1","CDK4"
"PDCD1","PPP2R3B"
"PDCD1","PPP2R3C"
"PDCD1","PPP2CA"
"PDCD1","PPP2CB"
"PDCD1","PPP2R1A"
"PDCD1","PPP2R1B"
"PDCD1","PPP2R2A"
"PDCD1","PPP2R2B"
"PDCD1","PPP2R2C"
"PDCD1","PPP2R3A"
"PDCD1","PPP2R5A"
"PDCD1","PPP2R5B"
"PDCD1","PPP2R5C"
"PDCD1","PPP2R5D"
"PDCD1","PPP2R5E"
"PDCD1","PPP2R2D"
"PRKCQ","MAP3K7"
"MAPK11","NFATC1"
"MAPK11","NFATC2"
"MAPK11","NFATC3"
"MAPK13","NFATC1"
"MAPK13","NFATC2"
"MAPK13","NFATC3"
"MAP2K7","MAP3K7"
"PTPN6","PIK3CA"
"PTPN6","PIK3CB"
"PTPN6","PIK3CD"
"PTPN6","PIK3R1"
"PTPN6","PIK3R2"
"PTPN6","ZAP70"
"PTPN6","PIK3R3"
"PTPN6","CD247"
"PTPN11","PIK3CA"
"PTPN11","PIK3CB"
"PTPN11","PIK3CD"
"PTPN11","PIK3R1"
"PTPN11","PIK3R2"
"PTPN11","ZAP70"
"PTPN11","PIK3R3"
"PTPN11","CD247"
"PTPRC","FYN"
"PTPRC","LCK"
"RELA","CDK4"
"MAPK12","NFATC1"
"MAPK12","NFATC2"
"MAPK12","NFATC3"
"SOS1","RASGRP1"
"SOS2","RASGRP1"
"TEC","VAV3"
"TEC","PLCG1"
"TEC","VAV1"
"TEC","VAV2"
"ZAP70","MAPK14"
"ZAP70","MAPK11"
"ZAP70","MAPK13"
"ZAP70","MAPK12"
"CARD11","IKBKG"
"CBLB","FYN"
"CBLB","LCK"
"CBLB","ZAP70"
"CD28","GRB2"
"CD28","PIK3CA"
"CD28","PIK3CB"
"CD28","PIK3CD"
"CD28","PIK3R1"
"CD28","PIK3R2"
"CD28","PIK3R3"
"LOC102723407","LYN"
"DAPP1","RAC1"
"DAPP1","RAC2"
"DAPP1","RAC3"
"LYN","DAPP1"
"LYN","BANK1"
"PTPN6","SYK"
"PTPN6","BTK"
"BLK","PLCG2"
"SOS1","RASGRP3"
"SOS2","RASGRP3"
"SYK","PIK3AP1"
"CD19","VAV3"
"CD19","VAV1"
"CD19","VAV2"
"LCP2","VAV3"
"LCP2","PLCG1"
"LCP2","PLCG2"
"LCP2","VAV1"
"LCP2","VAV2"
"LYN","MS4A2"
"LYN","FYN"
"LYN","SYK"
"LYN","BTK"
"RAC1","MAP2K3"
"RAC1","MAP2K6"
"RAC1","MAP2K7"
"RAC1","MAP2K4"
"RAC2","MAP2K3"
"RAC2","MAP2K6"
"RAC2","MAP2K7"
"RAC2","MAP2K4"
"RAC3","MAP2K3"
"RAC3","MAP2K6"
"RAC3","MAP2K7"
"RAC3","MAP2K4"
"SYK","VAV3"
"SYK","VAV1"
"SYK","VAV2"
"BTK","PLCG1"
"AKT3","RPS6KB1"
"AKT3","RPS6KB2"
"WASF2","ARPC5"
"WASF2","ARPC4"
"WASF2","ARPC3"
"WASF2","ARPC1B"
"WASF2","ACTR3"
"WASF2","ACTR2"
"WASF2","ARPC2"
"WASF2","ARPC1A"
"WASF2","ACTR3B"
"WASF2","ACTR3C"
"WASF2","ARPC5L"
"LOC102723407","FCGR1A"
"LOC102723407","FCGR2A"
"WASF3","ARPC5"
"WASF3","ARPC4"
"WASF3","ARPC3"
"WASF3","ARPC1B"
"WASF3","ACTR3"
"WASF3","ACTR2"
"WASF3","ARPC2"
"WASF3","ARPC1A"
"WASF3","ACTR3B"
"WASF3","ACTR3C"
"WASF3","ARPC5L"
"AKT1","RPS6KB1"
"AKT1","RPS6KB2"
"AKT2","RPS6KB1"
"AKT2","RPS6KB2"
"HCK","FCGR1A"
"HCK","FCGR2A"
"HCK","FCGR3A"
"HCK","FCGR3B"
"HCK","GAB2"
"ARF6","PIP5K1C"
"ARF6","PIP5K1A"
"ARF6","PIP5K1B"
"LYN","FCGR1A"
"LYN","FCGR2A"
"LYN","FCGR3A"
"LYN","FCGR3B"
"LYN","GAB2"
"ASAP1","ARF6"
"PIK3CA","DNM2"
"PIK3CA","AMPH"
"PIK3CA","BIN1"
"PIK3CA","PLCG1"
"PIK3CB","DNM2"
"PIK3CB","AMPH"
"PIK3CB","BIN1"
"PIK3CB","PLCG1"
"PIK3CD","DNM2"
"PIK3CD","AMPH"
"PIK3CD","BIN1"
"PIK3CD","PLCG1"
"PIK3R1","DNM2"
"PIK3R1","AMPH"
"PIK3R1","BIN1"
"PIK3R1","PLCG1"
"PIK3R2","DNM2"
"PIK3R2","AMPH"
"PIK3R2","BIN1"
"PIK3R2","PLCG1"
"ASAP3","ARF6"
"PRKCA","PLA2G6"
"PRKCB","PLA2G6"
"PRKCD","MARCKS"
"PRKCD","MARCKSL1"
"PRKCD","PLA2G6"
"PRKCE","MARCKS"
"PRKCE","MARCKSL1"
"PRKCE","PLA2G6"
"PRKCG","PLA2G6"
"PTPRC","HCK"
"PTPRC","LYN"
"RAC1","PIP5K1C"
"RAC1","ARF6"
"RAC1","PIP5K1A"
"RAC1","PIP5K1B"
"RAC2","PIP5K1C"
"RAC2","ARF6"
"RAC2","PIP5K1A"
"RAC2","PIP5K1B"
"SYK","ARF6"
"SYK","PLD1"
"SYK","PLD2"
"WAS","ARPC5"
"WAS","ARPC4"
"WAS","ARPC3"
"WAS","ARPC1B"
"WAS","ACTR3"
"WAS","ACTR2"
"WAS","ARPC2"
"WAS","ARPC1A"
"WAS","ACTR3B"
"WAS","ACTR3C"
"WAS","ARPC5L"
"PIK3R3","DNM2"
"PIK3R3","AMPH"
"PIK3R3","BIN1"
"PIK3R3","PLCG1"
"ASAP2","ARF6"
"WASF1","ARPC5"
"WASF1","ARPC4"
"WASF1","ARPC3"
"WASF1","ARPC1B"
"WASF1","ACTR3"
"WASF1","ACTR2"
"WASF1","ARPC2"
"WASF1","ARPC1A"
"WASF1","ACTR3B"
"WASF1","ACTR3C"
"WASF1","ARPC5L"
"CDC42","VASP"
"MAP3K8","MAP2K7"
"MAP3K8","MAP2K4"
"MAPK14","CEBPB"
"IRF1","IFNB1"
"MAP3K5","MAP2K4"
"MAPK8","ITCH"
"MAPK11","CEBPB"
"MAPK9","ITCH"
"MAPK10","ITCH"
"MAPK13","CEBPB"
"MAPK12","CEBPB"
"TNFRSF1B","DAB2IP"
"TNFRSF1B","IRF1"
"TNFRSF1B","TRAF2"
"TRAF2","BIRC2"
"TRAF2","BIRC3"
"TRAF2","PIK3CA"
"TRAF2","PIK3CB"
"TRAF2","PIK3CD"
"TRAF2","PIK3R1"
"TRAF2","PIK3R2"
"TRAF2","PIK3R3"
"TRAF5","BIRC2"
"TRAF5","BIRC3"
"ITCH","CFLAR"
"CASP10","CASP3"
"CASP10","CASP7"
"RIPK1","MAP2K3"
"RIPK1","FADD"
"RPS6KA4","CREB3"
"RPS6KA4","CREB1"
"RPS6KA4","ATF2"
"RPS6KA4","ATF6B"
"RPS6KA4","CREB3L4"
"RPS6KA4","ATF4"
"RPS6KA4","CREB3L2"
"RPS6KA4","CREB3L3"
"RPS6KA4","CREB3L1"
"RPS6KA4","CREB5"
"RAPGEF3","RASSF5"
"RAPGEF4","RASSF5"
"CYBA","MAPK14"
"CYBA","MMP2"
"CYBA","MMP9"
"CYBA","MAPK11"
"CYBA","MAPK13"
"CYBA","MAPK12"
"CYBB","MAPK14"
"CYBB","MMP2"
"CYBB","MMP9"
"CYBB","MAPK11"
"CYBB","MAPK13"
"CYBB","MAPK12"
"GNAI1","RAPGEF3"
"GNAI1","RAPGEF4"
"GNAI2","RAPGEF3"
"GNAI2","RAPGEF4"
"GNAI3","RAPGEF3"
"GNAI3","RAPGEF4"
"ICAM1","PLCG1"
"ICAM1","PLCG2"
"NCF2","MAPK14"
"NCF2","MMP2"
"NCF2","MMP9"
"NCF2","MAPK11"
"NCF2","MAPK13"
"NCF2","MAPK12"
"NCF4","MAPK14"
"NCF4","MMP2"
"NCF4","MMP9"
"NCF4","MAPK11"
"NCF4","MAPK13"
"NCF4","MAPK12"
"PIK3CA","TXK"
"PIK3CB","TXK"
"PIK3CD","TXK"
"PIK3R1","TXK"
"PIK3R2","TXK"
"RAC1","CYBB"
"RAP1A","ITGA4"
"RAP1A","ITGAL"
"RAP1A","ITGAM"
"RAP1A","ITGB2"
"RAP1A","RHOA"
"RAP1A","SIPA1"
"RAP1B","ITGA4"
"RAP1B","ITGAL"
"RAP1B","ITGAM"
"RAP1B","ITGB1"
"RAP1B","ITGB2"
"RAP1B","RHOA"
"RAP1B","SIPA1"
"NCF1","MAPK14"
"NCF1","MMP2"
"NCF1","MMP9"
"NCF1","MAPK11"
"NCF1","MAPK13"
"NCF1","MAPK12"
"THY1","ARHGAP35"
"THY1","ARHGAP5"
"TXK","VAV3"
"TXK","VAV1"
"TXK","VAV2"
"VCAM1","CYBA"
"VCAM1","CYBB"
"VCAM1","NCF2"
"VCAM1","NCF4"
"VCAM1","NCF1"
"RASSF5","ITGA4"
"PIK3R3","TXK"
"LTBR","MAP3K14"
"GNB5","KCNJ3"
"GNB5","KCNJ5"
"GNB5","KCNJ6"
"GNB5","KCNJ9"
"GNB5","MAPK1"
"GNB5","MAPK3"
"ADCYAP1R1","GNB5"
"ADCYAP1R1","GNB1"
"ADCYAP1R1","GNB2"
"ADCYAP1R1","GNB3"
"ADCYAP1R1","GNG3"
"ADCYAP1R1","GNG4"
"ADCYAP1R1","GNG5"
"ADCYAP1R1","GNG7"
"ADCYAP1R1","GNG10"
"ADCYAP1R1","GNG11"
"ADCYAP1R1","GNGT1"
"ADCYAP1R1","GNGT2"
"ADCYAP1R1","GNG13"
"ADCYAP1R1","GNG2"
"ADCYAP1R1","GNG12"
"ADCYAP1R1","GNB4"
"ADCYAP1R1","GNG8"
"CREB1","PER1"
"CREB1","PER3"
"CREB1","PER2"
"GNAI1","KCNJ3"
"GNAI1","KCNJ5"
"GNAI1","KCNJ6"
"GNAI1","KCNJ9"
"GNAI2","KCNJ3"
"GNAI2","KCNJ5"
"GNAI2","KCNJ6"
"GNAI2","KCNJ9"
"GNAI3","KCNJ3"
"GNAI3","KCNJ5"
"GNAI3","KCNJ6"
"GNAI3","KCNJ9"
"GNAO1","MAPK1"
"GNAO1","MAPK3"
"GNAS","ADCY10"
"GNB1","KCNJ3"
"GNB1","KCNJ5"
"GNB1","KCNJ6"
"GNB1","KCNJ9"
"GNB1","MAPK1"
"GNB1","MAPK3"
"GNB2","KCNJ3"
"GNB2","KCNJ5"
"GNB2","KCNJ6"
"GNB2","KCNJ9"
"GNB2","MAPK1"
"GNB2","MAPK3"
"GNB3","KCNJ3"
"GNB3","KCNJ5"
"GNB3","KCNJ6"
"GNB3","KCNJ9"
"GNB3","MAPK1"
"GNB3","MAPK3"
"GNG3","KCNJ3"
"GNG3","KCNJ5"
"GNG3","KCNJ6"
"GNG3","KCNJ9"
"GNG3","MAPK1"
"GNG3","MAPK3"
"GNG4","KCNJ3"
"GNG4","KCNJ5"
"GNG4","KCNJ6"
"GNG4","KCNJ9"
"GNG4","MAPK1"
"GNG4","MAPK3"
"GNG5","KCNJ3"
"GNG5","KCNJ5"
"GNG5","KCNJ6"
"GNG5","KCNJ9"
"GNG5","MAPK1"
"GNG5","MAPK3"
"GNG7","KCNJ3"
"GNG7","KCNJ5"
"GNG7","KCNJ6"
"GNG7","KCNJ9"
"GNG7","MAPK1"
"GNG7","MAPK3"
"GNG10","KCNJ3"
"GNG10","KCNJ5"
"GNG10","KCNJ6"
"GNG10","KCNJ9"
"GNG10","MAPK1"
"GNG10","MAPK3"
"GNG11","KCNJ3"
"GNG11","KCNJ5"
"GNG11","KCNJ6"
"GNG11","KCNJ9"
"GNG11","MAPK1"
"GNG11","MAPK3"
"GNGT1","KCNJ3"
"GNGT1","KCNJ5"
"GNGT1","KCNJ6"
"GNGT1","KCNJ9"
"GNGT1","MAPK1"
"GNGT1","MAPK3"
"GNGT2","KCNJ3"
"GNGT2","KCNJ5"
"GNGT2","KCNJ6"
"GNGT2","KCNJ9"
"GNGT2","MAPK1"
"GNGT2","MAPK3"
"GRIA1","GRIN1"
"GRIA1","GRIN2A"
"GRIA1","GRIN2B"
"GRIA1","GRIN2C"
"GRIA1","GRIN2D"
"GRIA2","GRIN1"
"GRIA2","GRIN2A"
"GRIA2","GRIN2B"
"GRIA2","GRIN2C"
"GRIA2","GRIN2D"
"GRIA3","GRIN1"
"GRIA3","GRIN2A"
"GRIA3","GRIN2B"
"GRIA3","GRIN2C"
"GRIA3","GRIN2D"
"GRIA4","GRIN1"
"GRIA4","GRIN2A"
"GRIA4","GRIN2B"
"GRIA4","GRIN2C"
"GRIA4","GRIN2D"
"GRIN1","CACNA1C"
"GRIN1","CACNA1D"
"GRIN1","CACNA1I"
"GRIN1","CACNA1H"
"GRIN1","CACNA1G"
"GRIN2A","CACNA1C"
"GRIN2A","CACNA1D"
"GRIN2A","CACNA1I"
"GRIN2A","CACNA1H"
"GRIN2A","CACNA1G"
"GRIN2B","CACNA1C"
"GRIN2B","CACNA1D"
"GRIN2B","CACNA1I"
"GRIN2B","CACNA1H"
"GRIN2B","CACNA1G"
"GRIN2C","CACNA1C"
"GRIN2C","CACNA1D"
"GRIN2C","CACNA1I"
"GRIN2C","CACNA1H"
"GRIN2C","CACNA1G"
"GRIN2D","CACNA1C"
"GRIN2D","CACNA1D"
"GRIN2D","CACNA1I"
"GRIN2D","CACNA1H"
"GRIN2D","CACNA1G"
"MTNR1A","GNB5"
"MTNR1A","GNAI1"
"MTNR1A","GNAI2"
"MTNR1A","GNAI3"
"MTNR1A","GNB1"
"MTNR1A","GNB2"
"MTNR1A","GNB3"
"MTNR1A","GNG3"
"MTNR1A","GNG4"
"MTNR1A","GNG5"
"MTNR1A","GNG7"
"MTNR1A","GNG10"
"MTNR1A","GNG11"
"MTNR1A","GNGT1"
"MTNR1A","GNGT2"
"MTNR1A","GNG13"
"MTNR1A","GNG2"
"MTNR1A","GNG12"
"MTNR1A","GNB4"
"MTNR1A","GNG8"
"MTNR1B","GNB5"
"MTNR1B","GNAI1"
"MTNR1B","GNAI2"
"MTNR1B","GNAI3"
"MTNR1B","GNAQ"
"MTNR1B","GNB1"
"MTNR1B","GNB2"
"MTNR1B","GNB3"
"MTNR1B","GNG3"
"MTNR1B","GNG4"
"MTNR1B","GNG5"
"MTNR1B","GNG7"
"MTNR1B","GNG10"
"MTNR1B","GNG11"
"MTNR1B","GNGT1"
"MTNR1B","GNGT2"
"MTNR1B","GNG13"
"MTNR1B","GNG2"
"MTNR1B","GNG12"
"MTNR1B","GNB4"
"MTNR1B","GNG8"
"RASD1","GNB5"
"RASD1","GNAI1"
"RASD1","GNAI2"
"RASD1","GNAI3"
"RASD1","GNAO1"
"RASD1","GNB1"
"RASD1","GNB2"
"RASD1","GNB3"
"RASD1","GNG3"
"RASD1","GNG4"
"RASD1","GNG5"
"RASD1","GNG7"
"RASD1","GNG10"
"RASD1","GNG11"
"RASD1","GNGT1"
"RASD1","GNGT2"
"RASD1","GNG13"
"RASD1","GNG2"
"RASD1","PRKACA"
"RASD1","PRKACB"
"RASD1","PRKACG"
"RASD1","GNG12"
"RASD1","GNB4"
"RASD1","GNG8"
"GNG13","KCNJ3"
"GNG13","KCNJ5"
"GNG13","KCNJ6"
"GNG13","KCNJ9"
"GNG13","MAPK1"
"GNG13","MAPK3"
"GNG2","KCNJ3"
"GNG2","KCNJ5"
"GNG2","KCNJ6"
"GNG2","KCNJ9"
"GNG2","MAPK1"
"GNG2","MAPK3"
"PRKACA","RPS6KA5"
"PRKACB","RPS6KA5"
"PRKACG","RPS6KA5"
"GNG12","KCNJ3"
"GNG12","KCNJ5"
"GNG12","KCNJ6"
"GNG12","KCNJ9"
"GNG12","MAPK1"
"GNG12","MAPK3"
"GNB4","KCNJ3"
"GNB4","KCNJ5"
"GNB4","KCNJ6"
"GNB4","KCNJ9"
"GNB4","MAPK1"
"GNB4","MAPK3"
"CAMK2A","NOS1"
"CAMK2A","MAPK1"
"CAMK2A","MAPK3"
"CAMK2B","NOS1"
"CAMK2B","MAPK1"
"CAMK2B","MAPK3"
"CAMK2D","NOS1"
"CAMK2D","MAPK1"
"CAMK2D","MAPK3"
"CAMK2G","NOS1"
"CAMK2G","MAPK1"
"CAMK2G","MAPK3"
"GNG8","KCNJ3"
"GNG8","KCNJ5"
"GNG8","KCNJ6"
"GNG8","KCNJ9"
"GNG8","MAPK1"
"GNG8","MAPK3"
"CREB3","UCP1"
"CREB3","ZNF516"
"FRS2","GRB2"
"CNR1","ADCY1"
"CNR1","ADCY2"
"CNR1","ADCY3"
"CNR1","ADCY5"
"CNR1","ADCY6"
"CNR1","ADCY7"
"CNR1","ADCY8"
"CNR1","ADCY9"
"CNR1","ADCY4"
"CNR1","ADCY10"
"CREB1","UCP1"
"CREB1","ZNF516"
"ATF2","PPARGC1A"
"ATF2","FGF21"
"ATF2","UCP1"
"ATF2","ZNF516"
"MAPK14","PPARGC1A"
"MAPK14","ATF2"
"CREB3L4","UCP1"
"CREB3L4","ZNF516"
"FGFR1","FRS2"
"GCG","PRKAG2"
"GCG","PRKAG3"
"GCG","PRKAA1"
"GCG","PRKAA2"
"GCG","PRKAB1"
"GCG","PRKAB2"
"GCG","PRKAG1"
"HRAS","RPS6KA6"
"HRAS","RPS6KA1"
"HRAS","RPS6KA2"
"HRAS","RPS6KA3"
"BMP8A","PRKAG2"
"BMP8A","PRKAG3"
"BMP8A","PRKAA1"
"BMP8A","PRKAA2"
"BMP8A","PRKAB1"
"BMP8A","PRKAB2"
"BMP8A","PRKAG1"
"KRAS","RPS6KA6"
"KRAS","RPS6KA1"
"KRAS","RPS6KA2"
"KRAS","RPS6KA3"
"MAP3K5","MAP2K3"
"NRAS","RPS6KA6"
"NRAS","RPS6KA1"
"NRAS","RPS6KA2"
"NRAS","RPS6KA3"
"KDM3B","UCP1"
"PRKACA","MAP3K5"
"PRKACA","KDM3B"
"PRKACA","PLIN1"
"PRKACA","KDM3A"
"PRKACB","MAP3K5"
"PRKACB","KDM3B"
"PRKACB","PLIN1"
"PRKACB","KDM3A"
"PRKACG","MAP3K5"
"PRKACG","KDM3B"
"PRKACG","PLIN1"
"PRKACG","KDM3A"
"KDM3A","UCP1"
"PRKG1","LIPE"
"PRKG1","PLIN1"
"PRKG2","LIPE"
"PRKG2","PLIN1"
"MAPK11","PPARGC1A"
"MAPK11","ATF2"
"MAPK13","PPARGC1A"
"MAPK13","ATF2"
"RPS6","FGF21"
"RPS6","UCP1"
"MAPK12","PPARGC1A"
"MAPK12","ATF2"
"CREB3L2","UCP1"
"CREB3L2","ZNF516"
"BMP8B","PRKAG2"
"BMP8B","PRKAG3"
"BMP8B","PRKAA1"
"BMP8B","PRKAA2"
"BMP8B","PRKAB1"
"BMP8B","PRKAB2"
"BMP8B","PRKAG1"
"CREB3L3","UCP1"
"CREB3L3","ZNF516"
"CREB3L1","UCP1"
"CREB3L1","ZNF516"
"CREB5","UCP1"
"CREB5","ZNF516"
"CALML6","HRAS"
"CALML6","KRAS"
"CALML6","NRAS"
"CALML6","CAMK4"
"RPS6KA6","ATF4"
"CALML5","HRAS"
"CALML5","KRAS"
"CALML5","NRAS"
"CALML5","CAMK4"
"PPP1CA","CAMK2A"
"PPP1CA","CAMK2B"
"PPP1CA","CAMK2D"
"PPP1CA","CAMK2G"
"PPP1CB","CAMK2A"
"PPP1CB","CAMK2B"
"PPP1CB","CAMK2D"
"PPP1CB","CAMK2G"
"PPP1CC","CAMK2A"
"PPP1CC","CAMK2B"
"PPP1CC","CAMK2D"
"PPP1CC","CAMK2G"
"PPP3CA","PPP1R1A"
"PPP3CB","PPP1R1A"
"PPP3CC","PPP1R1A"
"PPP3R1","PPP1R1A"
"PPP3R2","PPP1R1A"
"PRKACA","MAPK1"
"PRKACA","MAPK3"
"PRKACA","RAP1A"
"PRKACA","RAP1B"
"PRKACB","MAPK1"
"PRKACB","MAPK3"
"PRKACB","RAP1A"
"PRKACB","RAP1B"
"PRKACG","MAPK1"
"PRKACG","MAPK3"
"PRKACG","RAP1A"
"PRKACG","RAP1B"
"RAP1A","ARAF"
"RAP1B","ARAF"
"RPS6KA1","ATF4"
"RPS6KA2","ATF4"
"RPS6KA3","ATF4"
"CALM1","HRAS"
"CALM1","KRAS"
"CALM1","NRAS"
"CALM1","CAMK4"
"CALM2","HRAS"
"CALM2","KRAS"
"CALM2","NRAS"
"CALM2","CAMK4"
"CALM3","HRAS"
"CALM3","KRAS"
"CALM3","NRAS"
"CALM3","CAMK4"
"CALML3","HRAS"
"CALML3","KRAS"
"CALML3","NRAS"
"CALML3","CAMK4"
"CAMK4","CREBBP"
"CAMK4","EP300"
"CAMK2A","GRIA1"
"CAMK2A","GRIA2"
"CAMK2A","GRM1"
"CAMK2A","GRM5"
"CAMK2B","GRIA1"
"CAMK2B","GRIA2"
"CAMK2B","GRM1"
"CAMK2B","GRM5"
"CAMK2D","GRIA1"
"CAMK2D","GRIA2"
"CAMK2D","GRM1"
"CAMK2D","GRM5"
"CAMK2G","GRIA1"
"CAMK2G","GRIA2"
"CAMK2G","GRM1"
"CAMK2G","GRM5"
"CALML4","HRAS"
"CALML4","KRAS"
"CALML4","NRAS"
"CALML4","CAMK4"
"AKT3","NFKBIA"
"AKT3","NFKBIB"
"AKT3","NFKBIE"
"IRAK3","IKBKB"
"AKT1","NFKBIA"
"AKT1","NFKBIB"
"AKT1","NFKBIE"
"AKT2","NFKBIA"
"AKT2","NFKBIB"
"AKT2","NFKBIE"
"RPS6KA6","HRAS"
"RPS6KA6","KRAS"
"RPS6KA6","NRAS"
"HRAS","MAPK14"
"HRAS","MAP3K3"
"HRAS","MAPK11"
"HRAS","MAPK13"
"HRAS","MAPK12"
"IRAK1","IKBKB"
"IRAK2","IKBKB"
"KRAS","MAPK14"
"KRAS","MAP3K3"
"KRAS","MAPK11"
"KRAS","MAPK13"
"KRAS","MAPK12"
"ARHGDIA","RHOA"
"ARHGDIB","RHOA"
"ARHGDIG","RHOA"
"MAP3K1","MAP2K7"
"MAP3K3","MAP2K5"
"NGFR","BEX3"
"NGFR","RHOA"
"NGFR","PIK3CA"
"NGFR","PIK3CB"
"NGFR","PIK3CD"
"NGFR","PIK3R1"
"NGFR","PIK3R2"
"NGFR","RAC1"
"NGFR","PIK3R3"
"NGFR","CDC42"
"NRAS","MAPK14"
"NRAS","MAP3K3"
"NRAS","MAPK11"
"NRAS","MAPK13"
"NRAS","MAPK12"
"NTF3","NTRK3"
"NTRK1","SH2B3"
"NTRK1","SH2B2"
"NTRK1","FRS2"
"NTRK1","SH2B1"
"NTRK1","KIDINS220"
"NTRK2","SH2B3"
"NTRK2","SH2B2"
"NTRK2","SH2B1"
"NTRK3","SH2B3"
"NTRK3","SH2B2"
"NTRK3","SHC2"
"NTRK3","SH2B1"
"NTRK3","IRS1"
"NTRK3","SHC4"
"NTRK3","SHC3"
"NTRK3","SHC1"
"IRAK4","IKBKB"
"PLCG1","CALML6"
"PLCG1","CALML5"
"PLCG1","CALM1"
"PLCG1","CALM2"
"PLCG1","CALM3"
"PLCG1","CALML3"
"PLCG1","CALML4"
"PLCG2","CALML6"
"PLCG2","CALML5"
"PLCG2","CALM1"
"PLCG2","CALM2"
"PLCG2","CALM3"
"PLCG2","CALML3"
"PLCG2","CALML4"
"PRKCD","MAP2K1"
"PRKCD","MAP2K2"
"MAPK1","HRAS"
"MAPK1","KRAS"
"MAPK1","NRAS"
"MAPK3","HRAS"
"MAPK3","KRAS"
"MAPK3","NRAS"
"MAPK7","RPS6KA6"
"MAPK7","RPS6KA1"
"MAPK7","RPS6KA2"
"MAPK7","RPS6KA3"
"MAPK8","TP53"
"MAPK9","TP53"
"MAPK10","TP53"
"RAC1","MAP3K5"
"RPS6KA1","HRAS"
"RPS6KA1","KRAS"
"RPS6KA1","NRAS"
"RPS6KA2","HRAS"
"RPS6KA2","KRAS"
"RPS6KA2","NRAS"
"RPS6KA3","HRAS"
"RPS6KA3","KRAS"
"RPS6KA3","NRAS"
"TP73","TP53"
"TRAF6","IKBKB"
"CAMK4","ATF4"
"CAMK2A","ATF4"
"CAMK2B","ATF4"
"CAMK2D","ATF4"
"CAMK2G","ATF4"
"MAPKAPK2","ATF4"
"CDC42","MAP3K5"
"GNB5","MAPK14"
"GNB5","MAPK8"
"GNB5","MAPK11"
"GNB5","MAPK9"
"GNB5","MAPK10"
"GNB5","MAPK13"
"GNB5","MAPK12"
"GNB5","CACNA1A"
"GNB5","CACNA1B"
"CNR1","GNB5"
"CNR1","GNB1"
"CNR1","GNB2"
"CNR1","GNB3"
"CNR1","GNG3"
"CNR1","GNG4"
"CNR1","GNG5"
"CNR1","GNG7"
"CNR1","GNG10"
"CNR1","GNG11"
"CNR1","GNGT1"
"CNR1","GNGT2"
"CNR1","GNG13"
"CNR1","GNG2"
"CNR1","GNG12"
"CNR1","GNB4"
"CNR1","GNG8"
"GNAI1","MAPK14"
"GNAI1","MAPK8"
"GNAI1","MAPK11"
"GNAI1","MAPK9"
"GNAI1","MAPK10"
"GNAI1","MAPK13"
"GNAI1","MAPK12"
"GNAI1","CACNA1A"
"GNAI1","CACNA1B"
"GNAI2","MAPK14"
"GNAI2","MAPK8"
"GNAI2","MAPK11"
"GNAI2","MAPK9"
"GNAI2","MAPK10"
"GNAI2","MAPK13"
"GNAI2","MAPK12"
"GNAI2","CACNA1A"
"GNAI2","CACNA1B"
"GNAI3","MAPK14"
"GNAI3","MAPK8"
"GNAI3","MAPK11"
"GNAI3","MAPK9"
"GNAI3","MAPK10"
"GNAI3","MAPK13"
"GNAI3","MAPK12"
"GNAI3","CACNA1A"
"GNAI3","CACNA1B"
"GNAO1","ADCY1"
"GNAO1","ADCY2"
"GNAO1","ADCY3"
"GNAO1","ADCY5"
"GNAO1","ADCY6"
"GNAO1","ADCY7"
"GNAO1","ADCY8"
"GNAO1","ADCY9"
"GNAO1","MAPK14"
"GNAO1","ADCY4"
"GNAO1","KCNJ3"
"GNAO1","KCNJ5"
"GNAO1","KCNJ6"
"GNAO1","KCNJ9"
"GNAO1","MAPK8"
"GNAO1","MAPK11"
"GNAO1","MAPK9"
"GNAO1","MAPK10"
"GNAO1","MAPK13"
"GNAO1","MAPK12"
"GNAO1","CACNA1A"
"GNAO1","CACNA1B"
"GNB1","MAPK14"
"GNB1","MAPK8"
"GNB1","MAPK11"
"GNB1","MAPK9"
"GNB1","MAPK10"
"GNB1","MAPK13"
"GNB1","MAPK12"
"GNB1","CACNA1A"
"GNB1","CACNA1B"
"GNB2","MAPK14"
"GNB2","MAPK8"
"GNB2","MAPK11"
"GNB2","MAPK9"
"GNB2","MAPK10"
"GNB2","MAPK13"
"GNB2","MAPK12"
"GNB2","CACNA1A"
"GNB2","CACNA1B"
"GNB3","MAPK14"
"GNB3","MAPK8"
"GNB3","MAPK11"
"GNB3","MAPK9"
"GNB3","MAPK10"
"GNB3","MAPK13"
"GNB3","MAPK12"
"GNB3","CACNA1A"
"GNB3","CACNA1B"
"GNG3","MAPK14"
"GNG3","MAPK8"
"GNG3","MAPK11"
"GNG3","MAPK9"
"GNG3","MAPK10"
"GNG3","MAPK13"
"GNG3","MAPK12"
"GNG3","CACNA1A"
"GNG3","CACNA1B"
"GNG4","MAPK14"
"GNG4","MAPK8"
"GNG4","MAPK11"
"GNG4","MAPK9"
"GNG4","MAPK10"
"GNG4","MAPK13"
"GNG4","MAPK12"
"GNG4","CACNA1A"
"GNG4","CACNA1B"
"GNG5","MAPK14"
"GNG5","MAPK8"
"GNG5","MAPK11"
"GNG5","MAPK9"
"GNG5","MAPK10"
"GNG5","MAPK13"
"GNG5","MAPK12"
"GNG5","CACNA1A"
"GNG5","CACNA1B"
"GNG7","MAPK14"
"GNG7","MAPK8"
"GNG7","MAPK11"
"GNG7","MAPK9"
"GNG7","MAPK10"
"GNG7","MAPK13"
"GNG7","MAPK12"
"GNG7","CACNA1A"
"GNG7","CACNA1B"
"GNG10","MAPK14"
"GNG10","MAPK8"
"GNG10","MAPK11"
"GNG10","MAPK9"
"GNG10","MAPK10"
"GNG10","MAPK13"
"GNG10","MAPK12"
"GNG10","CACNA1A"
"GNG10","CACNA1B"
"GNG11","MAPK14"
"GNG11","MAPK8"
"GNG11","MAPK11"
"GNG11","MAPK9"
"GNG11","MAPK10"
"GNG11","MAPK13"
"GNG11","MAPK12"
"GNG11","CACNA1A"
"GNG11","CACNA1B"
"GNGT1","MAPK14"
"GNGT1","MAPK8"
"GNGT1","MAPK11"
"GNGT1","MAPK9"
"GNGT1","MAPK10"
"GNGT1","MAPK13"
"GNGT1","MAPK12"
"GNGT1","CACNA1A"
"GNGT1","CACNA1B"
"GNGT2","MAPK14"
"GNGT2","MAPK8"
"GNGT2","MAPK11"
"GNGT2","MAPK9"
"GNGT2","MAPK10"
"GNGT2","MAPK13"
"GNGT2","MAPK12"
"GNGT2","CACNA1A"
"GNGT2","CACNA1B"
"GNG13","MAPK14"
"GNG13","MAPK8"
"GNG13","MAPK11"
"GNG13","MAPK9"
"GNG13","MAPK10"
"GNG13","MAPK13"
"GNG13","MAPK12"
"GNG13","CACNA1A"
"GNG13","CACNA1B"
"GNG2","MAPK14"
"GNG2","MAPK8"
"GNG2","MAPK11"
"GNG2","MAPK9"
"GNG2","MAPK10"
"GNG2","MAPK13"
"GNG2","MAPK12"
"GNG2","CACNA1A"
"GNG2","CACNA1B"
"PRKACA","NDUFC2-KCTD14"
"PRKACA","NDUFA11"
"PRKACA","NDUFS7"
"PRKACA","ND1"
"PRKACA","ND2"
"PRKACA","ND3"
"PRKACA","ND4"
"PRKACA","ND4L"
"PRKACA","ND5"
"PRKACA","ND6"
"PRKACA","NDUFA1"
"PRKACA","NDUFA2"
"PRKACA","NDUFA3"
"PRKACA","NDUFA4"
"PRKACA","NDUFA5"
"PRKACA","NDUFA6"
"PRKACA","NDUFA7"
"PRKACA","NDUFA8"
"PRKACA","NDUFA9"
"PRKACA","NDUFA10"
"PRKACA","NDUFAB1"
"PRKACA","NDUFB1"
"PRKACA","NDUFB2"
"PRKACA","NDUFB3"
"PRKACA","NDUFB4"
"PRKACA","NDUFB5"
"PRKACA","NDUFB6"
"PRKACA","NDUFB7"
"PRKACA","NDUFB8"
"PRKACA","NDUFB9"
"PRKACA","NDUFB10"
"PRKACA","NDUFC1"
"PRKACA","NDUFC2"
"PRKACA","NDUFS1"
"PRKACA","NDUFS2"
"PRKACA","NDUFS3"
"PRKACA","NDUFV1"
"PRKACA","NDUFS4"
"PRKACA","NDUFS5"
"PRKACA","NDUFS6"
"PRKACA","NDUFS8"
"PRKACA","NDUFV2"
"PRKACA","NDUFV3"
"PRKACA","NDUFA13"
"PRKACA","NDUFB11"
"PRKACA","NDUFA12"
"PRKACA","NDUFA4L2"
"PRKACB","NDUFC2-KCTD14"
"PRKACB","NDUFA11"
"PRKACB","NDUFS7"
"PRKACB","ND1"
"PRKACB","ND2"
"PRKACB","ND3"
"PRKACB","ND4"
"PRKACB","ND4L"
"PRKACB","ND5"
"PRKACB","ND6"
"PRKACB","NDUFA1"
"PRKACB","NDUFA2"
"PRKACB","NDUFA3"
"PRKACB","NDUFA4"
"PRKACB","NDUFA5"
"PRKACB","NDUFA6"
"PRKACB","NDUFA7"
"PRKACB","NDUFA8"
"PRKACB","NDUFA9"
"PRKACB","NDUFA10"
"PRKACB","NDUFAB1"
"PRKACB","NDUFB1"
"PRKACB","NDUFB2"
"PRKACB","NDUFB3"
"PRKACB","NDUFB4"
"PRKACB","NDUFB5"
"PRKACB","NDUFB6"
"PRKACB","NDUFB7"
"PRKACB","NDUFB8"
"PRKACB","NDUFB9"
"PRKACB","NDUFB10"
"PRKACB","NDUFC1"
"PRKACB","NDUFC2"
"PRKACB","NDUFS1"
"PRKACB","NDUFS2"
"PRKACB","NDUFS3"
"PRKACB","NDUFV1"
"PRKACB","NDUFS4"
"PRKACB","NDUFS5"
"PRKACB","NDUFS6"
"PRKACB","NDUFS8"
"PRKACB","NDUFV2"
"PRKACB","NDUFV3"
"PRKACB","NDUFA13"
"PRKACB","NDUFB11"
"PRKACB","NDUFA12"
"PRKACB","NDUFA4L2"
"PRKACG","NDUFC2-KCTD14"
"PRKACG","NDUFA11"
"PRKACG","NDUFS7"
"PRKACG","ND1"
"PRKACG","ND2"
"PRKACG","ND3"
"PRKACG","ND4"
"PRKACG","ND4L"
"PRKACG","ND5"
"PRKACG","ND6"
"PRKACG","NDUFA1"
"PRKACG","NDUFA2"
"PRKACG","NDUFA3"
"PRKACG","NDUFA4"
"PRKACG","NDUFA5"
"PRKACG","NDUFA6"
"PRKACG","NDUFA7"
"PRKACG","NDUFA8"
"PRKACG","NDUFA9"
"PRKACG","NDUFA10"
"PRKACG","NDUFAB1"
"PRKACG","NDUFB1"
"PRKACG","NDUFB2"
"PRKACG","NDUFB3"
"PRKACG","NDUFB4"
"PRKACG","NDUFB5"
"PRKACG","NDUFB6"
"PRKACG","NDUFB7"
"PRKACG","NDUFB8"
"PRKACG","NDUFB9"
"PRKACG","NDUFB10"
"PRKACG","NDUFC1"
"PRKACG","NDUFC2"
"PRKACG","NDUFS1"
"PRKACG","NDUFS2"
"PRKACG","NDUFS3"
"PRKACG","NDUFV1"
"PRKACG","NDUFS4"
"PRKACG","NDUFS5"
"PRKACG","NDUFS6"
"PRKACG","NDUFS8"
"PRKACG","NDUFV2"
"PRKACG","NDUFV3"
"PRKACG","NDUFA13"
"PRKACG","NDUFB11"
"PRKACG","NDUFA12"
"PRKACG","NDUFA4L2"
"GNG12","MAPK14"
"GNG12","MAPK8"
"GNG12","MAPK11"
"GNG12","MAPK9"
"GNG12","MAPK10"
"GNG12","MAPK13"
"GNG12","MAPK12"
"GNG12","CACNA1A"
"GNG12","CACNA1B"
"GNB4","MAPK14"
"GNB4","MAPK8"
"GNB4","MAPK11"
"GNB4","MAPK9"
"GNB4","MAPK10"
"GNB4","MAPK13"
"GNB4","MAPK12"
"GNB4","CACNA1A"
"GNB4","CACNA1B"
"GNG8","MAPK14"
"GNG8","MAPK8"
"GNG8","MAPK11"
"GNG8","MAPK9"
"GNG8","MAPK10"
"GNG8","MAPK13"
"GNG8","MAPK12"
"GNG8","CACNA1A"
"GNG8","CACNA1B"
"GRM1","GRIN3A"
"GRM1","GRIN3B"
"GRM1","GRIN1"
"GRM1","GRIN2A"
"GRM1","GRIN2B"
"GRM1","GRIN2C"
"GRM1","GRIN2D"
"GRM1","TRPC1"
"GRM2","GNB5"
"GRM2","GRK2"
"GRM2","GRK3"
"GRM2","GNAI1"
"GRM2","GNAI2"
"GRM2","GNAI3"
"GRM2","GNAO1"
"GRM2","GNB1"
"GRM2","GNB2"
"GRM2","GNB3"
"GRM2","GNG3"
"GRM2","GNG4"
"GRM2","GNG5"
"GRM2","GNG7"
"GRM2","GNG10"
"GRM2","GNG11"
"GRM2","GNGT1"
"GRM2","GNGT2"
"GRM2","GNG13"
"GRM2","GNG2"
"GRM2","GNG12"
"GRM2","GNB4"
"GRM2","GNG8"
"GRM3","GNB5"
"GRM3","GRK2"
"GRM3","GRK3"
"GRM3","GNAI1"
"GRM3","GNAI2"
"GRM3","GNAI3"
"GRM3","GNAO1"
"GRM3","GNB1"
"GRM3","GNB2"
"GRM3","GNB3"
"GRM3","GNG3"
"GRM3","GNG4"
"GRM3","GNG5"
"GRM3","GNG7"
"GRM3","GNG10"
"GRM3","GNG11"
"GRM3","GNGT1"
"GRM3","GNGT2"
"GRM3","GNG13"
"GRM3","GNG2"
"GRM3","GNG12"
"GRM3","GNB4"
"GRM3","GNG8"
"GRM4","GNB5"
"GRM4","GNAI1"
"GRM4","GNAI2"
"GRM4","GNAI3"
"GRM4","GNAO1"
"GRM4","GNB1"
"GRM4","GNB2"
"GRM4","GNB3"
"GRM4","GNG3"
"GRM4","GNG4"
"GRM4","GNG5"
"GRM4","GNG7"
"GRM4","GNG10"
"GRM4","GNG11"
"GRM4","GNGT1"
"GRM4","GNGT2"
"GRM4","GNG13"
"GRM4","GNG2"
"GRM4","GNG12"
"GRM4","GNB4"
"GRM4","GNG8"
"GRM5","GRIN3A"
"GRM5","GRIN3B"
"GRM5","GRIN1"
"GRM5","GRIN2A"
"GRM5","GRIN2B"
"GRM5","GRIN2C"
"GRM5","GRIN2D"
"GRM5","TRPC1"
"GRM6","GNAI1"
"GRM6","GNAI2"
"GRM6","GNAI3"
"GRM6","GNAO1"
"GRM7","GNB5"
"GRM7","GNAI1"
"GRM7","GNAI2"
"GRM7","GNAI3"
"GRM7","GNAO1"
"GRM7","GNB1"
"GRM7","GNB2"
"GRM7","GNB3"
"GRM7","GNG3"
"GRM7","GNG4"
"GRM7","GNG5"
"GRM7","GNG7"
"GRM7","GNG10"
"GRM7","GNG11"
"GRM7","GNGT1"
"GRM7","GNGT2"
"GRM7","GNG13"
"GRM7","GNG2"
"GRM7","GNG12"
"GRM7","GNB4"
"GRM7","GNG8"
"GRM8","GNB5"
"GRM8","GNAI1"
"GRM8","GNAI2"
"GRM8","GNAI3"
"GRM8","GNAO1"
"GRM8","GNB1"
"GRM8","GNB2"
"GRM8","GNB3"
"GRM8","GNG3"
"GRM8","GNG4"
"GRM8","GNG5"
"GRM8","GNG7"
"GRM8","GNG10"
"GRM8","GNG11"
"GRM8","GNGT1"
"GRM8","GNGT2"
"GRM8","GNG13"
"GRM8","GNG2"
"GRM8","GNG12"
"GRM8","GNB4"
"GRM8","GNG8"
"KCNJ3","CACNA1A"
"PPP3CA","GRM1"
"PPP3CA","GRM5"
"PPP3CB","GRM1"
"PPP3CB","GRM5"
"PPP3CC","GRM1"
"PPP3CC","GRM5"
"PPP3R1","GRM1"
"PPP3R1","GRM5"
"PPP3R2","GRM1"
"PPP3R2","GRM5"
"PRKCA","PLA2G4B"
"PRKCA","PLA2G4E"
"PRKCA","PLA2G4F"
"PRKCA","PLA2G4D"
"PRKCA","PLA2G4A"
"PRKCA","PLA2G4C"
"PRKCA","JMJD7-PLA2G4B"
"PRKCB","PLA2G4B"
"PRKCB","PLA2G4E"
"PRKCB","PLA2G4F"
"PRKCB","PLA2G4D"
"PRKCB","PLA2G4A"
"PRKCB","PLD1"
"PRKCB","PLD2"
"PRKCB","MAPK1"
"PRKCB","MAPK3"
"PRKCB","PLA2G4C"
"PRKCB","JMJD7-PLA2G4B"
"PRKCG","PLA2G4B"
"PRKCG","PLA2G4E"
"PRKCG","PLA2G4F"
"PRKCG","PLA2G4D"
"PRKCG","PLA2G4A"
"PRKCG","PLD1"
"PRKCG","PLD2"
"PRKCG","MAPK1"
"PRKCG","MAPK3"
"PRKCG","PLA2G4C"
"PRKCG","JMJD7-PLA2G4B"
"CHRM2","GNB5"
"CHRM2","GNAO1"
"CHRM2","GNB1"
"CHRM2","GNB2"
"CHRM2","GNB3"
"CHRM2","GNG3"
"CHRM2","GNG4"
"CHRM2","GNG5"
"CHRM2","GNG7"
"CHRM2","GNG10"
"CHRM2","GNG11"
"CHRM2","GNGT1"
"CHRM2","GNGT2"
"CHRM2","GNG13"
"CHRM2","GNG2"
"CHRM2","GNG12"
"CHRM2","GNB4"
"CHRM2","GNG8"
"CHRM4","GNB5"
"CHRM4","GNAI1"
"CHRM4","GNAI2"
"CHRM4","GNAI3"
"CHRM4","GNAO1"
"CHRM4","GNB1"
"CHRM4","GNB2"
"CHRM4","GNB3"
"CHRM4","GNG3"
"CHRM4","GNG4"
"CHRM4","GNG5"
"CHRM4","GNG7"
"CHRM4","GNG10"
"CHRM4","GNG11"
"CHRM4","GNGT1"
"CHRM4","GNGT2"
"CHRM4","GNG13"
"CHRM4","GNG2"
"CHRM4","GNG12"
"CHRM4","GNB4"
"CHRM4","GNG8"
"CHRM5","GNA11"
"CHRM5","GNAQ"
"CHRNA3","JAK2"
"CHRNA4","JAK2"
"CHRNA7","JAK2"
"CHRNB2","JAK2"
"CHRNB4","JAK2"
"PIK3R6","HRAS"
"PIK3R6","KRAS"
"PIK3R6","NRAS"
"PIK3R5","HRAS"
"PIK3R5","KRAS"
"PIK3R5","NRAS"
"GNAO1","PIK3R6"
"GNAO1","PIK3R5"
"GNAO1","PIK3CG"
"HRAS","MAP2K1"
"KRAS","MAP2K1"
"NRAS","MAP2K1"
"PIK3CG","HRAS"
"PIK3CG","KRAS"
"PIK3CG","NRAS"
"PRKACA","ADCY1"
"PRKACA","ADCY2"
"PRKACA","ADCY3"
"PRKACA","ADCY5"
"PRKACA","ADCY6"
"PRKACA","ADCY7"
"PRKACA","ADCY8"
"PRKACA","ADCY9"
"PRKACA","ADCY4"
"PRKACB","ADCY1"
"PRKACB","ADCY2"
"PRKACB","ADCY3"
"PRKACB","ADCY5"
"PRKACB","ADCY6"
"PRKACB","ADCY7"
"PRKACB","ADCY8"
"PRKACB","ADCY9"
"PRKACB","ADCY4"
"PRKACG","ADCY1"
"PRKACG","ADCY2"
"PRKACG","ADCY3"
"PRKACG","ADCY5"
"PRKACG","ADCY6"
"PRKACG","ADCY7"
"PRKACG","ADCY8"
"PRKACG","ADCY9"
"PRKACG","ADCY4"
"MAPK1","ATF4"
"MAPK3","ATF4"
"CAMK4","MAPK1"
"CAMK4","MAPK3"
"CHRNA6","JAK2"
"GNAO1","PLCB1"
"GNAO1","PLCB2"
"GNAO1","PLCB3"
"GNAO1","PLCB4"
"HTR1A","GNB5"
"HTR1A","GNAO1"
"HTR1A","GNB1"
"HTR1A","GNB2"
"HTR1A","GNB3"
"HTR1A","GNG3"
"HTR1A","GNG4"
"HTR1A","GNG5"
"HTR1A","GNG7"
"HTR1A","GNG10"
"HTR1A","GNG11"
"HTR1A","GNGT1"
"HTR1A","GNGT2"
"HTR1A","GNG13"
"HTR1A","GNG2"
"HTR1A","GNG12"
"HTR1A","GNB4"
"HTR1A","GNG8"
"HTR1B","GNB5"
"HTR1B","GNAO1"
"HTR1B","GNB1"
"HTR1B","GNB2"
"HTR1B","GNB3"
"HTR1B","GNG3"
"HTR1B","GNG4"
"HTR1B","GNG5"
"HTR1B","GNG7"
"HTR1B","GNG10"
"HTR1B","GNG11"
"HTR1B","GNGT1"
"HTR1B","GNGT2"
"HTR1B","GNG13"
"HTR1B","GNG2"
"HTR1B","GNG12"
"HTR1B","GNB4"
"HTR1B","GNG8"
"HTR1D","GNB5"
"HTR1D","GNAO1"
"HTR1D","GNB1"
"HTR1D","GNB2"
"HTR1D","GNB3"
"HTR1D","GNG3"
"HTR1D","GNG4"
"HTR1D","GNG5"
"HTR1D","GNG7"
"HTR1D","GNG10"
"HTR1D","GNG11"
"HTR1D","GNGT1"
"HTR1D","GNGT2"
"HTR1D","GNG13"
"HTR1D","GNG2"
"HTR1D","GNG12"
"HTR1D","GNB4"
"HTR1D","GNG8"
"HTR1E","GNB5"
"HTR1E","GNAO1"
"HTR1E","GNB1"
"HTR1E","GNB2"
"HTR1E","GNB3"
"HTR1E","GNG3"
"HTR1E","GNG4"
"HTR1E","GNG5"
"HTR1E","GNG7"
"HTR1E","GNG10"
"HTR1E","GNG11"
"HTR1E","GNGT1"
"HTR1E","GNGT2"
"HTR1E","GNG13"
"HTR1E","GNG2"
"HTR1E","GNG12"
"HTR1E","GNB4"
"HTR1E","GNG8"
"HTR1F","GNB5"
"HTR1F","GNAO1"
"HTR1F","GNB1"
"HTR1F","GNB2"
"HTR1F","GNB3"
"HTR1F","GNG3"
"HTR1F","GNG4"
"HTR1F","GNG5"
"HTR1F","GNG7"
"HTR1F","GNG10"
"HTR1F","GNG11"
"HTR1F","GNGT1"
"HTR1F","GNGT2"
"HTR1F","GNG13"
"HTR1F","GNG2"
"HTR1F","GNG12"
"HTR1F","GNB4"
"HTR1F","GNG8"
"HTR2A","CACNA1C"
"HTR2A","CACNA1D"
"HTR2A","CACNA1F"
"HTR2A","CACNA1S"
"HTR2B","CACNA1C"
"HTR2B","CACNA1D"
"HTR2B","CACNA1F"
"HTR2B","CACNA1S"
"HTR2C","CACNA1C"
"HTR2C","CACNA1D"
"HTR2C","CACNA1F"
"HTR2C","CACNA1S"
"HTR5A","GNB5"
"HTR5A","GNAI1"
"HTR5A","GNAI2"
"HTR5A","GNAI3"
"HTR5A","GNAO1"
"HTR5A","GNB1"
"HTR5A","GNB2"
"HTR5A","GNB3"
"HTR5A","GNG3"
"HTR5A","GNG4"
"HTR5A","GNG5"
"HTR5A","GNG7"
"HTR5A","GNG10"
"HTR5A","GNG11"
"HTR5A","GNGT1"
"HTR5A","GNGT2"
"HTR5A","GNG13"
"HTR5A","GNG2"
"HTR5A","GNG12"
"HTR5A","GNB4"
"HTR5A","GNG8"
"PRKCA","CASP3"
"PRKCB","CASP3"
"PRKCG","CASP3"
"MAPK1","PRKCA"
"MAPK1","PRKCB"
"MAPK1","PRKCG"
"MAPK3","PRKCA"
"MAPK3","PRKCB"
"MAPK3","PRKCG"
"PTGS1","ADCY5"
"PTGS2","ADCY5"
"GNB5","CACNA1C"
"GNB5","CACNA1D"
"GNB5","CACNA1F"
"GNB5","CACNA1S"
"GABBR1","GNB5"
"GABBR1","GNAO1"
"GABBR1","GNB1"
"GABBR1","GNB2"
"GABBR1","GNB3"
"GABBR1","GNG3"
"GABBR1","GNG4"
"GABBR1","GNG5"
"GABBR1","GNG7"
"GABBR1","GNG10"
"GABBR1","GNG11"
"GABBR1","GNGT1"
"GABBR1","GNGT2"
"GABBR1","GNG13"
"GABBR1","GNG2"
"GABBR1","GNG12"
"GABBR1","GNB4"
"GABBR1","GNG8"
"GNAI1","CACNA1C"
"GNAI1","CACNA1D"
"GNAI1","CACNA1F"
"GNAI1","CACNA1S"
"GNAI2","CACNA1C"
"GNAI2","CACNA1D"
"GNAI2","CACNA1F"
"GNAI2","CACNA1S"
"GNAI3","CACNA1C"
"GNAI3","CACNA1D"
"GNAI3","CACNA1F"
"GNAI3","CACNA1S"
"GNAO1","CACNA1C"
"GNAO1","CACNA1D"
"GNAO1","CACNA1F"
"GNAO1","CACNA1S"
"GNB1","CACNA1C"
"GNB1","CACNA1D"
"GNB1","CACNA1F"
"GNB1","CACNA1S"
"GNB2","CACNA1C"
"GNB2","CACNA1D"
"GNB2","CACNA1F"
"GNB2","CACNA1S"
"GNB3","CACNA1C"
"GNB3","CACNA1D"
"GNB3","CACNA1F"
"GNB3","CACNA1S"
"GNG3","CACNA1C"
"GNG3","CACNA1D"
"GNG3","CACNA1F"
"GNG3","CACNA1S"
"GNG4","CACNA1C"
"GNG4","CACNA1D"
"GNG4","CACNA1F"
"GNG4","CACNA1S"
"GNG5","CACNA1C"
"GNG5","CACNA1D"
"GNG5","CACNA1F"
"GNG5","CACNA1S"
"GNG7","CACNA1C"
"GNG7","CACNA1D"
"GNG7","CACNA1F"
"GNG7","CACNA1S"
"GNG10","CACNA1C"
"GNG10","CACNA1D"
"GNG10","CACNA1F"
"GNG10","CACNA1S"
"GNG11","CACNA1C"
"GNG11","CACNA1D"
"GNG11","CACNA1F"
"GNG11","CACNA1S"
"GNGT1","CACNA1C"
"GNGT1","CACNA1D"
"GNGT1","CACNA1F"
"GNGT1","CACNA1S"
"GNGT2","CACNA1C"
"GNGT2","CACNA1D"
"GNGT2","CACNA1F"
"GNGT2","CACNA1S"
"GNG13","CACNA1C"
"GNG13","CACNA1D"
"GNG13","CACNA1F"
"GNG13","CACNA1S"
"GNG2","CACNA1C"
"GNG2","CACNA1D"
"GNG2","CACNA1F"
"GNG2","CACNA1S"
"GNG12","CACNA1C"
"GNG12","CACNA1D"
"GNG12","CACNA1F"
"GNG12","CACNA1S"
"GNB4","CACNA1C"
"GNB4","CACNA1D"
"GNB4","CACNA1F"
"GNB4","CACNA1S"
"GNG8","CACNA1C"
"GNG8","CACNA1D"
"GNG8","CACNA1F"
"GNG8","CACNA1S"
"GABBR2","GNB5"
"GABBR2","GNAO1"
"GABBR2","GNB1"
"GABBR2","GNB2"
"GABBR2","GNB3"
"GABBR2","GNG3"
"GABBR2","GNG4"
"GABBR2","GNG5"
"GABBR2","GNG7"
"GABBR2","GNG10"
"GABBR2","GNG11"
"GABBR2","GNGT1"
"GABBR2","GNGT2"
"GABBR2","GNG13"
"GABBR2","GNG2"
"GABBR2","GNG12"
"GABBR2","GNB4"
"GABBR2","GNG8"
"GNB5","SCN1A"
"DRD1","GNAQ"
"DRD2","GNB5"
"DRD2","GNB1"
"DRD2","GNB2"
"DRD2","GNB3"
"DRD2","GNG3"
"DRD2","GNG4"
"DRD2","GNG5"
"DRD2","GNG7"
"DRD2","GNG10"
"DRD2","GNG11"
"DRD2","GNGT1"
"DRD2","GNGT2"
"DRD2","PPP2R3B"
"DRD2","ARRB1"
"DRD2","ARRB2"
"DRD2","GNG13"
"DRD2","GNG2"
"DRD2","PPP2R3C"
"DRD2","PPP2CA"
"DRD2","PPP2CB"
"DRD2","PPP2R1A"
"DRD2","PPP2R1B"
"DRD2","PPP2R2A"
"DRD2","PPP2R2B"
"DRD2","PPP2R2C"
"DRD2","PPP2R3A"
"DRD2","PPP2R5A"
"DRD2","PPP2R5B"
"DRD2","PPP2R5C"
"DRD2","PPP2R5D"
"DRD2","PPP2R5E"
"DRD2","PPP2R2D"
"DRD2","GNG12"
"DRD2","GNB4"
"DRD2","SLC6A3"
"DRD2","TH"
"DRD2","GNG8"
"DRD3","GNB5"
"DRD3","GNAI1"
"DRD3","GNAI2"
"DRD3","GNAI3"
"DRD3","GNAO1"
"DRD3","GNB1"
"DRD3","GNB2"
"DRD3","GNB3"
"DRD3","GNG3"
"DRD3","GNG4"
"DRD3","GNG5"
"DRD3","GNG7"
"DRD3","GNG10"
"DRD3","GNG11"
"DRD3","GNGT1"
"DRD3","GNGT2"
"DRD3","GNG13"
"DRD3","GNG2"
"DRD3","GNG12"
"DRD3","GNB4"
"DRD3","GNG8"
"DRD4","GNB5"
"DRD4","GNAI1"
"DRD4","GNAI2"
"DRD4","GNAI3"
"DRD4","GNAO1"
"DRD4","GNB1"
"DRD4","GNB2"
"DRD4","GNB3"
"DRD4","GNG3"
"DRD4","GNG4"
"DRD4","GNG5"
"DRD4","GNG7"
"DRD4","GNG10"
"DRD4","GNG11"
"DRD4","GNGT1"
"DRD4","GNGT2"
"DRD4","GNG13"
"DRD4","GNG2"
"DRD4","GNG12"
"DRD4","GNB4"
"DRD4","GNG8"
"DRD5","GNAQ"
"GNAI1","SCN1A"
"GNAI2","SCN1A"
"GNAI3","SCN1A"
"GNAL","ADCY5"
"GNAO1","SCN1A"
"GNB1","SCN1A"
"GNB2","SCN1A"
"GNB3","SCN1A"
"GNG3","SCN1A"
"GNG4","SCN1A"
"GNG5","SCN1A"
"GNG7","SCN1A"
"GNG10","SCN1A"
"GNG11","SCN1A"
"GNGT1","SCN1A"
"GNGT2","SCN1A"
"GSK3A","GRIA1"
"GSK3A","GRIA2"
"GSK3A","GRIA3"
"GSK3A","GRIA4"
"GSK3A","GRIN2A"
"GSK3A","GRIN2B"
"GSK3A","KIF5A"
"GSK3A","KIF5B"
"GSK3A","KIF5C"
"GSK3A","BMAL1"
"GSK3A","CLOCK"
"GSK3B","GRIA1"
"GSK3B","GRIA2"
"GSK3B","GRIA3"
"GSK3B","GRIA4"
"GSK3B","GRIN2A"
"GSK3B","GRIN2B"
"GSK3B","KIF5A"
"GSK3B","KIF5B"
"GSK3B","KIF5C"
"GSK3B","BMAL1"
"GSK3B","CLOCK"
"GNG13","SCN1A"
"GNG2","SCN1A"
"PPP1CA","GRIA1"
"PPP1CA","GRIA2"
"PPP1CA","GRIA3"
"PPP1CA","GRIA4"
"PPP1CA","GRIN2A"
"PPP1CA","GRIN2B"
"PPP1CB","GRIA1"
"PPP1CB","GRIA2"
"PPP1CB","GRIA3"
"PPP1CB","GRIA4"
"PPP1CB","GRIN2A"
"PPP1CB","GRIN2B"
"PPP1CC","GRIA1"
"PPP1CC","GRIA2"
"PPP1CC","GRIA3"
"PPP1CC","GRIA4"
"PPP1CC","GRIN2A"
"PPP1CC","GRIN2B"
"PPP3CA","CACNA1C"
"PPP3CA","CACNA1D"
"PPP3CA","PPP1R1B"
"PPP3CB","CACNA1C"
"PPP3CB","CACNA1D"
"PPP3CB","PPP1R1B"
"PPP3CC","CACNA1C"
"PPP3CC","CACNA1D"
"PPP3CC","PPP1R1B"
"PRKACA","MAPK14"
"PRKACA","MAPK8"
"PRKACA","MAPK11"
"PRKACA","MAPK9"
"PRKACA","MAPK10"
"PRKACA","MAPK13"
"PRKACA","MAPK12"
"PRKACA","SCN1A"
"PRKACB","MAPK14"
"PRKACB","MAPK8"
"PRKACB","MAPK11"
"PRKACB","MAPK9"
"PRKACB","MAPK10"
"PRKACB","MAPK13"
"PRKACB","MAPK12"
"PRKACB","SCN1A"
"PRKACG","MAPK14"
"PRKACG","MAPK8"
"PRKACG","MAPK11"
"PRKACG","MAPK9"
"PRKACG","MAPK10"
"PRKACG","MAPK13"
"PRKACG","MAPK12"
"PRKACG","SCN1A"
"PRKCA","FOS"
"PRKCB","FOS"
"PRKCG","FOS"
"GNG12","SCN1A"
"GNB4","SCN1A"
"GNG8","SCN1A"
"GNA13","PLA2G4B"
"GNA13","PLA2G4E"
"GNA13","PLA2G4F"
"GNA13","PLA2G4D"
"GNA13","PLA2G4A"
"GNA13","PLA2G4C"
"GNA13","JMJD7-PLA2G4B"
"PPP1R17","PPP2CA"
"PPP1R17","PPP2CB"
"PPP1R17","PPP2R1A"
"PPP1R17","PPP2R1B"
"CRHR1","GNA13"
"CRHR1","GNA12"
"CRHR1","GNAI1"
"CRHR1","GNAI2"
"CRHR1","GNAI3"
"CRHR1","GNAO1"
"CRHR1","GNAZ"
"GNA12","PLA2G4B"
"GNA12","PLA2G4E"
"GNA12","PLA2G4F"
"GNA12","PLA2G4D"
"GNA12","PLA2G4A"
"GNA12","PLA2G4C"
"GNA12","JMJD7-PLA2G4B"
"GNAI1","PLA2G4B"
"GNAI1","PLA2G4E"
"GNAI1","PLA2G4F"
"GNAI1","PLA2G4D"
"GNAI1","PLA2G4A"
"GNAI1","PLA2G4C"
"GNAI1","JMJD7-PLA2G4B"
"GNAI2","PLA2G4B"
"GNAI2","PLA2G4E"
"GNAI2","PLA2G4F"
"GNAI2","PLA2G4D"
"GNAI2","PLA2G4A"
"GNAI2","PLA2G4C"
"GNAI2","JMJD7-PLA2G4B"
"GNAI3","PLA2G4B"
"GNAI3","PLA2G4E"
"GNAI3","PLA2G4F"
"GNAI3","PLA2G4D"
"GNAI3","PLA2G4A"
"GNAI3","PLA2G4C"
"GNAI3","JMJD7-PLA2G4B"
"GNAO1","PLA2G4B"
"GNAO1","PLA2G4E"
"GNAO1","PLA2G4F"
"GNAO1","PLA2G4D"
"GNAO1","PLA2G4A"
"GNAO1","PLA2G4C"
"GNAO1","JMJD7-PLA2G4B"
"GNAS","PLA2G4B"
"GNAS","PLA2G4E"
"GNAS","PLA2G4F"
"GNAS","PLA2G4D"
"GNAS","PLA2G4A"
"GNAS","PLA2G4C"
"GNAS","JMJD7-PLA2G4B"
"GNAZ","PLA2G4B"
"GNAZ","PLA2G4E"
"GNAZ","PLA2G4F"
"GNAZ","PLA2G4D"
"GNAZ","PLA2G4A"
"GNAZ","PLA2G4C"
"GNAZ","JMJD7-PLA2G4B"
"GRIA1","LYN"
"GRIA2","LYN"
"GRIA3","LYN"
"GRM1","GNAI1"
"GRM1","GNAI2"
"GRM1","GNAI3"
"GRM1","GNAO1"
"GRM1","GNAZ"
"IGF1R","GNA13"
"IGF1R","GNA12"
"IGF1R","GNAI1"
"IGF1R","GNAI2"
"IGF1R","GNAI3"
"IGF1R","GNAO1"
"IGF1R","GNAS"
"IGF1R","GNAZ"
"LYN","PRKCA"
"LYN","PRKCB"
"LYN","PRKCG"
"PPP2CA","PRKCA"
"PPP2CA","PRKCB"
"PPP2CA","PRKCG"
"PPP2CA","MAPK1"
"PPP2CA","MAPK3"
"PPP2CA","MAP2K1"
"PPP2CA","MAP2K2"
"PPP2CB","PRKCA"
"PPP2CB","PRKCB"
"PPP2CB","PRKCG"
"PPP2CB","MAPK1"
"PPP2CB","MAPK3"
"PPP2CB","MAP2K1"
"PPP2CB","MAP2K2"
"PPP2R1A","PRKCA"
"PPP2R1A","PRKCB"
"PPP2R1A","PRKCG"
"PPP2R1A","MAPK1"
"PPP2R1A","MAPK3"
"PPP2R1A","MAP2K1"
"PPP2R1A","MAP2K2"
"PPP2R1B","PRKCA"
"PPP2R1B","PRKCB"
"PPP2R1B","PRKCG"
"PPP2R1B","MAPK1"
"PPP2R1B","MAPK3"
"PPP2R1B","MAP2K1"
"PPP2R1B","MAP2K2"
"PRKG1","PPP1R17"
"PRKG2","PPP1R17"
"LOC102723532","GNAL"
"LOC102723532","GNB1"
"LOC102723532","GNG7"
"LOC102723532","GNG13"
"OR4N4C","GNAL"
"OR4N4C","GNB1"
"OR4N4C","GNG7"
"OR4N4C","GNG13"
"OR5I1","GNAL"
"OR5I1","GNB1"
"OR5I1","GNG7"
"OR5I1","GNG13"
"LOC107987545","GNAL"
"LOC107987545","GNB1"
"LOC107987545","GNG7"
"LOC107987545","GNG13"
"LOC112268384","GNAL"
"LOC112268384","GNB1"
"LOC112268384","GNG7"
"LOC112268384","GNG13"
"OR52E2","GNAL"
"OR52E2","GNB1"
"OR52E2","GNG7"
"OR52E2","GNG13"
"OR52J3","GNAL"
"OR52J3","GNB1"
"OR52J3","GNG7"
"OR52J3","GNG13"
"OR51L1","GNAL"
"OR51L1","GNB1"
"OR51L1","GNG7"
"OR51L1","GNG13"
"OR51A7","GNAL"
"OR51A7","GNB1"
"OR51A7","GNG7"
"OR51A7","GNG13"
"OR51S1","GNAL"
"OR51S1","GNB1"
"OR51S1","GNG7"
"OR51S1","GNG13"
"OR51F2","GNAL"
"OR51F2","GNB1"
"OR51F2","GNG7"
"OR51F2","GNG13"
"OR52R1","GNAL"
"OR52R1","GNB1"
"OR52R1","GNG7"
"OR52R1","GNG13"
"OR4C46","GNAL"
"OR4C46","GNB1"
"OR4C46","GNG7"
"OR4C46","GNG13"
"OR4X2","GNAL"
"OR4X2","GNB1"
"OR4X2","GNG7"
"OR4X2","GNG13"
"OR4B1","GNAL"
"OR4B1","GNB1"
"OR4B1","GNG7"
"OR4B1","GNG13"
"OR52M1","GNAL"
"OR52M1","GNB1"
"OR52M1","GNG7"
"OR52M1","GNG13"
"OR52K2","GNAL"
"OR52K2","GNB1"
"OR52K2","GNG7"
"OR52K2","GNG13"
"OR5P2","GNAL"
"OR5P2","GNB1"
"OR5P2","GNG7"
"OR5P2","GNG13"
"OR5P3","GNAL"
"OR5P3","GNB1"
"OR5P3","GNG7"
"OR5P3","GNG13"
"OR8I2","GNAL"
"OR8I2","GNB1"
"OR8I2","GNG7"
"OR8I2","GNG13"
"OR2D3","GNAL"
"OR2D3","GNB1"
"OR2D3","GNG7"
"OR2D3","GNG13"
"OR2D2","GNAL"
"OR2D2","GNB1"
"OR2D2","GNG7"
"OR2D2","GNG13"
"OR52W1","GNAL"
"OR52W1","GNB1"
"OR52W1","GNG7"
"OR52W1","GNG13"
"OR56A4","GNAL"
"OR56A4","GNB1"
"OR56A4","GNG7"
"OR56A4","GNG13"
"OR56A1","GNAL"
"OR56A1","GNB1"
"OR56A1","GNG7"
"OR56A1","GNG13"
"OR2AP1","GNAL"
"OR2AP1","GNB1"
"OR2AP1","GNG7"
"OR2AP1","GNG13"
"OR10P1","GNAL"
"OR10P1","GNB1"
"OR10P1","GNG7"
"OR10P1","GNG13"
"OR10AD1","GNAL"
"OR10AD1","GNB1"
"OR10AD1","GNG7"
"OR10AD1","GNG13"
"OR10A7","GNAL"
"OR10A7","GNB1"
"OR10A7","GNG7"
"OR10A7","GNG13"
"OR4K14","GNAL"
"OR4K14","GNB1"
"OR4K14","GNG7"
"OR4K14","GNG13"
"OR4L1","GNAL"
"OR4L1","GNB1"
"OR4L1","GNG7"
"OR4L1","GNG13"
"OR11H6","GNAL"
"OR11H6","GNB1"
"OR11H6","GNG7"
"OR11H6","GNG13"
"OR4D2","GNAL"
"OR4D2","GNB1"
"OR4D2","GNG7"
"OR4D2","GNG13"
"OR7D4","GNAL"
"OR7D4","GNB1"
"OR7D4","GNG7"
"OR7D4","GNG13"
"OR7G1","GNAL"
"OR7G1","GNB1"
"OR7G1","GNG7"
"OR7G1","GNG13"
"OR1M1","GNAL"
"OR1M1","GNB1"
"OR1M1","GNG7"
"OR1M1","GNG13"
"OR1I1","GNAL"
"OR1I1","GNB1"
"OR1I1","GNG7"
"OR1I1","GNG13"
"OR10H4","GNAL"
"OR10H4","GNB1"
"OR10H4","GNG7"
"OR10H4","GNG13"
"OR2M5","GNAL"
"OR2M5","GNB1"
"OR2M5","GNG7"
"OR2M5","GNG13"
"OR2M3","GNAL"
"OR2M3","GNB1"
"OR2M3","GNG7"
"OR2M3","GNG13"
"OR2T12","GNAL"
"OR2T12","GNB1"
"OR2T12","GNG7"
"OR2T12","GNG13"
"OR14C36","GNAL"
"OR14C36","GNB1"
"OR14C36","GNG7"
"OR14C36","GNG13"
"OR2T34","GNAL"
"OR2T34","GNB1"
"OR2T34","GNG7"
"OR2T34","GNG13"
"OR2T10","GNAL"
"OR2T10","GNB1"
"OR2T10","GNG7"
"OR2T10","GNG13"
"OR2T4","GNAL"
"OR2T4","GNB1"
"OR2T4","GNG7"
"OR2T4","GNG13"
"OR2T11","GNAL"
"OR2T11","GNB1"
"OR2T11","GNG7"
"OR2T11","GNG13"
"OR10J5","GNAL"
"OR10J5","GNB1"
"OR10J5","GNG7"
"OR10J5","GNG13"
"OR2AJ1","GNAL"
"OR2AJ1","GNB1"
"OR2AJ1","GNG7"
"OR2AJ1","GNG13"
"OR2B11","GNAL"
"OR2B11","GNB1"
"OR2B11","GNG7"
"OR2B11","GNG13"
"OR10T2","GNAL"
"OR10T2","GNB1"
"OR10T2","GNG7"
"OR10T2","GNG13"
"OR6P1","GNAL"
"OR6P1","GNB1"
"OR6P1","GNG7"
"OR6P1","GNG13"
"OR10X1","GNAL"
"OR10X1","GNB1"
"OR10X1","GNG7"
"OR10X1","GNG13"
"OR10Z1","GNAL"
"OR10Z1","GNB1"
"OR10Z1","GNG7"
"OR10Z1","GNG13"
"OR6K6","GNAL"
"OR6K6","GNB1"
"OR6K6","GNG7"
"OR6K6","GNG13"
"OR6N1","GNAL"
"OR6N1","GNB1"
"OR6N1","GNG7"
"OR6N1","GNG13"
"OR9A4","GNAL"
"OR9A4","GNB1"
"OR9A4","GNG7"
"OR9A4","GNG13"
"OR2Y1","GNAL"
"OR2Y1","GNB1"
"OR2Y1","GNG7"
"OR2Y1","GNG13"
"OR9A2","GNAL"
"OR9A2","GNB1"
"OR9A2","GNG7"
"OR9A2","GNG13"
"OR2A14","GNAL"
"OR2A14","GNB1"
"OR2A14","GNG7"
"OR2A14","GNG13"
"OR6B1","GNAL"
"OR6B1","GNB1"
"OR6B1","GNG7"
"OR6B1","GNG13"
"OR2F2","GNAL"
"OR2F2","GNB1"
"OR2F2","GNG7"
"OR2F2","GNG13"
"OR13C5","GNAL"
"OR13C5","GNB1"
"OR13C5","GNG7"
"OR13C5","GNG13"
"OR13C8","GNAL"
"OR13C8","GNB1"
"OR13C8","GNG7"
"OR13C8","GNG13"
"OR13C3","GNAL"
"OR13C3","GNB1"
"OR13C3","GNG7"
"OR13C3","GNG13"
"OR13C4","GNAL"
"OR13C4","GNB1"
"OR13C4","GNG7"
"OR13C4","GNG13"
"OR13F1","GNAL"
"OR13F1","GNB1"
"OR13F1","GNG7"
"OR13F1","GNG13"
"OR1L8","GNAL"
"OR1L8","GNB1"
"OR1L8","GNG7"
"OR1L8","GNG13"
"OR1N2","GNAL"
"OR1N2","GNB1"
"OR1N2","GNG7"
"OR1N2","GNG13"
"OR1N1","GNAL"
"OR1N1","GNB1"
"OR1N1","GNG7"
"OR1N1","GNG13"
"OR52B4","GNAL"
"OR52B4","GNB1"
"OR52B4","GNG7"
"OR52B4","GNG13"
"OR52I2","GNAL"
"OR52I2","GNB1"
"OR52I2","GNG7"
"OR52I2","GNG13"
"OR51E1","GNAL"
"OR51E1","GNB1"
"OR51E1","GNG7"
"OR51E1","GNG13"
"OR10A5","GNAL"
"OR10A5","GNB1"
"OR10A5","GNG7"
"OR10A5","GNG13"
"OR2AG1","GNAL"
"OR2AG1","GNB1"
"OR2AG1","GNG7"
"OR2AG1","GNG13"
"OR6B3","GNAL"
"OR6B3","GNB1"
"OR6B3","GNG7"
"OR6B3","GNG13"
"GRK2","LOC102723532"
"GRK2","OR4N4C"
"GRK2","OR5I1"
"GRK2","LOC107987545"
"GRK2","LOC112268384"
"GRK2","OR52E2"
"GRK2","OR52J3"
"GRK2","OR51L1"
"GRK2","OR51A7"
"GRK2","OR51S1"
"GRK2","OR51F2"
"GRK2","OR52R1"
"GRK2","OR4C46"
"GRK2","OR4X2"
"GRK2","OR4B1"
"GRK2","OR52M1"
"GRK2","OR52K2"
"GRK2","OR5P2"
"GRK2","OR5P3"
"GRK2","OR8I2"
"GRK2","OR2D3"
"GRK2","OR2D2"
"GRK2","OR52W1"
"GRK2","OR56A4"
"GRK2","OR56A1"
"GRK2","OR2AP1"
"GRK2","OR10P1"
"GRK2","OR10AD1"
"GRK2","OR10A7"
"GRK2","OR4K14"
"GRK2","OR4L1"
"GRK2","OR11H6"
"GRK2","OR4D2"
"GRK2","OR7D4"
"GRK2","OR7G1"
"GRK2","OR1M1"
"GRK2","OR1I1"
"GRK2","OR10H4"
"GRK2","OR2M5"
"GRK2","OR2M3"
"GRK2","OR2T12"
"GRK2","OR14C36"
"GRK2","OR2T34"
"GRK2","OR2T10"
"GRK2","OR2T4"
"GRK2","OR2T11"
"GRK2","OR10J5"
"GRK2","OR2AJ1"
"GRK2","OR2B11"
"GRK2","OR10T2"
"GRK2","OR6P1"
"GRK2","OR10X1"
"GRK2","OR10Z1"
"GRK2","OR6K6"
"GRK2","OR6N1"
"GRK2","OR9A4"
"GRK2","OR2Y1"
"GRK2","OR9A2"
"GRK2","OR2A14"
"GRK2","OR6B1"
"GRK2","OR2F2"
"GRK2","OR13C5"
"GRK2","OR13C8"
"GRK2","OR13C3"
"GRK2","OR13C4"
"GRK2","OR13F1"
"GRK2","OR1L8"
"GRK2","OR1N2"
"GRK2","OR1N1"
"GRK2","OR52B4"
"GRK2","OR52I2"
"GRK2","OR51E1"
"GRK2","OR10A5"
"GRK2","OR2AG1"
"GRK2","OR6B3"
"GRK2","OR1Q1"
"GRK2","OR7D2"
"GRK2","OR56B4"
"GRK2","OR8U1"
"GRK2","OR4C16"
"GRK2","OR4C11"
"GRK2","OR4S2"
"GRK2","OR4C6"
"GRK2","OR5D14"
"GRK2","OR5L1"
"GRK2","OR5D18"
"GRK2","OR5AS1"
"GRK2","OR8K5"
"GRK2","OR5T2"
"GRK2","OR8H1"
"GRK2","OR8K3"
"GRK2","OR8J1"
"GRK2","OR8U3"
"GRK2","OR5M3"
"GRK2","OR5M8"
"GRK2","OR5M11"
"GRK2","OR5AR1"
"GRK2","OR8B12"
"GRK2","OR8G5"
"GRK2","OR10G8"
"GRK2","OR10G9"
"GRK2","OR10S1"
"GRK2","OR6T1"
"GRK2","OR4D5"
"GRK2","OR6Q1"
"GRK2","OR9I1"
"GRK2","OR9Q1"
"GRK2","OR9Q2"
"GRK2","OR1S2"
"GRK2","OR1S1"
"GRK2","OR10Q1"
"GRK2","OR5B17"
"GRK2","OR5B21"
"GRK2","OR5A2"
"GRK2","OR5A1"
"GRK2","OR4D6"
"GRK2","OR4D11"
"GRK2","OR52A1"
"GRK2","OR6C74"
"GRK2","OR6C3"
"GRK2","OR2T6"
"GRK2","OR1L4"
"GRK2","OR52B2"
"GRK2","OR4C3"
"GRK2","OR4S1"
"GRK2","OR51F1"
"GRK2","OR1C1"
"GRK2","OR1A2"
"GRK2","OR2F1"
"GRK2","OR2B6"
"GRK2","OR1J4"
"GRK2","OR2M4"
"GRK2","OR2L2"
"GRK2","OR2K2"
"GRK2","OR7A17"
"GRK2","OR5L2"
"GRK2","OR5K1"
"GRK2","OR5H1"
"GRK2","OR10J1"
"GRK2","OR8B8"
"GRK2","OR8G1"
"GRK2","OR10A3"
"GRK2","OR10D3"
"GRK2","OR12D2"
"GRK2","OR12D1"
"GRK2","OR11A1"
"GRK2","OR10H3"
"GRK2","OR10G3"
"GRK2","OR10G2"
"GRK2","OR10H2"
"GRK2","OR10H1"
"GRK2","OR8B2"
"GRK2","OR7E24"
"GRK2","OR7C2"
"GRK2","OR7A5"
"GRK2","OR7C1"
"GRK2","OR4F3"
"GRK2","OR4E2"
"GRK2","OR4E1"
"GRK2","OR4D1"
"GRK2","OR2W1"
"GRK2","OR2V1"
"GRK2","OR2T1"
"GRK2","OR2J2"
"GRK2","OR2H1"
"GRK2","OR1L3"
"GRK2","OR1L1"
"GRK2","OR1J2"
"GRK2","OR51B5"
"GRK2","OR10AG1"
"GRK2","OR5J2"
"GRK2","OR4C13"
"GRK2","OR4C12"
"GRK2","OR51V1"
"GRK2","OR8D1"
"GRK2","OR8D2"
"GRK2","OR8B4"
"GRK2","OR9G4"
"GRK2","OR10A4"
"GRK2","OR6C6"
"GRK2","OR4K3"
"GRK2","OR4N4"
"GRK2","OR2Z1"
"GRK2","OR10H5"
"GRK2","OR2L13"
"GRK2","OR14A16"
"GRK2","OR2V2"
"GRK2","OR13C9"
"GRK2","OR13D1"
"GRK2","OR8D4"
"GRK2","OR5F1"
"GRK2","OR5AP2"
"GRK2","OR52L1"
"GRK2","OR2AG2"
"GRK2","OR52B6"
"GRK2","OR2AT4"
"GRK2","OR10A2"
"GRK2","OR6C2"
"GRK2","OR6C4"
"GRK2","OR8S1"
"GRK2","OR6S1"
"GRK2","OR6F1"
"GRK2","OR14K1"
"GRK2","OR2W3"
"GRK2","OR2T8"
"GRK2","OR2T3"
"GRK2","OR10R2"
"GRK2","OR2T29"
"GRK2","OR6V1"
"GRK2","OR2A12"
"GRK2","OR2A1"
"GRK2","OR1J1"
"GRK2","OR1B1"
"GRK2","OR13H1"
"GRK2","OR56B1"
"GRK2","OR14A2"
"GRK2","OR6B2"
"GRK2","OR52K1"
"GRK2","OR52I1"
"GRK2","OR51D1"
"GRK2","OR52A5"
"GRK2","OR51B6"
"GRK2","OR51M1"
"GRK2","OR51Q1"
"GRK2","OR51I1"
"GRK2","OR51I2"
"GRK2","OR52D1"
"GRK2","OR52H1"
"GRK2","OR52N4"
"GRK2","OR52N5"
"GRK2","OR52N2"
"GRK2","OR52E6"
"GRK2","OR52E8"
"GRK2","OR52E4"
"GRK2","OR52E5"
"GRK2","OR56A3"
"GRK2","OR56A5"
"GRK2","OR10A6"
"GRK2","OR4X1"
"GRK2","OR5D13"
"GRK2","OR5D16"
"GRK2","OR5W2"
"GRK2","OR8H2"
"GRK2","OR8H3"
"GRK2","OR5T3"
"GRK2","OR5T1"
"GRK2","OR8K1"
"GRK2","OR5M9"
"GRK2","OR5M10"
"GRK2","OR5M1"
"GRK2","OR9G1"
"GRK2","OR5AK2"
"GRK2","OR5B2"
"GRK2","OR5B12"
"GRK2","OR5AN1"
"GRK2","OR4D10"
"GRK2","OR4D9"
"GRK2","OR10V1"
"GRK2","OR6X1"
"GRK2","OR6M1"
"GRK2","OR10G4"
"GRK2","OR10G7"
"GRK2","OR8B3"
"GRK2","OR8A1"
"GRK2","OR6C1"
"GRK2","OR6C75"
"GRK2","OR6C76"
"GRK2","OR6C70"
"GRK2","OR4N2"
"GRK2","OR4K2"
"GRK2","OR4Q2"
"GRK2","OR4K13"
"GRK2","OR4K17"
"GRK2","OR4N5"
"GRK2","OR11G2"
"GRK2","OR11H7"
"GRK2","OR11H4"
"GRK2","OR5AU1"
"GRK2","OR4M2"
"GRK2","OR4F6"
"GRK2","OR4F15"
"GRK2","OR7G2"
"GRK2","OR7G3"
"GRK2","OR7A10"
"GRK2","OR10K2"
"GRK2","OR10K1"
"GRK2","OR6Y1"
"GRK2","OR6K3"
"GRK2","OR10J4"
"GRK2","OR11L1"
"GRK2","OR2L8"
"GRK2","OR2AK2"
"GRK2","OR2L3"
"GRK2","OR2M2"
"GRK2","OR2T33"
"GRK2","OR2M7"
"GRK2","OR2G6"
"GRK2","OR10AC1"
"GRK2","OR2A25"
"GRK2","OR13J1"
"GRK2","OR13C2"
"GRK2","OR1L6"
"GRK2","OR5C1"
"GRK2","OR1K1"
"GRK2","OR2A5"
"GRK2","OR2A7"
"GRK2","OR51T1"
"GRK2","OR51A4"
"GRK2","OR51A2"
"GRK2","OR2T2"
"GRK2","OR2T5"
"GRK2","OR14I1"
"GRK2","OR5K2"
"GRK2","OR2A42"
"GRK2","OR2T27"
"GRK2","OR2T35"
"GRK2","OR4A47"
"GRK2","OR4C45"
"GRK2","OR5H14"
"GRK2","OR5H15"
"GRK2","OR5K3"
"GRK2","OR5K4"
"GRK2","OR6C65"
"GRK2","OR6C68"
"GRK2","OR11H12"
"GRK2","OR4F21"
"GRK2","OR5B3"
"GRK2","OR9K2"
"GRK2","OR4Q3"
"GRK2","OR4M1"
"GRK2","OR13G1"
"GRK2","OR2B3"
"GRK2","OR2J1"
"GRK2","OR2J3"
"GRK2","OR14J1"
"GRK2","OR10C1"
"GRK2","OR2A2"
"GRK2","OR1D2"
"GRK2","OR1F1"
"GRK2","OR2C1"
"GRK2","OR3A1"
"GRK2","OR3A2"
"GRK2","OR8U8"
"GRK2","OR8U9"
"GRK2","OR9G9"
"GRK2","OR2S2"
"GRK2","OR1D4"
"GRK2","OR4F29"
"GRK2","OR13A1"
"GRK2","OR5H6"
"GRK2","OR52E1"
"GRK2","OR5H2"
"GRK2","OR4K5"
"GRK2","OR2H2"
"GRK2","OR51G1"
"GRK2","OR11H2"
"GRK2","OR51B4"
"GRK2","OR51B2"
"GRK2","OR4C5"
"GRK2","OR52N1"
"GRK2","OR5AL1"
"GRK2","OR10G6"
"GRK2","OR4F5"
"GRK2","OR2A4"
"GRK2","OR4K1"
"GRK2","OR6J1"
"GRK2","OR5AC2"
"GRK2","OR11H1"
"GRK2","OR4F17"
"GRK2","OR4K15"
"GRK2","OR8J3"
"GRK2","OR51G2"
"GRK2","OR51E2"
"GRK2","OR4P4"
"GRK2","OR4C15"
"GRK2","OR4A5"
"GRK2","OR4A16"
"GRK2","OR4A15"
"GRK2","OR10W1"
"GRK2","OR2AE1"
"GRK2","OR4F16"
"GRK2","OR6N2"
"GRK2","OR6K2"
"GRK2","OR2T7"
"GRK2","OR2L5"
"GRK2","OR2G3"
"GRK2","OR2G2"
"GRK2","OR2C3"
"GRK2","OR5V1"
"GRK2","OR2B2"
"GRK2","OR12D3"
"GRK2","OR1A1"
"GRK2","OR1D5"
"GRK2","OR1E1"
"GRK2","OR1E2"
"GRK2","OR1G1"
"GRK2","OR3A3"
"GRK2","OR6A2"
"GRK3","LOC102723532"
"GRK3","OR4N4C"
"GRK3","OR5I1"
"GRK3","LOC107987545"
"GRK3","LOC112268384"
"GRK3","OR52E2"
"GRK3","OR52J3"
"GRK3","OR51L1"
"GRK3","OR51A7"
"GRK3","OR51S1"
"GRK3","OR51F2"
"GRK3","OR52R1"
"GRK3","OR4C46"
"GRK3","OR4X2"
"GRK3","OR4B1"
"GRK3","OR52M1"
"GRK3","OR52K2"
"GRK3","OR5P2"
"GRK3","OR5P3"
"GRK3","OR8I2"
"GRK3","OR2D3"
"GRK3","OR2D2"
"GRK3","OR52W1"
"GRK3","OR56A4"
"GRK3","OR56A1"
"GRK3","OR2AP1"
"GRK3","OR10P1"
"GRK3","OR10AD1"
"GRK3","OR10A7"
"GRK3","OR4K14"
"GRK3","OR4L1"
"GRK3","OR11H6"
"GRK3","OR4D2"
"GRK3","OR7D4"
"GRK3","OR7G1"
"GRK3","OR1M1"
"GRK3","OR1I1"
"GRK3","OR10H4"
"GRK3","OR2M5"
"GRK3","OR2M3"
"GRK3","OR2T12"
"GRK3","OR14C36"
"GRK3","OR2T34"
"GRK3","OR2T10"
"GRK3","OR2T4"
"GRK3","OR2T11"
"GRK3","OR10J5"
"GRK3","OR2AJ1"
"GRK3","OR2B11"
"GRK3","OR10T2"
"GRK3","OR6P1"
"GRK3","OR10X1"
"GRK3","OR10Z1"
"GRK3","OR6K6"
"GRK3","OR6N1"
"GRK3","OR9A4"
"GRK3","OR2Y1"
"GRK3","OR9A2"
"GRK3","OR2A14"
"GRK3","OR6B1"
"GRK3","OR2F2"
"GRK3","OR13C5"
"GRK3","OR13C8"
"GRK3","OR13C3"
"GRK3","OR13C4"
"GRK3","OR13F1"
"GRK3","OR1L8"
"GRK3","OR1N2"
"GRK3","OR1N1"
"GRK3","OR52B4"
"GRK3","OR52I2"
"GRK3","OR51E1"
"GRK3","OR10A5"
"GRK3","OR2AG1"
"GRK3","OR6B3"
"GRK3","OR1Q1"
"GRK3","OR7D2"
"GRK3","OR56B4"
"GRK3","OR8U1"
"GRK3","OR4C16"
"GRK3","OR4C11"
"GRK3","OR4S2"
"GRK3","OR4C6"
"GRK3","OR5D14"
"GRK3","OR5L1"
"GRK3","OR5D18"
"GRK3","OR5AS1"
"GRK3","OR8K5"
"GRK3","OR5T2"
"GRK3","OR8H1"
"GRK3","OR8K3"
"GRK3","OR8J1"
"GRK3","OR8U3"
"GRK3","OR5M3"
"GRK3","OR5M8"
"GRK3","OR5M11"
"GRK3","OR5AR1"
"GRK3","OR8B12"
"GRK3","OR8G5"
"GRK3","OR10G8"
"GRK3","OR10G9"
"GRK3","OR10S1"
"GRK3","OR6T1"
"GRK3","OR4D5"
"GRK3","OR6Q1"
"GRK3","OR9I1"
"GRK3","OR9Q1"
"GRK3","OR9Q2"
"GRK3","OR1S2"
"GRK3","OR1S1"
"GRK3","OR10Q1"
"GRK3","OR5B17"
"GRK3","OR5B21"
"GRK3","OR5A2"
"GRK3","OR5A1"
"GRK3","OR4D6"
"GRK3","OR4D11"
"GRK3","OR52A1"
"GRK3","OR6C74"
"GRK3","OR6C3"
"GRK3","OR2T6"
"GRK3","OR1L4"
"GRK3","OR52B2"
"GRK3","OR4C3"
"GRK3","OR4S1"
"GRK3","OR51F1"
"GRK3","OR1C1"
"GRK3","OR1A2"
"GRK3","OR2F1"
"GRK3","OR2B6"
"GRK3","OR1J4"
"GRK3","OR2M4"
"GRK3","OR2L2"
"GRK3","OR2K2"
"GRK3","OR7A17"
"GRK3","OR5L2"
"GRK3","OR5K1"
"GRK3","OR5H1"
"GRK3","OR10J1"
"GRK3","OR8B8"
"GRK3","OR8G1"
"GRK3","OR10A3"
"GRK3","OR10D3"
"GRK3","OR12D2"
"GRK3","OR12D1"
"GRK3","OR11A1"
"GRK3","OR10H3"
"GRK3","OR10G3"
"GRK3","OR10G2"
"GRK3","OR10H2"
"GRK3","OR10H1"
"GRK3","OR8B2"
"GRK3","OR7E24"
"GRK3","OR7C2"
"GRK3","OR7A5"
"GRK3","OR7C1"
"GRK3","OR4F3"
"GRK3","OR4E2"
"GRK3","OR4E1"
"GRK3","OR4D1"
"GRK3","OR2W1"
"GRK3","OR2V1"
"GRK3","OR2T1"
"GRK3","OR2J2"
"GRK3","OR2H1"
"GRK3","OR1L3"
"GRK3","OR1L1"
"GRK3","OR1J2"
"GRK3","OR51B5"
"GRK3","OR10AG1"
"GRK3","OR5J2"
"GRK3","OR4C13"
"GRK3","OR4C12"
"GRK3","OR51V1"
"GRK3","OR8D1"
"GRK3","OR8D2"
"GRK3","OR8B4"
"GRK3","OR9G4"
"GRK3","OR10A4"
"GRK3","OR6C6"
"GRK3","OR4K3"
"GRK3","OR4N4"
"GRK3","OR2Z1"
"GRK3","OR10H5"
"GRK3","OR2L13"
"GRK3","OR14A16"
"GRK3","OR2V2"
"GRK3","OR13C9"
"GRK3","OR13D1"
"GRK3","OR8D4"
"GRK3","OR5F1"
"GRK3","OR5AP2"
"GRK3","OR52L1"
"GRK3","OR2AG2"
"GRK3","OR52B6"
"GRK3","OR2AT4"
"GRK3","OR10A2"
"GRK3","OR6C2"
"GRK3","OR6C4"
"GRK3","OR8S1"
"GRK3","OR6S1"
"GRK3","OR6F1"
"GRK3","OR14K1"
"GRK3","OR2W3"
"GRK3","OR2T8"
"GRK3","OR2T3"
"GRK3","OR10R2"
"GRK3","OR2T29"
"GRK3","OR6V1"
"GRK3","OR2A12"
"GRK3","OR2A1"
"GRK3","OR1J1"
"GRK3","OR1B1"
"GRK3","OR13H1"
"GRK3","OR56B1"
"GRK3","OR14A2"
"GRK3","OR6B2"
"GRK3","OR52K1"
"GRK3","OR52I1"
"GRK3","OR51D1"
"GRK3","OR52A5"
"GRK3","OR51B6"
"GRK3","OR51M1"
"GRK3","OR51Q1"
"GRK3","OR51I1"
"GRK3","OR51I2"
"GRK3","OR52D1"
"GRK3","OR52H1"
"GRK3","OR52N4"
"GRK3","OR52N5"
"GRK3","OR52N2"
"GRK3","OR52E6"
"GRK3","OR52E8"
"GRK3","OR52E4"
"GRK3","OR52E5"
"GRK3","OR56A3"
"GRK3","OR56A5"
"GRK3","OR10A6"
"GRK3","OR4X1"
"GRK3","OR5D13"
"GRK3","OR5D16"
"GRK3","OR5W2"
"GRK3","OR8H2"
"GRK3","OR8H3"
"GRK3","OR5T3"
"GRK3","OR5T1"
"GRK3","OR8K1"
"GRK3","OR5M9"
"GRK3","OR5M10"
"GRK3","OR5M1"
"GRK3","OR9G1"
"GRK3","OR5AK2"
"GRK3","OR5B2"
"GRK3","OR5B12"
"GRK3","OR5AN1"
"GRK3","OR4D10"
"GRK3","OR4D9"
"GRK3","OR10V1"
"GRK3","OR6X1"
"GRK3","OR6M1"
"GRK3","OR10G4"
"GRK3","OR10G7"
"GRK3","OR8B3"
"GRK3","OR8A1"
"GRK3","OR6C1"
"GRK3","OR6C75"
"GRK3","OR6C76"
"GRK3","OR6C70"
"GRK3","OR4N2"
"GRK3","OR4K2"
"GRK3","OR4Q2"
"GRK3","OR4K13"
"GRK3","OR4K17"
"GRK3","OR4N5"
"GRK3","OR11G2"
"GRK3","OR11H7"
"GRK3","OR11H4"
"GRK3","OR5AU1"
"GRK3","OR4M2"
"GRK3","OR4F6"
"GRK3","OR4F15"
"GRK3","OR7G2"
"GRK3","OR7G3"
"GRK3","OR7A10"
"GRK3","OR10K2"
"GRK3","OR10K1"
"GRK3","OR6Y1"
"GRK3","OR6K3"
"GRK3","OR10J4"
"GRK3","OR11L1"
"GRK3","OR2L8"
"GRK3","OR2AK2"
"GRK3","OR2L3"
"GRK3","OR2M2"
"GRK3","OR2T33"
"GRK3","OR2M7"
"GRK3","OR2G6"
"GRK3","OR10AC1"
"GRK3","OR2A25"
"GRK3","OR13J1"
"GRK3","OR13C2"
"GRK3","OR1L6"
"GRK3","OR5C1"
"GRK3","OR1K1"
"GRK3","OR2A5"
"GRK3","OR2A7"
"GRK3","OR51T1"
"GRK3","OR51A4"
"GRK3","OR51A2"
"GRK3","OR2T2"
"GRK3","OR2T5"
"GRK3","OR14I1"
"GRK3","OR5K2"
"GRK3","OR2A42"
"GRK3","OR2T27"
"GRK3","OR2T35"
"GRK3","OR4A47"
"GRK3","OR4C45"
"GRK3","OR5H14"
"GRK3","OR5H15"
"GRK3","OR5K3"
"GRK3","OR5K4"
"GRK3","OR6C65"
"GRK3","OR6C68"
"GRK3","OR11H12"
"GRK3","OR4F21"
"GRK3","OR5B3"
"GRK3","OR9K2"
"GRK3","OR4Q3"
"GRK3","OR4M1"
"GRK3","OR13G1"
"GRK3","OR2B3"
"GRK3","OR2J1"
"GRK3","OR2J3"
"GRK3","OR14J1"
"GRK3","OR10C1"
"GRK3","OR2A2"
"GRK3","OR1D2"
"GRK3","OR1F1"
"GRK3","OR2C1"
"GRK3","OR3A1"
"GRK3","OR3A2"
"GRK3","OR8U8"
"GRK3","OR8U9"
"GRK3","OR9G9"
"GRK3","OR2S2"
"GRK3","OR1D4"
"GRK3","OR4F29"
"GRK3","OR13A1"
"GRK3","OR5H6"
"GRK3","OR52E1"
"GRK3","OR5H2"
"GRK3","OR4K5"
"GRK3","OR2H2"
"GRK3","OR51G1"
"GRK3","OR11H2"
"GRK3","OR51B4"
"GRK3","OR51B2"
"GRK3","OR4C5"
"GRK3","OR52N1"
"GRK3","OR5AL1"
"GRK3","OR10G6"
"GRK3","OR4F5"
"GRK3","OR2A4"
"GRK3","OR4K1"
"GRK3","OR6J1"
"GRK3","OR5AC2"
"GRK3","OR11H1"
"GRK3","OR4F17"
"GRK3","OR4K15"
"GRK3","OR8J3"
"GRK3","OR51G2"
"GRK3","OR51E2"
"GRK3","OR4P4"
"GRK3","OR4C15"
"GRK3","OR4A5"
"GRK3","OR4A16"
"GRK3","OR4A15"
"GRK3","OR10W1"
"GRK3","OR2AE1"
"GRK3","OR4F16"
"GRK3","OR6N2"
"GRK3","OR6K2"
"GRK3","OR2T7"
"GRK3","OR2L5"
"GRK3","OR2G3"
"GRK3","OR2G2"
"GRK3","OR2C3"
"GRK3","OR5V1"
"GRK3","OR2B2"
"GRK3","OR12D3"
"GRK3","OR1A1"
"GRK3","OR1D5"
"GRK3","OR1E1"
"GRK3","OR1E2"
"GRK3","OR1G1"
"GRK3","OR3A3"
"GRK3","OR6A2"
"OR1Q1","GNAL"
"OR1Q1","GNB1"
"OR1Q1","GNG7"
"OR1Q1","GNG13"
"OR7D2","GNAL"
"OR7D2","GNB1"
"OR7D2","GNG7"
"OR7D2","GNG13"
"CALML6","CNGB1"
"CALML6","CNGA2"
"CALML6","CNGA4"
"OR56B4","GNAL"
"OR56B4","GNB1"
"OR56B4","GNG7"
"OR56B4","GNG13"
"OR8U1","GNAL"
"OR8U1","GNB1"
"OR8U1","GNG7"
"OR8U1","GNG13"
"OR4C16","GNAL"
"OR4C16","GNB1"
"OR4C16","GNG7"
"OR4C16","GNG13"
"OR4C11","GNAL"
"OR4C11","GNB1"
"OR4C11","GNG7"
"OR4C11","GNG13"
"OR4S2","GNAL"
"OR4S2","GNB1"
"OR4S2","GNG7"
"OR4S2","GNG13"
"OR4C6","GNAL"
"OR4C6","GNB1"
"OR4C6","GNG7"
"OR4C6","GNG13"
"OR5D14","GNAL"
"OR5D14","GNB1"
"OR5D14","GNG7"
"OR5D14","GNG13"
"OR5L1","GNAL"
"OR5L1","GNB1"
"OR5L1","GNG7"
"OR5L1","GNG13"
"OR5D18","GNAL"
"OR5D18","GNB1"
"OR5D18","GNG7"
"OR5D18","GNG13"
"OR5AS1","GNAL"
"OR5AS1","GNB1"
"OR5AS1","GNG7"
"OR5AS1","GNG13"
"OR8K5","GNAL"
"OR8K5","GNB1"
"OR8K5","GNG7"
"OR8K5","GNG13"
"OR5T2","GNAL"
"OR5T2","GNB1"
"OR5T2","GNG7"
"OR5T2","GNG13"
"OR8H1","GNAL"
"OR8H1","GNB1"
"OR8H1","GNG7"
"OR8H1","GNG13"
"OR8K3","GNAL"
"OR8K3","GNB1"
"OR8K3","GNG7"
"OR8K3","GNG13"
"OR8J1","GNAL"
"OR8J1","GNB1"
"OR8J1","GNG7"
"OR8J1","GNG13"
"OR8U3","GNAL"
"OR8U3","GNB1"
"OR8U3","GNG7"
"OR8U3","GNG13"
"OR5M3","GNAL"
"OR5M3","GNB1"
"OR5M3","GNG7"
"OR5M3","GNG13"
"OR5M8","GNAL"
"OR5M8","GNB1"
"OR5M8","GNG7"
"OR5M8","GNG13"
"OR5M11","GNAL"
"OR5M11","GNB1"
"OR5M11","GNG7"
"OR5M11","GNG13"
"OR5AR1","GNAL"
"OR5AR1","GNB1"
"OR5AR1","GNG7"
"OR5AR1","GNG13"
"OR8B12","GNAL"
"OR8B12","GNB1"
"OR8B12","GNG7"
"OR8B12","GNG13"
"OR8G5","GNAL"
"OR8G5","GNB1"
"OR8G5","GNG7"
"OR8G5","GNG13"
"OR10G8","GNAL"
"OR10G8","GNB1"
"OR10G8","GNG7"
"OR10G8","GNG13"
"OR10G9","GNAL"
"OR10G9","GNB1"
"OR10G9","GNG7"
"OR10G9","GNG13"
"OR10S1","GNAL"
"OR10S1","GNB1"
"OR10S1","GNG7"
"OR10S1","GNG13"
"OR6T1","GNAL"
"OR6T1","GNB1"
"OR6T1","GNG7"
"OR6T1","GNG13"
"OR4D5","GNAL"
"OR4D5","GNB1"
"OR4D5","GNG7"
"OR4D5","GNG13"
"OR6Q1","GNAL"
"OR6Q1","GNB1"
"OR6Q1","GNG7"
"OR6Q1","GNG13"
"OR9I1","GNAL"
"OR9I1","GNB1"
"OR9I1","GNG7"
"OR9I1","GNG13"
"OR9Q1","GNAL"
"OR9Q1","GNB1"
"OR9Q1","GNG7"
"OR9Q1","GNG13"
"OR9Q2","GNAL"
"OR9Q2","GNB1"
"OR9Q2","GNG7"
"OR9Q2","GNG13"
"OR1S2","GNAL"
"OR1S2","GNB1"
"OR1S2","GNG7"
"OR1S2","GNG13"
"OR1S1","GNAL"
"OR1S1","GNB1"
"OR1S1","GNG7"
"OR1S1","GNG13"
"OR10Q1","GNAL"
"OR10Q1","GNB1"
"OR10Q1","GNG7"
"OR10Q1","GNG13"
"OR5B17","GNAL"
"OR5B17","GNB1"
"OR5B17","GNG7"
"OR5B17","GNG13"
"OR5B21","GNAL"
"OR5B21","GNB1"
"OR5B21","GNG7"
"OR5B21","GNG13"
"OR5A2","GNAL"
"OR5A2","GNB1"
"OR5A2","GNG7"
"OR5A2","GNG13"
"OR5A1","GNAL"
"OR5A1","GNB1"
"OR5A1","GNG7"
"OR5A1","GNG13"
"OR4D6","GNAL"
"OR4D6","GNB1"
"OR4D6","GNG7"
"OR4D6","GNG13"
"OR4D11","GNAL"
"OR4D11","GNB1"
"OR4D11","GNG7"
"OR4D11","GNG13"
"OR52A1","GNAL"
"OR52A1","GNB1"
"OR52A1","GNG7"
"OR52A1","GNG13"
"OR6C74","GNAL"
"OR6C74","GNB1"
"OR6C74","GNG7"
"OR6C74","GNG13"
"OR6C3","GNAL"
"OR6C3","GNB1"
"OR6C3","GNG7"
"OR6C3","GNG13"
"OR2T6","GNAL"
"OR2T6","GNB1"
"OR2T6","GNG7"
"OR2T6","GNG13"
"OR1L4","GNAL"
"OR1L4","GNB1"
"OR1L4","GNG7"
"OR1L4","GNG13"
"OR52B2","GNAL"
"OR52B2","GNB1"
"OR52B2","GNG7"
"OR52B2","GNG13"
"OR4C3","GNAL"
"OR4C3","GNB1"
"OR4C3","GNG7"
"OR4C3","GNG13"
"OR4S1","GNAL"
"OR4S1","GNB1"
"OR4S1","GNG7"
"OR4S1","GNG13"
"OR51F1","GNAL"
"OR51F1","GNB1"
"OR51F1","GNG7"
"OR51F1","GNG13"
"OR1C1","GNAL"
"OR1C1","GNB1"
"OR1C1","GNG7"
"OR1C1","GNG13"
"OR1A2","GNAL"
"OR1A2","GNB1"
"OR1A2","GNG7"
"OR1A2","GNG13"
"OR2F1","GNAL"
"OR2F1","GNB1"
"OR2F1","GNG7"
"OR2F1","GNG13"
"OR2B6","GNAL"
"OR2B6","GNB1"
"OR2B6","GNG7"
"OR2B6","GNG13"
"OR1J4","GNAL"
"OR1J4","GNB1"
"OR1J4","GNG7"
"OR1J4","GNG13"
"OR2M4","GNAL"
"OR2M4","GNB1"
"OR2M4","GNG7"
"OR2M4","GNG13"
"OR2L2","GNAL"
"OR2L2","GNB1"
"OR2L2","GNG7"
"OR2L2","GNG13"
"OR2K2","GNAL"
"OR2K2","GNB1"
"OR2K2","GNG7"
"OR2K2","GNG13"
"OR7A17","GNAL"
"OR7A17","GNB1"
"OR7A17","GNG7"
"OR7A17","GNG13"
"OR5L2","GNAL"
"OR5L2","GNB1"
"OR5L2","GNG7"
"OR5L2","GNG13"
"OR5K1","GNAL"
"OR5K1","GNB1"
"OR5K1","GNG7"
"OR5K1","GNG13"
"OR5H1","GNAL"
"OR5H1","GNB1"
"OR5H1","GNG7"
"OR5H1","GNG13"
"OR10J1","GNAL"
"OR10J1","GNB1"
"OR10J1","GNG7"
"OR10J1","GNG13"
"OR8B8","GNAL"
"OR8B8","GNB1"
"OR8B8","GNG7"
"OR8B8","GNG13"
"OR8G1","GNAL"
"OR8G1","GNB1"
"OR8G1","GNG7"
"OR8G1","GNG13"
"OR10A3","GNAL"
"OR10A3","GNB1"
"OR10A3","GNG7"
"OR10A3","GNG13"
"OR10D3","GNAL"
"OR10D3","GNB1"
"OR10D3","GNG7"
"OR10D3","GNG13"
"OR12D2","GNAL"
"OR12D2","GNB1"
"OR12D2","GNG7"
"OR12D2","GNG13"
"OR12D1","GNAL"
"OR12D1","GNB1"
"OR12D1","GNG7"
"OR12D1","GNG13"
"OR11A1","GNAL"
"OR11A1","GNB1"
"OR11A1","GNG7"
"OR11A1","GNG13"
"OR10H3","GNAL"
"OR10H3","GNB1"
"OR10H3","GNG7"
"OR10H3","GNG13"
"OR10G3","GNAL"
"OR10G3","GNB1"
"OR10G3","GNG7"
"OR10G3","GNG13"
"OR10G2","GNAL"
"OR10G2","GNB1"
"OR10G2","GNG7"
"OR10G2","GNG13"
"OR10H2","GNAL"
"OR10H2","GNB1"
"OR10H2","GNG7"
"OR10H2","GNG13"
"OR10H1","GNAL"
"OR10H1","GNB1"
"OR10H1","GNG7"
"OR10H1","GNG13"
"OR8B2","GNAL"
"OR8B2","GNB1"
"OR8B2","GNG7"
"OR8B2","GNG13"
"OR7E24","GNAL"
"OR7E24","GNB1"
"OR7E24","GNG7"
"OR7E24","GNG13"
"OR7C2","GNAL"
"OR7C2","GNB1"
"OR7C2","GNG7"
"OR7C2","GNG13"
"OR7A5","GNAL"
"OR7A5","GNB1"
"OR7A5","GNG7"
"OR7A5","GNG13"
"OR7C1","GNAL"
"OR7C1","GNB1"
"OR7C1","GNG7"
"OR7C1","GNG13"
"OR4F3","GNAL"
"OR4F3","GNB1"
"OR4F3","GNG7"
"OR4F3","GNG13"
"OR4E2","GNAL"
"OR4E2","GNB1"
"OR4E2","GNG7"
"OR4E2","GNG13"
"OR4E1","GNAL"
"OR4E1","GNB1"
"OR4E1","GNG7"
"OR4E1","GNG13"
"OR4D1","GNAL"
"OR4D1","GNB1"
"OR4D1","GNG7"
"OR4D1","GNG13"
"OR2W1","GNAL"
"OR2W1","GNB1"
"OR2W1","GNG7"
"OR2W1","GNG13"
"OR2V1","GNAL"
"OR2V1","GNB1"
"OR2V1","GNG7"
"OR2V1","GNG13"
"OR2T1","GNAL"
"OR2T1","GNB1"
"OR2T1","GNG7"
"OR2T1","GNG13"
"OR2J2","GNAL"
"OR2J2","GNB1"
"OR2J2","GNG7"
"OR2J2","GNG13"
"OR2H1","GNAL"
"OR2H1","GNB1"
"OR2H1","GNG7"
"OR2H1","GNG13"
"OR1L3","GNAL"
"OR1L3","GNB1"
"OR1L3","GNG7"
"OR1L3","GNG13"
"OR1L1","GNAL"
"OR1L1","GNB1"
"OR1L1","GNG7"
"OR1L1","GNG13"
"OR1J2","GNAL"
"OR1J2","GNB1"
"OR1J2","GNG7"
"OR1J2","GNG13"
"OR51B5","GNAL"
"OR51B5","GNB1"
"OR51B5","GNG7"
"OR51B5","GNG13"
"OR10AG1","GNAL"
"OR10AG1","GNB1"
"OR10AG1","GNG7"
"OR10AG1","GNG13"
"OR5J2","GNAL"
"OR5J2","GNB1"
"OR5J2","GNG7"
"OR5J2","GNG13"
"OR4C13","GNAL"
"OR4C13","GNB1"
"OR4C13","GNG7"
"OR4C13","GNG13"
"OR4C12","GNAL"
"OR4C12","GNB1"
"OR4C12","GNG7"
"OR4C12","GNG13"
"OR51V1","GNAL"
"OR51V1","GNB1"
"OR51V1","GNG7"
"OR51V1","GNG13"
"OR8D1","GNAL"
"OR8D1","GNB1"
"OR8D1","GNG7"
"OR8D1","GNG13"
"OR8D2","GNAL"
"OR8D2","GNB1"
"OR8D2","GNG7"
"OR8D2","GNG13"
"OR8B4","GNAL"
"OR8B4","GNB1"
"OR8B4","GNG7"
"OR8B4","GNG13"
"OR9G4","GNAL"
"OR9G4","GNB1"
"OR9G4","GNG7"
"OR9G4","GNG13"
"OR10A4","GNAL"
"OR10A4","GNB1"
"OR10A4","GNG7"
"OR10A4","GNG13"
"OR6C6","GNAL"
"OR6C6","GNB1"
"OR6C6","GNG7"
"OR6C6","GNG13"
"OR4K3","GNAL"
"OR4K3","GNB1"
"OR4K3","GNG7"
"OR4K3","GNG13"
"OR4N4","GNAL"
"OR4N4","GNB1"
"OR4N4","GNG7"
"OR4N4","GNG13"
"OR2Z1","GNAL"
"OR2Z1","GNB1"
"OR2Z1","GNG7"
"OR2Z1","GNG13"
"OR10H5","GNAL"
"OR10H5","GNB1"
"OR10H5","GNG7"
"OR10H5","GNG13"
"OR2L13","GNAL"
"OR2L13","GNB1"
"OR2L13","GNG7"
"OR2L13","GNG13"
"OR14A16","GNAL"
"OR14A16","GNB1"
"OR14A16","GNG7"
"OR14A16","GNG13"
"OR2V2","GNAL"
"OR2V2","GNB1"
"OR2V2","GNG7"
"OR2V2","GNG13"
"OR13C9","GNAL"
"OR13C9","GNB1"
"OR13C9","GNG7"
"OR13C9","GNG13"
"OR13D1","GNAL"
"OR13D1","GNB1"
"OR13D1","GNG7"
"OR13D1","GNG13"
"OR8D4","GNAL"
"OR8D4","GNB1"
"OR8D4","GNG7"
"OR8D4","GNG13"
"OR5F1","GNAL"
"OR5F1","GNB1"
"OR5F1","GNG7"
"OR5F1","GNG13"
"OR5AP2","GNAL"
"OR5AP2","GNB1"
"OR5AP2","GNG7"
"OR5AP2","GNG13"
"OR52L1","GNAL"
"OR52L1","GNB1"
"OR52L1","GNG7"
"OR52L1","GNG13"
"OR2AG2","GNAL"
"OR2AG2","GNB1"
"OR2AG2","GNG7"
"OR2AG2","GNG13"
"OR52B6","GNAL"
"OR52B6","GNB1"
"OR52B6","GNG7"
"OR52B6","GNG13"
"OR2AT4","GNAL"
"OR2AT4","GNB1"
"OR2AT4","GNG7"
"OR2AT4","GNG13"
"OR10A2","GNAL"
"OR10A2","GNB1"
"OR10A2","GNG7"
"OR10A2","GNG13"
"OR6C2","GNAL"
"OR6C2","GNB1"
"OR6C2","GNG7"
"OR6C2","GNG13"
"OR6C4","GNAL"
"OR6C4","GNB1"
"OR6C4","GNG7"
"OR6C4","GNG13"
"OR8S1","GNAL"
"OR8S1","GNB1"
"OR8S1","GNG7"
"OR8S1","GNG13"
"OR6S1","GNAL"
"OR6S1","GNB1"
"OR6S1","GNG7"
"OR6S1","GNG13"
"OR6F1","GNAL"
"OR6F1","GNB1"
"OR6F1","GNG7"
"OR6F1","GNG13"
"OR14K1","GNAL"
"OR14K1","GNB1"
"OR14K1","GNG7"
"OR14K1","GNG13"
"OR2W3","GNAL"
"OR2W3","GNB1"
"OR2W3","GNG7"
"OR2W3","GNG13"
"OR2T8","GNAL"
"OR2T8","GNB1"
"OR2T8","GNG7"
"OR2T8","GNG13"
"OR2T3","GNAL"
"OR2T3","GNB1"
"OR2T3","GNG7"
"OR2T3","GNG13"
"OR10R2","GNAL"
"OR10R2","GNB1"
"OR10R2","GNG7"
"OR10R2","GNG13"
"OR2T29","GNAL"
"OR2T29","GNB1"
"OR2T29","GNG7"
"OR2T29","GNG13"
"OR6V1","GNAL"
"OR6V1","GNB1"
"OR6V1","GNG7"
"OR6V1","GNG13"
"OR2A12","GNAL"
"OR2A12","GNB1"
"OR2A12","GNG7"
"OR2A12","GNG13"
"OR2A1","GNAL"
"OR2A1","GNB1"
"OR2A1","GNG7"
"OR2A1","GNG13"
"OR1J1","GNAL"
"OR1J1","GNB1"
"OR1J1","GNG7"
"OR1J1","GNG13"
"OR1B1","GNAL"
"OR1B1","GNB1"
"OR1B1","GNG7"
"OR1B1","GNG13"
"OR13H1","GNAL"
"OR13H1","GNB1"
"OR13H1","GNG7"
"OR13H1","GNG13"
"OR56B1","GNAL"
"OR56B1","GNB1"
"OR56B1","GNG7"
"OR56B1","GNG13"
"OR14A2","GNAL"
"OR14A2","GNB1"
"OR14A2","GNG7"
"OR14A2","GNG13"
"OR6B2","GNAL"
"OR6B2","GNB1"
"OR6B2","GNG7"
"OR6B2","GNG13"
"OR52K1","GNAL"
"OR52K1","GNB1"
"OR52K1","GNG7"
"OR52K1","GNG13"
"OR52I1","GNAL"
"OR52I1","GNB1"
"OR52I1","GNG7"
"OR52I1","GNG13"
"OR51D1","GNAL"
"OR51D1","GNB1"
"OR51D1","GNG7"
"OR51D1","GNG13"
"OR52A5","GNAL"
"OR52A5","GNB1"
"OR52A5","GNG7"
"OR52A5","GNG13"
"OR51B6","GNAL"
"OR51B6","GNB1"
"OR51B6","GNG7"
"OR51B6","GNG13"
"OR51M1","GNAL"
"OR51M1","GNB1"
"OR51M1","GNG7"
"OR51M1","GNG13"
"OR51Q1","GNAL"
"OR51Q1","GNB1"
"OR51Q1","GNG7"
"OR51Q1","GNG13"
"OR51I1","GNAL"
"OR51I1","GNB1"
"OR51I1","GNG7"
"OR51I1","GNG13"
"OR51I2","GNAL"
"OR51I2","GNB1"
"OR51I2","GNG7"
"OR51I2","GNG13"
"OR52D1","GNAL"
"OR52D1","GNB1"
"OR52D1","GNG7"
"OR52D1","GNG13"
"OR52H1","GNAL"
"OR52H1","GNB1"
"OR52H1","GNG7"
"OR52H1","GNG13"
"OR52N4","GNAL"
"OR52N4","GNB1"
"OR52N4","GNG7"
"OR52N4","GNG13"
"OR52N5","GNAL"
"OR52N5","GNB1"
"OR52N5","GNG7"
"OR52N5","GNG13"
"OR52N2","GNAL"
"OR52N2","GNB1"
"OR52N2","GNG7"
"OR52N2","GNG13"
"OR52E6","GNAL"
"OR52E6","GNB1"
"OR52E6","GNG7"
"OR52E6","GNG13"
"OR52E8","GNAL"
"OR52E8","GNB1"
"OR52E8","GNG7"
"OR52E8","GNG13"
"OR52E4","GNAL"
"OR52E4","GNB1"
"OR52E4","GNG7"
"OR52E4","GNG13"
"OR52E5","GNAL"
"OR52E5","GNB1"
"OR52E5","GNG7"
"OR52E5","GNG13"
"OR56A3","GNAL"
"OR56A3","GNB1"
"OR56A3","GNG7"
"OR56A3","GNG13"
"OR56A5","GNAL"
"OR56A5","GNB1"
"OR56A5","GNG7"
"OR56A5","GNG13"
"OR10A6","GNAL"
"OR10A6","GNB1"
"OR10A6","GNG7"
"OR10A6","GNG13"
"OR4X1","GNAL"
"OR4X1","GNB1"
"OR4X1","GNG7"
"OR4X1","GNG13"
"OR5D13","GNAL"
"OR5D13","GNB1"
"OR5D13","GNG7"
"OR5D13","GNG13"
"OR5D16","GNAL"
"OR5D16","GNB1"
"OR5D16","GNG7"
"OR5D16","GNG13"
"OR5W2","GNAL"
"OR5W2","GNB1"
"OR5W2","GNG7"
"OR5W2","GNG13"
"OR8H2","GNAL"
"OR8H2","GNB1"
"OR8H2","GNG7"
"OR8H2","GNG13"
"OR8H3","GNAL"
"OR8H3","GNB1"
"OR8H3","GNG7"
"OR8H3","GNG13"
"OR5T3","GNAL"
"OR5T3","GNB1"
"OR5T3","GNG7"
"OR5T3","GNG13"
"OR5T1","GNAL"
"OR5T1","GNB1"
"OR5T1","GNG7"
"OR5T1","GNG13"
"OR8K1","GNAL"
"OR8K1","GNB1"
"OR8K1","GNG7"
"OR8K1","GNG13"
"OR5M9","GNAL"
"OR5M9","GNB1"
"OR5M9","GNG7"
"OR5M9","GNG13"
"OR5M10","GNAL"
"OR5M10","GNB1"
"OR5M10","GNG7"
"OR5M10","GNG13"
"OR5M1","GNAL"
"OR5M1","GNB1"
"OR5M1","GNG7"
"OR5M1","GNG13"
"OR9G1","GNAL"
"OR9G1","GNB1"
"OR9G1","GNG7"
"OR9G1","GNG13"
"OR5AK2","GNAL"
"OR5AK2","GNB1"
"OR5AK2","GNG7"
"OR5AK2","GNG13"
"OR5B2","GNAL"
"OR5B2","GNB1"
"OR5B2","GNG7"
"OR5B2","GNG13"
"OR5B12","GNAL"
"OR5B12","GNB1"
"OR5B12","GNG7"
"OR5B12","GNG13"
"OR5AN1","GNAL"
"OR5AN1","GNB1"
"OR5AN1","GNG7"
"OR5AN1","GNG13"
"OR4D10","GNAL"
"OR4D10","GNB1"
"OR4D10","GNG7"
"OR4D10","GNG13"
"OR4D9","GNAL"
"OR4D9","GNB1"
"OR4D9","GNG7"
"OR4D9","GNG13"
"OR10V1","GNAL"
"OR10V1","GNB1"
"OR10V1","GNG7"
"OR10V1","GNG13"
"OR6X1","GNAL"
"OR6X1","GNB1"
"OR6X1","GNG7"
"OR6X1","GNG13"
"OR6M1","GNAL"
"OR6M1","GNB1"
"OR6M1","GNG7"
"OR6M1","GNG13"
"OR10G4","GNAL"
"OR10G4","GNB1"
"OR10G4","GNG7"
"OR10G4","GNG13"
"OR10G7","GNAL"
"OR10G7","GNB1"
"OR10G7","GNG7"
"OR10G7","GNG13"
"OR8B3","GNAL"
"OR8B3","GNB1"
"OR8B3","GNG7"
"OR8B3","GNG13"
"OR8A1","GNAL"
"OR8A1","GNB1"
"OR8A1","GNG7"
"OR8A1","GNG13"
"OR6C1","GNAL"
"OR6C1","GNB1"
"OR6C1","GNG7"
"OR6C1","GNG13"
"OR6C75","GNAL"
"OR6C75","GNB1"
"OR6C75","GNG7"
"OR6C75","GNG13"
"OR6C76","GNAL"
"OR6C76","GNB1"
"OR6C76","GNG7"
"OR6C76","GNG13"
"OR6C70","GNAL"
"OR6C70","GNB1"
"OR6C70","GNG7"
"OR6C70","GNG13"
"OR4N2","GNAL"
"OR4N2","GNB1"
"OR4N2","GNG7"
"OR4N2","GNG13"
"OR4K2","GNAL"
"OR4K2","GNB1"
"OR4K2","GNG7"
"OR4K2","GNG13"
"OR4Q2","GNAL"
"OR4Q2","GNB1"
"OR4Q2","GNG7"
"OR4Q2","GNG13"
"OR4K13","GNAL"
"OR4K13","GNB1"
"OR4K13","GNG7"
"OR4K13","GNG13"
"OR4K17","GNAL"
"OR4K17","GNB1"
"OR4K17","GNG7"
"OR4K17","GNG13"
"OR4N5","GNAL"
"OR4N5","GNB1"
"OR4N5","GNG7"
"OR4N5","GNG13"
"OR11G2","GNAL"
"OR11G2","GNB1"
"OR11G2","GNG7"
"OR11G2","GNG13"
"OR11H7","GNAL"
"OR11H7","GNB1"
"OR11H7","GNG7"
"OR11H7","GNG13"
"OR11H4","GNAL"
"OR11H4","GNB1"
"OR11H4","GNG7"
"OR11H4","GNG13"
"OR5AU1","GNAL"
"OR5AU1","GNB1"
"OR5AU1","GNG7"
"OR5AU1","GNG13"
"OR4M2","GNAL"
"OR4M2","GNB1"
"OR4M2","GNG7"
"OR4M2","GNG13"
"OR4F6","GNAL"
"OR4F6","GNB1"
"OR4F6","GNG7"
"OR4F6","GNG13"
"OR4F15","GNAL"
"OR4F15","GNB1"
"OR4F15","GNG7"
"OR4F15","GNG13"
"OR7G2","GNAL"
"OR7G2","GNB1"
"OR7G2","GNG7"
"OR7G2","GNG13"
"OR7G3","GNAL"
"OR7G3","GNB1"
"OR7G3","GNG7"
"OR7G3","GNG13"
"OR7A10","GNAL"
"OR7A10","GNB1"
"OR7A10","GNG7"
"OR7A10","GNG13"
"OR10K2","GNAL"
"OR10K2","GNB1"
"OR10K2","GNG7"
"OR10K2","GNG13"
"OR10K1","GNAL"
"OR10K1","GNB1"
"OR10K1","GNG7"
"OR10K1","GNG13"
"OR6Y1","GNAL"
"OR6Y1","GNB1"
"OR6Y1","GNG7"
"OR6Y1","GNG13"
"OR6K3","GNAL"
"OR6K3","GNB1"
"OR6K3","GNG7"
"OR6K3","GNG13"
"OR10J4","GNAL"
"OR10J4","GNB1"
"OR10J4","GNG7"
"OR10J4","GNG13"
"OR11L1","GNAL"
"OR11L1","GNB1"
"OR11L1","GNG7"
"OR11L1","GNG13"
"OR2L8","GNAL"
"OR2L8","GNB1"
"OR2L8","GNG7"
"OR2L8","GNG13"
"OR2AK2","GNAL"
"OR2AK2","GNB1"
"OR2AK2","GNG7"
"OR2AK2","GNG13"
"OR2L3","GNAL"
"OR2L3","GNB1"
"OR2L3","GNG7"
"OR2L3","GNG13"
"OR2M2","GNAL"
"OR2M2","GNB1"
"OR2M2","GNG7"
"OR2M2","GNG13"
"OR2T33","GNAL"
"OR2T33","GNB1"
"OR2T33","GNG7"
"OR2T33","GNG13"
"OR2M7","GNAL"
"OR2M7","GNB1"
"OR2M7","GNG7"
"OR2M7","GNG13"
"OR2G6","GNAL"
"OR2G6","GNB1"
"OR2G6","GNG7"
"OR2G6","GNG13"
"OR10AC1","GNAL"
"OR10AC1","GNB1"
"OR10AC1","GNG7"
"OR10AC1","GNG13"
"OR2A25","GNAL"
"OR2A25","GNB1"
"OR2A25","GNG7"
"OR2A25","GNG13"
"OR13J1","GNAL"
"OR13J1","GNB1"
"OR13J1","GNG7"
"OR13J1","GNG13"
"OR13C2","GNAL"
"OR13C2","GNB1"
"OR13C2","GNG7"
"OR13C2","GNG13"
"OR1L6","GNAL"
"OR1L6","GNB1"
"OR1L6","GNG7"
"OR1L6","GNG13"
"OR5C1","GNAL"
"OR5C1","GNB1"
"OR5C1","GNG7"
"OR5C1","GNG13"
"OR1K1","GNAL"
"OR1K1","GNB1"
"OR1K1","GNG7"
"OR1K1","GNG13"
"OR2A5","GNAL"
"OR2A5","GNB1"
"OR2A5","GNG7"
"OR2A5","GNG13"
"OR2A7","GNAL"
"OR2A7","GNB1"
"OR2A7","GNG7"
"OR2A7","GNG13"
"OR51T1","GNAL"
"OR51T1","GNB1"
"OR51T1","GNG7"
"OR51T1","GNG13"
"OR51A4","GNAL"
"OR51A4","GNB1"
"OR51A4","GNG7"
"OR51A4","GNG13"
"OR51A2","GNAL"
"OR51A2","GNB1"
"OR51A2","GNG7"
"OR51A2","GNG13"
"OR2T2","GNAL"
"OR2T2","GNB1"
"OR2T2","GNG7"
"OR2T2","GNG13"
"OR2T5","GNAL"
"OR2T5","GNB1"
"OR2T5","GNG7"
"OR2T5","GNG13"
"OR14I1","GNAL"
"OR14I1","GNB1"
"OR14I1","GNG7"
"OR14I1","GNG13"
"OR5K2","GNAL"
"OR5K2","GNB1"
"OR5K2","GNG7"
"OR5K2","GNG13"
"OR2A42","GNAL"
"OR2A42","GNB1"
"OR2A42","GNG7"
"OR2A42","GNG13"
"OR2T27","GNAL"
"OR2T27","GNB1"
"OR2T27","GNG7"
"OR2T27","GNG13"
"OR2T35","GNAL"
"OR2T35","GNB1"
"OR2T35","GNG7"
"OR2T35","GNG13"
"OR4A47","GNAL"
"OR4A47","GNB1"
"OR4A47","GNG7"
"OR4A47","GNG13"
"OR4C45","GNAL"
"OR4C45","GNB1"
"OR4C45","GNG7"
"OR4C45","GNG13"
"OR5H14","GNAL"
"OR5H14","GNB1"
"OR5H14","GNG7"
"OR5H14","GNG13"
"OR5H15","GNAL"
"OR5H15","GNB1"
"OR5H15","GNG7"
"OR5H15","GNG13"
"OR5K3","GNAL"
"OR5K3","GNB1"
"OR5K3","GNG7"
"OR5K3","GNG13"
"OR5K4","GNAL"
"OR5K4","GNB1"
"OR5K4","GNG7"
"OR5K4","GNG13"
"OR6C65","GNAL"
"OR6C65","GNB1"
"OR6C65","GNG7"
"OR6C65","GNG13"
"OR6C68","GNAL"
"OR6C68","GNB1"
"OR6C68","GNG7"
"OR6C68","GNG13"
"ARRB1","LOC102723532"
"ARRB1","OR4N4C"
"ARRB1","OR5I1"
"ARRB1","LOC107987545"
"ARRB1","LOC112268384"
"ARRB1","OR52E2"
"ARRB1","OR52J3"
"ARRB1","OR51L1"
"ARRB1","OR51A7"
"ARRB1","OR51S1"
"ARRB1","OR51F2"
"ARRB1","OR52R1"
"ARRB1","OR4C46"
"ARRB1","OR4X2"
"ARRB1","OR4B1"
"ARRB1","OR52M1"
"ARRB1","OR52K2"
"ARRB1","OR5P2"
"ARRB1","OR5P3"
"ARRB1","OR8I2"
"ARRB1","OR2D3"
"ARRB1","OR2D2"
"ARRB1","OR52W1"
"ARRB1","OR56A4"
"ARRB1","OR56A1"
"ARRB1","OR2AP1"
"ARRB1","OR10P1"
"ARRB1","OR10AD1"
"ARRB1","OR10A7"
"ARRB1","OR4K14"
"ARRB1","OR4L1"
"ARRB1","OR11H6"
"ARRB1","OR4D2"
"ARRB1","OR7D4"
"ARRB1","OR7G1"
"ARRB1","OR1M1"
"ARRB1","OR1I1"
"ARRB1","OR10H4"
"ARRB1","OR2M5"
"ARRB1","OR2M3"
"ARRB1","OR2T12"
"ARRB1","OR14C36"
"ARRB1","OR2T34"
"ARRB1","OR2T10"
"ARRB1","OR2T4"
"ARRB1","OR2T11"
"ARRB1","OR10J5"
"ARRB1","OR2AJ1"
"ARRB1","OR2B11"
"ARRB1","OR10T2"
"ARRB1","OR6P1"
"ARRB1","OR10X1"
"ARRB1","OR10Z1"
"ARRB1","OR6K6"
"ARRB1","OR6N1"
"ARRB1","OR9A4"
"ARRB1","OR2Y1"
"ARRB1","OR9A2"
"ARRB1","OR2A14"
"ARRB1","OR6B1"
"ARRB1","OR2F2"
"ARRB1","OR13C5"
"ARRB1","OR13C8"
"ARRB1","OR13C3"
"ARRB1","OR13C4"
"ARRB1","OR13F1"
"ARRB1","OR1L8"
"ARRB1","OR1N2"
"ARRB1","OR1N1"
"ARRB1","OR52B4"
"ARRB1","OR52I2"
"ARRB1","OR51E1"
"ARRB1","OR10A5"
"ARRB1","OR2AG1"
"ARRB1","OR6B3"
"ARRB1","OR1Q1"
"ARRB1","OR7D2"
"ARRB1","OR56B4"
"ARRB1","OR8U1"
"ARRB1","OR4C16"
"ARRB1","OR4C11"
"ARRB1","OR4S2"
"ARRB1","OR4C6"
"ARRB1","OR5D14"
"ARRB1","OR5L1"
"ARRB1","OR5D18"
"ARRB1","OR5AS1"
"ARRB1","OR8K5"
"ARRB1","OR5T2"
"ARRB1","OR8H1"
"ARRB1","OR8K3"
"ARRB1","OR8J1"
"ARRB1","OR8U3"
"ARRB1","OR5M3"
"ARRB1","OR5M8"
"ARRB1","OR5M11"
"ARRB1","OR5AR1"
"ARRB1","OR8B12"
"ARRB1","OR8G5"
"ARRB1","OR10G8"
"ARRB1","OR10G9"
"ARRB1","OR10S1"
"ARRB1","OR6T1"
"ARRB1","OR4D5"
"ARRB1","OR6Q1"
"ARRB1","OR9I1"
"ARRB1","OR9Q1"
"ARRB1","OR9Q2"
"ARRB1","OR1S2"
"ARRB1","OR1S1"
"ARRB1","OR10Q1"
"ARRB1","OR5B17"
"ARRB1","OR5B21"
"ARRB1","OR5A2"
"ARRB1","OR5A1"
"ARRB1","OR4D6"
"ARRB1","OR4D11"
"ARRB1","OR52A1"
"ARRB1","OR6C74"
"ARRB1","OR6C3"
"ARRB1","OR2T6"
"ARRB1","OR1L4"
"ARRB1","OR52B2"
"ARRB1","OR4C3"
"ARRB1","OR4S1"
"ARRB1","OR51F1"
"ARRB1","OR1C1"
"ARRB1","OR1A2"
"ARRB1","OR2F1"
"ARRB1","OR2B6"
"ARRB1","OR1J4"
"ARRB1","OR2M4"
"ARRB1","OR2L2"
"ARRB1","OR2K2"
"ARRB1","OR7A17"
"ARRB1","OR5L2"
"ARRB1","OR5K1"
"ARRB1","OR5H1"
"ARRB1","OR10J1"
"ARRB1","OR8B8"
"ARRB1","OR8G1"
"ARRB1","OR10A3"
"ARRB1","OR10D3"
"ARRB1","OR12D2"
"ARRB1","OR12D1"
"ARRB1","OR11A1"
"ARRB1","OR10H3"
"ARRB1","OR10G3"
"ARRB1","OR10G2"
"ARRB1","OR10H2"
"ARRB1","OR10H1"
"ARRB1","OR8B2"
"ARRB1","OR7E24"
"ARRB1","OR7C2"
"ARRB1","OR7A5"
"ARRB1","OR7C1"
"ARRB1","OR4F3"
"ARRB1","OR4E2"
"ARRB1","OR4E1"
"ARRB1","OR4D1"
"ARRB1","OR2W1"
"ARRB1","OR2V1"
"ARRB1","OR2T1"
"ARRB1","OR2J2"
"ARRB1","OR2H1"
"ARRB1","OR1L3"
"ARRB1","OR1L1"
"ARRB1","OR1J2"
"ARRB1","OR51B5"
"ARRB1","OR10AG1"
"ARRB1","OR5J2"
"ARRB1","OR4C13"
"ARRB1","OR4C12"
"ARRB1","OR51V1"
"ARRB1","OR8D1"
"ARRB1","OR8D2"
"ARRB1","OR8B4"
"ARRB1","OR9G4"
"ARRB1","OR10A4"
"ARRB1","OR6C6"
"ARRB1","OR4K3"
"ARRB1","OR4N4"
"ARRB1","OR2Z1"
"ARRB1","OR10H5"
"ARRB1","OR2L13"
"ARRB1","OR14A16"
"ARRB1","OR2V2"
"ARRB1","OR13C9"
"ARRB1","OR13D1"
"ARRB1","OR8D4"
"ARRB1","OR5F1"
"ARRB1","OR5AP2"
"ARRB1","OR52L1"
"ARRB1","OR2AG2"
"ARRB1","OR52B6"
"ARRB1","OR2AT4"
"ARRB1","OR10A2"
"ARRB1","OR6C2"
"ARRB1","OR6C4"
"ARRB1","OR8S1"
"ARRB1","OR6S1"
"ARRB1","OR6F1"
"ARRB1","OR14K1"
"ARRB1","OR2W3"
"ARRB1","OR2T8"
"ARRB1","OR2T3"
"ARRB1","OR10R2"
"ARRB1","OR2T29"
"ARRB1","OR6V1"
"ARRB1","OR2A12"
"ARRB1","OR2A1"
"ARRB1","OR1J1"
"ARRB1","OR1B1"
"ARRB1","OR13H1"
"ARRB1","OR56B1"
"ARRB1","OR14A2"
"ARRB1","OR6B2"
"ARRB1","OR52K1"
"ARRB1","OR52I1"
"ARRB1","OR51D1"
"ARRB1","OR52A5"
"ARRB1","OR51B6"
"ARRB1","OR51M1"
"ARRB1","OR51Q1"
"ARRB1","OR51I1"
"ARRB1","OR51I2"
"ARRB1","OR52D1"
"ARRB1","OR52H1"
"ARRB1","OR52N4"
"ARRB1","OR52N5"
"ARRB1","OR52N2"
"ARRB1","OR52E6"
"ARRB1","OR52E8"
"ARRB1","OR52E4"
"ARRB1","OR52E5"
"ARRB1","OR56A3"
"ARRB1","OR56A5"
"ARRB1","OR10A6"
"ARRB1","OR4X1"
"ARRB1","OR5D13"
"ARRB1","OR5D16"
"ARRB1","OR5W2"
"ARRB1","OR8H2"
"ARRB1","OR8H3"
"ARRB1","OR5T3"
"ARRB1","OR5T1"
"ARRB1","OR8K1"
"ARRB1","OR5M9"
"ARRB1","OR5M10"
"ARRB1","OR5M1"
"ARRB1","OR9G1"
"ARRB1","OR5AK2"
"ARRB1","OR5B2"
"ARRB1","OR5B12"
"ARRB1","OR5AN1"
"ARRB1","OR4D10"
"ARRB1","OR4D9"
"ARRB1","OR10V1"
"ARRB1","OR6X1"
"ARRB1","OR6M1"
"ARRB1","OR10G4"
"ARRB1","OR10G7"
"ARRB1","OR8B3"
"ARRB1","OR8A1"
"ARRB1","OR6C1"
"ARRB1","OR6C75"
"ARRB1","OR6C76"
"ARRB1","OR6C70"
"ARRB1","OR4N2"
"ARRB1","OR4K2"
"ARRB1","OR4Q2"
"ARRB1","OR4K13"
"ARRB1","OR4K17"
"ARRB1","OR4N5"
"ARRB1","OR11G2"
"ARRB1","OR11H7"
"ARRB1","OR11H4"
"ARRB1","OR5AU1"
"ARRB1","OR4M2"
"ARRB1","OR4F6"
"ARRB1","OR4F15"
"ARRB1","OR7G2"
"ARRB1","OR7G3"
"ARRB1","OR7A10"
"ARRB1","OR10K2"
"ARRB1","OR10K1"
"ARRB1","OR6Y1"
"ARRB1","OR6K3"
"ARRB1","OR10J4"
"ARRB1","OR11L1"
"ARRB1","OR2L8"
"ARRB1","OR2AK2"
"ARRB1","OR2L3"
"ARRB1","OR2M2"
"ARRB1","OR2T33"
"ARRB1","OR2M7"
"ARRB1","OR2G6"
"ARRB1","OR10AC1"
"ARRB1","OR2A25"
"ARRB1","OR13J1"
"ARRB1","OR13C2"
"ARRB1","OR1L6"
"ARRB1","OR5C1"
"ARRB1","OR1K1"
"ARRB1","OR2A5"
"ARRB1","OR2A7"
"ARRB1","OR51T1"
"ARRB1","OR51A4"
"ARRB1","OR51A2"
"ARRB1","OR2T2"
"ARRB1","OR2T5"
"ARRB1","OR14I1"
"ARRB1","OR5K2"
"ARRB1","OR2A42"
"ARRB1","OR2T27"
"ARRB1","OR2T35"
"ARRB1","OR4A47"
"ARRB1","OR4C45"
"ARRB1","OR5H14"
"ARRB1","OR5H15"
"ARRB1","OR5K3"
"ARRB1","OR5K4"
"ARRB1","OR6C65"
"ARRB1","OR6C68"
"ARRB1","OR11H12"
"ARRB1","OR4F21"
"ARRB1","OR5B3"
"ARRB1","OR9K2"
"ARRB1","OR4Q3"
"ARRB1","OR4M1"
"ARRB1","OR13G1"
"ARRB1","OR2B3"
"ARRB1","OR2J1"
"ARRB1","OR2J3"
"ARRB1","OR14J1"
"ARRB1","OR10C1"
"ARRB1","OR2A2"
"ARRB1","OR1D2"
"ARRB1","OR1F1"
"ARRB1","OR2C1"
"ARRB1","OR3A1"
"ARRB1","OR3A2"
"ARRB1","OR8U8"
"ARRB1","OR8U9"
"ARRB1","OR9G9"
"ARRB1","OR2S2"
"ARRB1","OR1D4"
"ARRB1","OR4F29"
"ARRB1","OR13A1"
"ARRB1","OR5H6"
"ARRB1","OR52E1"
"ARRB1","OR5H2"
"ARRB1","OR4K5"
"ARRB1","OR2H2"
"ARRB1","OR51G1"
"ARRB1","OR11H2"
"ARRB1","OR51B4"
"ARRB1","OR51B2"
"ARRB1","OR4C5"
"ARRB1","OR52N1"
"ARRB1","OR5AL1"
"ARRB1","OR10G6"
"ARRB1","OR4F5"
"ARRB1","OR2A4"
"ARRB1","OR4K1"
"ARRB1","OR6J1"
"ARRB1","OR5AC2"
"ARRB1","OR11H1"
"ARRB1","OR4F17"
"ARRB1","OR4K15"
"ARRB1","OR8J3"
"ARRB1","OR51G2"
"ARRB1","OR51E2"
"ARRB1","OR4P4"
"ARRB1","OR4C15"
"ARRB1","OR4A5"
"ARRB1","OR4A16"
"ARRB1","OR4A15"
"ARRB1","OR10W1"
"ARRB1","OR2AE1"
"ARRB1","OR4F16"
"ARRB1","OR6N2"
"ARRB1","OR6K2"
"ARRB1","OR2T7"
"ARRB1","OR2L5"
"ARRB1","OR2G3"
"ARRB1","OR2G2"
"ARRB1","OR2C3"
"ARRB1","OR5V1"
"ARRB1","OR2B2"
"ARRB1","OR12D3"
"ARRB1","OR1A1"
"ARRB1","OR1D5"
"ARRB1","OR1E1"
"ARRB1","OR1E2"
"ARRB1","OR1G1"
"ARRB1","OR3A3"
"ARRB1","OR6A2"
"ARRB2","LOC102723532"
"ARRB2","OR4N4C"
"ARRB2","OR5I1"
"ARRB2","LOC107987545"
"ARRB2","LOC112268384"
"ARRB2","OR52E2"
"ARRB2","OR52J3"
"ARRB2","OR51L1"
"ARRB2","OR51A7"
"ARRB2","OR51S1"
"ARRB2","OR51F2"
"ARRB2","OR52R1"
"ARRB2","OR4C46"
"ARRB2","OR4X2"
"ARRB2","OR4B1"
"ARRB2","OR52M1"
"ARRB2","OR52K2"
"ARRB2","OR5P2"
"ARRB2","OR5P3"
"ARRB2","OR8I2"
"ARRB2","OR2D3"
"ARRB2","OR2D2"
"ARRB2","OR52W1"
"ARRB2","OR56A4"
"ARRB2","OR56A1"
"ARRB2","OR2AP1"
"ARRB2","OR10P1"
"ARRB2","OR10AD1"
"ARRB2","OR10A7"
"ARRB2","OR4K14"
"ARRB2","OR4L1"
"ARRB2","OR11H6"
"ARRB2","OR4D2"
"ARRB2","OR7D4"
"ARRB2","OR7G1"
"ARRB2","OR1M1"
"ARRB2","OR1I1"
"ARRB2","OR10H4"
"ARRB2","OR2M5"
"ARRB2","OR2M3"
"ARRB2","OR2T12"
"ARRB2","OR14C36"
"ARRB2","OR2T34"
"ARRB2","OR2T10"
"ARRB2","OR2T4"
"ARRB2","OR2T11"
"ARRB2","OR10J5"
"ARRB2","OR2AJ1"
"ARRB2","OR2B11"
"ARRB2","OR10T2"
"ARRB2","OR6P1"
"ARRB2","OR10X1"
"ARRB2","OR10Z1"
"ARRB2","OR6K6"
"ARRB2","OR6N1"
"ARRB2","OR9A4"
"ARRB2","OR2Y1"
"ARRB2","OR9A2"
"ARRB2","OR2A14"
"ARRB2","OR6B1"
"ARRB2","OR2F2"
"ARRB2","OR13C5"
"ARRB2","OR13C8"
"ARRB2","OR13C3"
"ARRB2","OR13C4"
"ARRB2","OR13F1"
"ARRB2","OR1L8"
"ARRB2","OR1N2"
"ARRB2","OR1N1"
"ARRB2","OR52B4"
"ARRB2","OR52I2"
"ARRB2","OR51E1"
"ARRB2","OR10A5"
"ARRB2","OR2AG1"
"ARRB2","OR6B3"
"ARRB2","OR1Q1"
"ARRB2","OR7D2"
"ARRB2","OR56B4"
"ARRB2","OR8U1"
"ARRB2","OR4C16"
"ARRB2","OR4C11"
"ARRB2","OR4S2"
"ARRB2","OR4C6"
"ARRB2","OR5D14"
"ARRB2","OR5L1"
"ARRB2","OR5D18"
"ARRB2","OR5AS1"
"ARRB2","OR8K5"
"ARRB2","OR5T2"
"ARRB2","OR8H1"
"ARRB2","OR8K3"
"ARRB2","OR8J1"
"ARRB2","OR8U3"
"ARRB2","OR5M3"
"ARRB2","OR5M8"
"ARRB2","OR5M11"
"ARRB2","OR5AR1"
"ARRB2","OR8B12"
"ARRB2","OR8G5"
"ARRB2","OR10G8"
"ARRB2","OR10G9"
"ARRB2","OR10S1"
"ARRB2","OR6T1"
"ARRB2","OR4D5"
"ARRB2","OR6Q1"
"ARRB2","OR9I1"
"ARRB2","OR9Q1"
"ARRB2","OR9Q2"
"ARRB2","OR1S2"
"ARRB2","OR1S1"
"ARRB2","OR10Q1"
"ARRB2","OR5B17"
"ARRB2","OR5B21"
"ARRB2","OR5A2"
"ARRB2","OR5A1"
"ARRB2","OR4D6"
"ARRB2","OR4D11"
"ARRB2","OR52A1"
"ARRB2","OR6C74"
"ARRB2","OR6C3"
"ARRB2","OR2T6"
"ARRB2","OR1L4"
"ARRB2","OR52B2"
"ARRB2","OR4C3"
"ARRB2","OR4S1"
"ARRB2","OR51F1"
"ARRB2","OR1C1"
"ARRB2","OR1A2"
"ARRB2","OR2F1"
"ARRB2","OR2B6"
"ARRB2","OR1J4"
"ARRB2","OR2M4"
"ARRB2","OR2L2"
"ARRB2","OR2K2"
"ARRB2","OR7A17"
"ARRB2","OR5L2"
"ARRB2","OR5K1"
"ARRB2","OR5H1"
"ARRB2","OR10J1"
"ARRB2","OR8B8"
"ARRB2","OR8G1"
"ARRB2","OR10A3"
"ARRB2","OR10D3"
"ARRB2","OR12D2"
"ARRB2","OR12D1"
"ARRB2","OR11A1"
"ARRB2","OR10H3"
"ARRB2","OR10G3"
"ARRB2","OR10G2"
"ARRB2","OR10H2"
"ARRB2","OR10H1"
"ARRB2","OR8B2"
"ARRB2","OR7E24"
"ARRB2","OR7C2"
"ARRB2","OR7A5"
"ARRB2","OR7C1"
"ARRB2","OR4F3"
"ARRB2","OR4E2"
"ARRB2","OR4E1"
"ARRB2","OR4D1"
"ARRB2","OR2W1"
"ARRB2","OR2V1"
"ARRB2","OR2T1"
"ARRB2","OR2J2"
"ARRB2","OR2H1"
"ARRB2","OR1L3"
"ARRB2","OR1L1"
"ARRB2","OR1J2"
"ARRB2","OR51B5"
"ARRB2","OR10AG1"
"ARRB2","OR5J2"
"ARRB2","OR4C13"
"ARRB2","OR4C12"
"ARRB2","OR51V1"
"ARRB2","OR8D1"
"ARRB2","OR8D2"
"ARRB2","OR8B4"
"ARRB2","OR9G4"
"ARRB2","OR10A4"
"ARRB2","OR6C6"
"ARRB2","OR4K3"
"ARRB2","OR4N4"
"ARRB2","OR2Z1"
"ARRB2","OR10H5"
"ARRB2","OR2L13"
"ARRB2","OR14A16"
"ARRB2","OR2V2"
"ARRB2","OR13C9"
"ARRB2","OR13D1"
"ARRB2","OR8D4"
"ARRB2","OR5F1"
"ARRB2","OR5AP2"
"ARRB2","OR52L1"
"ARRB2","OR2AG2"
"ARRB2","OR52B6"
"ARRB2","OR2AT4"
"ARRB2","OR10A2"
"ARRB2","OR6C2"
"ARRB2","OR6C4"
"ARRB2","OR8S1"
"ARRB2","OR6S1"
"ARRB2","OR6F1"
"ARRB2","OR14K1"
"ARRB2","OR2W3"
"ARRB2","OR2T8"
"ARRB2","OR2T3"
"ARRB2","OR10R2"
"ARRB2","OR2T29"
"ARRB2","OR6V1"
"ARRB2","OR2A12"
"ARRB2","OR2A1"
"ARRB2","OR1J1"
"ARRB2","OR1B1"
"ARRB2","OR13H1"
"ARRB2","OR56B1"
"ARRB2","OR14A2"
"ARRB2","OR6B2"
"ARRB2","OR52K1"
"ARRB2","OR52I1"
"ARRB2","OR51D1"
"ARRB2","OR52A5"
"ARRB2","OR51B6"
"ARRB2","OR51M1"
"ARRB2","OR51Q1"
"ARRB2","OR51I1"
"ARRB2","OR51I2"
"ARRB2","OR52D1"
"ARRB2","OR52H1"
"ARRB2","OR52N4"
"ARRB2","OR52N5"
"ARRB2","OR52N2"
"ARRB2","OR52E6"
"ARRB2","OR52E8"
"ARRB2","OR52E4"
"ARRB2","OR52E5"
"ARRB2","OR56A3"
"ARRB2","OR56A5"
"ARRB2","OR10A6"
"ARRB2","OR4X1"
"ARRB2","OR5D13"
"ARRB2","OR5D16"
"ARRB2","OR5W2"
"ARRB2","OR8H2"
"ARRB2","OR8H3"
"ARRB2","OR5T3"
"ARRB2","OR5T1"
"ARRB2","OR8K1"
"ARRB2","OR5M9"
"ARRB2","OR5M10"
"ARRB2","OR5M1"
"ARRB2","OR9G1"
"ARRB2","OR5AK2"
"ARRB2","OR5B2"
"ARRB2","OR5B12"
"ARRB2","OR5AN1"
"ARRB2","OR4D10"
"ARRB2","OR4D9"
"ARRB2","OR10V1"
"ARRB2","OR6X1"
"ARRB2","OR6M1"
"ARRB2","OR10G4"
"ARRB2","OR10G7"
"ARRB2","OR8B3"
"ARRB2","OR8A1"
"ARRB2","OR6C1"
"ARRB2","OR6C75"
"ARRB2","OR6C76"
"ARRB2","OR6C70"
"ARRB2","OR4N2"
"ARRB2","OR4K2"
"ARRB2","OR4Q2"
"ARRB2","OR4K13"
"ARRB2","OR4K17"
"ARRB2","OR4N5"
"ARRB2","OR11G2"
"ARRB2","OR11H7"
"ARRB2","OR11H4"
"ARRB2","OR5AU1"
"ARRB2","OR4M2"
"ARRB2","OR4F6"
"ARRB2","OR4F15"
"ARRB2","OR7G2"
"ARRB2","OR7G3"
"ARRB2","OR7A10"
"ARRB2","OR10K2"
"ARRB2","OR10K1"
"ARRB2","OR6Y1"
"ARRB2","OR6K3"
"ARRB2","OR10J4"
"ARRB2","OR11L1"
"ARRB2","OR2L8"
"ARRB2","OR2AK2"
"ARRB2","OR2L3"
"ARRB2","OR2M2"
"ARRB2","OR2T33"
"ARRB2","OR2M7"
"ARRB2","OR2G6"
"ARRB2","OR10AC1"
"ARRB2","OR2A25"
"ARRB2","OR13J1"
"ARRB2","OR13C2"
"ARRB2","OR1L6"
"ARRB2","OR5C1"
"ARRB2","OR1K1"
"ARRB2","OR2A5"
"ARRB2","OR2A7"
"ARRB2","OR51T1"
"ARRB2","OR51A4"
"ARRB2","OR51A2"
"ARRB2","OR2T2"
"ARRB2","OR2T5"
"ARRB2","OR14I1"
"ARRB2","OR5K2"
"ARRB2","OR2A42"
"ARRB2","OR2T27"
"ARRB2","OR2T35"
"ARRB2","OR4A47"
"ARRB2","OR4C45"
"ARRB2","OR5H14"
"ARRB2","OR5H15"
"ARRB2","OR5K3"
"ARRB2","OR5K4"
"ARRB2","OR6C65"
"ARRB2","OR6C68"
"ARRB2","OR11H12"
"ARRB2","OR4F21"
"ARRB2","OR5B3"
"ARRB2","OR9K2"
"ARRB2","OR4Q3"
"ARRB2","OR4M1"
"ARRB2","OR13G1"
"ARRB2","OR2B3"
"ARRB2","OR2J1"
"ARRB2","OR2J3"
"ARRB2","OR14J1"
"ARRB2","OR10C1"
"ARRB2","OR2A2"
"ARRB2","OR1D2"
"ARRB2","OR1F1"
"ARRB2","OR2C1"
"ARRB2","OR3A1"
"ARRB2","OR3A2"
"ARRB2","OR8U8"
"ARRB2","OR8U9"
"ARRB2","OR9G9"
"ARRB2","OR2S2"
"ARRB2","OR1D4"
"ARRB2","OR4F29"
"ARRB2","OR13A1"
"ARRB2","OR5H6"
"ARRB2","OR52E1"
"ARRB2","OR5H2"
"ARRB2","OR4K5"
"ARRB2","OR2H2"
"ARRB2","OR51G1"
"ARRB2","OR11H2"
"ARRB2","OR51B4"
"ARRB2","OR51B2"
"ARRB2","OR4C5"
"ARRB2","OR52N1"
"ARRB2","OR5AL1"
"ARRB2","OR10G6"
"ARRB2","OR4F5"
"ARRB2","OR2A4"
"ARRB2","OR4K1"
"ARRB2","OR6J1"
"ARRB2","OR5AC2"
"ARRB2","OR11H1"
"ARRB2","OR4F17"
"ARRB2","OR4K15"
"ARRB2","OR8J3"
"ARRB2","OR51G2"
"ARRB2","OR51E2"
"ARRB2","OR4P4"
"ARRB2","OR4C15"
"ARRB2","OR4A5"
"ARRB2","OR4A16"
"ARRB2","OR4A15"
"ARRB2","OR10W1"
"ARRB2","OR2AE1"
"ARRB2","OR4F16"
"ARRB2","OR6N2"
"ARRB2","OR6K2"
"ARRB2","OR2T7"
"ARRB2","OR2L5"
"ARRB2","OR2G3"
"ARRB2","OR2G2"
"ARRB2","OR2C3"
"ARRB2","OR5V1"
"ARRB2","OR2B2"
"ARRB2","OR12D3"
"ARRB2","OR1A1"
"ARRB2","OR1D5"
"ARRB2","OR1E1"
"ARRB2","OR1E2"
"ARRB2","OR1G1"
"ARRB2","OR3A3"
"ARRB2","OR6A2"
"OR11H12","GNAL"
"OR11H12","GNB1"
"OR11H12","GNG7"
"OR11H12","GNG13"
"OR4F21","GNAL"
"OR4F21","GNB1"
"OR4F21","GNG7"
"OR4F21","GNG13"
"OR5B3","GNAL"
"OR5B3","GNB1"
"OR5B3","GNG7"
"OR5B3","GNG13"
"OR9K2","GNAL"
"OR9K2","GNB1"
"OR9K2","GNG7"
"OR9K2","GNG13"
"OR4Q3","GNAL"
"OR4Q3","GNB1"
"OR4Q3","GNG7"
"OR4Q3","GNG13"
"OR4M1","GNAL"
"OR4M1","GNB1"
"OR4M1","GNG7"
"OR4M1","GNG13"
"OR13G1","GNAL"
"OR13G1","GNB1"
"OR13G1","GNG7"
"OR13G1","GNG13"
"OR2B3","GNAL"
"OR2B3","GNB1"
"OR2B3","GNG7"
"OR2B3","GNG13"
"OR2J1","GNAL"
"OR2J1","GNB1"
"OR2J1","GNG7"
"OR2J1","GNG13"
"OR2J3","GNAL"
"OR2J3","GNB1"
"OR2J3","GNG7"
"OR2J3","GNG13"
"OR14J1","GNAL"
"OR14J1","GNB1"
"OR14J1","GNG7"
"OR14J1","GNG13"
"OR10C1","GNAL"
"OR10C1","GNB1"
"OR10C1","GNG7"
"OR10C1","GNG13"
"OR2A2","GNAL"
"OR2A2","GNB1"
"OR2A2","GNG7"
"OR2A2","GNG13"
"OR1D2","GNAL"
"OR1D2","GNB1"
"OR1D2","GNG7"
"OR1D2","GNG13"
"OR1F1","GNAL"
"OR1F1","GNB1"
"OR1F1","GNG7"
"OR1F1","GNG13"
"OR2C1","GNAL"
"OR2C1","GNB1"
"OR2C1","GNG7"
"OR2C1","GNG13"
"OR3A1","GNAL"
"OR3A1","GNB1"
"OR3A1","GNG7"
"OR3A1","GNG13"
"OR3A2","GNAL"
"OR3A2","GNB1"
"OR3A2","GNG7"
"OR3A2","GNG13"
"OR8U8","GNAL"
"OR8U8","GNB1"
"OR8U8","GNG7"
"OR8U8","GNG13"
"OR8U9","GNAL"
"OR8U9","GNB1"
"OR8U9","GNG7"
"OR8U9","GNG13"
"OR9G9","GNAL"
"OR9G9","GNB1"
"OR9G9","GNG7"
"OR9G9","GNG13"
"CALML5","CNGB1"
"CALML5","CNGA2"
"CALML5","CNGA4"
"PRKACA","LOC102723532"
"PRKACA","OR4N4C"
"PRKACA","OR5I1"
"PRKACA","LOC107987545"
"PRKACA","LOC112268384"
"PRKACA","OR52E2"
"PRKACA","OR52J3"
"PRKACA","OR51L1"
"PRKACA","OR51A7"
"PRKACA","OR51S1"
"PRKACA","OR51F2"
"PRKACA","OR52R1"
"PRKACA","OR4C46"
"PRKACA","OR4X2"
"PRKACA","OR4B1"
"PRKACA","OR52M1"
"PRKACA","OR52K2"
"PRKACA","OR5P2"
"PRKACA","OR5P3"
"PRKACA","OR8I2"
"PRKACA","OR2D3"
"PRKACA","OR2D2"
"PRKACA","OR52W1"
"PRKACA","OR56A4"
"PRKACA","OR56A1"
"PRKACA","OR2AP1"
"PRKACA","OR10P1"
"PRKACA","OR10AD1"
"PRKACA","OR10A7"
"PRKACA","OR4K14"
"PRKACA","OR4L1"
"PRKACA","OR11H6"
"PRKACA","OR4D2"
"PRKACA","OR7D4"
"PRKACA","OR7G1"
"PRKACA","OR1M1"
"PRKACA","OR1I1"
"PRKACA","OR10H4"
"PRKACA","OR2M5"
"PRKACA","OR2M3"
"PRKACA","OR2T12"
"PRKACA","OR14C36"
"PRKACA","OR2T34"
"PRKACA","OR2T10"
"PRKACA","OR2T4"
"PRKACA","OR2T11"
"PRKACA","OR10J5"
"PRKACA","OR2AJ1"
"PRKACA","OR2B11"
"PRKACA","OR10T2"
"PRKACA","OR6P1"
"PRKACA","OR10X1"
"PRKACA","OR10Z1"
"PRKACA","OR6K6"
"PRKACA","OR6N1"
"PRKACA","OR9A4"
"PRKACA","OR2Y1"
"PRKACA","OR9A2"
"PRKACA","OR2A14"
"PRKACA","OR6B1"
"PRKACA","OR2F2"
"PRKACA","OR13C5"
"PRKACA","OR13C8"
"PRKACA","OR13C3"
"PRKACA","OR13C4"
"PRKACA","OR13F1"
"PRKACA","OR1L8"
"PRKACA","OR1N2"
"PRKACA","OR1N1"
"PRKACA","OR52B4"
"PRKACA","OR52I2"
"PRKACA","OR51E1"
"PRKACA","OR10A5"
"PRKACA","OR2AG1"
"PRKACA","OR6B3"
"PRKACA","OR1Q1"
"PRKACA","OR7D2"
"PRKACA","OR56B4"
"PRKACA","OR8U1"
"PRKACA","OR4C16"
"PRKACA","OR4C11"
"PRKACA","OR4S2"
"PRKACA","OR4C6"
"PRKACA","OR5D14"
"PRKACA","OR5L1"
"PRKACA","OR5D18"
"PRKACA","OR5AS1"
"PRKACA","OR8K5"
"PRKACA","OR5T2"
"PRKACA","OR8H1"
"PRKACA","OR8K3"
"PRKACA","OR8J1"
"PRKACA","OR8U3"
"PRKACA","OR5M3"
"PRKACA","OR5M8"
"PRKACA","OR5M11"
"PRKACA","OR5AR1"
"PRKACA","OR8B12"
"PRKACA","OR8G5"
"PRKACA","OR10G8"
"PRKACA","OR10G9"
"PRKACA","OR10S1"
"PRKACA","OR6T1"
"PRKACA","OR4D5"
"PRKACA","OR6Q1"
"PRKACA","OR9I1"
"PRKACA","OR9Q1"
"PRKACA","OR9Q2"
"PRKACA","OR1S2"
"PRKACA","OR1S1"
"PRKACA","OR10Q1"
"PRKACA","OR5B17"
"PRKACA","OR5B21"
"PRKACA","OR5A2"
"PRKACA","OR5A1"
"PRKACA","OR4D6"
"PRKACA","OR4D11"
"PRKACA","OR52A1"
"PRKACA","OR6C74"
"PRKACA","OR6C3"
"PRKACA","OR2T6"
"PRKACA","OR1L4"
"PRKACA","OR52B2"
"PRKACA","OR4C3"
"PRKACA","OR4S1"
"PRKACA","OR51F1"
"PRKACA","OR1C1"
"PRKACA","OR1A2"
"PRKACA","OR2F1"
"PRKACA","OR2B6"
"PRKACA","OR1J4"
"PRKACA","OR2M4"
"PRKACA","OR2L2"
"PRKACA","OR2K2"
"PRKACA","OR7A17"
"PRKACA","OR5L2"
"PRKACA","OR5K1"
"PRKACA","OR5H1"
"PRKACA","OR10J1"
"PRKACA","OR8B8"
"PRKACA","OR8G1"
"PRKACA","OR10A3"
"PRKACA","OR10D3"
"PRKACA","OR12D2"
"PRKACA","OR12D1"
"PRKACA","OR11A1"
"PRKACA","OR10H3"
"PRKACA","OR10G3"
"PRKACA","OR10G2"
"PRKACA","OR10H2"
"PRKACA","OR10H1"
"PRKACA","OR8B2"
"PRKACA","OR7E24"
"PRKACA","OR7C2"
"PRKACA","OR7A5"
"PRKACA","OR7C1"
"PRKACA","OR4F3"
"PRKACA","OR4E2"
"PRKACA","OR4E1"
"PRKACA","OR4D1"
"PRKACA","OR2W1"
"PRKACA","OR2V1"
"PRKACA","OR2T1"
"PRKACA","OR2J2"
"PRKACA","OR2H1"
"PRKACA","OR1L3"
"PRKACA","OR1L1"
"PRKACA","OR1J2"
"PRKACA","OR51B5"
"PRKACA","OR10AG1"
"PRKACA","OR5J2"
"PRKACA","OR4C13"
"PRKACA","OR4C12"
"PRKACA","OR51V1"
"PRKACA","OR8D1"
"PRKACA","OR8D2"
"PRKACA","OR8B4"
"PRKACA","OR9G4"
"PRKACA","OR10A4"
"PRKACA","OR6C6"
"PRKACA","OR4K3"
"PRKACA","OR4N4"
"PRKACA","OR2Z1"
"PRKACA","OR10H5"
"PRKACA","OR2L13"
"PRKACA","OR14A16"
"PRKACA","OR2V2"
"PRKACA","OR13C9"
"PRKACA","OR13D1"
"PRKACA","OR8D4"
"PRKACA","OR5F1"
"PRKACA","OR5AP2"
"PRKACA","OR52L1"
"PRKACA","OR2AG2"
"PRKACA","OR52B6"
"PRKACA","OR2AT4"
"PRKACA","OR10A2"
"PRKACA","OR6C2"
"PRKACA","OR6C4"
"PRKACA","OR8S1"
"PRKACA","OR6S1"
"PRKACA","OR6F1"
"PRKACA","OR14K1"
"PRKACA","OR2W3"
"PRKACA","OR2T8"
"PRKACA","OR2T3"
"PRKACA","OR10R2"
"PRKACA","OR2T29"
"PRKACA","OR6V1"
"PRKACA","OR2A12"
"PRKACA","OR2A1"
"PRKACA","OR1J1"
"PRKACA","OR1B1"
"PRKACA","OR13H1"
"PRKACA","OR56B1"
"PRKACA","OR14A2"
"PRKACA","OR6B2"
"PRKACA","OR52K1"
"PRKACA","OR52I1"
"PRKACA","OR51D1"
"PRKACA","OR52A5"
"PRKACA","OR51B6"
"PRKACA","OR51M1"
"PRKACA","OR51Q1"
"PRKACA","OR51I1"
"PRKACA","OR51I2"
"PRKACA","OR52D1"
"PRKACA","OR52H1"
"PRKACA","OR52N4"
"PRKACA","OR52N5"
"PRKACA","OR52N2"
"PRKACA","OR52E6"
"PRKACA","OR52E8"
"PRKACA","OR52E4"
"PRKACA","OR52E5"
"PRKACA","OR56A3"
"PRKACA","OR56A5"
"PRKACA","OR10A6"
"PRKACA","OR4X1"
"PRKACA","OR5D13"
"PRKACA","OR5D16"
"PRKACA","OR5W2"
"PRKACA","OR8H2"
"PRKACA","OR8H3"
"PRKACA","OR5T3"
"PRKACA","OR5T1"
"PRKACA","OR8K1"
"PRKACA","OR5M9"
"PRKACA","OR5M10"
"PRKACA","OR5M1"
"PRKACA","OR9G1"
"PRKACA","OR5AK2"
"PRKACA","OR5B2"
"PRKACA","OR5B12"
"PRKACA","OR5AN1"
"PRKACA","OR4D10"
"PRKACA","OR4D9"
"PRKACA","OR10V1"
"PRKACA","OR6X1"
"PRKACA","OR6M1"
"PRKACA","OR10G4"
"PRKACA","OR10G7"
"PRKACA","OR8B3"
"PRKACA","OR8A1"
"PRKACA","OR6C1"
"PRKACA","OR6C75"
"PRKACA","OR6C76"
"PRKACA","OR6C70"
"PRKACA","OR4N2"
"PRKACA","OR4K2"
"PRKACA","OR4Q2"
"PRKACA","OR4K13"
"PRKACA","OR4K17"
"PRKACA","OR4N5"
"PRKACA","OR11G2"
"PRKACA","OR11H7"
"PRKACA","OR11H4"
"PRKACA","OR5AU1"
"PRKACA","OR4M2"
"PRKACA","OR4F6"
"PRKACA","OR4F15"
"PRKACA","OR7G2"
"PRKACA","OR7G3"
"PRKACA","OR7A10"
"PRKACA","OR10K2"
"PRKACA","OR10K1"
"PRKACA","OR6Y1"
"PRKACA","OR6K3"
"PRKACA","OR10J4"
"PRKACA","OR11L1"
"PRKACA","OR2L8"
"PRKACA","OR2AK2"
"PRKACA","OR2L3"
"PRKACA","OR2M2"
"PRKACA","OR2T33"
"PRKACA","OR2M7"
"PRKACA","OR2G6"
"PRKACA","OR10AC1"
"PRKACA","OR2A25"
"PRKACA","OR13J1"
"PRKACA","OR13C2"
"PRKACA","OR1L6"
"PRKACA","OR5C1"
"PRKACA","OR1K1"
"PRKACA","OR2A5"
"PRKACA","OR2A7"
"PRKACA","OR51T1"
"PRKACA","OR51A4"
"PRKACA","OR51A2"
"PRKACA","OR2T2"
"PRKACA","OR2T5"
"PRKACA","OR14I1"
"PRKACA","OR5K2"
"PRKACA","OR2A42"
"PRKACA","OR2T27"
"PRKACA","OR2T35"
"PRKACA","OR4A47"
"PRKACA","OR4C45"
"PRKACA","OR5H14"
"PRKACA","OR5H15"
"PRKACA","OR5K3"
"PRKACA","OR5K4"
"PRKACA","OR6C65"
"PRKACA","OR6C68"
"PRKACA","OR11H12"
"PRKACA","OR4F21"
"PRKACA","OR5B3"
"PRKACA","OR9K2"
"PRKACA","OR4Q3"
"PRKACA","OR4M1"
"PRKACA","OR13G1"
"PRKACA","OR2B3"
"PRKACA","OR2J1"
"PRKACA","OR2J3"
"PRKACA","OR14J1"
"PRKACA","OR10C1"
"PRKACA","OR2A2"
"PRKACA","OR1D2"
"PRKACA","OR1F1"
"PRKACA","OR2C1"
"PRKACA","OR3A1"
"PRKACA","OR3A2"
"PRKACA","OR8U8"
"PRKACA","OR8U9"
"PRKACA","OR9G9"
"PRKACA","OR2S2"
"PRKACA","OR1D4"
"PRKACA","OR4F29"
"PRKACA","OR13A1"
"PRKACA","OR5H6"
"PRKACA","OR52E1"
"PRKACA","OR5H2"
"PRKACA","OR4K5"
"PRKACA","OR2H2"
"PRKACA","OR51G1"
"PRKACA","OR11H2"
"PRKACA","OR51B4"
"PRKACA","OR51B2"
"PRKACA","OR4C5"
"PRKACA","OR52N1"
"PRKACA","OR5AL1"
"PRKACA","OR10G6"
"PRKACA","OR4F5"
"PRKACA","OR2A4"
"PRKACA","OR4K1"
"PRKACA","OR6J1"
"PRKACA","OR5AC2"
"PRKACA","OR11H1"
"PRKACA","OR4F17"
"PRKACA","OR4K15"
"PRKACA","OR8J3"
"PRKACA","OR51G2"
"PRKACA","OR51E2"
"PRKACA","OR4P4"
"PRKACA","OR4C15"
"PRKACA","OR4A5"
"PRKACA","OR4A16"
"PRKACA","OR4A15"
"PRKACA","OR10W1"
"PRKACA","OR2AE1"
"PRKACA","OR4F16"
"PRKACA","OR6N2"
"PRKACA","OR6K2"
"PRKACA","OR2T7"
"PRKACA","OR2L5"
"PRKACA","OR2G3"
"PRKACA","OR2G2"
"PRKACA","OR2C3"
"PRKACA","OR5V1"
"PRKACA","OR2B2"
"PRKACA","OR12D3"
"PRKACA","OR1A1"
"PRKACA","OR1D5"
"PRKACA","OR1E1"
"PRKACA","OR1E2"
"PRKACA","OR1G1"
"PRKACA","OR3A3"
"PRKACA","OR6A2"
"PRKACB","LOC102723532"
"PRKACB","OR4N4C"
"PRKACB","OR5I1"
"PRKACB","LOC107987545"
"PRKACB","LOC112268384"
"PRKACB","OR52E2"
"PRKACB","OR52J3"
"PRKACB","OR51L1"
"PRKACB","OR51A7"
"PRKACB","OR51S1"
"PRKACB","OR51F2"
"PRKACB","OR52R1"
"PRKACB","OR4C46"
"PRKACB","OR4X2"
"PRKACB","OR4B1"
"PRKACB","OR52M1"
"PRKACB","OR52K2"
"PRKACB","OR5P2"
"PRKACB","OR5P3"
"PRKACB","OR8I2"
"PRKACB","OR2D3"
"PRKACB","OR2D2"
"PRKACB","OR52W1"
"PRKACB","OR56A4"
"PRKACB","OR56A1"
"PRKACB","OR2AP1"
"PRKACB","OR10P1"
"PRKACB","OR10AD1"
"PRKACB","OR10A7"
"PRKACB","OR4K14"
"PRKACB","OR4L1"
"PRKACB","OR11H6"
"PRKACB","OR4D2"
"PRKACB","OR7D4"
"PRKACB","OR7G1"
"PRKACB","OR1M1"
"PRKACB","OR1I1"
"PRKACB","OR10H4"
"PRKACB","OR2M5"
"PRKACB","OR2M3"
"PRKACB","OR2T12"
"PRKACB","OR14C36"
"PRKACB","OR2T34"
"PRKACB","OR2T10"
"PRKACB","OR2T4"
"PRKACB","OR2T11"
"PRKACB","OR10J5"
"PRKACB","OR2AJ1"
"PRKACB","OR2B11"
"PRKACB","OR10T2"
"PRKACB","OR6P1"
"PRKACB","OR10X1"
"PRKACB","OR10Z1"
"PRKACB","OR6K6"
"PRKACB","OR6N1"
"PRKACB","OR9A4"
"PRKACB","OR2Y1"
"PRKACB","OR9A2"
"PRKACB","OR2A14"
"PRKACB","OR6B1"
"PRKACB","OR2F2"
"PRKACB","OR13C5"
"PRKACB","OR13C8"
"PRKACB","OR13C3"
"PRKACB","OR13C4"
"PRKACB","OR13F1"
"PRKACB","OR1L8"
"PRKACB","OR1N2"
"PRKACB","OR1N1"
"PRKACB","OR52B4"
"PRKACB","OR52I2"
"PRKACB","OR51E1"
"PRKACB","OR10A5"
"PRKACB","OR2AG1"
"PRKACB","OR6B3"
"PRKACB","OR1Q1"
"PRKACB","OR7D2"
"PRKACB","OR56B4"
"PRKACB","OR8U1"
"PRKACB","OR4C16"
"PRKACB","OR4C11"
"PRKACB","OR4S2"
"PRKACB","OR4C6"
"PRKACB","OR5D14"
"PRKACB","OR5L1"
"PRKACB","OR5D18"
"PRKACB","OR5AS1"
"PRKACB","OR8K5"
"PRKACB","OR5T2"
"PRKACB","OR8H1"
"PRKACB","OR8K3"
"PRKACB","OR8J1"
"PRKACB","OR8U3"
"PRKACB","OR5M3"
"PRKACB","OR5M8"
"PRKACB","OR5M11"
"PRKACB","OR5AR1"
"PRKACB","OR8B12"
"PRKACB","OR8G5"
"PRKACB","OR10G8"
"PRKACB","OR10G9"
"PRKACB","OR10S1"
"PRKACB","OR6T1"
"PRKACB","OR4D5"
"PRKACB","OR6Q1"
"PRKACB","OR9I1"
"PRKACB","OR9Q1"
"PRKACB","OR9Q2"
"PRKACB","OR1S2"
"PRKACB","OR1S1"
"PRKACB","OR10Q1"
"PRKACB","OR5B17"
"PRKACB","OR5B21"
"PRKACB","OR5A2"
"PRKACB","OR5A1"
"PRKACB","OR4D6"
"PRKACB","OR4D11"
"PRKACB","OR52A1"
"PRKACB","OR6C74"
"PRKACB","OR6C3"
"PRKACB","OR2T6"
"PRKACB","OR1L4"
"PRKACB","OR52B2"
"PRKACB","OR4C3"
"PRKACB","OR4S1"
"PRKACB","OR51F1"
"PRKACB","OR1C1"
"PRKACB","OR1A2"
"PRKACB","OR2F1"
"PRKACB","OR2B6"
"PRKACB","OR1J4"
"PRKACB","OR2M4"
"PRKACB","OR2L2"
"PRKACB","OR2K2"
"PRKACB","OR7A17"
"PRKACB","OR5L2"
"PRKACB","OR5K1"
"PRKACB","OR5H1"
"PRKACB","OR10J1"
"PRKACB","OR8B8"
"PRKACB","OR8G1"
"PRKACB","OR10A3"
"PRKACB","OR10D3"
"PRKACB","OR12D2"
"PRKACB","OR12D1"
"PRKACB","OR11A1"
"PRKACB","OR10H3"
"PRKACB","OR10G3"
"PRKACB","OR10G2"
"PRKACB","OR10H2"
"PRKACB","OR10H1"
"PRKACB","OR8B2"
"PRKACB","OR7E24"
"PRKACB","OR7C2"
"PRKACB","OR7A5"
"PRKACB","OR7C1"
"PRKACB","OR4F3"
"PRKACB","OR4E2"
"PRKACB","OR4E1"
"PRKACB","OR4D1"
"PRKACB","OR2W1"
"PRKACB","OR2V1"
"PRKACB","OR2T1"
"PRKACB","OR2J2"
"PRKACB","OR2H1"
"PRKACB","OR1L3"
"PRKACB","OR1L1"
"PRKACB","OR1J2"
"PRKACB","OR51B5"
"PRKACB","OR10AG1"
"PRKACB","OR5J2"
"PRKACB","OR4C13"
"PRKACB","OR4C12"
"PRKACB","OR51V1"
"PRKACB","OR8D1"
"PRKACB","OR8D2"
"PRKACB","OR8B4"
"PRKACB","OR9G4"
"PRKACB","OR10A4"
"PRKACB","OR6C6"
"PRKACB","OR4K3"
"PRKACB","OR4N4"
"PRKACB","OR2Z1"
"PRKACB","OR10H5"
"PRKACB","OR2L13"
"PRKACB","OR14A16"
"PRKACB","OR2V2"
"PRKACB","OR13C9"
"PRKACB","OR13D1"
"PRKACB","OR8D4"
"PRKACB","OR5F1"
"PRKACB","OR5AP2"
"PRKACB","OR52L1"
"PRKACB","OR2AG2"
"PRKACB","OR52B6"
"PRKACB","OR2AT4"
"PRKACB","OR10A2"
"PRKACB","OR6C2"
"PRKACB","OR6C4"
"PRKACB","OR8S1"
"PRKACB","OR6S1"
"PRKACB","OR6F1"
"PRKACB","OR14K1"
"PRKACB","OR2W3"
"PRKACB","OR2T8"
"PRKACB","OR2T3"
"PRKACB","OR10R2"
"PRKACB","OR2T29"
"PRKACB","OR6V1"
"PRKACB","OR2A12"
"PRKACB","OR2A1"
"PRKACB","OR1J1"
"PRKACB","OR1B1"
"PRKACB","OR13H1"
"PRKACB","OR56B1"
"PRKACB","OR14A2"
"PRKACB","OR6B2"
"PRKACB","OR52K1"
"PRKACB","OR52I1"
"PRKACB","OR51D1"
"PRKACB","OR52A5"
"PRKACB","OR51B6"
"PRKACB","OR51M1"
"PRKACB","OR51Q1"
"PRKACB","OR51I1"
"PRKACB","OR51I2"
"PRKACB","OR52D1"
"PRKACB","OR52H1"
"PRKACB","OR52N4"
"PRKACB","OR52N5"
"PRKACB","OR52N2"
"PRKACB","OR52E6"
"PRKACB","OR52E8"
"PRKACB","OR52E4"
"PRKACB","OR52E5"
"PRKACB","OR56A3"
"PRKACB","OR56A5"
"PRKACB","OR10A6"
"PRKACB","OR4X1"
"PRKACB","OR5D13"
"PRKACB","OR5D16"
"PRKACB","OR5W2"
"PRKACB","OR8H2"
"PRKACB","OR8H3"
"PRKACB","OR5T3"
"PRKACB","OR5T1"
"PRKACB","OR8K1"
"PRKACB","OR5M9"
"PRKACB","OR5M10"
"PRKACB","OR5M1"
"PRKACB","OR9G1"
"PRKACB","OR5AK2"
"PRKACB","OR5B2"
"PRKACB","OR5B12"
"PRKACB","OR5AN1"
"PRKACB","OR4D10"
"PRKACB","OR4D9"
"PRKACB","OR10V1"
"PRKACB","OR6X1"
"PRKACB","OR6M1"
"PRKACB","OR10G4"
"PRKACB","OR10G7"
"PRKACB","OR8B3"
"PRKACB","OR8A1"
"PRKACB","OR6C1"
"PRKACB","OR6C75"
"PRKACB","OR6C76"
"PRKACB","OR6C70"
"PRKACB","OR4N2"
"PRKACB","OR4K2"
"PRKACB","OR4Q2"
"PRKACB","OR4K13"
"PRKACB","OR4K17"
"PRKACB","OR4N5"
"PRKACB","OR11G2"
"PRKACB","OR11H7"
"PRKACB","OR11H4"
"PRKACB","OR5AU1"
"PRKACB","OR4M2"
"PRKACB","OR4F6"
"PRKACB","OR4F15"
"PRKACB","OR7G2"
"PRKACB","OR7G3"
"PRKACB","OR7A10"
"PRKACB","OR10K2"
"PRKACB","OR10K1"
"PRKACB","OR6Y1"
"PRKACB","OR6K3"
"PRKACB","OR10J4"
"PRKACB","OR11L1"
"PRKACB","OR2L8"
"PRKACB","OR2AK2"
"PRKACB","OR2L3"
"PRKACB","OR2M2"
"PRKACB","OR2T33"
"PRKACB","OR2M7"
"PRKACB","OR2G6"
"PRKACB","OR10AC1"
"PRKACB","OR2A25"
"PRKACB","OR13J1"
"PRKACB","OR13C2"
"PRKACB","OR1L6"
"PRKACB","OR5C1"
"PRKACB","OR1K1"
"PRKACB","OR2A5"
"PRKACB","OR2A7"
"PRKACB","OR51T1"
"PRKACB","OR51A4"
"PRKACB","OR51A2"
"PRKACB","OR2T2"
"PRKACB","OR2T5"
"PRKACB","OR14I1"
"PRKACB","OR5K2"
"PRKACB","OR2A42"
"PRKACB","OR2T27"
"PRKACB","OR2T35"
"PRKACB","OR4A47"
"PRKACB","OR4C45"
"PRKACB","OR5H14"
"PRKACB","OR5H15"
"PRKACB","OR5K3"
"PRKACB","OR5K4"
"PRKACB","OR6C65"
"PRKACB","OR6C68"
"PRKACB","OR11H12"
"PRKACB","OR4F21"
"PRKACB","OR5B3"
"PRKACB","OR9K2"
"PRKACB","OR4Q3"
"PRKACB","OR4M1"
"PRKACB","OR13G1"
"PRKACB","OR2B3"
"PRKACB","OR2J1"
"PRKACB","OR2J3"
"PRKACB","OR14J1"
"PRKACB","OR10C1"
"PRKACB","OR2A2"
"PRKACB","OR1D2"
"PRKACB","OR1F1"
"PRKACB","OR2C1"
"PRKACB","OR3A1"
"PRKACB","OR3A2"
"PRKACB","OR8U8"
"PRKACB","OR8U9"
"PRKACB","OR9G9"
"PRKACB","OR2S2"
"PRKACB","OR1D4"
"PRKACB","OR4F29"
"PRKACB","OR13A1"
"PRKACB","OR5H6"
"PRKACB","OR52E1"
"PRKACB","OR5H2"
"PRKACB","OR4K5"
"PRKACB","OR2H2"
"PRKACB","OR51G1"
"PRKACB","OR11H2"
"PRKACB","OR51B4"
"PRKACB","OR51B2"
"PRKACB","OR4C5"
"PRKACB","OR52N1"
"PRKACB","OR5AL1"
"PRKACB","OR10G6"
"PRKACB","OR4F5"
"PRKACB","OR2A4"
"PRKACB","OR4K1"
"PRKACB","OR6J1"
"PRKACB","OR5AC2"
"PRKACB","OR11H1"
"PRKACB","OR4F17"
"PRKACB","OR4K15"
"PRKACB","OR8J3"
"PRKACB","OR51G2"
"PRKACB","OR51E2"
"PRKACB","OR4P4"
"PRKACB","OR4C15"
"PRKACB","OR4A5"
"PRKACB","OR4A16"
"PRKACB","OR4A15"
"PRKACB","OR10W1"
"PRKACB","OR2AE1"
"PRKACB","OR4F16"
"PRKACB","OR6N2"
"PRKACB","OR6K2"
"PRKACB","OR2T7"
"PRKACB","OR2L5"
"PRKACB","OR2G3"
"PRKACB","OR2G2"
"PRKACB","OR2C3"
"PRKACB","OR5V1"
"PRKACB","OR2B2"
"PRKACB","OR12D3"
"PRKACB","OR1A1"
"PRKACB","OR1D5"
"PRKACB","OR1E1"
"PRKACB","OR1E2"
"PRKACB","OR1G1"
"PRKACB","OR3A3"
"PRKACB","OR6A2"
"PRKACG","LOC102723532"
"PRKACG","OR4N4C"
"PRKACG","OR5I1"
"PRKACG","LOC107987545"
"PRKACG","LOC112268384"
"PRKACG","OR52E2"
"PRKACG","OR52J3"
"PRKACG","OR51L1"
"PRKACG","OR51A7"
"PRKACG","OR51S1"
"PRKACG","OR51F2"
"PRKACG","OR52R1"
"PRKACG","OR4C46"
"PRKACG","OR4X2"
"PRKACG","OR4B1"
"PRKACG","OR52M1"
"PRKACG","OR52K2"
"PRKACG","OR5P2"
"PRKACG","OR5P3"
"PRKACG","OR8I2"
"PRKACG","OR2D3"
"PRKACG","OR2D2"
"PRKACG","OR52W1"
"PRKACG","OR56A4"
"PRKACG","OR56A1"
"PRKACG","OR2AP1"
"PRKACG","OR10P1"
"PRKACG","OR10AD1"
"PRKACG","OR10A7"
"PRKACG","OR4K14"
"PRKACG","OR4L1"
"PRKACG","OR11H6"
"PRKACG","OR4D2"
"PRKACG","OR7D4"
"PRKACG","OR7G1"
"PRKACG","OR1M1"
"PRKACG","OR1I1"
"PRKACG","OR10H4"
"PRKACG","OR2M5"
"PRKACG","OR2M3"
"PRKACG","OR2T12"
"PRKACG","OR14C36"
"PRKACG","OR2T34"
"PRKACG","OR2T10"
"PRKACG","OR2T4"
"PRKACG","OR2T11"
"PRKACG","OR10J5"
"PRKACG","OR2AJ1"
"PRKACG","OR2B11"
"PRKACG","OR10T2"
"PRKACG","OR6P1"
"PRKACG","OR10X1"
"PRKACG","OR10Z1"
"PRKACG","OR6K6"
"PRKACG","OR6N1"
"PRKACG","OR9A4"
"PRKACG","OR2Y1"
"PRKACG","OR9A2"
"PRKACG","OR2A14"
"PRKACG","OR6B1"
"PRKACG","OR2F2"
"PRKACG","OR13C5"
"PRKACG","OR13C8"
"PRKACG","OR13C3"
"PRKACG","OR13C4"
"PRKACG","OR13F1"
"PRKACG","OR1L8"
"PRKACG","OR1N2"
"PRKACG","OR1N1"
"PRKACG","OR52B4"
"PRKACG","OR52I2"
"PRKACG","OR51E1"
"PRKACG","OR10A5"
"PRKACG","OR2AG1"
"PRKACG","OR6B3"
"PRKACG","OR1Q1"
"PRKACG","OR7D2"
"PRKACG","OR56B4"
"PRKACG","OR8U1"
"PRKACG","OR4C16"
"PRKACG","OR4C11"
"PRKACG","OR4S2"
"PRKACG","OR4C6"
"PRKACG","OR5D14"
"PRKACG","OR5L1"
"PRKACG","OR5D18"
"PRKACG","OR5AS1"
"PRKACG","OR8K5"
"PRKACG","OR5T2"
"PRKACG","OR8H1"
"PRKACG","OR8K3"
"PRKACG","OR8J1"
"PRKACG","OR8U3"
"PRKACG","OR5M3"
"PRKACG","OR5M8"
"PRKACG","OR5M11"
"PRKACG","OR5AR1"
"PRKACG","OR8B12"
"PRKACG","OR8G5"
"PRKACG","OR10G8"
"PRKACG","OR10G9"
"PRKACG","OR10S1"
"PRKACG","OR6T1"
"PRKACG","OR4D5"
"PRKACG","OR6Q1"
"PRKACG","OR9I1"
"PRKACG","OR9Q1"
"PRKACG","OR9Q2"
"PRKACG","OR1S2"
"PRKACG","OR1S1"
"PRKACG","OR10Q1"
"PRKACG","OR5B17"
"PRKACG","OR5B21"
"PRKACG","OR5A2"
"PRKACG","OR5A1"
"PRKACG","OR4D6"
"PRKACG","OR4D11"
"PRKACG","OR52A1"
"PRKACG","OR6C74"
"PRKACG","OR6C3"
"PRKACG","OR2T6"
"PRKACG","OR1L4"
"PRKACG","OR52B2"
"PRKACG","OR4C3"
"PRKACG","OR4S1"
"PRKACG","OR51F1"
"PRKACG","OR1C1"
"PRKACG","OR1A2"
"PRKACG","OR2F1"
"PRKACG","OR2B6"
"PRKACG","OR1J4"
"PRKACG","OR2M4"
"PRKACG","OR2L2"
"PRKACG","OR2K2"
"PRKACG","OR7A17"
"PRKACG","OR5L2"
"PRKACG","OR5K1"
"PRKACG","OR5H1"
"PRKACG","OR10J1"
"PRKACG","OR8B8"
"PRKACG","OR8G1"
"PRKACG","OR10A3"
"PRKACG","OR10D3"
"PRKACG","OR12D2"
"PRKACG","OR12D1"
"PRKACG","OR11A1"
"PRKACG","OR10H3"
"PRKACG","OR10G3"
"PRKACG","OR10G2"
"PRKACG","OR10H2"
"PRKACG","OR10H1"
"PRKACG","OR8B2"
"PRKACG","OR7E24"
"PRKACG","OR7C2"
"PRKACG","OR7A5"
"PRKACG","OR7C1"
"PRKACG","OR4F3"
"PRKACG","OR4E2"
"PRKACG","OR4E1"
"PRKACG","OR4D1"
"PRKACG","OR2W1"
"PRKACG","OR2V1"
"PRKACG","OR2T1"
"PRKACG","OR2J2"
"PRKACG","OR2H1"
"PRKACG","OR1L3"
"PRKACG","OR1L1"
"PRKACG","OR1J2"
"PRKACG","OR51B5"
"PRKACG","OR10AG1"
"PRKACG","OR5J2"
"PRKACG","OR4C13"
"PRKACG","OR4C12"
"PRKACG","OR51V1"
"PRKACG","OR8D1"
"PRKACG","OR8D2"
"PRKACG","OR8B4"
"PRKACG","OR9G4"
"PRKACG","OR10A4"
"PRKACG","OR6C6"
"PRKACG","OR4K3"
"PRKACG","OR4N4"
"PRKACG","OR2Z1"
"PRKACG","OR10H5"
"PRKACG","OR2L13"
"PRKACG","OR14A16"
"PRKACG","OR2V2"
"PRKACG","OR13C9"
"PRKACG","OR13D1"
"PRKACG","OR8D4"
"PRKACG","OR5F1"
"PRKACG","OR5AP2"
"PRKACG","OR52L1"
"PRKACG","OR2AG2"
"PRKACG","OR52B6"
"PRKACG","OR2AT4"
"PRKACG","OR10A2"
"PRKACG","OR6C2"
"PRKACG","OR6C4"
"PRKACG","OR8S1"
"PRKACG","OR6S1"
"PRKACG","OR6F1"
"PRKACG","OR14K1"
"PRKACG","OR2W3"
"PRKACG","OR2T8"
"PRKACG","OR2T3"
"PRKACG","OR10R2"
"PRKACG","OR2T29"
"PRKACG","OR6V1"
"PRKACG","OR2A12"
"PRKACG","OR2A1"
"PRKACG","OR1J1"
"PRKACG","OR1B1"
"PRKACG","OR13H1"
"PRKACG","OR56B1"
"PRKACG","OR14A2"
"PRKACG","OR6B2"
"PRKACG","OR52K1"
"PRKACG","OR52I1"
"PRKACG","OR51D1"
"PRKACG","OR52A5"
"PRKACG","OR51B6"
"PRKACG","OR51M1"
"PRKACG","OR51Q1"
"PRKACG","OR51I1"
"PRKACG","OR51I2"
"PRKACG","OR52D1"
"PRKACG","OR52H1"
"PRKACG","OR52N4"
"PRKACG","OR52N5"
"PRKACG","OR52N2"
"PRKACG","OR52E6"
"PRKACG","OR52E8"
"PRKACG","OR52E4"
"PRKACG","OR52E5"
"PRKACG","OR56A3"
"PRKACG","OR56A5"
"PRKACG","OR10A6"
"PRKACG","OR4X1"
"PRKACG","OR5D13"
"PRKACG","OR5D16"
"PRKACG","OR5W2"
"PRKACG","OR8H2"
"PRKACG","OR8H3"
"PRKACG","OR5T3"
"PRKACG","OR5T1"
"PRKACG","OR8K1"
"PRKACG","OR5M9"
"PRKACG","OR5M10"
"PRKACG","OR5M1"
"PRKACG","OR9G1"
"PRKACG","OR5AK2"
"PRKACG","OR5B2"
"PRKACG","OR5B12"
"PRKACG","OR5AN1"
"PRKACG","OR4D10"
"PRKACG","OR4D9"
"PRKACG","OR10V1"
"PRKACG","OR6X1"
"PRKACG","OR6M1"
"PRKACG","OR10G4"
"PRKACG","OR10G7"
"PRKACG","OR8B3"
"PRKACG","OR8A1"
"PRKACG","OR6C1"
"PRKACG","OR6C75"
"PRKACG","OR6C76"
"PRKACG","OR6C70"
"PRKACG","OR4N2"
"PRKACG","OR4K2"
"PRKACG","OR4Q2"
"PRKACG","OR4K13"
"PRKACG","OR4K17"
"PRKACG","OR4N5"
"PRKACG","OR11G2"
"PRKACG","OR11H7"
"PRKACG","OR11H4"
"PRKACG","OR5AU1"
"PRKACG","OR4M2"
"PRKACG","OR4F6"
"PRKACG","OR4F15"
"PRKACG","OR7G2"
"PRKACG","OR7G3"
"PRKACG","OR7A10"
"PRKACG","OR10K2"
"PRKACG","OR10K1"
"PRKACG","OR6Y1"
"PRKACG","OR6K3"
"PRKACG","OR10J4"
"PRKACG","OR11L1"
"PRKACG","OR2L8"
"PRKACG","OR2AK2"
"PRKACG","OR2L3"
"PRKACG","OR2M2"
"PRKACG","OR2T33"
"PRKACG","OR2M7"
"PRKACG","OR2G6"
"PRKACG","OR10AC1"
"PRKACG","OR2A25"
"PRKACG","OR13J1"
"PRKACG","OR13C2"
"PRKACG","OR1L6"
"PRKACG","OR5C1"
"PRKACG","OR1K1"
"PRKACG","OR2A5"
"PRKACG","OR2A7"
"PRKACG","OR51T1"
"PRKACG","OR51A4"
"PRKACG","OR51A2"
"PRKACG","OR2T2"
"PRKACG","OR2T5"
"PRKACG","OR14I1"
"PRKACG","OR5K2"
"PRKACG","OR2A42"
"PRKACG","OR2T27"
"PRKACG","OR2T35"
"PRKACG","OR4A47"
"PRKACG","OR4C45"
"PRKACG","OR5H14"
"PRKACG","OR5H15"
"PRKACG","OR5K3"
"PRKACG","OR5K4"
"PRKACG","OR6C65"
"PRKACG","OR6C68"
"PRKACG","OR11H12"
"PRKACG","OR4F21"
"PRKACG","OR5B3"
"PRKACG","OR9K2"
"PRKACG","OR4Q3"
"PRKACG","OR4M1"
"PRKACG","OR13G1"
"PRKACG","OR2B3"
"PRKACG","OR2J1"
"PRKACG","OR2J3"
"PRKACG","OR14J1"
"PRKACG","OR10C1"
"PRKACG","OR2A2"
"PRKACG","OR1D2"
"PRKACG","OR1F1"
"PRKACG","OR2C1"
"PRKACG","OR3A1"
"PRKACG","OR3A2"
"PRKACG","OR8U8"
"PRKACG","OR8U9"
"PRKACG","OR9G9"
"PRKACG","OR2S2"
"PRKACG","OR1D4"
"PRKACG","OR4F29"
"PRKACG","OR13A1"
"PRKACG","OR5H6"
"PRKACG","OR52E1"
"PRKACG","OR5H2"
"PRKACG","OR4K5"
"PRKACG","OR2H2"
"PRKACG","OR51G1"
"PRKACG","OR11H2"
"PRKACG","OR51B4"
"PRKACG","OR51B2"
"PRKACG","OR4C5"
"PRKACG","OR52N1"
"PRKACG","OR5AL1"
"PRKACG","OR10G6"
"PRKACG","OR4F5"
"PRKACG","OR2A4"
"PRKACG","OR4K1"
"PRKACG","OR6J1"
"PRKACG","OR5AC2"
"PRKACG","OR11H1"
"PRKACG","OR4F17"
"PRKACG","OR4K15"
"PRKACG","OR8J3"
"PRKACG","OR51G2"
"PRKACG","OR51E2"
"PRKACG","OR4P4"
"PRKACG","OR4C15"
"PRKACG","OR4A5"
"PRKACG","OR4A16"
"PRKACG","OR4A15"
"PRKACG","OR10W1"
"PRKACG","OR2AE1"
"PRKACG","OR4F16"
"PRKACG","OR6N2"
"PRKACG","OR6K2"
"PRKACG","OR2T7"
"PRKACG","OR2L5"
"PRKACG","OR2G3"
"PRKACG","OR2G2"
"PRKACG","OR2C3"
"PRKACG","OR5V1"
"PRKACG","OR2B2"
"PRKACG","OR12D3"
"PRKACG","OR1A1"
"PRKACG","OR1D5"
"PRKACG","OR1E1"
"PRKACG","OR1E2"
"PRKACG","OR1G1"
"PRKACG","OR3A3"
"PRKACG","OR6A2"
"OR2S2","GNAL"
"OR2S2","GNB1"
"OR2S2","GNG7"
"OR2S2","GNG13"
"RGS2","ADCY3"
"OR1D4","GNAL"
"OR1D4","GNB1"
"OR1D4","GNG7"
"OR1D4","GNG13"
"OR4F29","GNAL"
"OR4F29","GNB1"
"OR4F29","GNG7"
"OR4F29","GNG13"
"OR13A1","GNAL"
"OR13A1","GNB1"
"OR13A1","GNG7"
"OR13A1","GNG13"
"OR5H6","GNAL"
"OR5H6","GNB1"
"OR5H6","GNG7"
"OR5H6","GNG13"
"OR52E1","GNAL"
"OR52E1","GNB1"
"OR52E1","GNG7"
"OR52E1","GNG13"
"OR5H2","GNAL"
"OR5H2","GNB1"
"OR5H2","GNG7"
"OR5H2","GNG13"
"OR4K5","GNAL"
"OR4K5","GNB1"
"OR4K5","GNG7"
"OR4K5","GNG13"
"OR2H2","GNAL"
"OR2H2","GNB1"
"OR2H2","GNG7"
"OR2H2","GNG13"
"OR51G1","GNAL"
"OR51G1","GNB1"
"OR51G1","GNG7"
"OR51G1","GNG13"
"OR11H2","GNAL"
"OR11H2","GNB1"
"OR11H2","GNG7"
"OR11H2","GNG13"
"OR51B4","GNAL"
"OR51B4","GNB1"
"OR51B4","GNG7"
"OR51B4","GNG13"
"OR51B2","GNAL"
"OR51B2","GNB1"
"OR51B2","GNG7"
"OR51B2","GNG13"
"OR4C5","GNAL"
"OR4C5","GNB1"
"OR4C5","GNG7"
"OR4C5","GNG13"
"OR52N1","GNAL"
"OR52N1","GNB1"
"OR52N1","GNG7"
"OR52N1","GNG13"
"OR5AL1","GNAL"
"OR5AL1","GNB1"
"OR5AL1","GNG7"
"OR5AL1","GNG13"
"OR10G6","GNAL"
"OR10G6","GNB1"
"OR10G6","GNG7"
"OR10G6","GNG13"
"OR4F5","GNAL"
"OR4F5","GNB1"
"OR4F5","GNG7"
"OR4F5","GNG13"
"OR2A4","GNAL"
"OR2A4","GNB1"
"OR2A4","GNG7"
"OR2A4","GNG13"
"OR4K1","GNAL"
"OR4K1","GNB1"
"OR4K1","GNG7"
"OR4K1","GNG13"
"OR6J1","GNAL"
"OR6J1","GNB1"
"OR6J1","GNG7"
"OR6J1","GNG13"
"CALM1","CNGB1"
"CALM1","CNGA2"
"CALM1","CNGA4"
"CALM2","CNGB1"
"CALM2","CNGA2"
"CALM2","CNGA4"
"CALM3","CNGB1"
"CALM3","CNGA2"
"CALM3","CNGA4"
"CALML3","CNGB1"
"CALML3","CNGA2"
"CALML3","CNGA4"
"OR5AC2","GNAL"
"OR5AC2","GNB1"
"OR5AC2","GNG7"
"OR5AC2","GNG13"
"OR11H1","GNAL"
"OR11H1","GNB1"
"OR11H1","GNG7"
"OR11H1","GNG13"
"OR4F17","GNAL"
"OR4F17","GNB1"
"OR4F17","GNG7"
"OR4F17","GNG13"
"OR4K15","GNAL"
"OR4K15","GNB1"
"OR4K15","GNG7"
"OR4K15","GNG13"
"OR8J3","GNAL"
"OR8J3","GNB1"
"OR8J3","GNG7"
"OR8J3","GNG13"
"OR51G2","GNAL"
"OR51G2","GNB1"
"OR51G2","GNG7"
"OR51G2","GNG13"
"OR51E2","GNAL"
"OR51E2","GNB1"
"OR51E2","GNG7"
"OR51E2","GNG13"
"OR4P4","GNAL"
"OR4P4","GNB1"
"OR4P4","GNG7"
"OR4P4","GNG13"
"OR4C15","GNAL"
"OR4C15","GNB1"
"OR4C15","GNG7"
"OR4C15","GNG13"
"OR4A5","GNAL"
"OR4A5","GNB1"
"OR4A5","GNG7"
"OR4A5","GNG13"
"OR4A16","GNAL"
"OR4A16","GNB1"
"OR4A16","GNG7"
"OR4A16","GNG13"
"OR4A15","GNAL"
"OR4A15","GNB1"
"OR4A15","GNG7"
"OR4A15","GNG13"
"OR10W1","GNAL"
"OR10W1","GNB1"
"OR10W1","GNG7"
"OR10W1","GNG13"
"OR2AE1","GNAL"
"OR2AE1","GNB1"
"OR2AE1","GNG7"
"OR2AE1","GNG13"
"OR4F16","GNAL"
"OR4F16","GNB1"
"OR4F16","GNG7"
"OR4F16","GNG13"
"OR6N2","GNAL"
"OR6N2","GNB1"
"OR6N2","GNG7"
"OR6N2","GNG13"
"OR6K2","GNAL"
"OR6K2","GNB1"
"OR6K2","GNG7"
"OR6K2","GNG13"
"OR2T7","GNAL"
"OR2T7","GNB1"
"OR2T7","GNG7"
"OR2T7","GNG13"
"OR2L5","GNAL"
"OR2L5","GNB1"
"OR2L5","GNG7"
"OR2L5","GNG13"
"OR2G3","GNAL"
"OR2G3","GNB1"
"OR2G3","GNG7"
"OR2G3","GNG13"
"OR2G2","GNAL"
"OR2G2","GNB1"
"OR2G2","GNG7"
"OR2G2","GNG13"
"OR2C3","GNAL"
"OR2C3","GNB1"
"OR2C3","GNG7"
"OR2C3","GNG13"
"OR5V1","GNAL"
"OR5V1","GNB1"
"OR5V1","GNG7"
"OR5V1","GNG13"
"OR2B2","GNAL"
"OR2B2","GNB1"
"OR2B2","GNG7"
"OR2B2","GNG13"
"OR12D3","GNAL"
"OR12D3","GNB1"
"OR12D3","GNG7"
"OR12D3","GNG13"
"OR1A1","GNAL"
"OR1A1","GNB1"
"OR1A1","GNG7"
"OR1A1","GNG13"
"OR1D5","GNAL"
"OR1D5","GNB1"
"OR1D5","GNG7"
"OR1D5","GNG13"
"OR1E1","GNAL"
"OR1E1","GNB1"
"OR1E1","GNG7"
"OR1E1","GNG13"
"OR1E2","GNAL"
"OR1E2","GNB1"
"OR1E2","GNG7"
"OR1E2","GNG13"
"OR1G1","GNAL"
"OR1G1","GNB1"
"OR1G1","GNG7"
"OR1G1","GNG13"
"OR3A3","GNAL"
"OR3A3","GNB1"
"OR3A3","GNG7"
"OR3A3","GNG13"
"NCALD","GUCY2D"
"OR6A2","GNAL"
"OR6A2","GNB1"
"OR6A2","GNG7"
"OR6A2","GNG13"
"CALML4","CNGB1"
"CALML4","CNGA2"
"CALML4","CNGA4"
"CHRM3","CALHM1"
"GNB3","PDE1A"
"GNB3","PDE1C"
"GNB3","PDE1B"
"GNAT3","PLCB1"
"GNAT3","PDE1A"
"GNAT3","PDE1C"
"GNAT3","PDE1B"
"GNAT3","PLCB2"
"GNAT3","PLCB3"
"GNAT3","PLCB4"
"GNG13","PDE1A"
"GNG13","PDE1C"
"GNG13","PDE1B"
"SCN2A","CALHM1"
"SCN3A","CALHM1"
"SCN9A","CALHM1"
"TAS1R2","GNB3"
"TAS1R2","GNAT3"
"TAS1R2","GNG13"
"TAS1R1","GNB3"
"TAS1R1","GNAT3"
"TAS1R1","GNG13"
"TAS1R3","GNB3"
"TAS1R3","GNAT3"
"TAS1R3","GNG13"
"GUCA1ANB-GUCA1A","GUCY2F"
"GUCA1ANB-GUCA1A","GUCY2D"
"GRK7","RHO"
"CALML6","CNGA1"
"GNAT1","PDE6A"
"GNAT1","PDE6G"
"GNAT1","PDE6B"
"GNAT2","PDE6A"
"GNAT2","PDE6G"
"GNAT2","PDE6B"
"GNB1","PDE6A"
"GNB1","PDE6G"
"GNB1","PDE6B"
"GNGT1","PDE6A"
"GNGT1","PDE6G"
"GNGT1","PDE6B"
"GUCA1A","GUCY2F"
"GUCA1A","GUCY2D"
"GUCA1B","GUCY2F"
"GUCA1B","GUCY2D"
"CALML5","CNGA1"
"RCVRN","GRK7"
"RCVRN","GRK1"
"RHO","GNAT1"
"RHO","GNAT2"
"RHO","GNB1"
"RHO","GNGT1"
"GRK1","RHO"
"SAG","RHO"
"CALM1","CNGA1"
"CALM2","CNGA1"
"CALM3","CNGA1"
"CALML3","CNGA1"
"RGS9","GNAT1"
"RGS9","GNAT2"
"RGS9","GNB1"
"RGS9","GNGT1"
"CALML4","CNGA1"
"GUCA1C","GUCY2F"
"GUCA1C","GUCY2D"
"MAPK14","TRPV1"
"F2RL1","GNAQ"
"IGF1","TRPV2"
"IL1R1","MAP2K3"
"IL1R1","MAP2K6"
"IL1RAP","MAP2K3"
"IL1RAP","MAP2K6"
"P2RY2","GNAQ"
"PIK3CA","PRKCD"
"PIK3CB","PRKCD"
"PIK3CD","PRKCD"
"PIK3R1","PRKCD"
"PIK3R2","PRKCD"
"PPP1CA","TRPM8"
"PPP1CB","TRPM8"
"PPP1CC","TRPM8"
"PRKACA","TRPV4"
"PRKACA","TRPV1"
"PRKACA","TRPM8"
"PRKACB","TRPV4"
"PRKACB","TRPV1"
"PRKACB","TRPM8"
"PRKACG","TRPV4"
"PRKACG","TRPV1"
"PRKACG","TRPM8"
"PRKCA","TRPV4"
"PRKCB","TRPV4"
"PRKCD","TRPV4"
"PRKCD","SRC"
"PRKCE","PPP1CA"
"PRKCE","PPP1CB"
"PRKCE","PPP1CC"
"PRKCE","TRPV4"
"PRKCE","TRPV1"
"PRKCE","TRPA1"
"PRKCG","TRPV4"
"PRKCH","TRPV4"
"PRKCQ","TRPV4"
"MAPK8","TRPV1"
"MAPK11","TRPV1"
"MAPK9","TRPV1"
"MAPK10","TRPV1"
"MAPK13","TRPV1"
"MAP2K3","MAPK8"
"MAP2K3","MAPK9"
"MAP2K3","MAPK10"
"MAP2K6","MAPK8"
"MAP2K6","MAPK9"
"MAP2K6","MAPK10"
"PTGER4","GNAS"
"MAPK12","TRPV1"
"SRC","TRPV1"
"CAMK2A","TRPV1"
"CAMK2B","TRPV1"
"CAMK2D","TRPV1"
"CAMK2G","TRPV1"
"PIK3R3","PRKCD"
"AKT3","RGCC"
"ABI2","BRK1"
"ABI2","WASF1"
"APC2","SPATA13"
"APC2","ARHGEF4"
"BAIAP2","WASF2"
"BAIAP2","ENAH"
"NCKAP1","BRK1"
"NCKAP1","WASF1"
"CHRM1","GNG12"
"CHRM3","GNG12"
"CHRM5","GNG12"
"DIAPH1","PFN3"
"DIAPH1","PFN4"
"DIAPH1","PFN1"
"DIAPH1","PFN2"
"DIAPH2","PFN3"
"DIAPH2","PFN4"
"DIAPH2","PFN1"
"DIAPH2","PFN2"
"EGF","INSRR"
"EGFR","SOS1"
"EGFR","SOS2"
"PIKFYVE","GSN"
"PIKFYVE","SCIN"
"AKT1","RGCC"
"AKT2","RGCC"
"SPATA13","RAC1"
"SPATA13","RAC2"
"SPATA13","RAC3"
"FGD1","CDC42"
"FGF1","INSRR"
"FGF2","INSRR"
"FGF3","INSRR"
"FGF4","INSRR"
"FGF5","INSRR"
"FGF6","INSRR"
"FGF7","INSRR"
"FGF8","INSRR"
"FGF9","INSRR"
"FGF10","INSRR"
"FGFR1","SOS1"
"FGFR1","SOS2"
"FGFR3","SOS1"
"FGFR3","SOS2"
"FGFR2","SOS1"
"FGFR2","SOS2"
"FGFR4","SOS1"
"FGFR4","SOS2"
"RRAS2","MOS"
"RRAS2","ARHGEF6"
"ITGA11","CRK"
"ITGA11","CRKL"
"ITGA11","PTK2"
"ITGA11","SRC"
"ITGA11","BCAR1"
"MRAS","MOS"
"MRAS","ARHGEF6"
"CYFIP1","BRK1"
"CYFIP1","WASF1"
"FN1","ITGAD"
"FN1","ITGAE"
"FN1","ITGAL"
"FN1","ITGAM"
"FN1","ITGAX"
"FN1","ITGB2"
"PIP5K1C","GSN"
"PIP5K1C","SCIN"
"FGF20","INSRR"
"FGF21","INSRR"
"CYFIP2","BRK1"
"CYFIP2","WASF1"
"FGF22","INSRR"
"GIT1","PXN"
"RGCC","RHOA"
"NCKAP1L","BRK1"
"NCKAP1L","WASF1"
"APC","SPATA13"
"APC","ARHGEF4"
"HRAS","MOS"
"HRAS","ARHGEF6"
"INS","INSRR"
"INSRR","SOS1"
"INSRR","SOS2"
"ITGA6","CRK"
"ITGA6","CRKL"
"ITGA6","PTK2"
"ITGA6","SRC"
"ITGA6","BCAR1"
"ITGA1","CRK"
"ITGA1","CRKL"
"ITGA1","PTK2"
"ITGA1","SRC"
"ITGA1","BCAR1"
"ITGA2","CRK"
"ITGA2","CRKL"
"ITGA2","PTK2"
"ITGA2","SRC"
"ITGA2","BCAR1"
"ITGA2B","CRK"
"ITGA2B","CRKL"
"ITGA2B","PTK2"
"ITGA2B","SRC"
"ITGA2B","BCAR1"
"ITGA3","CRK"
"ITGA3","CRKL"
"ITGA3","PTK2"
"ITGA3","SRC"
"ITGA3","BCAR1"
"ITGA4","CRK"
"ITGA4","CRKL"
"ITGA4","PTK2"
"ITGA4","SRC"
"ITGA4","BCAR1"
"ITGA5","CRK"
"ITGA5","CRKL"
"ITGA5","PTK2"
"ITGA5","SRC"
"ITGA5","BCAR1"
"ITGA7","CRK"
"ITGA7","CRKL"
"ITGA7","PTK2"
"ITGA7","SRC"
"ITGA7","BCAR1"
"ITGA9","CRK"
"ITGA9","CRKL"
"ITGA9","PTK2"
"ITGA9","SRC"
"ITGA9","BCAR1"
"ITGAD","CRK"
"ITGAD","CRKL"
"ITGAD","PTK2"
"ITGAD","SRC"
"ITGAD","BCAR1"
"ITGAE","CRK"
"ITGAE","CRKL"
"ITGAE","PTK2"
"ITGAE","SRC"
"ITGAE","BCAR1"
"ITGAL","CRK"
"ITGAL","CRKL"
"ITGAL","PTK2"
"ITGAL","SRC"
"ITGAL","BCAR1"
"ITGAM","CRK"
"ITGAM","CRKL"
"ITGAM","PTK2"
"ITGAM","SRC"
"ITGAM","BCAR1"
"ITGAV","CRK"
"ITGAV","CRKL"
"ITGAV","PTK2"
"ITGAV","SRC"
"ITGAV","BCAR1"
"ITGAX","CRK"
"ITGAX","CRKL"
"ITGAX","PTK2"
"ITGAX","SRC"
"ITGAX","BCAR1"
"ITGB1","CRK"
"ITGB1","CRKL"
"ITGB1","BCAR1"
"ITGB2","CRK"
"ITGB2","CRKL"
"ITGB2","PTK2"
"ITGB2","SRC"
"ITGB2","BCAR1"
"ITGB3","CRK"
"ITGB3","CRKL"
"ITGB3","BCAR1"
"ITGB4","CRK"
"ITGB4","CRKL"
"ITGB4","BCAR1"
"ITGB5","CRK"
"ITGB5","CRKL"
"ITGB5","BCAR1"
"ITGB6","CRK"
"ITGB6","CRKL"
"ITGB6","BCAR1"
"ITGB7","CRK"
"ITGB7","CRKL"
"ITGB7","BCAR1"
"ITGB8","CRK"
"ITGB8","CRKL"
"ITGB8","BCAR1"
"KNG1","CHRM1"
"KNG1","CHRM2"
"KNG1","CHRM3"
"KNG1","CHRM4"
"KNG1","CHRM5"
"KRAS","MOS"
"KRAS","ARHGEF6"
"RHOA","DIAPH2"
"RHOA","RAC1"
"RHOA","RAC2"
"RHOA","RAC3"
"NRAS","MOS"
"NRAS","ARHGEF6"
"ARHGEF4","RAC1"
"ARHGEF4","RAC2"
"ARHGEF4","RAC3"
"PDGFA","INSRR"
"PDGFB","INSRR"
"PDGFRA","SOS1"
"PDGFRA","SOS2"
"PDGFRB","SOS1"
"PDGFRB","SOS2"
"PIP4K2A","GSN"
"PIP4K2A","SCIN"
"BRK1","ARPC5"
"BRK1","ARPC4"
"BRK1","ARPC3"
"BRK1","ARPC1B"
"BRK1","ACTR3"
"BRK1","ACTR2"
"BRK1","ARPC2"
"BRK1","ARPC1A"
"BRK1","ACTR3B"
"BRK1","ACTR3C"
"BRK1","ARPC5L"
"MAPK1","ROCK1"
"MAPK1","ROCK2"
"MAPK3","ROCK1"
"MAPK3","ROCK2"
"GNG12","PAK4"
"GNG12","BUB1B-PAK6"
"GNG12","FGD1"
"GNG12","PAK1"
"GNG12","PAK2"
"GNG12","PAK3"
"GNG12","PAK6"
"GNG12","PAK5"
"GNG12","FGD3"
"PDGFC","INSRR"
"PTK2","DOCK1"
"RAC1","ABI2"
"RAC1","NCKAP1"
"RAC1","IQGAP2"
"RAC1","IQGAP3"
"RAC1","CYFIP1"
"RAC1","CYFIP2"
"RAC1","NCKAP1L"
"RAC2","ABI2"
"RAC2","NCKAP1"
"RAC2","IQGAP2"
"RAC2","IQGAP3"
"RAC2","CYFIP1"
"RAC2","CYFIP2"
"RAC2","NCKAP1L"
"RAC3","ABI2"
"RAC3","NCKAP1"
"RAC3","IQGAP2"
"RAC3","IQGAP3"
"RAC3","CYFIP1"
"RAC3","CYFIP2"
"RAC3","NCKAP1L"
"BDKRB1","GNG12"
"RRAS","MOS"
"RRAS","ARHGEF6"
"BDKRB2","GNG12"
"SLC9A1","MSN"
"SLC9A1","RDX"
"SLC9A1","EZR"
"C5","AKT3"
"C5","AKT1"
"C5","AKT2"
"C6","AKT3"
"C6","AKT1"
"C6","AKT2"
"C7","AKT3"
"C7","AKT1"
"C7","AKT2"
"C8A","AKT3"
"C8A","AKT1"
"C8A","AKT2"
"C8B","AKT3"
"C8B","AKT1"
"C8B","AKT2"
"C8G","AKT3"
"C8G","AKT1"
"C8G","AKT2"
"C9","AKT3"
"C9","AKT1"
"C9","AKT2"
"CXCR4","GNA13"
"CXCR4","GNA12"
"PIP4K2C","GSN"
"PIP4K2C","SCIN"
"PDGFD","INSRR"
"FGF23","INSRR"
"DIAPH3","BAIAP2"
"PIP5K1A","GSN"
"PIP5K1A","SCIN"
"PIP5K1B","GSN"
"PIP5K1B","SCIN"
"PIP4K2B","GSN"
"PIP4K2B","SCIN"
"ITGA10","CRK"
"ITGA10","CRKL"
"ITGA10","PTK2"
"ITGA10","SRC"
"ITGA10","BCAR1"
"ITGA8","CRK"
"ITGA8","CRKL"
"ITGA8","PTK2"
"ITGA8","SRC"
"ITGA8","BCAR1"
"FGF18","INSRR"
"FGF17","INSRR"
"FGF16","INSRR"
"ARHGEF7","ARHGEF12"
"ARHGEF7","GIT1"
"ARHGEF7","RAC1"
"ARHGEF7","RAC2"
"ARHGEF7","RAC3"
"ARHGEF7","ARHGEF1"
"WASL","ARPC5"
"WASL","ARPC4"
"WASL","ARPC3"
"WASL","ARPC1B"
"WASL","ACTR3"
"WASL","ACTR2"
"WASL","ARPC2"
"WASL","ARPC1A"
"WASL","ACTR3B"
"WASL","ACTR3C"
"WASL","ARPC5L"
"FGD3","CDC42"
"ARHGEF6","ARHGEF12"
"ARHGEF6","GIT1"
"ARHGEF6","RAC1"
"ARHGEF6","RAC2"
"ARHGEF6","RAC3"
"ARHGEF6","ARHGEF1"
"BCAR1","DOCK1"
"FGF19","INSRR"
"CDC42","IQGAP2"
"CDC42","IQGAP3"
"CDC42","DIAPH3"
"SH2B2","CBL"
"SH2B2","CBLB"
"SOCS4","INSR"
"CRK","RHOQ"
"CRKL","RHOQ"
"CALML6","PYGB"
"CALML6","PYGL"
"CALML6","PYGM"
"FOXO1","FBP1"
"FOXO1","FBP2"
"RAPGEF1","RHOQ"
"IKBKB","IRS1"
"IKBKB","IRS4"
"IKBKB","IRS2"
"INSR","SH2B2"
"INSR","CBL"
"INSR","CBLB"
"IRS1","GRB2"
"PDPK1","PRKCI"
"CALML5","PYGB"
"CALML5","PYGL"
"CALML5","PYGM"
"PHKA1","PYGB"
"PHKA1","PYGL"
"PHKA1","PYGM"
"PHKA2","PYGB"
"PHKA2","PYGL"
"PHKA2","PYGM"
"PHKB","PYGB"
"PHKB","PYGL"
"PHKB","PYGM"
"PHKG1","PYGB"
"PHKG1","PYGL"
"PHKG1","PYGM"
"PHKG2","PYGB"
"PHKG2","PYGL"
"PHKG2","PYGM"
"PIK3CA","PRKCI"
"PIK3CA","RPTOR"
"PIK3CB","PRKCI"
"PIK3CB","RPTOR"
"PIK3CD","PRKCI"
"PIK3CD","RPTOR"
"PIK3R1","PRKCI"
"PIK3R1","RPTOR"
"PIK3R2","PRKCI"
"PIK3R2","RPTOR"
"PPP1CA","CALML6"
"PPP1CA","GYS1"
"PPP1CA","GYS2"
"PPP1CA","CALML5"
"PPP1CA","PHKA1"
"PPP1CA","PHKA2"
"PPP1CA","PHKB"
"PPP1CA","PHKG1"
"PPP1CA","PHKG2"
"PPP1CA","CALM1"
"PPP1CA","CALM2"
"PPP1CA","CALM3"
"PPP1CA","CALML3"
"PPP1CA","CALML4"
"PPP1CB","CALML6"
"PPP1CB","GYS1"
"PPP1CB","GYS2"
"PPP1CB","CALML5"
"PPP1CB","PHKA1"
"PPP1CB","PHKA2"
"PPP1CB","PHKB"
"PPP1CB","PHKG1"
"PPP1CB","PHKG2"
"PPP1CB","CALM1"
"PPP1CB","CALM2"
"PPP1CB","CALM3"
"PPP1CB","CALML3"
"PPP1CB","CALML4"
"PPP1CC","CALML6"
"PPP1CC","GYS1"
"PPP1CC","GYS2"
"PPP1CC","CALML5"
"PPP1CC","PHKA1"
"PPP1CC","PHKA2"
"PPP1CC","PHKB"
"PPP1CC","PHKG1"
"PPP1CC","PHKG2"
"PPP1CC","CALM1"
"PPP1CC","CALM2"
"PPP1CC","CALM3"
"PPP1CC","CALML3"
"PPP1CC","CALML4"
"PPP1R3A","CALML6"
"PPP1R3A","GYS1"
"PPP1R3A","GYS2"
"PPP1R3A","CALML5"
"PPP1R3A","PHKA1"
"PPP1R3A","PHKA2"
"PPP1R3A","PHKB"
"PPP1R3A","PHKG1"
"PPP1R3A","PHKG2"
"PPP1R3A","CALM1"
"PPP1R3A","CALM2"
"PPP1R3A","CALM3"
"PPP1R3A","CALML3"
"PPP1R3A","CALML4"
"PPP1R3C","CALML6"
"PPP1R3C","GYS1"
"PPP1R3C","GYS2"
"PPP1R3C","CALML5"
"PPP1R3C","PHKA1"
"PPP1R3C","PHKA2"
"PPP1R3C","PHKB"
"PPP1R3C","PHKG1"
"PPP1R3C","PHKG2"
"PPP1R3C","CALM1"
"PPP1R3C","CALM2"
"PPP1R3C","CALM3"
"PPP1R3C","CALML3"
"PPP1R3C","CALML4"
"PPP1R3D","CALML6"
"PPP1R3D","GYS1"
"PPP1R3D","GYS2"
"PPP1R3D","CALML5"
"PPP1R3D","PHKA1"
"PPP1R3D","PHKA2"
"PPP1R3D","PHKB"
"PPP1R3D","PHKG1"
"PPP1R3D","PHKG2"
"PPP1R3D","CALM1"
"PPP1R3D","CALM2"
"PPP1R3D","CALM3"
"PPP1R3D","CALML3"
"PPP1R3D","CALML4"
"PRKAR1A","LIPE"
"PRKAR1B","LIPE"
"PRKAR2A","LIPE"
"PRKAR2B","LIPE"
"PRKCI","SLC2A4"
"PRKCZ","SLC2A4"
"MAPK8","IRS1"
"MAPK8","IRS4"
"MAPK8","IRS2"
"MAPK9","IRS1"
"MAPK9","IRS4"
"MAPK9","IRS2"
"MAPK10","IRS1"
"MAPK10","IRS4"
"MAPK10","IRS2"
"PTPN1","INSR"
"PTPN1","IRS1"
"PTPN1","IRS4"
"PTPN1","IRS2"
"PTPRF","INSR"
"PTPRF","IRS1"
"PTPRF","IRS4"
"PTPRF","IRS2"
"SREBF1","GCK"
"SREBF1","HK1"
"SREBF1","HK2"
"SREBF1","HK3"
"SREBF1","ACACB"
"SREBF1","PKLR"
"SREBF1","HKDC1"
"PPP1R3B","CALML6"
"PPP1R3B","GYS1"
"PPP1R3B","GYS2"
"PPP1R3B","CALML5"
"PPP1R3B","PHKA1"
"PPP1R3B","PHKA2"
"PPP1R3B","PHKB"
"PPP1R3B","PHKG1"
"PPP1R3B","PHKG2"
"PPP1R3B","CALM1"
"PPP1R3B","CALM2"
"PPP1R3B","CALM3"
"PPP1R3B","CALML3"
"PPP1R3B","CALML4"
"CALM1","PYGB"
"CALM1","PYGL"
"CALM1","PYGM"
"CALM2","PYGB"
"CALM2","PYGL"
"CALM2","PYGM"
"CALM3","PYGB"
"CALM3","PYGL"
"CALM3","PYGM"
"CALML3","PYGB"
"CALML3","PYGL"
"CALML3","PYGM"
"IRS4","GRB2"
"PIK3R3","PRKCI"
"PIK3R3","RPTOR"
"SOCS1","INSR"
"IRS2","GRB2"
"SOCS2","INSR"
"PPP1R3F","CALML6"
"PPP1R3F","GYS1"
"PPP1R3F","GYS2"
"PPP1R3F","CALML5"
"PPP1R3F","PHKA1"
"PPP1R3F","PHKA2"
"PPP1R3F","PHKB"
"PPP1R3F","PHKG1"
"PPP1R3F","PHKG2"
"PPP1R3F","CALM1"
"PPP1R3F","CALM2"
"PPP1R3F","CALM3"
"PPP1R3F","CALML3"
"PPP1R3F","CALML4"
"SOCS3","INSR"
"PPP1R3E","CALML6"
"PPP1R3E","GYS1"
"PPP1R3E","GYS2"
"PPP1R3E","CALML5"
"PPP1R3E","PHKA1"
"PPP1R3E","PHKA2"
"PPP1R3E","PHKB"
"PPP1R3E","PHKG1"
"PPP1R3E","PHKG2"
"PPP1R3E","CALM1"
"PPP1R3E","CALM2"
"PPP1R3E","CALM3"
"PPP1R3E","CALML3"
"PPP1R3E","CALML4"
"CALML4","PYGB"
"CALML4","PYGL"
"CALML4","PYGM"
"CREB3","INS"
"RAPGEF4","PCLO"
"RAPGEF4","RYR2"
"RAPGEF4","ABCC8"
"RAPGEF4","RIMS2"
"ADCYAP1R1","GNA11"
"ADCYAP1R1","GNAQ"
"CREB1","INS"
"ATF2","INS"
"ATF6B","INS"
"CREB3L4","INS"
"PCLO","RAB3A"
"FFAR1","GNA11"
"FFAR1","GNAQ"
"PDX1","INS"
"ATF4","INS"
"PRKACA","PDX1"
"PRKACA","ABCC8"
"PRKACB","PDX1"
"PRKACB","ABCC8"
"PRKACG","PDX1"
"PRKACG","ABCC8"
"CREB3L2","INS"
"CREB3L3","INS"
"CREB3L1","INS"
"CREB5","INS"
"RIMS2","RAB3A"
"MAP3K2","MAP2K3"
"MAP3K2","MAP2K6"
"GNRHR","GNA11"
"GNRHR","GNAQ"
"GNRHR","GNAS"
"MAP3K1","MAP2K3"
"MAP3K1","MAP2K6"
"MAP3K1","MAP2K4"
"MAP3K3","MAP2K3"
"MAP3K3","MAP2K6"
"SRC","EGFR"
"SRC","HRAS"
"SRC","KRAS"
"SRC","NRAS"
"PRKACA","CYP17A1"
"PRKACA","CYP19A1"
"PRKACA","HSD3B1"
"PRKACA","HSD3B2"
"PRKACA","HSD17B1"
"PRKACA","HSD17B2"
"PRKACA","HSD17B7"
"PRKACA","STAR"
"PRKACA","AKR1C3"
"PRKACB","CYP17A1"
"PRKACB","CYP19A1"
"PRKACB","HSD3B1"
"PRKACB","HSD3B2"
"PRKACB","HSD17B1"
"PRKACB","HSD17B2"
"PRKACB","HSD17B7"
"PRKACB","STAR"
"PRKACB","AKR1C3"
"PRKACG","CYP17A1"
"PRKACG","CYP19A1"
"PRKACG","HSD3B1"
"PRKACG","HSD3B2"
"PRKACG","HSD17B1"
"PRKACG","HSD17B2"
"PRKACG","HSD17B7"
"PRKACG","STAR"
"PRKACG","AKR1C3"
"SPDYE2B","CDK2"
"SPDYE2B","CDK1"
"SPDYE18","CDK2"
"SPDYE18","CDK1"
"SPDYE11","CDK2"
"SPDYE11","CDK1"
"SPDYE16","CDK2"
"SPDYE16","CDK1"
"SPDYE17","CDK2"
"SPDYE17","CDK1"
"MAD2L2","FZR1"
"SPDYE15","CDK2"
"SPDYE15","CDK1"
"SPDYA","CDK2"
"SPDYA","CDK1"
"SPDYE1","CDK2"
"SPDYE1","CDK1"
"HSP90AA1","MOS"
"HSP90AB1","MOS"
"SPDYC","CDK2"
"SPDYC","CDK1"
"SPDYE4","CDK2"
"SPDYE4","CDK1"
"MAD2L1","FZR1"
"SPDYE3","CDK2"
"SPDYE3","CDK1"
"SPDYE2","CDK2"
"SPDYE2","CDK1"
"SPDYE5","CDK2"
"SPDYE5","CDK1"
"PGR","MAPK14"
"PGR","PIK3CA"
"PGR","PIK3CB"
"PGR","PIK3CD"
"PGR","PIK3R1"
"PGR","PIK3R2"
"PGR","MAPK8"
"PGR","MAPK11"
"PGR","MAPK9"
"PGR","MAPK10"
"PGR","MAPK13"
"PGR","MAPK12"
"PGR","PIK3R3"
"PLK1","CDC25A"
"SPDYE6","CDK2"
"SPDYE6","CDK1"
"MAD1L1","FZR1"
"NCOA2","LOC100653049"
"NCOA2","KRT40"
"NCOA2","KRT25"
"NCOA2","CTSD"
"NCOA2","KRT28"
"NCOA2","KRT24"
"NCOA2","KRT23"
"NCOA2","KRT27"
"NCOA2","KRT26"
"NCOA2","KRT9"
"NCOA2","KRT10"
"NCOA2","KRT12"
"NCOA2","KRT13"
"NCOA2","KRT14"
"NCOA2","KRT15"
"NCOA2","KRT16"
"NCOA2","KRT17"
"NCOA2","KRT18"
"NCOA2","KRT19"
"NCOA2","KRT31"
"NCOA2","KRT32"
"NCOA2","KRT33A"
"NCOA2","KRT33B"
"NCOA2","KRT34"
"NCOA2","KRT35"
"NCOA2","KRT39"
"NCOA2","PGR"
"NCOA2","KRT20"
"NCOA2","RARA"
"NCOA2","BCL2"
"NCOA2","TFF1"
"NCOA2","TGFA"
"NCOA2","KRT38"
"NCOA2","KRT37"
"NCOA2","KRT36"
"NCOA2","EBAG9"
"ESR1","LOC100653049"
"ESR1","KRT40"
"ESR1","KRT25"
"ESR1","CTSD"
"ESR1","KRT28"
"ESR1","KRT24"
"ESR1","KRT23"
"ESR1","KRT27"
"ESR1","KRT26"
"ESR1","KRT9"
"ESR1","KRT10"
"ESR1","KRT12"
"ESR1","KRT13"
"ESR1","KRT14"
"ESR1","KRT15"
"ESR1","KRT16"
"ESR1","KRT17"
"ESR1","KRT18"
"ESR1","KRT19"
"ESR1","KRT31"
"ESR1","KRT32"
"ESR1","KRT33A"
"ESR1","KRT33B"
"ESR1","KRT34"
"ESR1","KRT35"
"ESR1","KRT39"
"ESR1","PGR"
"ESR1","KRT20"
"ESR1","RARA"
"ESR1","BCL2"
"ESR1","SRC"
"ESR1","TFF1"
"ESR1","TGFA"
"ESR1","KRT38"
"ESR1","KRT37"
"ESR1","KRT36"
"ESR1","EBAG9"
"ESR2","LOC100653049"
"ESR2","KRT40"
"ESR2","KRT25"
"ESR2","CTSD"
"ESR2","KRT28"
"ESR2","KRT24"
"ESR2","KRT23"
"ESR2","KRT27"
"ESR2","KRT26"
"ESR2","KRT9"
"ESR2","KRT10"
"ESR2","KRT12"
"ESR2","KRT13"
"ESR2","KRT14"
"ESR2","KRT15"
"ESR2","KRT16"
"ESR2","KRT17"
"ESR2","KRT18"
"ESR2","KRT19"
"ESR2","KRT31"
"ESR2","KRT32"
"ESR2","KRT33A"
"ESR2","KRT33B"
"ESR2","KRT34"
"ESR2","KRT35"
"ESR2","KRT39"
"ESR2","PGR"
"ESR2","KRT20"
"ESR2","RARA"
"ESR2","BCL2"
"ESR2","SRC"
"ESR2","TFF1"
"ESR2","TGFA"
"ESR2","KRT38"
"ESR2","KRT37"
"ESR2","KRT36"
"ESR2","EBAG9"
"OPRM1","GNAI1"
"OPRM1","GNAI2"
"OPRM1","GNAI3"
"OPRM1","GNAO1"
"PRKACA","KCNJ3"
"PRKACA","KCNJ5"
"PRKACA","KCNJ6"
"PRKACA","KCNJ9"
"PRKACB","KCNJ3"
"PRKACB","KCNJ5"
"PRKACB","KCNJ6"
"PRKACB","KCNJ9"
"PRKACG","KCNJ3"
"PRKACG","KCNJ5"
"PRKACG","KCNJ6"
"PRKACG","KCNJ9"
"PRKCD","ADCY1"
"PRKCD","ADCY2"
"PRKCD","ADCY3"
"PRKCD","ADCY5"
"PRKCD","ADCY6"
"PRKCD","ADCY7"
"PRKCD","ADCY8"
"PRKCD","ADCY9"
"PRKCD","ADCY4"
"MAPK1","ATF2"
"MAPK1","ATF6B"
"MAPK1","ESR1"
"MAPK1","ESR2"
"MAPK3","ATF2"
"MAPK3","ATF6B"
"MAPK3","ESR1"
"MAPK3","ESR2"
"NCOA3","LOC100653049"
"NCOA3","KRT40"
"NCOA3","KRT25"
"NCOA3","CTSD"
"NCOA3","KRT28"
"NCOA3","KRT24"
"NCOA3","KRT23"
"NCOA3","KRT27"
"NCOA3","KRT26"
"NCOA3","KRT9"
"NCOA3","KRT10"
"NCOA3","KRT12"
"NCOA3","KRT13"
"NCOA3","KRT14"
"NCOA3","KRT15"
"NCOA3","KRT16"
"NCOA3","KRT17"
"NCOA3","KRT18"
"NCOA3","KRT19"
"NCOA3","KRT31"
"NCOA3","KRT32"
"NCOA3","KRT33A"
"NCOA3","KRT33B"
"NCOA3","KRT34"
"NCOA3","KRT35"
"NCOA3","KRT39"
"NCOA3","PGR"
"NCOA3","KRT20"
"NCOA3","RARA"
"NCOA3","BCL2"
"NCOA3","TFF1"
"NCOA3","TGFA"
"NCOA3","KRT38"
"NCOA3","KRT37"
"NCOA3","KRT36"
"NCOA3","EBAG9"
"NCOA1","LOC100653049"
"NCOA1","KRT40"
"NCOA1","KRT25"
"NCOA1","CTSD"
"NCOA1","KRT28"
"NCOA1","KRT24"
"NCOA1","KRT23"
"NCOA1","KRT27"
"NCOA1","KRT26"
"NCOA1","KRT9"
"NCOA1","KRT10"
"NCOA1","KRT12"
"NCOA1","KRT13"
"NCOA1","KRT14"
"NCOA1","KRT15"
"NCOA1","KRT16"
"NCOA1","KRT17"
"NCOA1","KRT18"
"NCOA1","KRT19"
"NCOA1","KRT31"
"NCOA1","KRT32"
"NCOA1","KRT33A"
"NCOA1","KRT33B"
"NCOA1","KRT34"
"NCOA1","KRT35"
"NCOA1","KRT39"
"NCOA1","PGR"
"NCOA1","KRT20"
"NCOA1","RARA"
"NCOA1","BCL2"
"NCOA1","TFF1"
"NCOA1","TGFA"
"NCOA1","KRT38"
"NCOA1","KRT37"
"NCOA1","KRT36"
"NCOA1","EBAG9"
"CREB3","MITF"
"FZD10","GNAO1"
"FZD10","GNAQ"
"CREB1","MITF"
"CREBBP","MITF"
"CREB3L4","MITF"
"EDNRB","GNAI1"
"EDNRB","GNAI2"
"EDNRB","GNAI3"
"EDNRB","GNAO1"
"EP300","MITF"
"FZD2","GNAO1"
"FZD2","GNAQ"
"GNAO1","DVL1"
"GNAO1","DVL2"
"GNAO1","DVL3"
"GNAQ","DVL1"
"GNAQ","DVL2"
"GNAQ","DVL3"
"KIT","HRAS"
"KIT","KRAS"
"KIT","NRAS"
"MC1R","GNAS"
"MITF","DCT"
"MITF","TYR"
"MITF","TYRP1"
"ASIP","MC1R"
"LEF1","MITF"
"PRKCB","TYR"
"MAPK1","MITF"
"MAPK3","MITF"
"CREB3L2","MITF"
"TCF7","MITF"
"TCF7L2","MITF"
"FZD5","GNAO1"
"FZD5","GNAQ"
"FZD3","GNAO1"
"FZD3","GNAQ"
"FZD1","GNAO1"
"FZD1","GNAQ"
"FZD4","GNAO1"
"FZD4","GNAQ"
"FZD6","GNAO1"
"FZD6","GNAQ"
"FZD7","GNAO1"
"FZD7","GNAQ"
"FZD8","GNAO1"
"FZD8","GNAQ"
"FZD9","GNAO1"
"FZD9","GNAQ"
"TCF7L1","MITF"
"CREB3L3","MITF"
"CREB3L1","MITF"
"CISH","PRLR"
"SOCS4","STAT1"
"SOCS4","STAT3"
"SOCS4","STAT5A"
"SOCS4","STAT5B"
"FOXO3","GALT"
"FOS","CCND1"
"SHC2","SRC"
"SOCS7","STAT1"
"SOCS7","STAT3"
"SOCS7","STAT5A"
"SOCS7","STAT5B"
"HRAS","MAPK8"
"HRAS","MAPK9"
"HRAS","MAPK10"
"JAK2","SHC2"
"JAK2","SHC4"
"JAK2","SHC3"
"JAK2","SHC1"
"KRAS","MAPK8"
"KRAS","MAPK9"
"KRAS","MAPK10"
"LHCGR","CYP17A1"
"SHC4","SRC"
"NFKB1","CCND1"
"NRAS","MAPK8"
"NRAS","MAPK9"
"NRAS","MAPK10"
"SHC3","SRC"
"MAPK8","MAPK14"
"MAPK8","MAPK11"
"MAPK8","MAPK13"
"MAPK8","MAPK12"
"MAPK9","MAPK14"
"MAPK9","MAPK11"
"MAPK9","MAPK13"
"MAPK9","MAPK12"
"MAPK10","MAPK14"
"MAPK10","MAPK11"
"MAPK10","MAPK13"
"MAPK10","MAPK12"
"PRLR","JAK2"
"RAF1","PIK3CA"
"RAF1","PIK3CB"
"RAF1","PIK3CD"
"RAF1","PIK3R1"
"RAF1","PIK3R2"
"RAF1","PIK3R3"
"RELA","CCND1"
"SHC1","SRC"
"STAT1","CSN2"
"STAT1","ELF5"
"STAT1","ESR1"
"STAT1","ESR2"
"STAT1","GCK"
"STAT1","INS"
"STAT1","IRF1"
"STAT1","LHCGR"
"STAT1","PRLR"
"STAT1","SLC2A2"
"STAT1","TH"
"STAT1","TNFSF11"
"STAT3","CSN2"
"STAT3","ELF5"
"STAT3","ESR1"
"STAT3","ESR2"
"STAT3","GCK"
"STAT3","INS"
"STAT3","IRF1"
"STAT3","LHCGR"
"STAT3","PRLR"
"STAT3","SLC2A2"
"STAT3","TH"
"STAT3","TNFSF11"
"STAT5A","CSN2"
"STAT5A","ELF5"
"STAT5A","ESR1"
"STAT5A","ESR2"
"STAT5A","GCK"
"STAT5A","INS"
"STAT5A","IRF1"
"STAT5A","LHCGR"
"STAT5A","PRLR"
"STAT5A","SLC2A2"
"STAT5A","TH"
"STAT5A","TNFSF11"
"STAT5B","CSN2"
"STAT5B","ELF5"
"STAT5B","ESR1"
"STAT5B","ESR2"
"STAT5B","GCK"
"STAT5B","INS"
"STAT5B","IRF1"
"STAT5B","LHCGR"
"STAT5B","PRLR"
"STAT5B","SLC2A2"
"STAT5B","TH"
"STAT5B","TNFSF11"
"SOCS1","STAT1"
"SOCS1","STAT3"
"SOCS1","STAT5A"
"SOCS1","STAT5B"
"TNFRSF11A","NFKB1"
"TNFRSF11A","RELA"
"SOCS2","STAT1"
"SOCS2","STAT3"
"SOCS2","STAT5A"
"SOCS2","STAT5B"
"SOCS3","STAT1"
"SOCS3","STAT3"
"SOCS3","STAT5A"
"SOCS3","STAT5B"
"SOCS6","STAT1"
"SOCS6","STAT3"
"SOCS6","STAT5A"
"SOCS6","STAT5B"
"SOCS5","STAT1"
"SOCS5","STAT3"
"SOCS5","STAT5A"
"SOCS5","STAT5B"
"CREB3","TG"
"CREB1","TG"
"ATF2","TG"
"ATF6B","TG"
"CREB3L4","TG"
"DUOXA2","DUOX2"
"DUOXA2","DUOX1"
"ATF4","TG"
"PRKACA","TTF1"
"PRKACA","PAX8"
"PRKACA","TTF2"
"PRKACB","TTF1"
"PRKACB","PAX8"
"PRKACB","TTF2"
"PRKACG","TTF1"
"PRKACG","PAX8"
"PRKACG","TTF2"
"PRKCA","CREB3"
"PRKCA","CREB1"
"PRKCA","ATF2"
"PRKCA","ATF6B"
"PRKCA","CREB3L4"
"PRKCA","ATF4"
"PRKCA","CREB3L2"
"PRKCA","TTF1"
"PRKCA","PAX8"
"PRKCA","TTF2"
"PRKCA","CREB3L3"
"PRKCA","CREB3L1"
"PRKCA","CREB5"
"PRKCB","CREB3"
"PRKCB","CREB1"
"PRKCB","ATF2"
"PRKCB","ATF6B"
"PRKCB","CREB3L4"
"PRKCB","ATF4"
"PRKCB","CREB3L2"
"PRKCB","TTF1"
"PRKCB","PAX8"
"PRKCB","TTF2"
"PRKCB","CREB3L3"
"PRKCB","CREB3L1"
"PRKCB","CREB5"
"PRKCG","CREB3"
"PRKCG","CREB1"
"PRKCG","ATF2"
"PRKCG","ATF6B"
"PRKCG","CREB3L4"
"PRKCG","ATF4"
"PRKCG","CREB3L2"
"PRKCG","TTF1"
"PRKCG","PAX8"
"PRKCG","TTF2"
"PRKCG","CREB3L3"
"PRKCG","CREB3L1"
"PRKCG","CREB5"
"CREB3L2","TG"
"TSHR","GNAQ"
"TTF1","TG"
"PAX8","TG"
"TTF2","TG"
"CREB3L3","TG"
"CREB3L1","TG"
"CREB5","TG"
"AKT3","PFKFB2"
"AKT3","TBC1D4"
"AKT1","PFKFB2"
"AKT1","TBC1D4"
"AKT2","PFKFB2"
"AKT2","TBC1D4"
"ITGAV","PLCD3"
"ITGAV","PLCB1"
"ITGAV","HRAS"
"ITGAV","KRAS"
"ITGAV","NRAS"
"ITGAV","PLCE1"
"ITGAV","PLCB2"
"ITGAV","PLCB3"
"ITGAV","PLCB4"
"ITGAV","PLCD1"
"ITGAV","PLCG1"
"ITGAV","PLCG2"
"ITGAV","PLCD4"
"ITGAV","PLCZ1"
"ITGB3","PLCD3"
"ITGB3","PLCB1"
"ITGB3","HRAS"
"ITGB3","KRAS"
"ITGB3","NRAS"
"ITGB3","PLCE1"
"ITGB3","PLCB2"
"ITGB3","PLCB3"
"ITGB3","PLCB4"
"ITGB3","PLCD1"
"ITGB3","PLCG1"
"ITGB3","PLCG2"
"ITGB3","PLCD4"
"ITGB3","PLCZ1"
"PIK3CA","RCAN2"
"PIK3CA","ATP1B4"
"PIK3CA","HIF1A"
"PIK3CA","ATP1A1"
"PIK3CA","ATP1A2"
"PIK3CA","ATP1A3"
"PIK3CA","ATP1A4"
"PIK3CA","ATP1B1"
"PIK3CA","ATP1B2"
"PIK3CA","ATP1B3"
"PIK3CA","FXYD2"
"PIK3CA","THRA"
"PIK3CB","RCAN2"
"PIK3CB","ATP1B4"
"PIK3CB","HIF1A"
"PIK3CB","ATP1A1"
"PIK3CB","ATP1A2"
"PIK3CB","ATP1A3"
"PIK3CB","ATP1A4"
"PIK3CB","ATP1B1"
"PIK3CB","ATP1B2"
"PIK3CB","ATP1B3"
"PIK3CB","FXYD2"
"PIK3CB","THRA"
"PIK3CD","RCAN2"
"PIK3CD","ATP1B4"
"PIK3CD","HIF1A"
"PIK3CD","ATP1A1"
"PIK3CD","ATP1A2"
"PIK3CD","ATP1A3"
"PIK3CD","ATP1A4"
"PIK3CD","ATP1B1"
"PIK3CD","ATP1B2"
"PIK3CD","ATP1B3"
"PIK3CD","FXYD2"
"PIK3CD","THRA"
"PIK3R1","RCAN2"
"PIK3R1","ATP1B4"
"PIK3R1","HIF1A"
"PIK3R1","ATP1A1"
"PIK3R1","ATP1A2"
"PIK3R1","ATP1A3"
"PIK3R1","ATP1A4"
"PIK3R1","ATP1B1"
"PIK3R1","ATP1B2"
"PIK3R1","ATP1B3"
"PIK3R1","FXYD2"
"PIK3R1","THRA"
"PIK3R2","RCAN2"
"PIK3R2","ATP1B4"
"PIK3R2","HIF1A"
"PIK3R2","ATP1A1"
"PIK3R2","ATP1A2"
"PIK3R2","ATP1A3"
"PIK3R2","ATP1A4"
"PIK3R2","ATP1B1"
"PIK3R2","ATP1B2"
"PIK3R2","ATP1B3"
"PIK3R2","FXYD2"
"PIK3R2","THRA"
"PRKACA","MAP2K1"
"PRKACA","MAP2K2"
"PRKACB","MAP2K1"
"PRKACB","MAP2K2"
"PRKACG","MAP2K1"
"PRKACG","MAP2K2"
"PRKCA","SLC9A1"
"PRKCB","SLC9A1"
"PRKCG","SLC9A1"
"MAPK1","ATP1B4"
"MAPK1","ATP1A1"
"MAPK1","ATP1A2"
"MAPK1","ATP1A3"
"MAPK1","ATP1A4"
"MAPK1","ATP1B1"
"MAPK1","ATP1B2"
"MAPK1","ATP1B3"
"MAPK1","FXYD2"
"MAPK1","STAT1"
"MAPK1","THRB"
"MAPK1","TP53"
"MAPK3","ATP1B4"
"MAPK3","ATP1A1"
"MAPK3","ATP1A2"
"MAPK3","ATP1A3"
"MAPK3","ATP1A4"
"MAPK3","ATP1B1"
"MAPK3","ATP1B2"
"MAPK3","ATP1B3"
"MAPK3","FXYD2"
"MAPK3","STAT1"
"MAPK3","THRB"
"MAPK3","TP53"
"THRA","CTNNB1"
"THRA","MYH6"
"THRA","MYH7"
"THRA","NOTCH1"
"THRA","NOTCH2"
"THRA","NOTCH3"
"THRA","NOTCH4"
"THRA","ATP2A1"
"THRA","ATP2A2"
"THRA","ATP2A3"
"THRA","PLN"
"THRA","WNT4"
"THRA","ACTB"
"THRA","BMP4"
"THRA","ACTG1"
"THRB","CTNNB1"
"THRB","RCAN1"
"THRB","GATA4"
"THRB","HIF1A"
"THRB","MYC"
"THRB","MYH6"
"THRB","MYH7"
"THRB","ATP2A1"
"THRB","ATP2A2"
"THRB","ATP2A3"
"THRB","PIK3CA"
"THRB","PIK3CB"
"THRB","PIK3CD"
"THRB","PIK3R1"
"THRB","PIK3R2"
"THRB","PLN"
"THRB","WNT4"
"THRB","CCND1"
"THRB","PIK3R3"
"PIK3R3","RCAN2"
"PIK3R3","ATP1B4"
"PIK3R3","HIF1A"
"PIK3R3","ATP1A1"
"PIK3R3","ATP1A2"
"PIK3R3","ATP1A3"
"PIK3R3","ATP1A4"
"PIK3R3","ATP1B1"
"PIK3R3","ATP1B2"
"PIK3R3","ATP1B3"
"PIK3R3","FXYD2"
"PIK3R3","THRA"
"CHUK","IRS1"
"CHUK","IRS4"
"CHUK","IRS2"
"MTOR","IRS1"
"MTOR","IRS4"
"MTOR","IRS2"
"LEPR","CAMKK2"
"LEPR","JAK2"
"LEPR","PPARA"
"LEPR","STK11"
"NFKB1","SOCS3"
"ADIPOR1","PPARA"
"PRKAG2","G6PC1"
"PRKAG2","PCK1"
"PRKAG2","PCK2"
"PRKAG2","G6PC2"
"PRKAG2","SLC2A1"
"PRKAG2","SLC2A4"
"PRKAG2","G6PC3"
"PRKAG3","G6PC1"
"PRKAG3","PCK1"
"PRKAG3","PCK2"
"PRKAG3","G6PC2"
"PRKAG3","SLC2A1"
"PRKAG3","SLC2A4"
"PRKAG3","G6PC3"
"PRKAA1","G6PC1"
"PRKAA1","PCK1"
"PRKAA1","PCK2"
"PRKAA1","G6PC2"
"PRKAA1","SLC2A1"
"PRKAA1","SLC2A4"
"PRKAA1","G6PC3"
"PRKAA2","G6PC1"
"PRKAA2","PCK1"
"PRKAA2","PCK2"
"PRKAA2","G6PC2"
"PRKAA2","SLC2A1"
"PRKAA2","SLC2A4"
"PRKAA2","G6PC3"
"PRKAB1","G6PC1"
"PRKAB1","PCK1"
"PRKAB1","PCK2"
"PRKAB1","G6PC2"
"PRKAB1","SLC2A1"
"PRKAB1","SLC2A4"
"PRKAB1","G6PC3"
"PRKAB2","G6PC1"
"PRKAB2","PCK1"
"PRKAB2","PCK2"
"PRKAB2","G6PC2"
"PRKAB2","SLC2A1"
"PRKAB2","SLC2A4"
"PRKAB2","G6PC3"
"PRKAG1","G6PC1"
"PRKAG1","PCK1"
"PRKAG1","PCK2"
"PRKAG1","G6PC2"
"PRKAG1","SLC2A1"
"PRKAG1","SLC2A4"
"PRKAG1","G6PC3"
"PRKCQ","MAPK8"
"PRKCQ","MAPK9"
"PRKCQ","MAPK10"
"RELA","SOCS3"
"STAT3","PPARGC1A"
"STAT3","CPT1C"
"STAT3","CPT1A"
"STAT3","CPT1B"
"STAT3","AGRP"
"STAT3","NPY"
"STAT3","POMC"
"TRAF2","CHUK"
"TRAF2","MTOR"
"TRAF2","IKBKB"
"TRAF2","MAPK8"
"TRAF2","MAPK9"
"TRAF2","MAPK10"
"TRAF2","IKBKG"
"ADIPOR2","PPARA"
"IKBKG","IRS1"
"IKBKG","IRS4"
"IKBKG","IRS2"
"SOCS3","IRS1"
"SOCS3","LEPR"
"SOCS3","IRS4"
"SOCS3","IRS2"
"PIK3R6","EGFR"
"CALML6","CAMKK2"
"CALML6","CAMK1D"
"CALML6","CAMK1G"
"CALML6","CAMK1"
"EGFR","MAPK1"
"EGFR","MAPK3"
"PLCB1","EGFR"
"PIK3R5","EGFR"
"GNAO1","SRC"
"GNAQ","KCNJ18"
"GNAQ","KCNJ2"
"GNAQ","KCNJ4"
"GNAQ","KCNJ12"
"GNAQ","KCNJ14"
"NFATC1","RCAN1"
"NFATC1","RGS2"
"NFATC2","RCAN1"
"NFATC2","RGS2"
"NFATC3","RCAN1"
"NFATC3","RGS2"
"NFATC4","RCAN1"
"NFATC4","RGS2"
"NPPA","NPR2"
"OXTR","CACNG3"
"OXTR","CACNG2"
"OXTR","CACNG5"
"OXTR","CACNG4"
"OXTR","GNAO1"
"OXTR","GNAS"
"OXTR","RHOA"
"OXTR","CACNA2D3"
"OXTR","CACNG8"
"OXTR","CACNG7"
"OXTR","CACNG6"
"OXTR","CACNA1C"
"OXTR","CACNA1D"
"OXTR","CACNA1F"
"OXTR","CACNA1S"
"OXTR","CACNA2D1"
"OXTR","CACNB1"
"OXTR","CACNB2"
"OXTR","CACNB3"
"OXTR","CACNB4"
"OXTR","CACNG1"
"OXTR","CACNA2D2"
"OXTR","CACNA2D4"
"CALML5","CAMKK2"
"CALML5","CAMK1D"
"CALML5","CAMK1G"
"CALML5","CAMK1"
"PIK3CG","EGFR"
"PLCB2","EGFR"
"PLCB3","EGFR"
"PLCB4","EGFR"
"PRKCA","EEF2K"
"PRKCA","CD38"
"PRKCB","EEF2K"
"PRKCB","CD38"
"PRKCG","EEF2K"
"PRKCG","CD38"
"MAPK1","CDKN1A"
"MAPK1","MEF2C"
"MAPK1","CCND1"
"MAPK3","CDKN1A"
"MAPK3","MEF2C"
"MAPK3","CCND1"
"MAPK7","ELK1"
"MAPK7","MEF2C"
"MAPK7","PTGS2"
"MAPK7","CCND1"
"CAMK1D","NOS3"
"CAMK1G","NOS3"
"CALM1","CAMKK2"
"CALM1","CAMK1D"
"CALM1","CAMK1G"
"CALM1","CAMK1"
"CALM2","CAMKK2"
"CALM2","CAMK1D"
"CALM2","CAMK1G"
"CALM2","CAMK1"
"CALM3","CAMKK2"
"CALM3","CAMK1D"
"CALM3","CAMK1G"
"CALM3","CAMK1"
"CALML3","CAMKK2"
"CALML3","CAMK1D"
"CALML3","CAMK1G"
"CALML3","CAMK1"
"CAMK4","NOS3"
"CAMK2A","NOS3"
"CAMK2B","NOS3"
"CAMK2D","NOS3"
"CAMK2G","NOS3"
"CAMK1","NOS3"
"CALML4","CAMKK2"
"CALML4","CAMK1D"
"CALML4","CAMK1G"
"CALML4","CAMK1"
"LOC102724428","CRTC2"
"CREB3","LOC102724428"
"CREB3","PPARGC1A"
"CREB3","CPT1C"
"CREB3","CPT1A"
"CREB3","CPT1B"
"CREB3","SIK1"
"CREB3","G6PC1"
"CREB3","PCK1"
"CREB3","PCK2"
"CREB3","G6PC2"
"CREB3","G6PC3"
"PPARGC1A","CPT1C"
"PPARGC1A","CPT1A"
"PPARGC1A","CPT1B"
"PPARGC1A","G6PC1"
"PPARGC1A","PCK1"
"PPARGC1A","PCK2"
"PPARGC1A","G6PC2"
"PPARGC1A","G6PC3"
"CREB1","LOC102724428"
"CREB1","PPARGC1A"
"CREB1","CPT1C"
"CREB1","CPT1A"
"CREB1","CPT1B"
"CREB1","SIK1"
"CREB1","G6PC1"
"CREB1","PCK1"
"CREB1","PCK2"
"CREB1","G6PC2"
"CREB1","G6PC3"
"ATF2","LOC102724428"
"ATF2","CPT1C"
"ATF2","CPT1A"
"ATF2","CPT1B"
"ATF2","SIK1"
"ATF2","G6PC1"
"ATF2","PCK1"
"ATF2","PCK2"
"ATF2","G6PC2"
"ATF2","G6PC3"
"CREBBP","LOC102724428"
"CREBBP","PPARGC1A"
"CREBBP","CPT1C"
"CREBBP","CPT1A"
"CREBBP","CPT1B"
"CREBBP","SIK1"
"CREBBP","G6PC1"
"CREBBP","PCK1"
"CREBBP","PCK2"
"CREBBP","G6PC2"
"CREBBP","G6PC3"
"PPP4R3C","CRTC2"
"CREB3L4","LOC102724428"
"CREB3L4","PPARGC1A"
"CREB3L4","CPT1C"
"CREB3L4","CPT1A"
"CREB3L4","CPT1B"
"CREB3L4","SIK1"
"CREB3L4","G6PC1"
"CREB3L4","PCK1"
"CREB3L4","PCK2"
"CREB3L4","G6PC2"
"CREB3L4","G6PC3"
"SIK1","CRTC2"
"CRTC2","LOC102724428"
"CRTC2","CPT1C"
"CRTC2","CPT1A"
"CRTC2","CPT1B"
"CRTC2","SIK1"
"CRTC2","G6PC1"
"CRTC2","G6PC2"
"CRTC2","G6PC3"
"EP300","LOC102724428"
"EP300","PPARGC1A"
"EP300","CPT1C"
"EP300","CPT1A"
"EP300","CPT1B"
"EP300","SIK1"
"EP300","G6PC1"
"EP300","PCK1"
"EP300","PCK2"
"EP300","G6PC2"
"EP300","G6PC3"
"FOXO1","CPT1C"
"FOXO1","CPT1A"
"FOXO1","CPT1B"
"SIK2","CRTC2"
"GCGR","GNAQ"
"GCGR","GNAS"
"ATF4","LOC102724428"
"ATF4","PPARGC1A"
"ATF4","CPT1C"
"ATF4","CPT1A"
"ATF4","CPT1B"
"ATF4","SIK1"
"ATF4","G6PC1"
"ATF4","PCK1"
"ATF4","PCK2"
"ATF4","G6PC2"
"ATF4","G6PC3"
"PPARA","G6PC1"
"PPARA","PCK1"
"PPARA","PCK2"
"PPARA","G6PC2"
"PPARA","G6PC3"
"PPP3CA","CRTC2"
"PPP4C","CRTC2"
"PPP3CB","CRTC2"
"PPP3CC","CRTC2"
"PPP3R1","CRTC2"
"PPP3R2","CRTC2"
"PRKACA","PPP4R3C"
"PRKACA","CALML6"
"PRKACA","SIK2"
"PRKACA","GYS1"
"PRKACA","GYS2"
"PRKACA","PRKAG2"
"PRKACA","CALML5"
"PRKACA","PFKFB1"
"PRKACA","PHKA1"
"PRKACA","PHKA2"
"PRKACA","PHKB"
"PRKACA","PHKG1"
"PRKACA","PHKG2"
"PRKACA","PKM"
"PRKACA","PRKAG3"
"PRKACA","PPP4C"
"PRKACA","PRKAB1"
"PRKACA","PRKAB2"
"PRKACA","PPP4R3A"
"PRKACA","PRKAG1"
"PRKACA","PPP4R3B"
"PRKACA","CALM1"
"PRKACA","CALM2"
"PRKACA","CALM3"
"PRKACA","CALML3"
"PRKACA","CALML4"
"PRKACB","PPP4R3C"
"PRKACB","CALML6"
"PRKACB","SIK2"
"PRKACB","GYS1"
"PRKACB","GYS2"
"PRKACB","PRKAG2"
"PRKACB","CALML5"
"PRKACB","PFKFB1"
"PRKACB","PHKA1"
"PRKACB","PHKA2"
"PRKACB","PHKB"
"PRKACB","PHKG1"
"PRKACB","PHKG2"
"PRKACB","PKM"
"PRKACB","PRKAG3"
"PRKACB","PPP4C"
"PRKACB","PRKAB1"
"PRKACB","PRKAB2"
"PRKACB","PPP4R3A"
"PRKACB","PRKAG1"
"PRKACB","PPP4R3B"
"PRKACB","CALM1"
"PRKACB","CALM2"
"PRKACB","CALM3"
"PRKACB","CALML3"
"PRKACB","CALML4"
"PPP4R3A","CRTC2"
"PRKACG","PPP4R3C"
"PRKACG","CALML6"
"PRKACG","SIK2"
"PRKACG","GYS1"
"PRKACG","GYS2"
"PRKACG","PRKAG2"
"PRKACG","CALML5"
"PRKACG","PFKFB1"
"PRKACG","PHKA1"
"PRKACG","PHKA2"
"PRKACG","PHKB"
"PRKACG","PHKG1"
"PRKACG","PHKG2"
"PRKACG","PKM"
"PRKACG","PRKAG3"
"PRKACG","PPP4C"
"PRKACG","PRKAB1"
"PRKACG","PRKAB2"
"PRKACG","PPP4R3A"
"PRKACG","PRKAG1"
"PRKACG","PPP4R3B"
"PRKACG","CALM1"
"PRKACG","CALM2"
"PRKACG","CALM3"
"PRKACG","CALML3"
"PRKACG","CALML4"
"PPP4R3B","CRTC2"
"CREB3L2","LOC102724428"
"CREB3L2","PPARGC1A"
"CREB3L2","CPT1C"
"CREB3L2","CPT1A"
"CREB3L2","CPT1B"
"CREB3L2","SIK1"
"CREB3L2","G6PC1"
"CREB3L2","PCK1"
"CREB3L2","PCK2"
"CREB3L2","G6PC2"
"CREB3L2","G6PC3"
"CAMK2A","FOXO1"
"CAMK2B","FOXO1"
"CAMK2D","FOXO1"
"CAMK2G","FOXO1"
"CREB3L3","LOC102724428"
"CREB3L3","PPARGC1A"
"CREB3L3","CPT1C"
"CREB3L3","CPT1A"
"CREB3L3","CPT1B"
"CREB3L3","SIK1"
"CREB3L3","G6PC1"
"CREB3L3","PCK1"
"CREB3L3","PCK2"
"CREB3L3","G6PC2"
"CREB3L3","G6PC3"
"CREB3L1","LOC102724428"
"CREB3L1","PPARGC1A"
"CREB3L1","CPT1C"
"CREB3L1","CPT1A"
"CREB3L1","CPT1B"
"CREB3L1","SIK1"
"CREB3L1","G6PC1"
"CREB3L1","PCK1"
"CREB3L1","PCK2"
"CREB3L1","G6PC2"
"CREB3L1","G6PC3"
"CREB5","LOC102724428"
"CREB5","PPARGC1A"
"CREB5","CPT1C"
"CREB5","CPT1A"
"CREB5","CPT1B"
"CREB5","SIK1"
"CREB5","G6PC1"
"CREB5","PCK1"
"CREB5","PCK2"
"CREB5","G6PC2"
"CREB5","G6PC3"
"INSR","PLAAT3"
"INSR","PLAAT2"
"INSR","PNPLA2"
"CREB1","REN"
"EDNRA","KCNJ2"
"AQP1","PTGER2"
"AQP1","PTGER4"
"CREB3","CYP11B2"
"CREB3","STAR"
"CREB1","CYP11B2"
"CREB1","STAR"
"ATF2","CYP11B2"
"ATF2","STAR"
"ATF6B","CYP11B2"
"ATF6B","STAR"
"CREB3L4","CYP11B2"
"CREB3L4","STAR"
"PLCB1","KCNK3"
"PLCB1","KCNK9"
"PRKD3","CREB3"
"PRKD3","CREB1"
"PRKD3","ATF2"
"PRKD3","ATF6B"
"PRKD3","CREB3L4"
"PRKD3","ATF1"
"PRKD3","ATF4"
"PRKD3","CREB3L2"
"PRKD3","CREB3L3"
"PRKD3","CREB3L1"
"PRKD3","CREB5"
"PRKD2","CREB3"
"PRKD2","CREB1"
"PRKD2","ATF2"
"PRKD2","ATF6B"
"PRKD2","CREB3L4"
"PRKD2","ATF1"
"PRKD2","ATF4"
"PRKD2","CREB3L2"
"PRKD2","CREB3L3"
"PRKD2","CREB3L1"
"PRKD2","CREB5"
"NR4A1","CYP11B2"
"NR4A1","STAR"
"ATF4","CYP11B2"
"ATF4","STAR"
"NR4A2","CYP11B2"
"NR4A2","STAR"
"PLCB2","KCNK3"
"PLCB2","KCNK9"
"PLCB3","KCNK3"
"PLCB3","KCNK9"
"PLCB4","KCNK3"
"PLCB4","KCNK9"
"PRKACA","ATF1"
"PRKACB","ATF1"
"PRKACG","ATF1"
"PRKD1","CREB3"
"PRKD1","CREB1"
"PRKD1","ATF2"
"PRKD1","ATF6B"
"PRKD1","CREB3L4"
"PRKD1","ATF1"
"PRKD1","ATF4"
"PRKD1","CREB3L2"
"PRKD1","CREB3L3"
"PRKD1","CREB3L1"
"PRKD1","CREB5"
"CAMK1D","CREB3"
"CAMK1D","CREB1"
"CAMK1D","ATF2"
"CAMK1D","ATF6B"
"CAMK1D","CREB3L4"
"CAMK1D","ATF1"
"CAMK1D","ATF4"
"CAMK1D","CREB3L2"
"CAMK1D","CREB3L3"
"CAMK1D","CREB3L1"
"CAMK1D","CREB5"
"CAMK1G","CREB3"
"CAMK1G","CREB1"
"CAMK1G","ATF2"
"CAMK1G","ATF6B"
"CAMK1G","CREB3L4"
"CAMK1G","ATF1"
"CAMK1G","ATF4"
"CAMK1G","CREB3L2"
"CAMK1G","CREB3L3"
"CAMK1G","CREB3L1"
"CAMK1G","CREB5"
"CREB3L2","CYP11B2"
"CREB3L2","STAR"
"CAMK4","CREB3"
"CAMK4","ATF2"
"CAMK4","ATF6B"
"CAMK4","CREB3L4"
"CAMK4","ATF1"
"CAMK4","CREB3L2"
"CAMK4","CREB3L3"
"CAMK4","CREB3L1"
"CAMK4","CREB5"
"CAMK2A","CREB3"
"CAMK2A","CREB1"
"CAMK2A","ATF2"
"CAMK2A","ATF6B"
"CAMK2A","CREB3L4"
"CAMK2A","ATF1"
"CAMK2A","CREB3L2"
"CAMK2A","CREB3L3"
"CAMK2A","CREB3L1"
"CAMK2A","CREB5"
"CAMK2B","CREB3"
"CAMK2B","CREB1"
"CAMK2B","ATF2"
"CAMK2B","ATF6B"
"CAMK2B","CREB3L4"
"CAMK2B","ATF1"
"CAMK2B","CREB3L2"
"CAMK2B","CREB3L3"
"CAMK2B","CREB3L1"
"CAMK2B","CREB5"
"CAMK2D","CREB3"
"CAMK2D","CREB1"
"CAMK2D","ATF2"
"CAMK2D","ATF6B"
"CAMK2D","CREB3L4"
"CAMK2D","ATF1"
"CAMK2D","CREB3L2"
"CAMK2D","CREB3L3"
"CAMK2D","CREB3L1"
"CAMK2D","CREB5"
"CAMK2G","CREB3"
"CAMK2G","CREB1"
"CAMK2G","ATF2"
"CAMK2G","ATF6B"
"CAMK2G","CREB3L4"
"CAMK2G","ATF1"
"CAMK2G","CREB3L2"
"CAMK2G","CREB3L3"
"CAMK2G","CREB3L1"
"CAMK2G","CREB5"
"CREB3L3","CYP11B2"
"CREB3L3","STAR"
"CAMK1","CREB3"
"CAMK1","CREB1"
"CAMK1","ATF2"
"CAMK1","ATF6B"
"CAMK1","CREB3L4"
"CAMK1","ATF1"
"CAMK1","ATF4"
"CAMK1","CREB3L2"
"CAMK1","CREB3L3"
"CAMK1","CREB3L1"
"CAMK1","CREB5"
"CREB3L1","CYP11B2"
"CREB3L1","STAR"
"CREB5","CYP11B2"
"CREB5","STAR"
"CREB3","VEGFD"
"CREB3","VEGFA"
"CREB3","VEGFB"
"CREB3","VEGFC"
"CREB1","VEGFD"
"CREB1","VEGFA"
"CREB1","VEGFB"
"CREB1","VEGFC"
"ATF2","VEGFD"
"ATF2","VEGFA"
"ATF2","VEGFB"
"ATF2","VEGFC"
"ATF6B","VEGFD"
"ATF6B","VEGFA"
"ATF6B","VEGFB"
"ATF6B","VEGFC"
"CREB3L4","VEGFD"
"CREB3L4","VEGFA"
"CREB3L4","VEGFB"
"CREB3L4","VEGFC"
"PLCB1","PRKCA"
"GRB2","SHC2"
"GRB2","SHC4"
"GRB2","SHC3"
"GRB2","SHC1"
"SMAD2","COL1A1"
"SMAD2","COL1A2"
"SMAD2","COL3A1"
"SMAD2","COL4A1"
"SMAD2","COL4A2"
"SMAD2","COL4A3"
"SMAD2","COL4A4"
"SMAD2","COL4A5"
"SMAD2","COL4A6"
"MMP2","EDN1"
"MMP9","EDN1"
"ATF4","VEGFD"
"ATF4","VEGFA"
"ATF4","VEGFB"
"ATF4","VEGFC"
"NFKB1","VEGFD"
"NFKB1","MMP2"
"NFKB1","NOS2"
"NFKB1","VEGFA"
"NFKB1","VEGFB"
"NFKB1","VEGFC"
"RXFP3","EGFR"
"PIK3CA","RAF1"
"PIK3CA","SRC"
"PIK3CB","RAF1"
"PIK3CB","SRC"
"PIK3CD","RAF1"
"PIK3CD","SRC"
"PIK3R1","RAF1"
"PIK3R1","SRC"
"PIK3R2","RAF1"
"PIK3R2","SRC"
"PLCB2","PRKCA"
"PLCB3","PRKCA"
"PLCB4","PRKCA"
"PRKCA","HRAS"
"PRKCA","KRAS"
"PRKCA","NFKBIA"
"PRKCA","NRAS"
"PRKCA","MAP2K7"
"PRKCA","MAP2K4"
"PRKCZ","ADCY5"
"MAPK1","VEGFD"
"MAPK1","MMP2"
"MAPK1","MMP9"
"MAPK1","NOS1"
"MAPK1","VEGFA"
"MAPK1","VEGFB"
"MAPK1","VEGFC"
"MAPK3","VEGFD"
"MAPK3","MMP2"
"MAPK3","MMP9"
"MAPK3","NOS1"
"MAPK3","VEGFA"
"MAPK3","VEGFB"
"MAPK3","VEGFC"
"MAP2K7","MAPK14"
"MAP2K7","MAPK11"
"MAP2K7","MAPK13"
"MAP2K7","MAPK12"
"RELA","VEGFD"
"RELA","MMP2"
"RELA","NOS2"
"RELA","VEGFA"
"RELA","VEGFB"
"RELA","VEGFC"
"MAP2K4","MAPK14"
"MAP2K4","MAPK11"
"MAP2K4","MAPK13"
"MAP2K4","MAPK12"
"CREB3L2","VEGFD"
"CREB3L2","VEGFA"
"CREB3L2","VEGFB"
"CREB3L2","VEGFC"
"CREB3L3","VEGFD"
"CREB3L3","VEGFA"
"CREB3L3","VEGFB"
"CREB3L3","VEGFC"
"PIK3R3","RAF1"
"PIK3R3","SRC"
"CREB3L1","VEGFD"
"CREB3L1","VEGFA"
"CREB3L1","VEGFB"
"CREB3L1","VEGFC"
"CREB5","VEGFD"
"CREB5","VEGFA"
"CREB5","VEGFB"
"CREB5","VEGFC"
"CREB3","CYP11B1"
"CREB3","CYP17A1"
"CREB3","NCEH1"
"CREB1","CYP11B1"
"CREB1","CYP17A1"
"CREB1","NCEH1"
"ATF2","CYP11B1"
"ATF2","CYP17A1"
"ATF2","NCEH1"
"ATF6B","CYP11B1"
"ATF6B","CYP17A1"
"ATF6B","NCEH1"
"CREB3L4","CYP11B1"
"CREB3L4","CYP17A1"
"CREB3L4","NCEH1"
"NR0B1","NR5A1"
"NR5A1","CYP11B1"
"NR5A1","CYP17A1"
"NR5A1","NCEH1"
"NR5A1","STAR"
"GNA11","KCNK2"
"GNAQ","KCNK2"
"NR4A1","CYP11B1"
"NR4A1","CYP17A1"
"NR4A1","NCEH1"
"KCNK2","CACNA1I"
"KCNK2","CACNA1H"
"KCNK2","CACNA1G"
"ATF4","CYP11B1"
"ATF4","CYP17A1"
"ATF4","NCEH1"
"PBX1","CYP11B1"
"PBX1","CYP17A1"
"PBX1","NCEH1"
"PBX1","STAR"
"PRKACA","NR5A1"
"PRKACA","NR4A1"
"PRKACA","KCNK2"
"PRKACA","PBX1"
"PRKACB","NR5A1"
"PRKACB","NR4A1"
"PRKACB","KCNK2"
"PRKACB","PBX1"
"PRKACG","NR5A1"
"PRKACG","NR4A1"
"PRKACG","KCNK2"
"PRKACG","PBX1"
"CREB3L2","CYP11B1"
"CREB3L2","CYP17A1"
"CREB3L2","NCEH1"
"SP1","CYP11B1"
"SP1","CYP17A1"
"SP1","NCEH1"
"SP1","STAR"
"CREB3L3","CYP11B1"
"CREB3L3","CYP17A1"
"CREB3L3","NCEH1"
"CREB3L1","CYP11B1"
"CREB3L1","CYP17A1"
"CREB3L1","NCEH1"
"CREB5","CYP11B1"
"CREB5","CYP17A1"
"CREB5","NCEH1"
"CREB3","CDKN1A"
"CREB3","TNFSF11"
"GNA13","AKAP13"
"MMP24","HBEGF"
"AKAP13","RHOA"
"CREB1","CDKN1A"
"CREB1","TNFSF11"
"ATF2","CDKN1A"
"ATF2","FOS"
"ATF2","TNFSF11"
"ATF6B","CDKN1A"
"ATF6B","FOS"
"ATF6B","TNFSF11"
"CREB3L4","CDKN1A"
"CREB3L4","TNFSF11"
"EGR1","PTH"
"GATA3","PTH"
"GNA12","AKAP13"
"GNAI1","MMP24"
"GNAI1","MMP14"
"GNAI1","MMP15"
"GNAI1","MMP16"
"GNAI1","MMP17"
"GNAI1","MMP25"
"GNAI2","MMP24"
"GNAI2","MMP14"
"GNAI2","MMP15"
"GNAI2","MMP16"
"GNAI2","MMP17"
"GNAI2","MMP25"
"GNAI3","MMP24"
"GNAI3","MMP14"
"GNAI3","MMP15"
"GNAI3","MMP16"
"GNAI3","MMP17"
"GNAI3","MMP25"
"JUND","LRP6"
"JUND","LRP5"
"JUND","BGLAP"
"ARRB1","ARAF"
"ARRB1","RAF1"
"ARRB1","BRAF"
"ARRB2","ARAF"
"ARRB2","RAF1"
"ARRB2","BRAF"
"MEF2A","SOST"
"MEF2C","SOST"
"MEF2D","SOST"
"MMP14","HBEGF"
"MMP15","HBEGF"
"MMP16","HBEGF"
"MMP17","HBEGF"
"NACA","LRP6"
"NACA","LRP5"
"NACA","BGLAP"
"ATF4","CDKN1A"
"ATF4","FOS"
"ATF4","TNFSF11"
"NR4A2","FGF23"
"PRKACA","CYP24A1"
"PRKACA","CYP27B1"
"PRKACA","MEF2A"
"PRKACA","MEF2C"
"PRKACA","MEF2D"
"PRKACA","NACA"
"PRKACA","NR4A2"
"PRKACA","TRPV5"
"PRKACA","RUNX2"
"PRKACA","NHERF1"
"PRKACB","CYP24A1"
"PRKACB","CYP27B1"
"PRKACB","MEF2A"
"PRKACB","MEF2C"
"PRKACB","MEF2D"
"PRKACB","NACA"
"PRKACB","NR4A2"
"PRKACB","TRPV5"
"PRKACB","RUNX2"
"PRKACB","NHERF1"
"PRKACG","CYP24A1"
"PRKACG","CYP27B1"
"PRKACG","MEF2A"
"PRKACG","MEF2C"
"PRKACG","MEF2D"
"PRKACG","NACA"
"PRKACG","NR4A2"
"PRKACG","TRPV5"
"PRKACG","RUNX2"
"PRKACG","NHERF1"
"PRKCA","TRPV5"
"PRKCA","NHERF1"
"PRKCB","TRPV5"
"PRKCB","NHERF1"
"PRKCG","TRPV5"
"PRKCG","NHERF1"
"PTHLH","PTH1R"
"PTH1R","GNA13"
"PTH1R","GNA11"
"PTH1R","GNA12"
"PTH1R","GNAI1"
"PTH1R","GNAI2"
"PTH1R","GNAI3"
"PTH1R","GNAQ"
"PTH1R","GNAS"
"PTH1R","ARRB1"
"PTH1R","ARRB2"
"MMP25","HBEGF"
"CREB3L2","CDKN1A"
"CREB3L2","TNFSF11"
"SP1","PTH"
"VDR","PTH"
"CASR","GNA11"
"CASR","GNAI1"
"CASR","GNAI2"
"CASR","GNAI3"
"CASR","GNAQ"
"CREB3L3","CDKN1A"
"CREB3L3","TNFSF11"
"GCM1","PTH"
"RUNX2","MMP13"
"CREB3L1","CDKN1A"
"CREB3L1","TNFSF11"
"GCM2","PTH"
"CREB5","CDKN1A"
"CREB5","TNFSF11"
"MAFB","PTH"
"SOCS4","IRS1"
"SOCS4","IRS4"
"SOCS4","IRS2"
"MAFA","INS"
"PRKCD","IRS1"
"PRKCD","IRS4"
"PRKCD","IRS2"
"PRKCE","IRS1"
"PRKCE","IRS4"
"PRKCE","IRS2"
"PRKCZ","IRS1"
"PRKCZ","IRS4"
"PRKCZ","IRS2"
"SOCS1","IRS1"
"SOCS1","IRS4"
"SOCS1","IRS2"
"SOCS2","IRS1"
"SOCS2","IRS4"
"SOCS2","IRS2"
"NR1H3","SREBF1"
"OGA","OGT"
"PPARGC1A","PPARA"
"PPARGC1A","OGT"
"PPARGC1B","MLXIP"
"PPARGC1B","MLXIPL"
"PPARGC1B","SREBF1"
"PPARGC1B","MLX"
"CRTC2","CREB3"
"CRTC2","CREB1"
"CRTC2","CREB3L4"
"CRTC2","CREB3L2"
"CRTC2","CREB3L3"
"CRTC2","CREB3L1"
"CRTC2","CREB5"
"MLXIP","ACACB"
"RPS6KA6","PPP1CA"
"RPS6KA6","PPP1CB"
"RPS6KA6","PPP1CC"
"RPS6KA6","PPP1R3A"
"RPS6KA6","PPP1R3C"
"RPS6KA6","PPP1R3D"
"RPS6KA6","PPP1R3B"
"RPS6KA6","PPP1R3E"
"INS","NR1H3"
"INS","RPS6KA6"
"INS","RPS6KA1"
"INS","RPS6KA2"
"INS","RPS6KA3"
"INS","SREBF1"
"INS","NR1H2"
"INSR","OGT"
"NFKB1","NOS3"
"MLXIPL","ACACB"
"PPARA","TRIB3"
"PPP1CA","PYGB"
"PPP1CA","PYGL"
"PPP1CA","PYGM"
"PPP1CB","PYGB"
"PPP1CB","PYGL"
"PPP1CB","PYGM"
"PPP1CC","PYGB"
"PPP1CC","PYGL"
"PPP1CC","PYGM"
"PPP1R3A","PYGB"
"PPP1R3A","PYGL"
"PPP1R3A","PYGM"
"PPP1R3C","PYGB"
"PPP1R3C","PYGL"
"PPP1R3C","PYGM"
"PPP1R3D","PYGB"
"PPP1R3D","PYGL"
"PPP1R3D","PYGM"
"PTPA","AKT3"
"PTPA","AKT1"
"PTPA","AKT2"
"PTPA","MLXIP"
"PTPA","MLXIPL"
"PTPA","MLX"
"PRKCB","INSR"
"PRKCB","IRS1"
"PRKCE","INSR"
"PRKCE","MAPK8"
"PRKCE","MAPK9"
"PRKCE","MAPK10"
"PRKCQ","IRS1"
"TRIB3","AKT3"
"TRIB3","AKT1"
"TRIB3","AKT2"
"PTPN11","INSR"
"PTPN11","IRS1"
"RELA","NOS3"
"RPS6KA1","PPP1CA"
"RPS6KA1","PPP1CB"
"RPS6KA1","PPP1CC"
"RPS6KA1","PPP1R3A"
"RPS6KA1","PPP1R3C"
"RPS6KA1","PPP1R3D"
"RPS6KA1","PPP1R3B"
"RPS6KA1","PPP1R3E"
"RPS6KA2","PPP1CA"
"RPS6KA2","PPP1CB"
"RPS6KA2","PPP1CC"
"RPS6KA2","PPP1R3A"
"RPS6KA2","PPP1R3C"
"RPS6KA2","PPP1R3D"
"RPS6KA2","PPP1R3B"
"RPS6KA2","PPP1R3E"
"RPS6KA3","PPP1CA"
"RPS6KA3","PPP1CB"
"RPS6KA3","PPP1CC"
"RPS6KA3","PPP1R3A"
"RPS6KA3","PPP1R3C"
"RPS6KA3","PPP1R3D"
"RPS6KA3","PPP1R3B"
"RPS6KA3","PPP1R3E"
"SREBF1","IRS2"
"MLX","ACACB"
"TNFRSF1A","MAPK8"
"TNFRSF1A","MAPK9"
"TNFRSF1A","MAPK10"
"NR1H2","SREBF1"
"PPP1R3B","PYGB"
"PPP1R3B","PYGL"
"PPP1R3B","PYGM"
"OGT","AKT3"
"OGT","AKT1"
"OGT","AKT2"
"OGT","IRS1"
"OGT","PDPK1"
"OGT","PIK3CA"
"OGT","PIK3CB"
"OGT","PIK3CD"
"OGT","PIK3R1"
"OGT","PIK3R2"
"OGT","PIK3R3"
"PPP1R3E","PYGB"
"PPP1R3E","PYGL"
"PPP1R3E","PYGM"
"DDIT3","BCL2L11"
"MLXIP","PKLR"
"FAS","CASP8"
"IL6R","SOCS3"
"LEPR","PRKAG2"
"LEPR","PRKAG3"
"LEPR","PRKAA1"
"LEPR","PRKAA2"
"LEPR","PRKAB1"
"LEPR","PRKAB2"
"LEPR","PRKAG1"
"MAP3K11","MAPK8"
"MAP3K11","MAPK9"
"MAP3K11","MAPK10"
"NFKB1","IL1A"
"MLXIPL","PKLR"
"ADIPOR1","PRKAG2"
"ADIPOR1","PRKAG3"
"ADIPOR1","PRKAA1"
"ADIPOR1","PRKAA2"
"ADIPOR1","PRKAB1"
"ADIPOR1","PRKAB2"
"ADIPOR1","PRKAG1"
"CYCS","CASP3"
"CYCS","CASP7"
"RAC1","MAP3K11"
"RELA","IL1A"
"RXRA","SREBF1"
"BID","CYCS"
"MLX","PKLR"
"TNF","MAPK8"
"TNF","MAPK9"
"TNF","MAPK10"
"TNFRSF1A","NFKB1"
"TNFRSF1A","RELA"
"XBP1","CEBPA"
"ADIPOR2","PRKAG2"
"ADIPOR2","PRKAG3"
"ADIPOR2","PRKAA1"
"ADIPOR2","PRKAA2"
"ADIPOR2","PRKAB1"
"ADIPOR2","PRKAB2"
"ADIPOR2","PRKAG1"
"ITCH","CASP8"
"ADIPOQ","PPARA"
"CDC42","MAP3K11"
"MAPK14","SMAD2"
"MAPK14","SMAD3"
"MAPK14","NFKB1"
"MAPK14","BCL2"
"MAPK14","RELA"
"DIAPH1","RAC1"
"DIAPH1","CDC42"
"AGER","PLCD3"
"AGER","CYBB"
"AGER","DIAPH1"
"AGER","PLCB1"
"AGER","NOX1"
"AGER","JAK2"
"AGER","NOX4"
"AGER","PLCE1"
"AGER","PIK3CA"
"AGER","PIK3CB"
"AGER","PIK3CD"
"AGER","PIK3R1"
"AGER","PIK3R2"
"AGER","PLCB2"
"AGER","PLCB3"
"AGER","PLCB4"
"AGER","PLCD1"
"AGER","PLCG1"
"AGER","PLCG2"
"AGER","PRKCB"
"AGER","PLCD4"
"AGER","PIK3R3"
"AGTR1","TGFB1"
"AGTR1","TGFB2"
"AGTR1","TGFB3"
"JUN","AGER"
"JUN","EDN1"
"JUN","F3"
"JUN","VEGFD"
"JUN","ICAM1"
"JUN","IL1A"
"JUN","MMP2"
"JUN","SERPINE1"
"JUN","SELE"
"JUN","TGFB1"
"JUN","THBD"
"JUN","VCAM1"
"JUN","VEGFA"
"JUN","VEGFB"
"JUN","VEGFC"
"NFKB1","AGER"
"NFKB1","EDN1"
"NFKB1","F3"
"NFKB1","ICAM1"
"NFKB1","SERPINE1"
"NFKB1","SELE"
"NFKB1","THBD"
"NOS3","MAPK14"
"NOS3","MAPK8"
"NOS3","MAPK11"
"NOS3","MAPK9"
"NOS3","MAPK10"
"NOS3","MAPK13"
"NOS3","MAPK12"
"PIK3CA","CASP3"
"PIK3CB","CASP3"
"PIM1","NFATC1"
"PIK3CD","CASP3"
"PIK3R1","CASP3"
"PIK3R2","CASP3"
"PRKCA","MAPK14"
"PRKCA","NOX1"
"PRKCA","NOX4"
"PRKCA","MAPK8"
"PRKCA","MAPK11"
"PRKCA","MAPK9"
"PRKCA","MAPK10"
"PRKCA","MAPK13"
"PRKCA","MAPK12"
"PRKCB","MAPK14"
"PRKCB","NOX1"
"PRKCB","NOX4"
"PRKCB","MAPK8"
"PRKCB","MAPK11"
"PRKCB","MAPK9"
"PRKCB","MAPK10"
"PRKCB","MAPK13"
"PRKCB","MAPK12"
"PRKCD","MAPK14"
"PRKCD","CYBB"
"PRKCD","NOX1"
"PRKCD","NOX4"
"PRKCD","MAPK11"
"PRKCD","MAPK13"
"PRKCD","MAPK12"
"PRKCE","MAPK14"
"PRKCE","CYBB"
"PRKCE","NOX1"
"PRKCE","NOX4"
"PRKCE","MAPK1"
"PRKCE","MAPK3"
"PRKCE","MAPK11"
"PRKCE","MAPK13"
"PRKCE","MAPK12"
"PRKCZ","MAPK14"
"PRKCZ","CYBB"
"PRKCZ","NOX1"
"PRKCZ","NOX4"
"PRKCZ","MAPK8"
"PRKCZ","MAPK11"
"PRKCZ","MAPK9"
"PRKCZ","MAPK10"
"PRKCZ","MAPK13"
"PRKCZ","MAPK12"
"MAPK1","NFKB1"
"MAPK1","RELA"
"MAPK3","NFKB1"
"MAPK3","RELA"
"MAPK8","EGR1"
"MAPK8","NFKB1"
"MAPK8","RELA"
"MAPK11","SMAD2"
"MAPK11","SMAD3"
"MAPK11","NFKB1"
"MAPK11","BCL2"
"MAPK11","RELA"
"MAPK9","EGR1"
"MAPK9","NFKB1"
"MAPK9","RELA"
"MAPK10","EGR1"
"MAPK10","NFKB1"
"MAPK10","RELA"
"MAPK13","SMAD2"
"MAPK13","SMAD3"
"MAPK13","NFKB1"
"MAPK13","BCL2"
"MAPK13","RELA"
"BAX","CASP3"
"RAC1","MAPK14"
"RAC1","MAPK11"
"RAC1","MAPK13"
"RAC1","MAPK12"
"BCL2","CASP3"
"RELA","AGER"
"RELA","EDN1"
"RELA","F3"
"RELA","ICAM1"
"RELA","SERPINE1"
"RELA","SELE"
"RELA","THBD"
"MAPK12","SMAD2"
"MAPK12","SMAD3"
"MAPK12","NFKB1"
"MAPK12","BCL2"
"MAPK12","RELA"
"STAT1","COL1A1"
"STAT1","COL1A2"
"STAT3","COL1A1"
"STAT3","COL1A2"
"STAT3","NFATC1"
"PIK3R3","CASP3"
"APC2","LEF1"
"APC2","TCF7L2"
"APC2","TCF7L1"
"CREB3","POMC"
"WDR5","CDKN1B"
"WDR5","CDKN2A"
"WDR5","CDKN2B"
"WDR5","CDKN2C"
"CREB1","POMC"
"ATF2","POMC"
"ATF6B","POMC"
"CREB3L4","POMC"
"AHR","CDKN1B"
"NR4A1","POMC"
"APC","LEF1"
"APC","TCF7L2"
"APC","TCF7L1"
"MEN1","CDKN1B"
"MEN1","CDKN2A"
"MEN1","CDKN2B"
"MEN1","CDKN2C"
"KMT2A","CDKN1B"
"KMT2A","CDKN2A"
"KMT2A","CDKN2B"
"KMT2A","CDKN2C"
"ATF4","POMC"
"POMC","MRAP"
"WDR5B","CDKN1B"
"WDR5B","CDKN2A"
"WDR5B","CDKN2B"
"WDR5B","CDKN2C"
"MAPK1","NR4A1"
"MAPK3","NR4A1"
"RBBP5","CDKN1B"
"RBBP5","CDKN2A"
"RBBP5","CDKN2B"
"RBBP5","CDKN2C"
"CREB3L2","POMC"
"KMT2D","CDKN1B"
"KMT2D","CDKN2A"
"KMT2D","CDKN2B"
"KMT2D","CDKN2C"
"CAMK2A","RAP1A"
"CAMK2A","RAP1B"
"CAMK2B","RAP1A"
"CAMK2B","RAP1B"
"CAMK2D","RAP1A"
"CAMK2D","RAP1B"
"CAMK2G","RAP1A"
"CAMK2G","RAP1B"
"AXIN1","LEF1"
"AXIN1","TCF7L2"
"AXIN1","TCF7L1"
"AXIN2","LEF1"
"AXIN2","TCF7L2"
"AXIN2","TCF7L1"
"CREB3L3","POMC"
"ASH2L","CDKN1B"
"ASH2L","CDKN2A"
"ASH2L","CDKN2B"
"ASH2L","CDKN2C"
"CREB3L1","POMC"
"USP8","EGFR"
"CREB5","POMC"
"CREB3","POU1F1"
"CREB1","POU1F1"
"ATF2","POU1F1"
"ATF6B","POU1F1"
"CRK","MAP3K1"
"CRKL","MAP3K1"
"CREB3L4","POU1F1"
"FOS","CSH1"
"FOS","CSH2"
"FOS","GH1"
"FOS","GH2"
"MTOR","FOS"
"MTOR","IGF1"
"MTOR","IGFALS"
"MTOR","IGFBP3"
"MTOR","JUNB"
"MTOR","SOCS1"
"MTOR","SOCS2"
"MTOR","SOCS3"
"GHR","JAK2"
"GHRHR","GNAS"
"GHSR","GNA11"
"GHSR","GNAQ"
"GSK3B","FOS"
"GSK3B","IGF1"
"GSK3B","IGFALS"
"GSK3B","IGFBP3"
"GSK3B","JUNB"
"GSK3B","SOCS1"
"GSK3B","SOCS2"
"GSK3B","SOCS3"
"JAK2","IRS1"
"JAK2","PLCG1"
"JAK2","PLCG2"
"JAK2","PTK2"
"JAK2","IRS4"
"JAK2","IRS2"
"ATF4","POU1F1"
"POU1F1","CSH1"
"POU1F1","CSH2"
"POU1F1","GH1"
"POU1F1","GH2"
"PRKCA","CACNA1C"
"PRKCA","CACNA1D"
"PRKCA","CACNA1F"
"PRKCA","CACNA1S"
"PRKCB","CACNA1C"
"PRKCB","CACNA1D"
"PRKCB","CACNA1F"
"PRKCB","CACNA1S"
"PRKCG","CACNA1C"
"PRKCG","CACNA1D"
"PRKCG","CACNA1F"
"PRKCG","CACNA1S"
"MAPK1","IGF1"
"MAPK1","IGFALS"
"MAPK1","IGFBP3"
"MAPK1","JUNB"
"MAPK1","SOCS1"
"MAPK1","SOCS2"
"MAPK1","SOCS3"
"MAPK3","IGF1"
"MAPK3","IGFALS"
"MAPK3","IGFBP3"
"MAPK3","JUNB"
"MAPK3","SOCS1"
"MAPK3","SOCS2"
"MAPK3","SOCS3"
"PTK2","CRK"
"PTK2","CRKL"
"PTK2","BCAR1"
"CREB3L2","POU1F1"
"SSTR3","GNAI1"
"SSTR3","GNAI2"
"SSTR3","GNAI3"
"STAT1","FOS"
"STAT1","IGF1"
"STAT1","IGFALS"
"STAT1","IGFBP3"
"STAT1","JUNB"
"STAT3","FOS"
"STAT3","IGF1"
"STAT3","IGFALS"
"STAT3","IGFBP3"
"STAT3","JUNB"
"STAT5A","FOS"
"STAT5A","IGF1"
"STAT5A","IGFALS"
"STAT5A","IGFBP3"
"STAT5A","JUNB"
"STAT5B","FOS"
"STAT5B","IGF1"
"STAT5B","IGFALS"
"STAT5B","IGFBP3"
"STAT5B","JUNB"
"CREB3L3","POU1F1"
"CREB3L1","POU1F1"
"BCAR1","MAP3K1"
"CREB5","POU1F1"
"AKT3","CTNNB1"
"TAB1","CHUK"
"TAB1","IKBKB"
"TAB1","IKBKG"
"PPARGC1A","FABP1"
"PPARGC1A","ACADM"
"PPARGC1A","ACADVL"
"PPARGC1A","ACOX1"
"PPARGC1A","ACOX3"
"CYP2E1","ALDH2"
"CYP2E1","ALDH1B1"
"CYP2E1","ALDH9A1"
"CYP2E1","ALDH3A2"
"CYP2E1","ALDH7A1"
"AKT1","CTNNB1"
"AKT2","CTNNB1"
"LPIN1","PPARGC1A"
"LPIN1","PPARA"
"LPIN1","SREBF1"
"LY96","TICAM1"
"IL17RA","NFKBIA"
"TRA2A","LPIN1"
"TRA2A","LPIN3"
"TRA2A","LPIN2"
"MIR217","SIRT1"
"MIR217","TRA2A"
"MIR217","TRA2B"
"PPARA","ACADVL"
"TRA2B","LPIN1"
"TRA2B","LPIN3"
"TRA2B","LPIN2"
"LPIN3","PPARGC1A"
"LPIN3","PPARA"
"LPIN3","SREBF1"
"SREBF1","LPIN1"
"SREBF1","LPIN3"
"SREBF1","LPIN2"
"TNFRSF1A","SREBF1"
"C2","C3"
"C3AR1","NFKB1"
"C3AR1","RELA"
"C4A","C3"
"C4B","C3"
"C5AR1","NFKB1"
"C5AR1","RELA"
"IL17RC","NFKBIA"
"LPIN2","PPARGC1A"
"LPIN2","PPARA"
"LPIN2","SREBF1"
"FOXA2","PDX1"
"HNF4A","PKLR"
"HNF4A","SLC2A2"
"ONECUT1","PDX1"
"ONECUT1","NEUROG3"
"ONECUT1","HNF1B"
"HES1","NEUROG3"
"PDX1","NR5A2"
"PDX1","HNF4A"
"PDX1","NKX6-1"
"MAFA","PDX1"
"NEUROD1","GCK"
"NEUROD1","IAPP"
"NEUROD1","INS"
"NKX2-2","GCK"
"NKX2-2","IAPP"
"NKX2-2","INS"
"NEUROG3","NEUROD1"
"NEUROG3","NKX2-2"
"NEUROG3","PAX4"
"NEUROG3","PAX6"
"PAX6","GCK"
"PAX6","IAPP"
"PAX6","INS"
"PAX6","PDX1"
"HNF1A","FOXA3"
"HNF1A","HNF4A"
"HNF1A","HNF4G"
"NR3C2","ATP1B4"
"NR3C2","KRAS"
"NR3C2","ATP1A1"
"NR3C2","ATP1A2"
"NR3C2","ATP1A3"
"NR3C2","ATP1A4"
"NR3C2","ATP1B1"
"NR3C2","ATP1B2"
"NR3C2","ATP1B3"
"NR3C2","FXYD2"
"NR3C2","FXYD4"
"NR3C2","SCNN1A"
"NR3C2","SCNN1B"
"NR3C2","SCNN1G"
"NR3C2","SGK1"
"SGK1","NEDD4L"
"SGK1","KCNJ1"
"ESR1","ATP2B1"
"ESR1","ATP2B2"
"ESR1","ATP2B3"
"ESR1","ATP2B4"
"ESR1","TRPV5"
"ESR1","SLC8A2"
"ESR1","SLC8A1"
"ESR1","SLC8A3"
"ESR1","CALB1"
"ATP1B4","SLC8A2"
"ATP1B4","SLC8A1"
"ATP1B4","SLC8A3"
"KLK1","BDKRB2"
"KLK2","BDKRB2"
"ATP1A1","SLC8A2"
"ATP1A1","SLC8A1"
"ATP1A1","SLC8A3"
"ATP1A2","SLC8A2"
"ATP1A2","SLC8A1"
"ATP1A2","SLC8A3"
"ATP1A3","SLC8A2"
"ATP1A3","SLC8A1"
"ATP1A3","SLC8A3"
"ATP1A4","SLC8A2"
"ATP1A4","SLC8A1"
"ATP1A4","SLC8A3"
"ATP1B1","SLC8A2"
"ATP1B1","SLC8A1"
"ATP1B1","SLC8A3"
"ATP1B2","SLC8A2"
"ATP1B2","SLC8A1"
"ATP1B2","SLC8A3"
"ATP1B3","SLC8A2"
"ATP1B3","SLC8A1"
"ATP1B3","SLC8A3"
"FXYD2","SLC8A2"
"FXYD2","SLC8A1"
"FXYD2","SLC8A3"
"VDR","TRPV5"
"VDR","SLC8A2"
"VDR","SLC8A1"
"VDR","SLC8A3"
"VDR","CALB1"
"KL","ATP1B4"
"KL","ATP1A1"
"KL","ATP1A2"
"KL","ATP1A3"
"KL","ATP1A4"
"KL","ATP1B1"
"KL","ATP1B2"
"KL","ATP1B3"
"KL","FXYD2"
"KL","TRPV5"
"CREB3","AQP2"
"CREB1","AQP2"
"CREB3L4","AQP2"
"PRKACA","AQP2"
"PRKACA","ARHGDIA"
"PRKACA","ARHGDIB"
"PRKACA","ARHGDIG"
"PRKACB","AQP2"
"PRKACB","ARHGDIA"
"PRKACB","ARHGDIB"
"PRKACB","ARHGDIG"
"PRKACG","AQP2"
"PRKACG","ARHGDIA"
"PRKACG","ARHGDIB"
"PRKACG","ARHGDIG"
"CREB3L2","AQP2"
"CREB3L3","AQP2"
"CREB3L1","AQP2"
"CREB5","AQP2"
"PRKG1","BST1"
"PRKG1","CD38"
"PRKG2","BST1"
"PRKG2","CD38"
"GAST","CCKBR"
"PRKACA","EZR"
"PRKACB","EZR"
"PRKACG","EZR"
"PRKCA","EZR"
"PRKCB","EZR"
"PRKCG","EZR"
"SCTR","GNAS"
"CCKAR","BST1"
"CCKAR","CD38"
"AKT3","SLC2A5"
"AKT1","SLC2A5"
"AKT2","SLC2A5"
"PRKCB","SLC2A2"
"NR0B2","SLCO1B1"
"NR0B2","CYP7A1"
"NR0B2","SLCO1B3"
"NR0B2","SLC10A1"
"NR0B2","SLCO1A2"
"NR1H4","SLC51B"
"NR1H4","ABCC2"
"NR1H4","SLC51A"
"NR1H4","ABCB4"
"NR1H4","NR0B2"
"NR1H4","ABCB11"
"VDR","SLC34A2"
"VDR","SLC34A3"
"VDR","ATP2B1"
"VDR","ATP2B2"
"VDR","ATP2B3"
"VDR","ATP2B4"
"VDR","TRPV6"
"VDR","SLC34A1"
"VDR","S100G"
"PCSK9","LDLR"
"ANGPTL3","LPL"
"APOA1","LCAT"
"APOC1","CETP"
"APOC1","LCAT"
"APOC2","LPL"
"APOH","LPL"
"LRPAP1","LRP1"
"LRPAP1","LRP2"
"ANGPTL4","LPL"
"ANGPTL8","ANGPTL3"
"ANGPTL8","ANGPTL4"
"CDK5","GSK3B"
"CDK5","MAPT"
"RTN3","BACE1"
"RTN3","BACE2"
"AGER","HRAS"
"AGER","KRAS"
"AGER","NRAS"
"ATF6","XBP1"
"DKK1","WNT16"
"DKK1","WNT4"
"DKK1","WNT1"
"DKK1","WNT2"
"DKK1","WNT3"
"DKK1","WNT5A"
"DKK1","WNT6"
"DKK1","WNT7A"
"DKK1","WNT7B"
"DKK1","WNT8A"
"DKK1","WNT8B"
"DKK1","WNT10B"
"DKK1","WNT11"
"DKK1","WNT2B"
"DKK1","WNT9A"
"DKK1","WNT9B"
"DKK1","WNT10A"
"DKK1","WNT5B"
"DKK1","WNT3A"
"DKK4","WNT16"
"DKK4","WNT4"
"DKK4","WNT1"
"DKK4","WNT2"
"DKK4","WNT3"
"DKK4","WNT5A"
"DKK4","WNT6"
"DKK4","WNT7A"
"DKK4","WNT7B"
"DKK4","WNT8A"
"DKK4","WNT8B"
"DKK4","WNT10B"
"DKK4","WNT11"
"DKK4","WNT2B"
"DKK4","WNT9A"
"DKK4","WNT9B"
"DKK4","WNT10A"
"DKK4","WNT5B"
"DKK4","WNT3A"
"DKK2","WNT16"
"DKK2","WNT4"
"DKK2","WNT1"
"DKK2","WNT2"
"DKK2","WNT3"
"DKK2","WNT5A"
"DKK2","WNT6"
"DKK2","WNT7A"
"DKK2","WNT7B"
"DKK2","WNT8A"
"DKK2","WNT8B"
"DKK2","WNT10B"
"DKK2","WNT11"
"DKK2","WNT2B"
"DKK2","WNT9A"
"DKK2","WNT9B"
"DKK2","WNT10A"
"DKK2","WNT5B"
"DKK2","WNT3A"
"GSK3B","KLC3"
"GSK3B","ARAF"
"GSK3B","KLC1"
"GSK3B","MAPT"
"GSK3B","MAP2K1"
"GSK3B","MAP2K2"
"GSK3B","RAF1"
"GSK3B","KLC2"
"GSK3B","BRAF"
"GSK3B","KLC4"
"APOE","LRP1"
"APP","GAPDH"
"LPL","LRP1"
"MAPT","NDUFC2-KCTD14"
"MAPT","TUBA1B"
"MAPT","TUBB3"
"MAPT","TUBB4A"
"MAPT","TUBB4B"
"MAPT","TUBA3E"
"MAPT","TUBA3D"
"MAPT","NDUFA11"
"MAPT","TUBB"
"MAPT","TUBB8"
"MAPT","TUBB2B"
"MAPT","NDUFS7"
"MAPT","ND1"
"MAPT","ND2"
"MAPT","ND3"
"MAPT","ND4"
"MAPT","ND4L"
"MAPT","ND5"
"MAPT","ND6"
"MAPT","NDUFA1"
"MAPT","NDUFA2"
"MAPT","NDUFA3"
"MAPT","NDUFA4"
"MAPT","NDUFA5"
"MAPT","NDUFA6"
"MAPT","NDUFA7"
"MAPT","NDUFA8"
"MAPT","NDUFA9"
"MAPT","NDUFA10"
"MAPT","NDUFAB1"
"MAPT","NDUFB1"
"MAPT","NDUFB2"
"MAPT","NDUFB3"
"MAPT","NDUFB4"
"MAPT","NDUFB5"
"MAPT","NDUFB6"
"MAPT","NDUFB7"
"MAPT","NDUFB8"
"MAPT","NDUFB9"
"MAPT","NDUFB10"
"MAPT","NDUFC1"
"MAPT","NDUFC2"
"MAPT","NDUFS1"
"MAPT","NDUFS2"
"MAPT","NDUFS3"
"MAPT","NDUFV1"
"MAPT","NDUFS4"
"MAPT","NDUFS5"
"MAPT","NDUFS6"
"MAPT","NDUFS8"
"MAPT","NDUFV2"
"MAPT","NDUFV3"
"MAPT","NDUFA13"
"MAPT","TUBA8"
"MAPT","NDUFB11"
"MAPT","NDUFA12"
"MAPT","NDUFA4L2"
"MAPT","TUBA4A"
"MAPT","TUBA3C"
"MAPT","TUBB2A"
"MAPT","TUBA1A"
"MAPT","TUBAL3"
"MAPT","TUBB1"
"MAPT","TUBB6"
"MAPT","TUBA1C"
"NFKB1","CSF1"
"PPID","PPIF"
"PPID","SLC25A4"
"PPID","SLC25A5"
"PPID","SLC25A6"
"PPID","VDAC1"
"PPID","VDAC2"
"PPID","VDAC3"
"PPID","SLC25A31"
"PPP3CA","GSK3B"
"PPP3CA","BAD"
"PPP3CB","GSK3B"
"PPP3CB","BAD"
"PPP3CC","GSK3B"
"PPP3CC","BAD"
"PPP3R1","GSK3B"
"PPP3R1","BAD"
"PPP3R2","GSK3B"
"PPP3R2","BAD"
"MAPK1","CASP3"
"MAPK3","CASP3"
"EIF2AK2","IRS1"
"EIF2AK2","IRS4"
"EIF2AK2","IRS2"
"PSEN1","ERN1"
"PSEN1","ATF6"
"PSEN1","GSK3B"
"PSEN1","ITPR1"
"PSEN1","ITPR2"
"PSEN1","ITPR3"
"PSEN1","RYR3"
"PSEN1","EIF2AK3"
"PSEN2","ERN1"
"PSEN2","ATF6"
"PSEN2","ITPR1"
"PSEN2","ITPR2"
"PSEN2","ITPR3"
"PSEN2","RYR3"
"PSEN2","EIF2AK3"
"RTN4","BACE1"
"RTN4","BACE2"
"RELA","CSF1"
"CAPN1","CDK5R1"
"CAPN2","CDK5R1"
"CASP3","MAPT"
"CASP7","MAPT"
"CDK5R1","MAPT"
"PPIF","CYCS"
"TRAP1","CYCS"
"DAXX","MAPK8"
"DAXX","MAPK9"
"DAXX","MAPK10"
"TXN2","DAXX"
"TXN2","MAP3K5"
"HTRA2","CYCS"
"SLC25A4","CYCS"
"SLC25A5","CYCS"
"SLC25A6","CYCS"
"HSPA5","ERN1"
"HSPA5","ATF6"
"HSPA5","EIF2AK3"
"NFE2L2","TXN2"
"NFE2L2","TXN"
"PRKN","PLCG1"
"BAX","CYCS"
"PINK1","NDUFC2-KCTD14"
"PINK1","NDUFA11"
"PINK1","NDUFS7"
"PINK1","ND1"
"PINK1","ND2"
"PINK1","ND3"
"PINK1","ND4"
"PINK1","ND4L"
"PINK1","ND5"
"PINK1","ND6"
"PINK1","NDUFA1"
"PINK1","NDUFA2"
"PINK1","NDUFA3"
"PINK1","NDUFA4"
"PINK1","NDUFA5"
"PINK1","NDUFA6"
"PINK1","NDUFA7"
"PINK1","NDUFA8"
"PINK1","NDUFA9"
"PINK1","NDUFA10"
"PINK1","NDUFAB1"
"PINK1","NDUFB1"
"PINK1","NDUFB2"
"PINK1","NDUFB3"
"PINK1","NDUFB4"
"PINK1","NDUFB5"
"PINK1","NDUFB6"
"PINK1","NDUFB7"
"PINK1","NDUFB8"
"PINK1","NDUFB9"
"PINK1","NDUFB10"
"PINK1","NDUFC1"
"PINK1","NDUFC2"
"PINK1","NDUFS1"
"PINK1","NDUFS2"
"PINK1","NDUFS3"
"PINK1","NDUFV1"
"PINK1","NDUFS4"
"PINK1","NDUFS5"
"PINK1","NDUFS6"
"PINK1","NDUFS8"
"PINK1","NDUFV2"
"PINK1","NDUFV3"
"PINK1","NDUFA13"
"PINK1","NDUFB11"
"PINK1","NDUFA12"
"PINK1","NDUFA4L2"
"SNCA","NDUFC2-KCTD14"
"SNCA","PSMD14"
"SNCA","ADRM1"
"SNCA","NDUFA11"
"SNCA","PSMA8"
"SNCA","KLC3"
"SNCA","HSPA5"
"SNCA","NDUFS7"
"SNCA","KIF5A"
"SNCA","KIF5B"
"SNCA","KIF5C"
"SNCA","KLC1"
"SNCA","ND1"
"SNCA","ND2"
"SNCA","ND3"
"SNCA","ND4"
"SNCA","ND4L"
"SNCA","ND5"
"SNCA","ND6"
"SNCA","NDUFA1"
"SNCA","NDUFA2"
"SNCA","NDUFA3"
"SNCA","NDUFA4"
"SNCA","NDUFA5"
"SNCA","NDUFA6"
"SNCA","NDUFA7"
"SNCA","NDUFA8"
"SNCA","NDUFA9"
"SNCA","NDUFA10"
"SNCA","NDUFAB1"
"SNCA","NDUFB1"
"SNCA","NDUFB2"
"SNCA","NDUFB3"
"SNCA","NDUFB4"
"SNCA","NDUFB5"
"SNCA","NDUFB6"
"SNCA","NDUFB7"
"SNCA","NDUFB8"
"SNCA","NDUFB9"
"SNCA","NDUFB10"
"SNCA","NDUFC1"
"SNCA","NDUFC2"
"SNCA","NDUFS1"
"SNCA","NDUFS2"
"SNCA","NDUFS3"
"SNCA","NDUFV1"
"SNCA","NDUFS4"
"SNCA","NDUFS5"
"SNCA","NDUFS6"
"SNCA","NDUFS8"
"SNCA","NDUFV2"
"SNCA","NDUFV3"
"SNCA","NDUFA13"
"SNCA","NDUFB11"
"SNCA","NDUFA12"
"SNCA","PSMA1"
"SNCA","PSMA2"
"SNCA","PSMA3"
"SNCA","PSMA4"
"SNCA","PSMA5"
"SNCA","PSMA6"
"SNCA","PSMA7"
"SNCA","PSMB1"
"SNCA","PSMB2"
"SNCA","NDUFA4L2"
"SNCA","PSMB3"
"SNCA","PSMB4"
"SNCA","PSMB5"
"SNCA","PSMB6"
"SNCA","PSMB7"
"SNCA","PSMC1"
"SNCA","PSMC2"
"SNCA","PSMC3"
"SNCA","PSMC4"
"SNCA","PSMC5"
"SNCA","PSMC6"
"SNCA","PSMD1"
"SNCA","PSMD2"
"SNCA","PSMD3"
"SNCA","PSMD4"
"SNCA","PSMD7"
"SNCA","PSMD8"
"SNCA","PSMD9"
"SNCA","PSMD11"
"SNCA","PSMD12"
"SNCA","PSMD13"
"SNCA","KLC2"
"SNCA","SLC18A1"
"SNCA","SLC18A2"
"SNCA","SEM1"
"SNCA","KLC4"
"SNCA","PSMD6"
"TP53","DUSP1"
"TXN","DAXX"
"TXN","MAP3K5"
"VDAC1","CYCS"
"VDAC2","CYCS"
"VDAC3","CYCS"
"CAMK2A","MAPT"
"CAMK2B","MAPT"
"CAMK2D","MAPT"
"CAMK2G","MAPT"
"SLC25A31","CYCS"
"KEAP1","NFE2L2"
"HDAC6","TARDBP"
"TARDBP","NDUFC2-KCTD14"
"TARDBP","PSMD14"
"TARDBP","ADRM1"
"TARDBP","NDUFA11"
"TARDBP","PSMA8"
"TARDBP","NDUFS7"
"TARDBP","ND1"
"TARDBP","ND2"
"TARDBP","ND3"
"TARDBP","ND4"
"TARDBP","ND4L"
"TARDBP","ND5"
"TARDBP","ND6"
"TARDBP","NDUFA1"
"TARDBP","NDUFA2"
"TARDBP","NDUFA3"
"TARDBP","NDUFA4"
"TARDBP","NDUFA5"
"TARDBP","NDUFA6"
"TARDBP","NDUFA7"
"TARDBP","NDUFA8"
"TARDBP","NDUFA9"
"TARDBP","NDUFA10"
"TARDBP","NDUFAB1"
"TARDBP","NDUFB1"
"TARDBP","NDUFB2"
"TARDBP","NDUFB3"
"TARDBP","NDUFB4"
"TARDBP","NDUFB5"
"TARDBP","NDUFB6"
"TARDBP","NDUFB7"
"TARDBP","NDUFB8"
"TARDBP","NDUFB9"
"TARDBP","NDUFB10"
"TARDBP","NDUFC1"
"TARDBP","NDUFC2"
"TARDBP","NDUFS1"
"TARDBP","NDUFS2"
"TARDBP","NDUFS3"
"TARDBP","NDUFV1"
"TARDBP","NDUFS4"
"TARDBP","NDUFS5"
"TARDBP","NDUFS6"
"TARDBP","NDUFS8"
"TARDBP","NDUFV2"
"TARDBP","NDUFV3"
"TARDBP","NDUFA13"
"TARDBP","NDUFB11"
"TARDBP","NDUFA12"
"TARDBP","PSMA1"
"TARDBP","PSMA2"
"TARDBP","PSMA3"
"TARDBP","PSMA4"
"TARDBP","PSMA5"
"TARDBP","PSMA6"
"TARDBP","PSMA7"
"TARDBP","PSMB1"
"TARDBP","PSMB2"
"TARDBP","NDUFA4L2"
"TARDBP","PSMB3"
"TARDBP","PSMB4"
"TARDBP","PSMB5"
"TARDBP","PSMB6"
"TARDBP","PSMB7"
"TARDBP","PSMC1"
"TARDBP","PSMC2"
"TARDBP","PSMC3"
"TARDBP","PSMC4"
"TARDBP","PSMC5"
"TARDBP","PSMC6"
"TARDBP","PSMD1"
"TARDBP","PSMD2"
"TARDBP","PSMD3"
"TARDBP","PSMD4"
"TARDBP","PSMD7"
"TARDBP","PSMD8"
"TARDBP","PSMD9"
"TARDBP","PSMD11"
"TARDBP","PSMD12"
"TARDBP","PSMD13"
"TARDBP","SEM1"
"TARDBP","PSMD6"
"MAP3K5","MAP2K6"
"NEFM","KLC3"
"NEFM","KIF5A"
"NEFM","KIF5B"
"NEFM","KIF5C"
"NEFM","KLC1"
"NEFM","KLC2"
"NEFM","KLC4"
"NEFH","KLC3"
"NEFH","KIF5A"
"NEFH","KIF5B"
"NEFH","KIF5C"
"NEFH","KLC1"
"NEFH","KLC2"
"NEFH","KLC4"
"NEFL","KLC3"
"NEFL","KIF5A"
"NEFL","KIF5B"
"NEFL","KIF5C"
"NEFL","KLC1"
"NEFL","KLC2"
"NEFL","KLC4"
"PRKN","TARDBP"
"AMBRA1","ATG14"
"AMBRA1","NRBF2"
"AMBRA1","PIK3R4"
"AMBRA1","PIK3C3"
"BAD","CYCS"
"ATG101","ATG14"
"ATG101","NRBF2"
"ATG101","PIK3R4"
"ATG101","BECN2"
"ATG101","PIK3C3"
"ATG101","BECN1"
"SOD1","ACTR1B"
"SOD1","ACTR1A"
"SOD1","DNAL4"
"SOD1","PSMD14"
"SOD1","TOMM40"
"SOD1","DCTN2"
"SOD1","DCTN6"
"SOD1","ADRM1"
"SOD1","DCTN3"
"SOD1","COX6B2"
"SOD1","DNAH14"
"SOD1","COX4I1"
"SOD1","COX5B"
"SOD1","COX6A1"
"SOD1","COX6A2"
"SOD1","COX6B1"
"SOD1","COX6C"
"SOD1","COX7A1"
"SOD1","COX7A2"
"SOD1","COX7B"
"SOD1","COX7C"
"SOD1","COX8A"
"SOD1","PSMA8"
"SOD1","DNAH2"
"SOD1","DCTN1"
"SOD1","COX7B2"
"SOD1","DNAH5"
"SOD1","DNAH6"
"SOD1","DNAH8"
"SOD1","DNAH9"
"SOD1","DNAH10"
"SOD1","DNAH12"
"SOD1","DNAH1"
"SOD1","DNAI1"
"SOD1","HSPA5"
"SOD1","COX8C"
"SOD1","COX1"
"SOD1","COX2"
"SOD1","COX3"
"SOD1","NEFL"
"SOD1","DCTN4"
"SOD1","DNAH3"
"SOD1","ACTR10"
"SOD1","DNAH7"
"SOD1","PSMA1"
"SOD1","PSMA2"
"SOD1","PSMA3"
"SOD1","PSMA4"
"SOD1","PSMA5"
"SOD1","PSMA6"
"SOD1","PSMA7"
"SOD1","PSMB1"
"SOD1","PSMB2"
"SOD1","PSMB3"
"SOD1","PSMB4"
"SOD1","PSMB5"
"SOD1","PSMB6"
"SOD1","PSMB7"
"SOD1","PSMC1"
"SOD1","PSMC2"
"SOD1","PSMC3"
"SOD1","PSMC4"
"SOD1","PSMC5"
"SOD1","PSMC6"
"SOD1","PSMD1"
"SOD1","PSMD2"
"SOD1","PSMD3"
"SOD1","PSMD4"
"SOD1","PSMD7"
"SOD1","PSMD8"
"SOD1","PSMD9"
"SOD1","PSMD11"
"SOD1","PSMD12"
"SOD1","PSMD13"
"SOD1","BCL2"
"SOD1","SDHA"
"SOD1","SDHB"
"SOD1","SDHC"
"SOD1","SDHD"
"SOD1","DNAI2"
"SOD1","VDAC1"
"SOD1","DNALI1"
"SOD1","DERL1"
"SOD1","SEM1"
"SOD1","DNAL1"
"SOD1","TOMM40L"
"SOD1","DCTN5"
"SOD1","COX4I2"
"SOD1","DNAH17"
"SOD1","DNAH11"
"SOD1","HAP1"
"SOD1","COX7A2L"
"SOD1","COX5A"
"SOD1","PSMD6"
"TNFRSF1A","DAXX"
"TNFRSF1B","DAXX"
"TRAF2","CASP12"
"CASP1","BID"
"ULK1","NRBF2"
"ULK1","PIK3R4"
"ULK1","PIK3C3"
"VAPB","ATF6"
"ULK2","NRBF2"
"ULK2","PIK3R4"
"ULK2","PIK3C3"
"ATG13","NRBF2"
"ATG13","PIK3R4"
"ATG13","BECN2"
"ATG13","PIK3C3"
"ATG13","BECN1"
"DLG4","GRIN1"
"DLG4","GRIN2B"
"RCOR1","BDNF"
"SIN3A","BDNF"
"HTT","PSMD14"
"HTT","UQCR11"
"HTT","ADRM1"
"HTT","PSMA8"
"HTT","CYC1"
"HTT","UQCRQ"
"HTT","BBC3"
"HTT","UQCR10"
"HTT","ITPR1"
"HTT","KCNJ10"
"HTT","MAP3K10"
"HTT","UQCRHL"
"HTT","BECN2"
"HTT","CYTB"
"HTT","MAPK8"
"HTT","MAPK9"
"HTT","MAPK10"
"HTT","PSMA1"
"HTT","PSMA2"
"HTT","PSMA3"
"HTT","PSMA4"
"HTT","PSMA5"
"HTT","PSMA6"
"HTT","PSMA7"
"HTT","PSMB1"
"HTT","PSMB2"
"HTT","PSMB3"
"HTT","PSMB4"
"HTT","PSMB5"
"HTT","PSMB6"
"HTT","PSMB7"
"HTT","PSMC1"
"HTT","PSMC2"
"HTT","PSMC3"
"HTT","PSMC4"
"HTT","PSMC5"
"HTT","PSMC6"
"HTT","PSMD1"
"HTT","PSMD2"
"HTT","PSMD3"
"HTT","PSMD4"
"HTT","PSMD7"
"HTT","PSMD8"
"HTT","PSMD9"
"HTT","PSMD11"
"HTT","PSMD12"
"HTT","PSMD13"
"HTT","BAX"
"HTT","SDHA"
"HTT","SDHB"
"HTT","SDHC"
"HTT","SDHD"
"HTT","STX1A"
"HTT","UQCRB"
"HTT","UQCRC1"
"HTT","UQCRC2"
"HTT","UQCRFS1"
"HTT","UQCRH"
"HTT","SEM1"
"HTT","BECN1"
"HTT","PSMD6"
"HDAC1","BDNF"
"HDAC2","BDNF"
"HIP1","CASP3"
"MAP3K10","MAP2K7"
"IFT57","CASP3"
"MAPK8","KLC3"
"MAPK8","KIF5A"
"MAPK8","KIF5B"
"MAPK8","KIF5C"
"MAPK8","KLC1"
"MAPK8","KLC2"
"MAPK8","KLC4"
"MAPK9","KLC3"
"MAPK9","KIF5A"
"MAPK9","KIF5B"
"MAPK9","KIF5C"
"MAPK9","KLC1"
"MAPK9","KLC2"
"MAPK9","KLC4"
"MAPK10","KLC3"
"MAPK10","KIF5A"
"MAPK10","KIF5B"
"MAPK10","KIF5C"
"MAPK10","KLC1"
"MAPK10","KLC2"
"MAPK10","KLC4"
"REST","BDNF"
"STX1A","CACNA1B"
"RB1CC1","ATG14"
"RB1CC1","NRBF2"
"RB1CC1","PIK3R4"
"RB1CC1","BECN2"
"RB1CC1","PIK3C3"
"RB1CC1","BECN1"
"ATXN2L","ITPR1"
"ATXN2L","ITPR2"
"ATXN2L","ITPR3"
"OMA1","OPA1"
"DAB1","PIK3CA"
"DAB1","PIK3CB"
"DAB1","PIK3CD"
"DAB1","PIK3R1"
"DAB1","PIK3R2"
"DAB1","PIK3R3"
"ATXN1L","KAT5"
"TBPL2","RBPJL"
"TBPL2","GTF2B"
"TBPL2","RBPJ"
"TBPL2","NFYA"
"TBPL2","SP1"
"ATXN3","PSMD14"
"ATXN3","ADRM1"
"ATXN3","PSMA8"
"ATXN3","ITPR1"
"ATXN3","ITPR2"
"ATXN3","ITPR3"
"ATXN3","PSMA1"
"ATXN3","PSMA2"
"ATXN3","PSMA3"
"ATXN3","PSMA4"
"ATXN3","PSMA5"
"ATXN3","PSMA6"
"ATXN3","PSMA7"
"ATXN3","PSMB1"
"ATXN3","PSMB2"
"ATXN3","PSMB3"
"ATXN3","PSMB4"
"ATXN3","PSMB5"
"ATXN3","PSMB6"
"ATXN3","PSMB7"
"ATXN3","PSMC1"
"ATXN3","PSMC2"
"ATXN3","PSMC3"
"ATXN3","PSMC4"
"ATXN3","PSMC5"
"ATXN3","PSMC6"
"ATXN3","PSMD1"
"ATXN3","PSMD2"
"ATXN3","PSMD3"
"ATXN3","PSMD4"
"ATXN3","PSMD7"
"ATXN3","PSMD8"
"ATXN3","PSMD9"
"ATXN3","PSMD11"
"ATXN3","PSMD12"
"ATXN3","PSMD13"
"ATXN3","SEM1"
"ATXN3","PSMD6"
"PDYN","GRIN3A"
"PDYN","GRIN3B"
"PDYN","GRIN1"
"PDYN","GRIN2A"
"PDYN","GRIN2B"
"PDYN","GRIN2C"
"PDYN","GRIN2D"
"PRKCA","TRPC3"
"PRKCB","TRPC3"
"PRKCG","TRPC3"
"RELN","VLDLR"
"ATXN1","KAT5"
"ATXN2","ITPR1"
"ATXN2","ITPR2"
"ATXN2","ITPR3"
"SPTBN2","GRM1"
"TBP","RBPJL"
"TBP","GTF2B"
"TBP","RBPJ"
"TBP","NFYA"
"TBP","SP1"
"ATXN3L","PSMD14"
"ATXN3L","ADRM1"
"ATXN3L","PSMA8"
"ATXN3L","ITPR1"
"ATXN3L","ITPR2"
"ATXN3L","ITPR3"
"ATXN3L","PSMA1"
"ATXN3L","PSMA2"
"ATXN3L","PSMA3"
"ATXN3L","PSMA4"
"ATXN3L","PSMA5"
"ATXN3L","PSMA6"
"ATXN3L","PSMA7"
"ATXN3L","PSMB1"
"ATXN3L","PSMB2"
"ATXN3L","PSMB3"
"ATXN3L","PSMB4"
"ATXN3L","PSMB5"
"ATXN3L","PSMB6"
"ATXN3L","PSMB7"
"ATXN3L","PSMC1"
"ATXN3L","PSMC2"
"ATXN3L","PSMC3"
"ATXN3L","PSMC4"
"ATXN3L","PSMC5"
"ATXN3L","PSMC6"
"ATXN3L","PSMD1"
"ATXN3L","PSMD2"
"ATXN3L","PSMD3"
"ATXN3L","PSMD4"
"ATXN3L","PSMD7"
"ATXN3L","PSMD8"
"ATXN3L","PSMD9"
"ATXN3L","PSMD11"
"ATXN3L","PSMD12"
"ATXN3L","PSMD13"
"ATXN3L","SEM1"
"ATXN3L","PSMD6"
"TBPL1","RBPJL"
"TBPL1","GTF2B"
"TBPL1","RBPJ"
"TBPL1","NFYA"
"TBPL1","SP1"
"CREB3","EGR1"
"CREB1","EGR1"
"ATF2","EGR1"
"ATF6B","EGR1"
"CSNK2A1","KLC3"
"CSNK2A1","KIF5A"
"CSNK2A1","KIF5B"
"CSNK2A1","KIF5C"
"CSNK2A1","KLC1"
"CSNK2A1","KLC2"
"CSNK2A1","KLC4"
"CSNK2A2","KLC3"
"CSNK2A2","KIF5A"
"CSNK2A2","KIF5B"
"CSNK2A2","KIF5C"
"CSNK2A2","KLC1"
"CSNK2A2","KLC2"
"CSNK2A2","KLC4"
"CSNK2B","KLC3"
"CSNK2B","KIF5A"
"CSNK2B","KIF5B"
"CSNK2B","KIF5C"
"CSNK2B","KLC1"
"CSNK2B","KLC2"
"CSNK2B","KLC4"
"CREB3L4","EGR1"
"CYBA","MAPK1"
"CYBA","MAPK3"
"CYBB","MAPK1"
"CYBB","MAPK3"
"EGR1","CCL5"
"CSNK2A3","KLC3"
"CSNK2A3","KIF5A"
"CSNK2A3","KIF5B"
"CSNK2A3","KIF5C"
"CSNK2A3","KLC1"
"CSNK2A3","KLC2"
"CSNK2A3","KLC4"
"ATF4","EGR1"
"NCF2","MAPK1"
"NCF2","MAPK3"
"NCF4","MAPK1"
"NCF4","MAPK3"
"PRKCD","CYBA"
"PRKCD","NCF2"
"PRKCD","NCF4"
"PRKCD","RAC1"
"PRKCD","RAC2"
"PRNP","PSMD14"
"PRNP","STIP1"
"PRNP","ADRM1"
"PRNP","PSMA8"
"PRNP","CSNK2A1"
"PRNP","CSNK2A2"
"PRNP","CSNK2B"
"PRNP","FYN"
"PRNP","CSNK2A3"
"PRNP","GSK3B"
"PRNP","HSPA5"
"PRNP","ITPR1"
"PRNP","ITPR2"
"PRNP","ITPR3"
"PRNP","NOTCH1"
"PRNP","PSMA1"
"PRNP","PSMA2"
"PRNP","PSMA3"
"PRNP","PSMA4"
"PRNP","PSMA5"
"PRNP","PSMA6"
"PRNP","PSMA7"
"PRNP","PSMB1"
"PRNP","PSMB2"
"PRNP","PSMB3"
"PRNP","PSMB4"
"PRNP","PSMB5"
"PRNP","PSMB6"
"PRNP","PSMB7"
"PRNP","PSMC1"
"PRNP","PSMC2"
"PRNP","PSMC3"
"PRNP","PSMC4"
"PRNP","PSMC5"
"PRNP","PSMC6"
"PRNP","PSMD1"
"PRNP","PSMD2"
"PRNP","PSMD3"
"PRNP","PSMD4"
"PRNP","PSMD7"
"PRNP","PSMD8"
"PRNP","PSMD9"
"PRNP","PSMD11"
"PRNP","PSMD12"
"PRNP","PSMD13"
"PRNP","BAX"
"PRNP","RYR1"
"PRNP","RYR2"
"PRNP","RYR3"
"PRNP","SOD1"
"PRNP","CACNA1B"
"PRNP","CACNA1C"
"PRNP","CACNA1D"
"PRNP","CACNA1F"
"PRNP","CACNA1S"
"PRNP","SEM1"
"PRNP","CAV1"
"PRNP","CAV2"
"PRNP","CAV3"
"PRNP","PSMD6"
"RAC1","MAPK1"
"RAC1","MAPK3"
"RAC2","MAPK1"
"RAC2","MAPK3"
"CREB3L2","EGR1"
"NCF1","MAPK1"
"NCF1","MAPK3"
"CREB3L3","EGR1"
"CREB3L1","EGR1"
"CREB5","EGR1"
"LRRK2","CYCS"
"DLG4","GRIN2A"
"DLG4","GRIN2C"
"DLG4","GRIN2D"
"ATF6","HSPA5"
"GNAQ","PLCG1"
"HSD17B10","PPIF"
"HSD17B10","SLC25A4"
"HSD17B10","SLC25A5"
"HSD17B10","SLC25A6"
"HSD17B10","VDAC1"
"HSD17B10","VDAC2"
"HSD17B10","VDAC3"
"HSD17B10","SLC25A31"
"HTT","ITPR2"
"HTT","ITPR3"
"PRKN","PLCB1"
"PRKN","PLCB2"
"PRKN","PLCB3"
"PRKN","PLCB4"
"PRNP","GRIN1"
"PRNP","GRIN2A"
"PRNP","GRIN2B"
"PRNP","GRIN2C"
"PRNP","GRIN2D"
"PSEN1","RYR1"
"PSEN1","RYR2"
"PSEN2","RYR1"
"PSEN2","RYR2"
"BCL2","VDAC1"
"ATG101","RB1CC1"
"BID","BAK1"
"STX1A","CACNA1C"
"STX1A","CACNA1D"
"STX1A","CACNA1F"
"STX1A","CACNA1S"
"CDK5","DLG4"
"CDK5","PPP1R1B"
"CREB3","PDYN"
"CREB1","PDYN"
"ATF2","PDYN"
"ATF2","BDNF"
"ATF6B","PDYN"
"ATF6B","BDNF"
"CREB3L4","PDYN"
"FOSB","CDK5"
"FOSB","GRIA2"
"FOSB","NFKB1"
"FOSB","RELA"
"GPSM1","GNAI1"
"GPSM1","GNAI2"
"GPSM1","GNAI3"
"JUN","CDK5"
"JUN","GRIA2"
"JUN","NFKB1"
"JUN","RELA"
"ATF4","PDYN"
"ATF4","BDNF"
"CREB3L2","PDYN"
"PPP1R1B","PRKACA"
"PPP1R1B","PRKACB"
"PPP1R1B","PRKACG"
"CREB3L3","PDYN"
"RGS9","GNAI1"
"RGS9","GNAI2"
"RGS9","GNAI3"
"CREB3L1","PDYN"
"CREB5","PDYN"
"CREB3","ARC"
"CREB3","FOSB"
"CREB1","ARC"
"CREB1","FOSB"
"ATF2","ARC"
"ATF2","FOSB"
"ATF6B","ARC"
"ATF6B","FOSB"
"CREB3L4","ARC"
"CREB3L4","FOSB"
"SIRT1","FOS"
"FOSB","FOS"
"HDAC1","FOS"
"HDAC2","FOS"
"ATF4","ARC"
"ATF4","FOSB"
"PPP1CA","ATF2"
"PPP1CA","ATF6B"
"PPP1CA","ATF4"
"PPP1CB","ATF2"
"PPP1CB","ATF6B"
"PPP1CB","ATF4"
"PPP1CC","ATF2"
"PPP1CC","ATF6B"
"PPP1CC","ATF4"
"PRKCA","SLC6A3"
"PRKCB","SLC6A3"
"PRKCG","SLC6A3"
"CREB3L2","ARC"
"CREB3L2","FOSB"
"CAMK2A","SLC6A3"
"CAMK2B","SLC6A3"
"CAMK2D","SLC6A3"
"CAMK2G","SLC6A3"
"CREB3L3","ARC"
"CREB3L3","FOSB"
"CREB3L1","ARC"
"CREB3L1","FOSB"
"CREB5","ARC"
"CREB5","FOSB"
"GRK2","OPRM1"
"GRK3","OPRM1"
"GRK4","OPRM1"
"GRK5","OPRM1"
"GRK6","OPRM1"
"OPRM1","GNB5"
"OPRM1","GNAS"
"OPRM1","GNB1"
"OPRM1","GNB2"
"OPRM1","GNB3"
"OPRM1","GNG3"
"OPRM1","GNG4"
"OPRM1","GNG5"
"OPRM1","GNG7"
"OPRM1","GNG10"
"OPRM1","GNG11"
"OPRM1","GNGT1"
"OPRM1","GNGT2"
"OPRM1","GNG13"
"OPRM1","GNG2"
"OPRM1","GNG12"
"OPRM1","GNB4"
"OPRM1","GNG8"
"PRKACA","GNB5"
"PRKACA","GNAI1"
"PRKACA","GNAI2"
"PRKACA","GNAI3"
"PRKACA","GNAO1"
"PRKACA","GNB1"
"PRKACA","GNB2"
"PRKACA","GNB3"
"PRKACA","GNG3"
"PRKACA","GNG4"
"PRKACA","GNG5"
"PRKACA","GNG7"
"PRKACA","GNG10"
"PRKACA","GNG11"
"PRKACA","GNGT1"
"PRKACA","GNGT2"
"PRKACA","GNG13"
"PRKACA","GNG2"
"PRKACA","GNG12"
"PRKACA","GNB4"
"PRKACA","GNG8"
"PRKACB","GNB5"
"PRKACB","GNAI1"
"PRKACB","GNAI2"
"PRKACB","GNAI3"
"PRKACB","GNAO1"
"PRKACB","GNB1"
"PRKACB","GNB2"
"PRKACB","GNB3"
"PRKACB","GNG3"
"PRKACB","GNG4"
"PRKACB","GNG5"
"PRKACB","GNG7"
"PRKACB","GNG10"
"PRKACB","GNG11"
"PRKACB","GNGT1"
"PRKACB","GNGT2"
"PRKACB","GNG13"
"PRKACB","GNG2"
"PRKACB","GNG12"
"PRKACB","GNB4"
"PRKACB","GNG8"
"PRKACG","GNB5"
"PRKACG","GNAI1"
"PRKACG","GNAI2"
"PRKACG","GNAI3"
"PRKACG","GNAO1"
"PRKACG","GNB1"
"PRKACG","GNB2"
"PRKACG","GNB3"
"PRKACG","GNG3"
"PRKACG","GNG4"
"PRKACG","GNG5"
"PRKACG","GNG7"
"PRKACG","GNG10"
"PRKACG","GNG11"
"PRKACG","GNGT1"
"PRKACG","GNGT2"
"PRKACG","GNG13"
"PRKACG","GNG2"
"PRKACG","GNG12"
"PRKACG","GNB4"
"PRKACG","GNG8"
"PRKCA","GNB5"
"PRKCA","ADCY1"
"PRKCA","ADCY2"
"PRKCA","ADCY3"
"PRKCA","ADCY5"
"PRKCA","ADCY6"
"PRKCA","ADCY7"
"PRKCA","ADCY8"
"PRKCA","ADCY9"
"PRKCA","ADCY4"
"PRKCA","GNAI1"
"PRKCA","GNAI2"
"PRKCA","GNAI3"
"PRKCA","GNAO1"
"PRKCA","GNB1"
"PRKCA","GNB2"
"PRKCA","GNB3"
"PRKCA","GNG3"
"PRKCA","GNG4"
"PRKCA","GNG5"
"PRKCA","GNG7"
"PRKCA","GNG10"
"PRKCA","GNG11"
"PRKCA","GNGT1"
"PRKCA","GNGT2"
"PRKCA","GNG13"
"PRKCA","GNG2"
"PRKCA","GNG12"
"PRKCA","GNB4"
"PRKCA","GNG8"
"PRKCB","GNB5"
"PRKCB","ADCY1"
"PRKCB","ADCY2"
"PRKCB","ADCY3"
"PRKCB","ADCY5"
"PRKCB","ADCY6"
"PRKCB","ADCY7"
"PRKCB","ADCY8"
"PRKCB","ADCY9"
"PRKCB","ADCY4"
"PRKCB","GNAI1"
"PRKCB","GNAI2"
"PRKCB","GNAI3"
"PRKCB","GNAO1"
"PRKCB","GNB1"
"PRKCB","GNB2"
"PRKCB","GNB3"
"PRKCB","GNG3"
"PRKCB","GNG4"
"PRKCB","GNG5"
"PRKCB","GNG7"
"PRKCB","GNG10"
"PRKCB","GNG11"
"PRKCB","GNGT1"
"PRKCB","GNGT2"
"PRKCB","GNG13"
"PRKCB","GNG2"
"PRKCB","GNG12"
"PRKCB","GNB4"
"PRKCB","GNG8"
"PRKCG","GNB5"
"PRKCG","ADCY1"
"PRKCG","ADCY2"
"PRKCG","ADCY3"
"PRKCG","ADCY5"
"PRKCG","ADCY6"
"PRKCG","ADCY7"
"PRKCG","ADCY8"
"PRKCG","ADCY9"
"PRKCG","ADCY4"
"PRKCG","GNAI1"
"PRKCG","GNAI2"
"PRKCG","GNAI3"
"PRKCG","GNAO1"
"PRKCG","GNB1"
"PRKCG","GNB2"
"PRKCG","GNB3"
"PRKCG","GNG3"
"PRKCG","GNG4"
"PRKCG","GNG5"
"PRKCG","GNG7"
"PRKCG","GNG10"
"PRKCG","GNG11"
"PRKCG","GNGT1"
"PRKCG","GNGT2"
"PRKCG","GNG13"
"PRKCG","GNG2"
"PRKCG","GNG12"
"PRKCG","GNB4"
"PRKCG","GNG8"
"CREB3","CRH"
"CREB3","NPY"
"CREB1","CRH"
"CREB1","NPY"
"ATF2","CRH"
"ATF2","NPY"
"ATF6B","CRH"
"ATF6B","NPY"
"CREB3L4","CRH"
"CREB3L4","NPY"
"CALML6","CAMKK1"
"ATF4","CRH"
"ATF4","NPY"
"CALML5","CAMKK1"
"PPP1CA","GRIN3A"
"PPP1CA","GRIN3B"
"PPP1CA","GRIN1"
"PPP1CA","GRIN2C"
"PPP1CA","GRIN2D"
"PPP1CB","GRIN3A"
"PPP1CB","GRIN3B"
"PPP1CB","GRIN1"
"PPP1CB","GRIN2C"
"PPP1CB","GRIN2D"
"PPP1CC","GRIN3A"
"PPP1CC","GRIN3B"
"PPP1CC","GRIN1"
"PPP1CC","GRIN2C"
"PPP1CC","GRIN2D"
"PKIA","PRKACA"
"PKIA","PRKACB"
"PKIA","PRKACG"
"MAPK1","PDYN"
"MAPK3","PDYN"
"CREB3L2","CRH"
"CREB3L2","NPY"
"CALM1","CAMKK1"
"CALM2","CAMKK1"
"CALM3","CAMKK1"
"CALML3","CAMKK1"
"CAMKK1","CAMK4"
"CREB3L3","CRH"
"CREB3L3","NPY"
"CREB3L1","CRH"
"CREB3L1","NPY"
"CALML4","CAMKK1"
"CREB5","CRH"
"CREB5","NPY"
"ARPC5","ACTB"
"ARPC5","ACTG1"
"ARPC4","ACTB"
"ARPC4","ACTG1"
"ARPC3","ACTB"
"ARPC3","ACTG1"
"ARPC1B","ACTB"
"ARPC1B","ACTG1"
"ACTR3","ACTB"
"ACTR3","ACTG1"
"ACTR2","ACTB"
"ACTR2","ACTG1"
"ARPC2","ACTB"
"ARPC2","ACTG1"
"ARPC1A","ACTB"
"ARPC1A","ACTG1"
"CTTN","DNM1"
"CTTN","DNM2"
"CTTN","DNM3"
"GAB1","CRK"
"GAB1","CRKL"
"ARHGEF26","RHOG"
"HCLS1","DNM1"
"HCLS1","DNM2"
"HCLS1","DNM3"
"ITGA5","ILK"
"ITGB1","ILK"
"RHOG","ELMO2"
"RHOG","ELMO3"
"RHOG","ELMO1"
"PIK3CA","CDC42"
"PIK3CB","CDC42"
"PIK3CD","CDC42"
"PIK3R1","CDC42"
"PIK3R2","CDC42"
"ACTR3B","ACTB"
"ACTR3B","ACTG1"
"PXN","ACTB"
"PXN","ACTG1"
"ELMO2","DOCK1"
"ACTR3C","ACTB"
"ACTR3C","ACTG1"
"SRC","CTTN"
"SRC","HCLS1"
"VCL","ACTB"
"VCL","ACTG1"
"ARHGAP10","ACTB"
"ARHGAP10","ACTG1"
"ELMO3","DOCK1"
"ARPC5L","ACTB"
"ARPC5L","ACTG1"
"PIK3R3","CDC42"
"ELMO1","DOCK1"
"CDH1","CTNNB1"
"KCNQ1","ADCY3"
"KCNQ1","ADCY9"
"KCNQ1","PRKACA"
"KCNQ1","PRKACB"
"KCNQ1","PRKACG"
"KCNQ1","SLC12A2"
"PRKCA","PLCG1"
"PRKCA","PLCG2"
"PRKCA","ACTB"
"PRKCA","ACTG1"
"SLC12A2","ADCY3"
"SLC12A2","ADCY9"
"SLC12A2","PRKACA"
"SLC12A2","PRKACB"
"SLC12A2","PRKACG"
"ADAM10","HBEGF"
"MAPK14","CXCL1"
"MAPK14","CXCL2"
"MAPK14","CXCL3"
"MAPK14","CXCL8"
"CSK","LYN"
"CSK","SRC"
"PAK1","MAP3K14"
"MAPK11","CXCL1"
"MAPK11","CXCL2"
"MAPK11","CXCL3"
"MAPK11","CXCL8"
"MAPK13","CXCL1"
"MAPK13","CXCL2"
"MAPK13","CXCL3"
"MAPK13","CXCL8"
"MAPK12","CXCL1"
"MAPK12","CXCL2"
"MAPK12","CXCL3"
"MAPK12","CXCL8"
"ADAM17","HBEGF"
"ABCF2","CASP9"
"TUBA1B","ARHGEF2"
"TUBB3","ARHGEF2"
"TUBB4A","ARHGEF2"
"TUBB4B","ARHGEF2"
"TAB1","MAPK14"
"TAB1","MAPK1"
"TAB1","MAPK3"
"TAB1","MAPK8"
"TAB1","MAPK11"
"TAB1","MAPK9"
"TAB1","MAPK10"
"TAB1","MAPK13"
"TAB1","MAPK12"
"TUBA3E","ARHGEF2"
"TUBA3D","ARHGEF2"
"WIPF2","WASL"
"NLRP4","PYCARD"
"NLRP4","CASP1"
"TUBB","ARHGEF2"
"FCGR2A","RAC1"
"TAB2","MAPK14"
"TAB2","MAPK1"
"TAB2","MAPK3"
"TAB2","MAPK8"
"TAB2","MAPK11"
"TAB2","MAPK9"
"TAB2","MAPK10"
"TAB2","MAPK13"
"TAB2","MAPK12"
"TAB3","MAPK14"
"TAB3","MAPK1"
"TAB3","MAPK3"
"TAB3","MAPK8"
"TAB3","MAPK11"
"TAB3","MAPK9"
"TAB3","MAPK10"
"TAB3","MAPK13"
"TAB3","MAPK12"
"GAPDH","TRAF2"
"CYTH4","ARF6"
"TUBB8","ARHGEF2"
"TUBB2B","ARHGEF2"
"IL1R1","TIRAP"
"ARF1","ABI1"
"ARF1","WASF2"
"ARF1","NCKAP1"
"ARF1","WASF3"
"ARF1","CYFIP1"
"ARF1","CYFIP2"
"ARF1","NCKAP1L"
"ARF1","BRK1"
"ARF1","WASF1"
"ARF6","ARF1"
"NAIP","NLRP4"
"NCK1","WIPF2"
"NCK1","WIPF3"
"NCK1","WIPF1"
"TUBA8","ARHGEF2"
"PTPN6","TRAF6"
"BAK1","CYCS"
"PTPN11","TRAF6"
"RAC1","ABI1"
"RAC1","BRK1"
"RPS3","RELA"
"WIPF3","WASL"
"TMBIM6","BAK1"
"TMBIM6","BAX"
"TRAF2","RIPK1"
"TUBA4A","ARHGEF2"
"TUBA3C","ARHGEF2"
"TUBB2A","ARHGEF2"
"EZR","RHOA"
"WIPF1","WASL"
"TUBA1A","ARHGEF2"
"TUBAL3","ARHGEF2"
"TUBB1","ARHGEF2"
"CASP4","CASP1"
"NCK2","WIPF2"
"NCK2","WIPF3"
"NCK2","WIPF1"
"TUBB6","ARHGEF2"
"TUBA1C","ARHGEF2"
"ARHGEF1","CDC42"
"CYTH3","ARF6"
"CYTH2","ARF6"
"CYTH1","ARF6"
"NHERF1","EZR"
"LOC102724594","CSF2"
"LOC102724594","IL1B"
"LOC102724594","CXCL8"
"LOC102724594","CCL5"
"TNIP1","IKBKG"
"MALT1","TRAF6"
"GLMN","NLRP3"
"GLMN","NLRC4"
"CBX3","CXCL8"
"CGAS","STING1"
"H3C14","CXCL8"
"CRK","ELMO2"
"CRK","ELMO1"
"CRKL","ELMO2"
"CRKL","ELMO1"
"DIAPH1","ACTB"
"DIAPH1","ACTG1"
"U2AF1L4","CSF2"
"U2AF1L4","IL1B"
"U2AF1L4","CXCL8"
"U2AF1L4","CCL5"
"CTTN","ARPC5"
"CTTN","ARPC4"
"CTTN","ARPC3"
"CTTN","ARPC1B"
"CTTN","ACTR3"
"CTTN","ACTR2"
"CTTN","ARPC2"
"CTTN","ARPC1A"
"CTTN","CRK"
"CTTN","CRKL"
"CTTN","ACTR3B"
"CTTN","ACTR3C"
"CTTN","ARPC5L"
"FNBP1","CALCOCO2"
"FNBP1","SQSTM1"
"FBXW11","NFKBIA"
"FBXW11","NFKBIB"
"H3-3A","CXCL8"
"H3-3B","CXCL8"
"HCLS1","ARPC5"
"HCLS1","ARPC4"
"HCLS1","ARPC3"
"HCLS1","ARPC1B"
"HCLS1","ACTR3"
"HCLS1","ACTR2"
"HCLS1","ARPC2"
"HCLS1","ARPC1A"
"HCLS1","CRK"
"HCLS1","CRKL"
"HCLS1","ACTR3B"
"HCLS1","ACTR3C"
"HCLS1","ARPC5L"
"HK1","BAX"
"HK2","BAX"
"HK3","BAX"
"H3C15","CXCL8"
"ILK","ACTB"
"ILK","ACTG1"
"ARF1","STING1"
"UBE2NL","TRAF2"
"UBE2NL","TRAF5"
"UBE2NL","TRAF6"
"H3-5","CXCL8"
"MYD88","TBK1"
"NFKB1","TIFA"
"UBE2D4","NFKBIA"
"UBE2D4","NFKBIB"
"FNBP1L","CALCOCO2"
"FNBP1L","SQSTM1"
"PRKCD","TRAF2"
"PRKCE","TRAF2"
"PRKCQ","TRAF2"
"PTK2","CTTN"
"PTK2","HCLS1"
"PXN","CRK"
"PXN","CRKL"
"PXN","BCAR1"
"PXN","CDC42"
"NLRC4","PYCARD"
"NLRC4","CASP1"
"BCL2","PPID"
"RELA","TIFA"
"ELMO2","RAC1"
"SKP1","NFKBIA"
"SKP1","NFKBIB"
"H3C13","CXCL8"
"BNIP3","PPID"
"SRC","CRK"
"SRC","CRKL"
"SRC","RHOA"
"SRC","PXN"
"SRC","BCAR1"
"TLN1","ACTB"
"TLN1","ACTG1"
"TLR4","TRAF6"
"TLR5","TRAF6"
"TP53","BCL2"
"TP53","BCL2L1"
"U2AF1","CSF2"
"U2AF1","IL1B"
"U2AF1","CXCL8"
"U2AF1","CCL5"
"UBE2D1","NFKBIA"
"UBE2D1","NFKBIB"
"UBE2D2","NFKBIA"
"UBE2D2","NFKBIB"
"UBE2D3","NFKBIA"
"UBE2D3","NFKBIB"
"UBE2N","TRAF2"
"UBE2N","TRAF5"
"UBE2N","TRAF6"
"UBE2V1","TRAF2"
"UBE2V1","TRAF5"
"UBE2V1","TRAF6"
"UBE2V2","TRAF2"
"UBE2V2","TRAF5"
"UBE2V2","TRAF6"
"VDAC1","BAX"
"HKDC1","BAX"
"ACTN4","ACTB"
"ACTN4","ACTG1"
"CAPN1","TP53"
"CAPN2","TP53"
"H3-4","CXCL8"
"CAST","CAPN1"
"CAST","CAPN2"
"CAST","CAPNS1"
"H3C1","CXCL8"
"H3C4","CXCL8"
"H3C3","CXCL8"
"H3C6","CXCL8"
"H3C11","CXCL8"
"H3C8","CXCL8"
"H3C12","CXCL8"
"H3C10","CXCL8"
"H3C2","CXCL8"
"TLN2","ACTB"
"TLN2","ACTG1"
"CASP4","IL1B"
"CASP4","IL18"
"CUL1","NFKBIA"
"CUL1","NFKBIB"
"ACTN1","ACTB"
"ACTN1","ACTG1"
"RIPK2","CHUK"
"RIPK2","IKBKB"
"RIPK2","MAPK8"
"RIPK2","MAPK9"
"RIPK2","MAPK10"
"RIPK2","BCL2"
"BCL10","TRAF6"
"BTRC","NFKBIA"
"BTRC","NFKBIB"
"H3C7","CXCL8"
"ARHGEF2","RIPK2"
"RPS6KA5","CBX3"
"RPS6KA5","H3C14"
"RPS6KA5","H3-3A"
"RPS6KA5","H3-3B"
"RPS6KA5","H3C15"
"RPS6KA5","H3-5"
"RPS6KA5","H3C13"
"RPS6KA5","H3-4"
"RPS6KA5","H3C1"
"RPS6KA5","H3C4"
"RPS6KA5","H3C3"
"RPS6KA5","H3C6"
"RPS6KA5","H3C11"
"RPS6KA5","H3C8"
"RPS6KA5","H3C12"
"RPS6KA5","H3C10"
"RPS6KA5","H3C2"
"RPS6KA5","H3C7"
"TIFA","TRAF6"
"BCAR1","ELMO2"
"BCAR1","ELMO1"
"RBX1","NFKBIA"
"RBX1","NFKBIB"
"AKT3","PYCARD"
"AKT3","CASP1"
"AKT3","CASP3"
"ABI1","ARPC5"
"ABI1","ARPC4"
"ABI1","ARPC3"
"ABI1","ARPC1B"
"ABI1","ACTR3"
"ABI1","ACTR2"
"ABI1","ARPC2"
"ABI1","ARPC1A"
"ABI1","ACTR3B"
"ABI1","ACTR3C"
"ABI1","ARPC5L"
"TLR6","TIRAP"
"TLR6","MYD88"
"TAB1","MAP2K3"
"TAB1","MAP2K6"
"TAB1","MAP2K7"
"TAB1","MAP2K4"
"NCKAP1","ARPC5"
"NCKAP1","ARPC4"
"NCKAP1","ARPC3"
"NCKAP1","ARPC1B"
"NCKAP1","ACTR3"
"NCKAP1","ACTR2"
"NCKAP1","ARPC2"
"NCKAP1","ARPC1A"
"NCKAP1","ACTR3B"
"NCKAP1","ACTR3C"
"NCKAP1","ARPC5L"
"SNX18","DNM2"
"SNX18","WASL"
"CHUK","RPS3"
"CSE1L","KPNA1"
"CSE1L","KPNA3"
"CSE1L","KPNA4"
"AKT1","PYCARD"
"AKT1","CASP1"
"AKT1","CASP3"
"AKT2","PYCARD"
"AKT2","CASP1"
"AKT2","CASP3"
"TAB2","MAP2K3"
"TAB2","MAP2K6"
"TAB2","MAP2K7"
"TAB2","MAP2K4"
"FLNA","ACTB"
"FLNA","ACTG1"
"FLNB","ACTB"
"FLNB","ACTG1"
"FLNC","ACTB"
"FLNC","ACTG1"
"CYFIP1","ARPC5"
"CYFIP1","ARPC4"
"CYFIP1","ARPC3"
"CYFIP1","ARPC1B"
"CYFIP1","ACTR3"
"CYFIP1","ACTR2"
"CYFIP1","ARPC2"
"CYFIP1","ARPC1A"
"CYFIP1","ACTR3B"
"CYFIP1","ACTR3C"
"CYFIP1","ARPC5L"
"PLEKHM2","KLC3"
"PLEKHM2","KIF5A"
"PLEKHM2","KIF5B"
"PLEKHM2","KIF5C"
"PLEKHM2","KLC1"
"PLEKHM2","RAB9B"
"PLEKHM2","KLC2"
"PLEKHM2","KLC4"
"PLEKHM2","RAB9A"
"LY96","TIRAP"
"LY96","MYD88"
"SNX33","DNM2"
"SNX33","WASL"
"TAB3","MAP2K3"
"TAB3","MAP2K6"
"TAB3","MAP2K7"
"TAB3","MAP2K4"
"GAPDH","BIRC2"
"GAPDH","BIRC3"
"GAPDH","TRADD"
"GAPDH","RIPK1"
"FBXO22","NFKBIA"
"CYFIP2","ARPC5"
"CYFIP2","ARPC4"
"CYFIP2","ARPC3"
"CYFIP2","ARPC1B"
"CYFIP2","ACTR3"
"CYFIP2","ACTR2"
"CYFIP2","ARPC2"
"CYFIP2","ARPC1A"
"CYFIP2","ACTR3B"
"CYFIP2","ACTR3C"
"CYFIP2","ARPC5L"
"NCKAP1L","ARPC5"
"NCKAP1L","ARPC4"
"NCKAP1L","ARPC3"
"NCKAP1L","ARPC1B"
"NCKAP1L","ACTR3"
"NCKAP1L","ACTR2"
"NCKAP1L","ARPC2"
"NCKAP1L","ARPC1A"
"NCKAP1L","ACTR3B"
"NCKAP1L","ACTR3C"
"NCKAP1L","ARPC5L"
"BIRC2","TAB1"
"BIRC2","RIPK3"
"BIRC2","TAB2"
"BIRC2","TAB3"
"BIRC2","MAP3K7"
"BIRC2","FADD"
"BIRC3","TAB1"
"BIRC3","RIPK3"
"BIRC3","TAB2"
"BIRC3","TAB3"
"BIRC3","MAP3K7"
"BIRC3","FADD"
"HSP90AA1","RIPK2"
"HSP90AB1","RIPK2"
"IKBKB","RPS3"
"KPNA1","NFKB1"
"KPNA1","RELA"
"KPNA3","NFKB1"
"KPNA3","RELA"
"KPNA4","NFKB1"
"KPNA4","RELA"
"RHOA","NOD1"
"RHOB","AKT3"
"RHOB","AKT1"
"RHOB","AKT2"
"RHOH","AKT3"
"RHOH","AKT1"
"RHOH","AKT2"
"MYO6","PIK3C2A"
"MYO6","PIK3C2B"
"MYO6","PIK3C2G"
"MYO6","PIK3CA"
"MYO6","PIK3CB"
"MYO6","PIK3CD"
"MYO6","PIK3CG"
"PAK1","MYO6"
"PAK3","MYO6"
"PAK3","RAF1"
"RAB9B","M6PR"
"SNX9","DNM2"
"SNX9","WASL"
"PKN1","NFKB1"
"PKN1","RELA"
"MAP2K3","MAPK1"
"MAP2K3","MAPK3"
"MAP2K6","MAPK1"
"MAP2K6","MAPK3"
"RAC1","NOD1"
"RAC1","CASP1"
"RALA","EXOC5"
"RALA","EXOC4"
"RPS3","NFKB1"
"RRAS","AKT3"
"RRAS","AKT1"
"RRAS","AKT2"
"TNFRSF1A","BIRC2"
"TNFRSF1A","BIRC3"
"HSP90B1","RIPK2"
"TRAF2","RIPK3"
"TRAF2","FADD"
"TRAF6","BAK1"
"TRAF6","BAX"
"TRAF6","BCL2"
"IKBKG","RPS3"
"TRADD","RIPK3"
"RIPK2","NFKB1"
"RIPK2","RELA"
"CD14","LY96"
"RAB9A","M6PR"
"ROCK2","FHOD1"
"CDC42","NOD1"
"NOD1","IL1A"
"NOD1","IL1B"
"NLRP3","IL1B"
"PYCARD","IL1B"
"IRF8","IL12A"
"IRF8","IL12B"
"IL1A","NOS2"
"IL1B","NOS2"
"RHOA","CFL1"
"RHOA","CFL2"
"TLR4","GNAI1"
"TLR4","GNAI2"
"TLR4","GNAI3"
"TLR4","MAPK1"
"TLR4","MAPK3"
"C2","C5"
"C4A","C5"
"C4B","C5"
"C4BPA","C4A"
"C4BPA","C4B"
"C4BPB","C4A"
"C4BPB","C4B"
"EEF1A1","HSF1"
"EEF1A2","HSF1"
"HSF1","HSPA1A"
"HSF1","HSPA1B"
"HSF1","HSPA1L"
"HSF1","HSPA6"
"HSF1","HSPA8"
"MYD88","CXCL1"
"MYD88","CXCL2"
"MYD88","CXCL3"
"MYD88","IL1B"
"MYD88","IL6"
"MYD88","CXCL8"
"MYD88","IL12A"
"MYD88","IL12B"
"MYD88","TNF"
"NAIP","CASP1"
"NAIP","CASP7"
"CASP1","CASP7"
"CD14","TLR2"
"AKT3","CCL2"
"VAV3","FOS"
"VAV3","JUN"
"VAV3","NFATC1"
"VAV3","NFATC2"
"VAV3","NFATC3"
"VAV3","NFKB1"
"VAV3","RELA"
"TAB1","MAP2K1"
"TAB1","MAP2K2"
"TICAM1","TBK1"
"TICAM1","MAP2K1"
"TICAM1","MAP2K2"
"TICAM1","MAP2K3"
"TICAM1","MAP2K6"
"TICAM1","MAP2K7"
"TICAM1","MAP2K4"
"AKT1","CCL2"
"AKT2","CCL2"
"PTK2B","ARHGEF12"
"PTK2B","ARHGEF28"
"PTK2B","ARHGEF1"
"FCGR2A","RAC2"
"FCGR2A","RAC3"
"TAB2","MAP2K1"
"TAB2","MAP2K2"
"LAT","FOS"
"LAT","JUN"
"LAT","NFATC1"
"LAT","NFATC2"
"LAT","NFATC3"
"LAT","NFKB1"
"LAT","RELA"
"RPS6KA6","MEFV"
"GNAQ","ARHGEF12"
"GNAQ","ARHGEF28"
"GNAQ","ARHGEF1"
"PYCARD","IL18"
"IRAK1","TRAF2"
"ITGA4","PTK2B"
"ITGA4","RHOG"
"ITGA5","PTK2B"
"ITGA5","RHOG"
"ITGB1","PTK2B"
"ITGB1","RHOG"
"RHOG","DOCK1"
"LCP2","FOS"
"LCP2","JUN"
"LCP2","NFATC1"
"LCP2","NFATC2"
"LCP2","NFATC3"
"LCP2","NFKB1"
"LCP2","RELA"
"LIMK1","CASP1"
"IRAK4","TRAF2"
"PTK2","ARHGEF12"
"PTK2","ARHGEF28"
"PTK2","ARHGEF1"
"PXN","ARHGEF7"
"PXN","GIT2"
"RAC1","LIMK1"
"RAC1","WASL"
"RAC2","WASL"
"RAC3","PIP5K1C"
"RAC3","PIP5K1A"
"RAC3","PIP5K1B"
"RAC3","WASL"
"RPS6KA1","MEFV"
"RPS6KA2","MEFV"
"RPS6KA3","MEFV"
"ELMO2","RAC2"
"ELMO2","RAC3"
"ARHGEF28","RHOA"
"SRC","ARHGEF7"
"SRC","GIT2"
"TLR4","PIK3CA"
"TLR4","PIK3CB"
"TLR4","PIK3CD"
"TLR4","PIK3R1"
"TLR4","PIK3R2"
"TLR4","PIK3R3"
"VAV1","FOS"
"VAV1","JUN"
"VAV1","NFATC1"
"VAV1","NFATC2"
"VAV1","NFATC3"
"VAV1","NFKB1"
"VAV1","RELA"
"VAV2","FOS"
"VAV2","JUN"
"VAV2","NFATC1"
"VAV2","NFATC2"
"VAV2","NFATC3"
"VAV2","NFKB1"
"VAV2","RELA"
"ZAP70","VAV3"
"ZAP70","VAV1"
"ZAP70","VAV2"
"ARHGEF7","CDC42"
"CD4","ZAP70"
"CD8A","ZAP70"
"CD8B","ZAP70"
"CD8B2","ZAP70"
"GIT2","CDC42"
"TAB1","NFKBIA"
"TAB1","NFKBIB"
"CR1","PTGS2"
"CR1L","PTGS2"
"MAPK14","IL12A"
"MAPK14","IL12B"
"MAPK14","NOS2"
"EEF1A1","PTPN6"
"EEF1A2","PTPN6"
"FCGR1A","MAPK14"
"FCGR1A","PRKCB"
"FCGR1A","MAPK11"
"FCGR1A","MAPK13"
"FCGR1A","PTGS2"
"FCGR1A","MAPK12"
"FCGR2A","MAPK14"
"FCGR2A","PRKCB"
"FCGR2A","MAPK11"
"FCGR2A","MAPK13"
"FCGR2A","PTGS2"
"FCGR2A","MAPK12"
"FCGR3A","MAPK14"
"FCGR3A","PRKCB"
"FCGR3A","MAPK11"
"FCGR3A","MAPK13"
"FCGR3A","PTGS2"
"FCGR3A","MAPK12"
"FCGR3B","MAPK14"
"FCGR3B","PRKCB"
"FCGR3B","MAPK11"
"FCGR3B","MAPK13"
"FCGR3B","PTGS2"
"FCGR3B","MAPK12"
"TAB2","NFKBIA"
"TAB2","NFKBIB"
"IFNGR1","MARCKSL1"
"IFNGR2","MARCKSL1"
"IL4","NOS2"
"IL10","NOS2"
"ITGAM","PTGS2"
"ITGB2","PTGS2"
"MAPK11","IL12A"
"MAPK11","IL12B"
"MAPK11","NOS2"
"MAPK13","IL12A"
"MAPK13","IL12B"
"MAPK13","NOS2"
"PTPN6","MAPK1"
"PTPN6","MAPK3"
"MAPK12","IL12A"
"MAPK12","IL12B"
"MAPK12","NOS2"
"STAT1","HLA-DMA"
"STAT1","HLA-DMB"
"STAT1","HLA-DOA"
"STAT1","HLA-DOB"
"STAT1","HLA-DPA1"
"STAT1","HLA-DPB1"
"STAT1","HLA-DQA1"
"STAT1","HLA-DQA2"
"STAT1","HLA-DQB1"
"STAT1","HLA-DRA"
"STAT1","HLA-DRB1"
"STAT1","HLA-DRB3"
"STAT1","HLA-DRB4"
"STAT1","HLA-DRB5"
"STAT1","IL12A"
"STAT1","IL12B"
"STAT1","NOS2"
"MAP3K7","NFKBIA"
"MAP3K7","NFKBIB"
"TGFB1","NOS2"
"TGFB2","NOS2"
"TGFB3","NOS2"
"TLR2","NOS2"
"TLR4","NOS2"
"FCGR2C","MAPK14"
"FCGR2C","PRKCB"
"FCGR2C","MAPK11"
"FCGR2C","MAPK13"
"FCGR2C","PTGS2"
"FCGR2C","MAPK12"
"MAPK14","PPP2CA"
"MAPK14","PPP2CB"
"MAPK14","PPP2R1A"
"MAPK14","PPP2R1B"
"MAPK14","PPP2R2A"
"MAPK14","PPP2R2B"
"MAPK14","PPP2R2C"
"MAPK14","PPP2R2D"
"TICAM1","IFNB1"
"TICAM1","CCL2"
"TICAM1","CCL5"
"ACE","KNG1"
"IFNGR1","NOS2"
"IFNGR2","NOS2"
"MYD88","NOS2"
"NFKB1","PPP2CA"
"NFKB1","PPP2CB"
"NFKB1","PPP2R1A"
"NFKB1","PPP2R1B"
"NFKB1","PPP2R2A"
"NFKB1","PPP2R2B"
"NFKB1","PPP2R2C"
"NFKB1","PPP2R2D"
"PPP2CA","IRAK1"
"PPP2CA","IRAK4"
"PPP2CB","IRAK1"
"PPP2CB","IRAK4"
"PPP2R1A","IRAK1"
"PPP2R1A","IRAK4"
"PPP2R1B","IRAK1"
"PPP2R1B","IRAK4"
"PPP2R2A","IRAK1"
"PPP2R2A","IRAK4"
"PPP2R2B","IRAK1"
"PPP2R2B","IRAK4"
"PPP2R2C","IRAK1"
"PPP2R2C","IRAK4"
"PPP2R2D","IRAK1"
"PPP2R2D","IRAK4"
"MAPK11","PPP2CA"
"MAPK11","PPP2CB"
"MAPK11","PPP2R1A"
"MAPK11","PPP2R1B"
"MAPK11","PPP2R2A"
"MAPK11","PPP2R2B"
"MAPK11","PPP2R2C"
"MAPK11","PPP2R2D"
"MAPK13","PPP2CA"
"MAPK13","PPP2CB"
"MAPK13","PPP2R1A"
"MAPK13","PPP2R1B"
"MAPK13","PPP2R2A"
"MAPK13","PPP2R2B"
"MAPK13","PPP2R2C"
"MAPK13","PPP2R2D"
"RELA","PPP2CA"
"RELA","PPP2CB"
"RELA","PPP2R1A"
"RELA","PPP2R1B"
"RELA","PPP2R2A"
"RELA","PPP2R2B"
"RELA","PPP2R2C"
"RELA","PPP2R2D"
"MAPK12","PPP2CA"
"MAPK12","PPP2CB"
"MAPK12","PPP2R1A"
"MAPK12","PPP2R1B"
"MAPK12","PPP2R2A"
"MAPK12","PPP2R2B"
"MAPK12","PPP2R2C"
"MAPK12","PPP2R2D"
"TNFRSF1A","NOS2"
"TRAF6","CHUK"
"TRAF6","MAP2K4"
"TRAF6","IKBKG"
"CALR","C1QA"
"CALR","C1QB"
"CALR","C1QC"
"CASP8","NFKBIA"
"CD3D","CASP8"
"CD3E","CASP8"
"CD3G","CASP8"
"CD247","CASP8"
"PLCB1","PRKCG"
"IFNG","IDO2"
"IFNG","ICAM1"
"IFNG","IDO1"
"PLCB2","PRKCG"
"PLCB3","PRKCG"
"PLCB4","PRKCG"
"THOP1","KNG1"
"TNF","ICAM1"
"TNF","SELE"
"TNF","VCAM1"
"PPIF","CCR5"
"CCR5","GNAO1"
"PIK3R6","PDPK1"
"PIK3R5","PDPK1"
"GNAI1","IL12A"
"GNAI1","IL12B"
"GNAI2","IL12A"
"GNAI2","IL12B"
"GNAI3","IL12A"
"GNAI3","IL12B"
"GNAO1","IL12A"
"GNAO1","IL12B"
"CIITA","HLA-DMA"
"CIITA","HLA-DMB"
"CIITA","HLA-DOA"
"CIITA","HLA-DOB"
"CIITA","HLA-DPA1"
"CIITA","HLA-DPB1"
"CIITA","HLA-DQA1"
"CIITA","HLA-DQA2"
"CIITA","HLA-DQB1"
"CIITA","HLA-DRA"
"CIITA","HLA-DRB1"
"CIITA","HLA-DRB3"
"CIITA","HLA-DRB4"
"CIITA","HLA-DRB5"
"NFKB1","BIRC7"
"PIK3CG","PDPK1"
"RELA","BIRC7"
"STAT1","IRGM"
"STAT1","CIITA"
"STAT3","IL12A"
"STAT3","IL12B"
"TNFRSF1A","CASP8"
"BIRC7","CASP3"
"BIRC7","CASP9"
"CD40","IL12A"
"CD40","IL12B"
"HSPB1","NFKB1"
"HSPB1","RELA"
"IL1R1","NFKB1"
"IL1R1","RELA"
"ITGAM","PIK3CA"
"ITGAM","PIK3CB"
"ITGAM","PIK3CD"
"ITGAM","PIK3R1"
"ITGAM","PIK3R2"
"ITGAM","PIK3R3"
"ITGB2","PIK3CA"
"ITGB2","PIK3CB"
"ITGB2","PIK3CD"
"ITGB2","PIK3R1"
"ITGB2","PIK3R2"
"ITGB2","PIK3R3"
"SERPINB6","CTSG"
"SERPINB9","CTSG"
"SERPINB10","CTSG"
"SERPINB13","CTSG"
"SERPINB3","CTSG"
"SERPINB4","CTSG"
"TLR2","NFKB1"
"TLR2","RELA"
"IL1R2","NFKB1"
"IL1R2","RELA"
"CD14","NFKB1"
"CD14","RELA"
"LOC102723407","FCAR"
"LOC102723407","FCGR2B"
"LOC102723407","C1QA"
"LOC102723407","C1QB"
"LOC102723407","C1QC"
"LOC102723407","C1R"
"LOC102723407","C1S"
"LOC102723407","FCGR2C"
"CFH","CFB"
"CFH","C3"
"CFI","C3"
"PLG","LOC102723407"
"PLG","C3"
"PTAFR","IL10"
"C3","C5"
"CLEC4M","IL10"
"CLEC4M","TGFB1"
"CLEC4M","TGFB2"
"CLEC4M","TGFB3"
"CEBPB","CIITA"
"CEBPG","CIITA"
"MALT1","NFKB1"
"MALT1","RELA"
"TIRAP","CYP27B1"
"TIRAP","VDR"
"TIRAP","FADD"
"CREB1","HLA-DMA"
"CREB1","HLA-DMB"
"CREB1","HLA-DOA"
"CREB1","HLA-DOB"
"CREB1","HLA-DPA1"
"CREB1","HLA-DPB1"
"CREB1","HLA-DQA1"
"CREB1","HLA-DQA2"
"CREB1","HLA-DQB1"
"CREB1","HLA-DRA"
"CREB1","HLA-DRB1"
"CREB1","HLA-DRB3"
"CREB1","HLA-DRB4"
"CREB1","HLA-DRB5"
"CREB1","CD74"
"MAPK14","IL1A"
"MAPK14","IL1B"
"MAPK14","IL6"
"MAPK14","IL18"
"MAPK14","IL23A"
"MAPK14","TNF"
"CTSS","CREB1"
"CTSS","NFYA"
"CTSS","NFYB"
"CTSS","NFYC"
"CTSS","RFX5"
"CTSS","RFXAP"
"CTSS","RFXANK"
"PLA2R1","IL10"
"PLA2R1","TGFB1"
"PLA2R1","TGFB2"
"PLA2R1","TGFB3"
"CLEC4E","SYK"
"CD209","IL10"
"CD209","TGFB1"
"CD209","TGFB2"
"CD209","TGFB3"
"APAF1","CASP3"
"HSPA9","TLR6"
"HSPA9","TLR1"
"HSPA9","TLR2"
"HSPA9","TLR4"
"HSPD1","TLR4"
"IL10RA","CTSS"
"IL10RB","CTSS"
"IRAK2","TRAF6"
"MRC1","IL10"
"MRC1","TGFB1"
"MRC1","TGFB2"
"MRC1","TGFB3"
"MYD88","CYP27B1"
"MYD88","IFNA1"
"MYD88","IFNA2"
"MYD88","IFNA4"
"MYD88","IFNA5"
"MYD88","IFNA6"
"MYD88","IFNA7"
"MYD88","IFNA8"
"MYD88","IFNA10"
"MYD88","IFNA13"
"MYD88","IFNA14"
"MYD88","IFNA16"
"MYD88","IFNA17"
"MYD88","IFNA21"
"MYD88","IFNB1"
"MYD88","VDR"
"NFKB1","CEBPB"
"NFKB1","CEBPG"
"NFYA","HLA-DMA"
"NFYA","HLA-DMB"
"NFYA","HLA-DOA"
"NFYA","HLA-DOB"
"NFYA","HLA-DPA1"
"NFYA","HLA-DPB1"
"NFYA","HLA-DQA1"
"NFYA","HLA-DQA2"
"NFYA","HLA-DQB1"
"NFYA","HLA-DRA"
"NFYA","HLA-DRB1"
"NFYA","HLA-DRB3"
"NFYA","HLA-DRB4"
"NFYA","HLA-DRB5"
"NFYA","CD74"
"NFYB","HLA-DMA"
"NFYB","HLA-DMB"
"NFYB","HLA-DOA"
"NFYB","HLA-DOB"
"NFYB","HLA-DPA1"
"NFYB","HLA-DPB1"
"NFYB","HLA-DQA1"
"NFYB","HLA-DQA2"
"NFYB","HLA-DQB1"
"NFYB","HLA-DRA"
"NFYB","HLA-DRB1"
"NFYB","HLA-DRB3"
"NFYB","HLA-DRB4"
"NFYB","HLA-DRB5"
"NFYB","CD74"
"NFYC","HLA-DMA"
"NFYC","HLA-DMB"
"NFYC","HLA-DOA"
"NFYC","HLA-DOB"
"NFYC","HLA-DPA1"
"NFYC","HLA-DPB1"
"NFYC","HLA-DQA1"
"NFYC","HLA-DQA2"
"NFYC","HLA-DQB1"
"NFYC","HLA-DRA"
"NFYC","HLA-DRB1"
"NFYC","HLA-DRB3"
"NFYC","HLA-DRB4"
"NFYC","HLA-DRB5"
"NFYC","CD74"
"IRAK4","IRAK2"
"MAPK1","IL1A"
"MAPK1","IL1B"
"MAPK1","IL6"
"MAPK1","IL12A"
"MAPK1","IL12B"
"MAPK1","IL18"
"MAPK1","NOS2"
"MAPK1","IL23A"
"MAPK1","TNF"
"MAPK3","IL1A"
"MAPK3","IL1B"
"MAPK3","IL6"
"MAPK3","IL12A"
"MAPK3","IL12B"
"MAPK3","IL18"
"MAPK3","NOS2"
"MAPK3","IL23A"
"MAPK3","TNF"
"MAPK8","IL1A"
"MAPK8","IL1B"
"MAPK8","IL6"
"MAPK8","IL12A"
"MAPK8","IL12B"
"MAPK8","IL18"
"MAPK8","NOS2"
"MAPK8","IL23A"
"MAPK8","TNF"
"MAPK11","IL1A"
"MAPK11","IL1B"
"MAPK11","IL6"
"MAPK11","IL18"
"MAPK11","IL23A"
"MAPK11","TNF"
"MAPK9","IL1A"
"MAPK9","IL1B"
"MAPK9","IL6"
"MAPK9","IL12A"
"MAPK9","IL12B"
"MAPK9","IL18"
"MAPK9","NOS2"
"MAPK9","IL23A"
"MAPK9","TNF"
"MAPK10","IL1A"
"MAPK10","IL1B"
"MAPK10","IL6"
"MAPK10","IL12A"
"MAPK10","IL12B"
"MAPK10","IL18"
"MAPK10","NOS2"
"MAPK10","IL23A"
"MAPK10","TNF"
"MAPK13","IL1A"
"MAPK13","IL1B"
"MAPK13","IL6"
"MAPK13","IL18"
"MAPK13","IL23A"
"MAPK13","TNF"
"BAX","APAF1"
"BAX","CASP9"
"RAB5A","RAB7A"
"RAB5B","RAB7A"
"RAB5C","RAB7A"
"RAF1","NFKB1"
"BCL2","APAF1"
"BCL2","CYCS"
"BCL2","CASP9"
"RELA","CEBPB"
"RELA","CEBPG"
"RFX5","HLA-DMA"
"RFX5","HLA-DMB"
"RFX5","HLA-DOA"
"RFX5","HLA-DOB"
"RFX5","HLA-DPA1"
"RFX5","HLA-DPB1"
"RFX5","HLA-DQA1"
"RFX5","HLA-DQA2"
"RFX5","HLA-DQB1"
"RFX5","HLA-DRA"
"RFX5","HLA-DRB1"
"RFX5","HLA-DRB3"
"RFX5","HLA-DRB4"
"RFX5","HLA-DRB5"
"RFX5","CD74"
"RFXAP","HLA-DMA"
"RFXAP","HLA-DMB"
"RFXAP","HLA-DOA"
"RFXAP","HLA-DOB"
"RFXAP","HLA-DPA1"
"RFXAP","HLA-DPB1"
"RFXAP","HLA-DQA1"
"RFXAP","HLA-DQA2"
"RFXAP","HLA-DQB1"
"RFXAP","HLA-DRA"
"RFXAP","HLA-DRB1"
"RFXAP","HLA-DRB3"
"RFXAP","HLA-DRB4"
"RFXAP","HLA-DRB5"
"RFXAP","CD74"
"MAPK12","IL1A"
"MAPK12","IL1B"
"MAPK12","IL6"
"MAPK12","IL18"
"MAPK12","IL23A"
"MAPK12","TNF"
"CARD9","NFKB1"
"CARD9","RELA"
"CLEC7A","SYK"
"SRC","SYK"
"TLR1","MYD88"
"C3","ITGAX"
"C3","ITGB2"
"VDR","CAMP"
"RAB7A","TCIRG1"
"RAB7A","CTSD"
"RAB7A","ATP6V0A2"
"RAB7A","ATP6V0D2"
"RAB7A","LAMP1"
"RAB7A","LAMP2"
"RAB7A","ATP6V0A4"
"RAB7A","ATP6V1H"
"RAB7A","ATP6V0C"
"RAB7A","ATP6V0B"
"RAB7A","ATP6V0A1"
"RAB7A","ATP6AP1"
"RAB7A","ATP6V0D1"
"CAMK2A","PIK3C3"
"CAMK2A","STAT1"
"CAMK2B","PIK3C3"
"CAMK2B","STAT1"
"CAMK2D","PIK3C3"
"CAMK2D","STAT1"
"CAMK2G","PIK3C3"
"CAMK2G","STAT1"
"CASP8","CASP10"
"EEA1","RAB7A"
"RFXANK","HLA-DMA"
"RFXANK","HLA-DMB"
"RFXANK","HLA-DOA"
"RFXANK","HLA-DOB"
"RFXANK","HLA-DPA1"
"RFXANK","HLA-DPB1"
"RFXANK","HLA-DQA1"
"RFXANK","HLA-DQA2"
"RFXANK","HLA-DQB1"
"RFXANK","HLA-DRA"
"RFXANK","HLA-DRB1"
"RFXANK","HLA-DRB3"
"RFXANK","HLA-DRB4"
"RFXANK","HLA-DRB5"
"RFXANK","CD74"
"RIPK2","MAPK14"
"RIPK2","MAPK1"
"RIPK2","MAPK3"
"RIPK2","MAPK11"
"RIPK2","MAPK13"
"RIPK2","MAPK12"
"BCL10","NFKB1"
"BCL10","RELA"
"MRC2","IL10"
"MRC2","TGFB1"
"MRC2","TGFB2"
"MRC2","TGFB3"
"NR1H3","CDK4"
"NR1H3","MYC"
"NR1H3","CCND1"
"PSME3","NR1H3"
"PSME3","RXRA"
"IRF9","EIF2AK1"
"IRF9","IFIT1"
"IRF9","IRF7"
"IRF9","IFIT1B"
"IRF9","EIF2AK4"
"IRF9","MX1"
"IRF9","MX2"
"IRF9","OAS1"
"IRF9","OAS2"
"IRF9","OAS3"
"IRF9","EIF2AK2"
"IRF9","RSAD2"
"IRF9","EIF2AK3"
"YWHAQ","ARAF"
"YWHAQ","RAF1"
"YWHAQ","BRAF"
"EIF2AK1","CHUK"
"EIF2AK1","EIF2S1"
"EIF2AK1","IFIT1"
"EIF2AK1","IKBKB"
"EIF2AK1","IFIT1B"
"EIF2AK1","IKBKG"
"IFIT1","EIF3E"
"IRF3","IFNG"
"IRF3","TNF"
"IRF7","IFNG"
"IRF7","CXCL10"
"IRF7","TNF"
"IFIT1B","EIF3E"
"EIF2AK4","CHUK"
"EIF2AK4","IFIT1"
"EIF2AK4","IKBKB"
"EIF2AK4","IFIT1B"
"EIF2AK4","IKBKG"
"PPARA","CDK4"
"PPARA","MYC"
"PPARA","CCND1"
"PPP2CA","STAT1"
"PPP2CA","STAT2"
"PPP2CB","STAT1"
"PPP2CB","STAT2"
"PPP2R1A","STAT1"
"PPP2R1A","STAT2"
"PPP2R1B","STAT1"
"PPP2R1B","STAT2"
"PPP2R2A","STAT1"
"PPP2R2A","STAT2"
"PPP2R2B","STAT1"
"PPP2R2B","STAT2"
"PPP2R2C","STAT1"
"PPP2R2C","STAT2"
"PPP2R2D","STAT1"
"PPP2R2D","STAT2"
"EIF2AK2","CHUK"
"EIF2AK2","EIF2S1"
"EIF2AK2","IFIT1"
"EIF2AK2","IKBKB"
"EIF2AK2","IFIT1B"
"EIF2AK2","IKBKG"
"MAVS","CHUK"
"MAVS","IKBKB"
"MAVS","IKBKG"
"RXRA","CDK4"
"RXRA","MYC"
"RXRA","CCND1"
"YWHAB","ARAF"
"YWHAB","RAF1"
"YWHAB","BRAF"
"YWHAE","ARAF"
"YWHAE","RAF1"
"YWHAE","BRAF"
"YWHAG","ARAF"
"YWHAG","RAF1"
"YWHAG","BRAF"
"YWHAH","ARAF"
"YWHAH","RAF1"
"YWHAH","BRAF"
"YWHAZ","ARAF"
"YWHAZ","RAF1"
"YWHAZ","BRAF"
"SOCS3","STAT2"
"EIF2AK3","CHUK"
"EIF2AK3","IFIT1"
"EIF2AK3","IKBKB"
"EIF2AK3","IFIT1B"
"EIF2AK3","IKBKG"
"CREB3","CXCL8"
"CREB3","PCNA"
"CREB1","CXCL8"
"CREB1","PCNA"
"ATF2","CXCL8"
"ATF2","PCNA"
"ATF6B","CXCL8"
"ATF6B","PCNA"
"MAPK14","MAPK8"
"MAPK14","MAPK9"
"MAPK14","MAPK10"
"CREB3L4","CXCL8"
"CREB3L4","PCNA"
"EGR2","FASLG"
"EGR3","FASLG"
"PTK2B","SRC"
"HRAS","MAP3K1"
"IRAK1","TIRAP"
"KRAS","MAP3K1"
"ATF4","CXCL8"
"ATF4","PCNA"
"NFATC4","TNF"
"NFKB1","RELA"
"NRAS","MAP3K1"
"IRAK4","TIRAP"
"IRAK4","TLR4"
"MAPK8","SMAD3"
"MAPK8","SMAD4"
"MAPK11","MAPK8"
"MAPK11","MAPK9"
"MAPK11","MAPK10"
"MAPK9","SMAD3"
"MAPK9","SMAD4"
"MAPK10","SMAD3"
"MAPK10","SMAD4"
"MAPK13","MAPK8"
"MAPK13","MAPK9"
"MAPK13","MAPK10"
"MAP2K1","MAPK14"
"MAP2K1","MAPK8"
"MAP2K1","MAPK11"
"MAP2K1","MAPK9"
"MAP2K1","MAPK10"
"MAP2K1","MAPK13"
"MAP2K1","MAPK12"
"MAP2K2","MAPK14"
"MAP2K2","MAPK8"
"MAP2K2","MAPK11"
"MAP2K2","MAPK9"
"MAP2K2","MAPK10"
"MAP2K2","MAPK13"
"MAP2K2","MAPK12"
"MAPK12","MAPK8"
"MAPK12","MAPK9"
"MAPK12","MAPK10"
"CREB3L2","CXCL8"
"CREB3L2","PCNA"
"SRC","GRB2"
"STAT1","MYD88"
"STAT2","MYD88"
"CREB3L3","CXCL8"
"CREB3L3","PCNA"
"CREB3L1","CXCL8"
"CREB3L1","PCNA"
"CREB5","CXCL8"
"CREB5","PCNA"
"IRF9","ADAR"
"FCGR2B","IL12A"
"FCGR2B","IL12B"
"FOS","IL1A"
"RCHY1","TP53"
"IRAK4","IRF7"
"TLR7","MYD88"
"SLAMF1","IL12A"
"SLAMF1","IL12B"
"CBLB","PIK3CA"
"CBLB","PIK3CB"
"CBLB","PIK3CD"
"CBLB","PIK3R1"
"CBLB","PIK3R2"
"CBLB","PIK3R3"
"GNB5","RHOA"
"MAPK14","CREB3"
"MAPK14","CREB1"
"MAPK14","ATF6B"
"MAPK14","CREB3L4"
"MAPK14","ATF4"
"MAPK14","CREB3L2"
"MAPK14","CREB3L3"
"MAPK14","CREB3L1"
"MAPK14","CREB5"
"CTNNB1","MYC"
"GNB1","RHOA"
"GNB2","RHOA"
"GNB3","RHOA"
"GNG3","RHOA"
"GNG4","RHOA"
"GNG5","RHOA"
"GNG7","RHOA"
"GNG10","RHOA"
"GNG11","RHOA"
"GNGT1","RHOA"
"GNGT2","RHOA"
"IL1R1","CHUK"
"IL1R1","IKBKB"
"IL1R1","IKBKG"
"IL10RA","JAK1"
"IL10RB","JAK1"
"RHOA","MAP2K6"
"NFATC1","CXCL8"
"NFATC2","CXCL8"
"NFATC3","CXCL8"
"NFATC4","CXCL8"
"GNG13","RHOA"
"GNG2","RHOA"
"PRKACA","CTNNB1"
"PRKACB","CTNNB1"
"PRKACG","CTNNB1"
"PRKCA","PTK2B"
"PRKCG","PTK2B"
"MAPK1","SP1"
"MAPK3","SP1"
"GNG12","RHOA"
"MAPK11","CREB3"
"MAPK11","CREB1"
"MAPK11","ATF6B"
"MAPK11","CREB3L4"
"MAPK11","ATF4"
"MAPK11","CREB3L2"
"MAPK11","CREB3L3"
"MAPK11","CREB3L1"
"MAPK11","CREB5"
"MAPK13","CREB3"
"MAPK13","CREB1"
"MAPK13","ATF6B"
"MAPK13","CREB3L4"
"MAPK13","ATF4"
"MAPK13","CREB3L2"
"MAPK13","CREB3L3"
"MAPK13","CREB3L1"
"MAPK13","CREB5"
"PTGER1","GNB5"
"PTGER1","GNAI1"
"PTGER1","GNAI2"
"PTGER1","GNAI3"
"PTGER1","GNAO1"
"PTGER1","GNAS"
"PTGER1","GNB1"
"PTGER1","GNB2"
"PTGER1","GNB3"
"PTGER1","GNG3"
"PTGER1","GNG4"
"PTGER1","GNG5"
"PTGER1","GNG7"
"PTGER1","GNG10"
"PTGER1","GNG11"
"PTGER1","GNGT1"
"PTGER1","GNGT2"
"PTGER1","GNG13"
"PTGER1","GNG2"
"PTGER1","GNG12"
"PTGER1","GNB4"
"PTGER1","GNG8"
"PTGER2","GNB5"
"PTGER2","GNAI1"
"PTGER2","GNAI2"
"PTGER2","GNAI3"
"PTGER2","GNAO1"
"PTGER2","GNB1"
"PTGER2","GNB2"
"PTGER2","GNB3"
"PTGER2","GNG3"
"PTGER2","GNG4"
"PTGER2","GNG5"
"PTGER2","GNG7"
"PTGER2","GNG10"
"PTGER2","GNG11"
"PTGER2","GNGT1"
"PTGER2","GNGT2"
"PTGER2","GNG13"
"PTGER2","GNG2"
"PTGER2","GNG12"
"PTGER2","GNB4"
"PTGER2","GNG8"
"PTGER3","GNB5"
"PTGER3","GNAO1"
"PTGER3","GNAS"
"PTGER3","GNB1"
"PTGER3","GNB2"
"PTGER3","GNB3"
"PTGER3","GNG3"
"PTGER3","GNG4"
"PTGER3","GNG5"
"PTGER3","GNG7"
"PTGER3","GNG10"
"PTGER3","GNG11"
"PTGER3","GNGT1"
"PTGER3","GNGT2"
"PTGER3","GNG13"
"PTGER3","GNG2"
"PTGER3","GNG12"
"PTGER3","GNB4"
"PTGER3","GNG8"
"PTGER4","GNB5"
"PTGER4","GNAI1"
"PTGER4","GNAI2"
"PTGER4","GNAI3"
"PTGER4","GNAO1"
"PTGER4","GNB1"
"PTGER4","GNB2"
"PTGER4","GNB3"
"PTGER4","GNG3"
"PTGER4","GNG4"
"PTGER4","GNG5"
"PTGER4","GNG7"
"PTGER4","GNG10"
"PTGER4","GNG11"
"PTGER4","GNGT1"
"PTGER4","GNGT2"
"PTGER4","GNG13"
"PTGER4","GNG2"
"PTGER4","GNG12"
"PTGER4","GNB4"
"PTGER4","GNG8"
"GNB4","RHOA"
"ROCK1","CTNNB1"
"MAPK12","CREB3"
"MAPK12","CREB1"
"MAPK12","ATF6B"
"MAPK12","CREB3L4"
"MAPK12","ATF4"
"MAPK12","CREB3L2"
"MAPK12","CREB3L3"
"MAPK12","CREB3L1"
"MAPK12","CREB5"
"STAT3","PTGS2"
"STAT3","VEGFA"
"TRAF5","CHUK"
"TRAF5","IKBKB"
"TRAF5","IKBKG"
"CXCR4","GNB5"
"CXCR4","GNB1"
"CXCR4","GNB2"
"CXCR4","GNB3"
"CXCR4","GNG3"
"CXCR4","GNG4"
"CXCR4","GNG5"
"CXCR4","GNG7"
"CXCR4","GNG10"
"CXCR4","GNG11"
"CXCR4","GNGT1"
"CXCR4","GNGT2"
"CXCR4","GNG13"
"CXCR4","GNG2"
"CXCR4","GNG12"
"CXCR4","GNB4"
"CXCR4","GNG8"
"TRADD","CHUK"
"TRADD","IKBKB"
"TRADD","IKBKG"
"GNG8","RHOA"
"ROCK2","CTNNB1"
"CALCOCO2","TBK1"
"IRF9","PML"
"TICAM1","CHUK"
"TICAM1","IKBKB"
"TICAM1","IKBKG"
"DNAJB1","DNAJC3"
"FAS","TRADD"
"IRAK4","CHUK"
"DNAJC3","EIF2AK2"
"TNFRSF10B","TRADD"
"TNFRSF10A","TRADD"
"RSAD2","FDPS"
"AKT3","VEGFA"
"APC2","CTNNB1"
"TCIRG1","EGFR"
"TADA3","TP53"
"CREB3","PTGER4"
"CHD4","IRF1"
"RBPJL","HES3"
"RBPJL","HES2"
"RBPJL","HES6"
"RBPJL","HES4"
"RBPJL","HES7"
"ATP6V1G3","EGFR"
"CREB1","PTGER4"
"CREB3L4","PTGER4"
"ATP6V0E2","EGFR"
"E2F1","CCNA2"
"E2F1","CCNA1"
"EGFR","PTGS2"
"AKT1","VEGFA"
"AKT2","VEGFA"
"ATP6V0A2","EGFR"
"ATP6V0D2","EGFR"
"ATP6V1C2","EGFR"
"HDAC1","IRF1"
"HDAC2","IRF1"
"APC","CTNNB1"
"RBPJ","HES3"
"RBPJ","HES2"
"RBPJ","HES6"
"RBPJ","HES4"
"RBPJ","HES7"
"NFX1","NOTCH1"
"NFX1","NOTCH2"
"NFX1","NOTCH3"
"NFX1","NOTCH4"
"NFX1","TERT"
"NOTCH1","HEY1"
"NOTCH1","HEY2"
"NOTCH1","HEYL"
"NOTCH1","HES1"
"NOTCH1","HES5"
"NOTCH1","HES3"
"NOTCH1","HES2"
"NOTCH1","HES6"
"NOTCH1","HES4"
"NOTCH1","HES7"
"NOTCH2","HEY1"
"NOTCH2","HEY2"
"NOTCH2","HEYL"
"NOTCH2","HES1"
"NOTCH2","HES5"
"NOTCH2","HES3"
"NOTCH2","HES2"
"NOTCH2","HES6"
"NOTCH2","HES4"
"NOTCH2","HES7"
"NOTCH3","HEY1"
"NOTCH3","HEY2"
"NOTCH3","HEYL"
"NOTCH3","HES1"
"NOTCH3","HES5"
"NOTCH3","HES3"
"NOTCH3","HES2"
"NOTCH3","HES6"
"NOTCH3","HES4"
"NOTCH3","HES7"
"NOTCH4","HEY1"
"NOTCH4","HEY2"
"NOTCH4","HEYL"
"NOTCH4","HES1"
"NOTCH4","HES5"
"NOTCH4","HES3"
"NOTCH4","HES2"
"NOTCH4","HES6"
"NOTCH4","HES4"
"NOTCH4","HES7"
"ATP6V0A4","EGFR"
"ATP6V1D","EGFR"
"ATP6V1H","EGFR"
"ATP6V1A","EGFR"
"ATP6V1B1","EGFR"
"ATP6V1B2","EGFR"
"ATP6V0C","EGFR"
"ATP6V1C1","EGFR"
"ATP6V1E1","EGFR"
"ATP6V0B","EGFR"
"ATP6V1G2","EGFR"
"ATP6V0A1","EGFR"
"ATP6AP1","EGFR"
"MAML3","HEY1"
"MAML3","HEY2"
"MAML3","HEYL"
"MAML3","HES1"
"MAML3","HES5"
"MAML3","HES3"
"MAML3","HES2"
"MAML3","HES6"
"MAML3","HES4"
"MAML3","HES7"
"PRKACA","BAX"
"PRKACB","BAX"
"PRKACG","BAX"
"PSMC1","RB1"
"PSMC1","RBL1"
"PSMC1","RBL2"
"CREB3L2","PTGER4"
"STAT1","MX1"
"STAT1","MX2"
"STAT1","OASL"
"STAT1","ISG15"
"STAT2","MX1"
"STAT2","MX2"
"STAT2","OASL"
"STAT2","ISG15"
"UBE3A","PATJ"
"UBE3A","CTNNB1"
"UBE3A","DLG1"
"UBE3A","DLG2"
"UBE3A","DLG3"
"UBE3A","SCRIB"
"UBE3A","LLGL2"
"UBE3A","LLGL1"
"UBE3A","NFX1"
"UBE3A","PTEN"
"UBE3A","PALS1"
"UBE3A","TP53"
"UBE3A","TSC1"
"UBE3A","TSC2"
"UBE3A","MAGI1"
"UBE3A","CRB3"
"AXIN1","CTNNB1"
"AXIN2","CTNNB1"
"MAML2","HEY1"
"MAML2","HEY2"
"MAML2","HEYL"
"MAML2","HES1"
"MAML2","HES5"
"MAML2","HES3"
"MAML2","HES2"
"MAML2","HES6"
"MAML2","HES4"
"MAML2","HES7"
"CREB3L3","PTGER4"
"ATP6V0E1","EGFR"
"ATP6V1E2","EGFR"
"CREB3L1","PTGER4"
"ATP6V0D1","EGFR"
"ATP6V1F","EGFR"
"ATP6V1G1","EGFR"
"CREB5","PTGER4"
"MAML1","HEY1"
"MAML1","HEY2"
"MAML1","HEYL"
"MAML1","HES1"
"MAML1","HES5"
"MAML1","HES3"
"MAML1","HES2"
"MAML1","HES6"
"MAML1","HES4"
"MAML1","HES7"
"AKT3","JUN"
"CREB3","CCND1"
"TNFRSF13C","MAP3K14"
"CREB1","CCND1"
"ATF2","CCND1"
"ATF6B","CCND1"
"CREB3L4","CCND1"
"DLG1","PTEN"
"ELK1","EGR1"
"ELK1","EGR2"
"ELK1","FOSL1"
"ELK4","EGR1"
"ELK4","EGR2"
"ELK4","FOSL1"
"AKT1","JUN"
"AKT2","JUN"
"ETS1","EGR1"
"ETS1","EGR2"
"ETS1","FOS"
"ETS1","FOSL1"
"ETS2","EGR1"
"ETS2","EGR2"
"ETS2","FOS"
"ETS2","FOSL1"
"FDPS","HRAS"
"FDPS","KRAS"
"FDPS","NRAS"
"HRAS","MAP2K2"
"ICAM1","HRAS"
"ICAM1","KRAS"
"ICAM1","NRAS"
"IL1R1","MAP3K3"
"IL2RB","JAK1"
"IL2RB","JAK3"
"IL2RG","JAK1"
"IL2RG","JAK3"
"JUN","MMP7"
"KRAS","MAP2K2"
"MAD2L1","CDC20"
"MAP3K3","CHUK"
"MAP3K3","IKBKB"
"MAP3K3","IKBKG"
"MYC","TERT"
"MYC","CCND2"
"ATF4","CCND1"
"NFKB1","IL15"
"NFKB1","IL15RA"
"NFKB1","LTA"
"NFKB2","CSF2"
"NFKB2","XIAP"
"NFKB2","IL2"
"NFKB2","IL2RA"
"NFKB2","IL6"
"NFKB2","IL15"
"NFKB2","IL15RA"
"NFKB2","LTA"
"NFKB2","BCL2L1"
"NRAS","MAP2K2"
"RELA","IL15"
"RELA","IL15RA"
"RELA","LTA"
"RELB","CSF2"
"RELB","XIAP"
"RELB","IL2"
"RELB","IL2RA"
"RELB","IL6"
"RELB","IL15"
"RELB","IL15RA"
"RELB","LTA"
"RELB","BCL2L1"
"CREB3L2","CCND1"
"SPI1","EGR1"
"SPI1","EGR2"
"SPI1","FOS"
"SPI1","FOSL1"
"SRF","EGR1"
"SRF","EGR2"
"SRF","FOSL1"
"TCF3","CDKN2C"
"TCF3","LCK"
"TCF3","POLB"
"TCF3","BAX"
"BUB1B","JUN"
"TNFRSF1A","MAP3K1"
"TNFRSF1A","MAP3K3"
"IL1R2","MAP3K3"
"MAD1L1","BUB1B"
"MAD1L1","BUB3"
"CREB3L3","CCND1"
"IKBKG","CHUK"
"CREB3L1","CCND1"
"CD3D","MAP3K3"
"CD3E","MAP3K3"
"CD3G","MAP3K3"
"CD40","MAP3K14"
"CREB5","CCND1"
"CREBBP","IFNB1"
"PIK3R6","PREX1"
"EP300","IFNB1"
"ATG14","MAP1LC3C"
"ATG14","MAP1LC3B2"
"ATG14","MAP1LC3B"
"ATG14","MAP1LC3A"
"FOS","FGF2"
"FOS","ANGPT2"
"FOS","PDGFB"
"FOS","VEGFA"
"PIK3R5","PREX1"
"HIF1A","FGF2"
"HIF1A","CXCL1"
"HIF1A","CXCL2"
"HIF1A","CXCL3"
"IRF3","CREBBP"
"IRF3","EP300"
"IRF7","CREBBP"
"IRF7","EP300"
"IRF7","IRF3"
"JUN","FGF2"
"JUN","ANGPT2"
"JUN","PDGFB"
"NFATC1","FGF2"
"NFATC1","CXCL1"
"NFATC1","CXCL2"
"NFATC1","CXCL3"
"NFATC2","FGF2"
"NFATC2","CXCL1"
"NFATC2","CXCL2"
"NFATC2","CXCL3"
"NFATC3","FGF2"
"NFATC3","CXCL1"
"NFATC3","CXCL2"
"NFATC3","CXCL3"
"NFATC4","FGF2"
"NFATC4","CXCL1"
"NFATC4","CXCL2"
"NFATC4","CXCL3"
"NFKB1","FGF2"
"LEF1","CREB1"
"PIK3C3","MAP1LC3C"
"PIK3C3","MAP1LC3B2"
"PIK3C3","MAP1LC3B"
"PIK3C3","MAP1LC3A"
"PIK3CG","PREX1"
"CYCS","BAX"
"MAPK1","HIF1A"
"MAPK3","HIF1A"
"RELA","FGF2"
"SYK","HRAS"
"SYK","KRAS"
"SYK","NRAS"
"TCF7","CREB1"
"TCF7L2","CREB1"
"ZFP36","CSF2"
"ZFP36","IL6"
"TCF7L1","CREB1"
"MAPKAPK2","ZFP36"
"CHUK","IRF7"
"TICAM1","IRAK1"
"TICAM1","IRAK4"
"IRAK1","CHUK"
"PPP1CA","EIF2S1"
"PPP1CB","EIF2S1"
"PPP1CC","EIF2S1"
"MAVS","IRAK1"
"MAVS","IRAK4"
"MAVS","TRAF6"
"RELA","NFKB1"
"CARD9","IRF3"
"SRPK1","SRSF8"
"SRPK1","SRSF1"
"SRPK1","SRSF2"
"SRPK1","SRSF3"
"SRPK1","SRSF4"
"SRPK1","SRSF5"
"SRPK1","SRSF6"
"SRPK1","SRSF7"
"SRPK1","SRSF9"
"STAT1","ZNF730"
"STAT1","ZNF737"
"STAT1","ZNF316"
"STAT1","ZNF717"
"STAT1","ZNF729"
"STAT1","ZNF605"
"STAT1","ZNF783"
"STAT1","ZNF559-ZNF177"
"STAT1","ZNF891"
"STAT1","ZNF256"
"STAT1","ZNF443"
"STAT1","ZNF267"
"STAT1","ZNF211"
"STAT1","ZNF234"
"STAT1","ZNF273"
"STAT1","ZNF460"
"STAT1","ZNF268"
"STAT1","ZNF275"
"STAT1","ZNF765-ZNF761"
"STAT1","ZNF257"
"STAT1","ZIM3"
"STAT1","ZNF554"
"STAT1","ZNF689"
"STAT1","ZNF354B"
"STAT1","ZNF641"
"STAT1","LOC122539214"
"STAT1","ZNF816"
"STAT1","ZNF543"
"STAT1","ZNF813"
"STAT1","ZNF441"
"STAT1","ZNF440"
"STAT1","ZNF573"
"STAT1","ZNF57"
"STAT1","ZNF792"
"STAT1","ZNF684"
"STAT1","ZNF786"
"STAT1","ZFP92"
"STAT1","ZFP28"
"STAT1","ZFP90"
"STAT1","ZNF597"
"STAT1","ZNF785"
"STAT1","ZNF688"
"STAT1","ZNF480"
"STAT1","ZNF534"
"STAT1","ZNF578"
"STAT1","ZNF418"
"STAT1","ZNF417"
"STAT1","ZNF548"
"STAT1","ZNF560"
"STAT1","ZNF563"
"STAT1","ZNF420"
"STAT1","ZNF565"
"STAT1","ZNF582"
"STAT1","ZNF583"
"STAT1","ZNF599"
"STAT1","ZNF558"
"STAT1","ZNF98"
"STAT1","ZNF738"
"STAT1","ZNF714"
"STAT1","ZNF681"
"STAT1","ZNF555"
"STAT1","ZNF569"
"STAT1","ZNF570"
"STAT1","ZNF595"
"STAT1","ZNF425"
"STAT1","ZNF746"
"STAT1","ZNF782"
"STAT1","ZFP1"
"STAT1","ZNF519"
"STAT1","ZNF836"
"STAT1","ZNF610"
"STAT1","ZNF600"
"STAT1","ZNF320"
"STAT1","ZNF550"
"STAT1","ZNF846"
"STAT1","ZNF791"
"STAT1","ZNF564"
"STAT1","ZNF709"
"STAT1","ZNF433"
"STAT1","ZNF114"
"STAT1","ZNF567"
"STAT1","ZNF383"
"STAT1","ZNF780B"
"STAT1","ZNF676"
"STAT1","ZNF100"
"STAT1","ZNF540"
"STAT1","ZNF92"
"STAT1","ZNF679"
"STAT1","ZNF596"
"STAT1","ZNF169"
"STAT1","ZNF525"
"STAT1","ZNF431"
"STAT1","ZNF721"
"STAT1","ZNF675"
"STAT1","ZNF778"
"STAT1","ZNF627"
"STAT1","ZNF585A"
"STAT1","ZNF626"
"STAT1","ZNF584"
"STAT1","ZNF25"
"STAT1","ZNF485"
"STAT1","ZFP30"
"STAT1","ZNF510"
"STAT1","ZNF620"
"STAT1","ZNF718"
"STAT1","ZNF549"
"STAT1","ZNF324"
"STAT1","ZNF473"
"STAT1","ZNF658"
"STAT1","ZNF337"
"STAT1","ZNF285"
"STAT1","EIF2AK1"
"STAT1","ZNF777"
"STAT1","ZNF544"
"STAT1","ZNF311"
"STAT1","ZNF547"
"STAT1","ZIK1"
"STAT1","ZNF776"
"STAT1","ZNF780A"
"STAT1","ZNF283"
"STAT1","ZNF615"
"STAT1","ZNF841"
"STAT1","ZNF763"
"STAT1","ZFP82"
"STAT1","ZNF875"
"STAT1","ZNF619"
"STAT1","ZNF621"
"STAT1","ZNF454"
"STAT1","ZNF707"
"STAT1","ZNF354C"
"STAT1","ZNF181"
"STAT1","ZNF546"
"STAT1","ZFP69"
"STAT1","ZNF680"
"STAT1","ZNF517"
"STAT1","ZNF850"
"STAT1","ZNF404"
"STAT1","ZNF284"
"STAT1","ZNF677"
"STAT1","ZNF860"
"STAT1","ZNF879"
"STAT1","ZFP57"
"STAT1","ZNF81"
"STAT1","ZNF530"
"STAT1","ZNF713"
"STAT1","ZNF429"
"STAT1","ZNF233"
"STAT1","ZNF699"
"STAT1","ZNF829"
"STAT1","ZNF568"
"STAT1","ZNF773"
"STAT1","ZNF728"
"STAT1","ZNF790"
"STAT1","ZNF808"
"STAT1","ZNF888"
"STAT1","ZNF761"
"STAT1","ZNF470"
"STAT1","ZNF749"
"STAT1","ZNF324B"
"STAT1","ZNF662"
"STAT1","ZNF793"
"STAT1","ZNF805"
"STAT1","ZNF880"
"STAT1","ZNF772"
"STAT1","ZNF705A"
"STAT1","EIF2AK4"
"STAT1","ZNF506"
"STAT1","ZNF724"
"STAT1","ZNF716"
"STAT1","ZNF727"
"STAT1","OAS1"
"STAT1","OAS2"
"STAT1","OAS3"
"STAT1","ZNF571"
"STAT1","ZNF589"
"STAT1","ZNF107"
"STAT1","ZNF44"
"STAT1","ZNF853"
"STAT1","ZNF586"
"STAT1","ZNF562"
"STAT1","ZSCAN32"
"STAT1","ZNF331"
"STAT1","ZNF823"
"STAT1","ZNF416"
"STAT1","ZNF334"
"STAT1","ZNF701"
"STAT1","ZNF83"
"STAT1","ZNF415"
"STAT1","ZNF302"
"STAT1","ZNF253"
"STAT1","ZNF248"
"STAT1","ZNF630"
"STAT1","ZNF286A"
"STAT1","ZNF304"
"STAT1","ZNF490"
"STAT1","ZNF398"
"STAT1","ZNF624"
"STAT1","ZNF471"
"STAT1","ZNF492"
"STAT1","ZFP14"
"STAT1","ZNF317"
"STAT1","ZNF529"
"STAT1","RBAK"
"STAT1","ZNF77"
"STAT1","ZNF250"
"STAT1","ZNF350"
"STAT1","ZNF667"
"STAT1","ZNF674"
"STAT1","ZFP69B"
"STAT1","ZNF649"
"STAT1","ZNF732"
"STAT1","BST2"
"STAT1","ZNF354A"
"STAT1","ZNF736"
"STAT1","ZNF705D"
"STAT1","ZNF878"
"STAT1","ZNF814"
"STAT1","ZNF726"
"STAT1","ZNF735"
"STAT1","ZFP37"
"STAT1","ZNF2"
"STAT1","ZNF3"
"STAT1","ZNF7"
"STAT1","ZNF8"
"STAT1","ZNF10"
"STAT1","ZNF12"
"STAT1","ZNF14"
"STAT1","ZNF708"
"STAT1","ZNF17"
"STAT1","ZNF19"
"STAT1","ZNF20"
"STAT1","ZNF182"
"STAT1","ZNF23"
"STAT1","ZNF26"
"STAT1","ZNF28"
"STAT1","ZNF33A"
"STAT1","ZNF33B"
"STAT1","ZNF37A"
"STAT1","ZNF41"
"STAT1","ZNF43"
"STAT1","ZNF45"
"STAT1","ZNF66"
"STAT1","ZNF74"
"STAT1","ZNF79"
"STAT1","ZNF84"
"STAT1","ZNF221"
"STAT1","ZNF85"
"STAT1","ZNF90"
"STAT1","ZNF91"
"STAT1","ZNF99"
"STAT1","ZNF222"
"STAT1","ZNF124"
"STAT1","ZNF132"
"STAT1","ZNF133"
"STAT1","ZNF135"
"STAT1","ZNF136"
"STAT1","ZNF140"
"STAT1","ZNF141"
"STAT1","ZNF154"
"STAT1","ZNF155"
"STAT1","ZNF157"
"STAT1","ZNF175"
"STAT1","ZNF177"
"STAT1","ZNF180"
"STAT1","ZNF184"
"STAT1","ZNF189"
"STAT1","ZNF195"
"STAT1","ZNF200"
"STAT1","ZNF205"
"STAT1","ZNF208"
"STAT1","ZNF214"
"STAT1","ZNF223"
"STAT1","ZNF224"
"STAT1","ZNF225"
"STAT1","ZNF226"
"STAT1","ZNF227"
"STAT1","ZNF112"
"STAT1","ZNF229"
"STAT1","ZNF230"
"STAT1","ZNF426"
"STAT1","ZNF343"
"STAT1","ZNF557"
"STAT1","ZNF768"
"STAT1","ZNF419"
"STAT1","ZNF665"
"STAT1","ZNF552"
"STAT1","ZNF669"
"STAT1","ZNF212"
"STAT1","ZNF671"
"STAT1","ZNF613"
"STAT1","ZNF442"
"STAT1","ZNF556"
"STAT1","ZNF606"
"STAT1","ZNF614"
"STAT1","ZNF430"
"STAT1","ZNF34"
"STAT1","ZNF436"
"STAT1","ZNF611"
"STAT1","ZNF93"
"STAT1","ZNF484"
"STAT1","ZNF282"
"STAT1","ZNF528"
"STAT1","ZNF333"
"STAT1","ZNF527"
"STAT1","ZNF559"
"STAT1","ZNF347"
"STAT1","ZNF577"
"STAT1","ZNF607"
"STAT1","ZNF514"
"STAT1","ZNF382"
"STAT1","ZNF587"
"STAT1","ZNF566"
"STAT1","ZNF30"
"STAT1","ZNF551"
"STAT1","ZNF616"
"STAT1","ZNF766"
"STAT1","ZNF468"
"STAT1","ZNF160"
"STAT1","ZNF799"
"STAT1","ZNF700"
"STAT1","ZNF439"
"STAT1","ZNF486"
"STAT1","ZNF479"
"STAT1","ZNF251"
"STAT1","ZNF682"
"STAT1","ZNF765"
"STAT1","ZNF845"
"STAT1","ZNF300"
"STAT1","ZNF461"
"STAT1","ZNF585B"
"STAT1","ZNF764"
"STAT1","ZNF235"
"STAT1","ZNF561"
"STAT1","ZNF670"
"STAT1","ZNF101"
"STAT1","ZNF264"
"STAT1","EIF2AK3"
"STAT1","ZNF254"
"STAT1","ZNF432"
"STAT1","ZNF623"
"STAT2","ZNF730"
"STAT2","ZNF737"
"STAT2","ZNF316"
"STAT2","ZNF717"
"STAT2","ZNF729"
"STAT2","ZNF605"
"STAT2","ZNF783"
"STAT2","ZNF559-ZNF177"
"STAT2","ZNF891"
"STAT2","ZNF256"
"STAT2","ZNF443"
"STAT2","ZNF267"
"STAT2","ZNF211"
"STAT2","ZNF234"
"STAT2","ZNF273"
"STAT2","ZNF460"
"STAT2","ZNF268"
"STAT2","ZNF275"
"STAT2","ZNF765-ZNF761"
"STAT2","ZNF257"
"STAT2","ZIM3"
"STAT2","ZNF554"
"STAT2","ZNF689"
"STAT2","ZNF354B"
"STAT2","ZNF641"
"STAT2","LOC122539214"
"STAT2","ZNF816"
"STAT2","ZNF543"
"STAT2","ZNF813"
"STAT2","ZNF441"
"STAT2","ZNF440"
"STAT2","ZNF573"
"STAT2","ZNF57"
"STAT2","ZNF792"
"STAT2","ZNF684"
"STAT2","ZNF786"
"STAT2","ZFP92"
"STAT2","ZFP28"
"STAT2","ZFP90"
"STAT2","ZNF597"
"STAT2","ZNF785"
"STAT2","ZNF688"
"STAT2","ZNF480"
"STAT2","ZNF534"
"STAT2","ZNF578"
"STAT2","ZNF418"
"STAT2","ZNF417"
"STAT2","ZNF548"
"STAT2","ZNF560"
"STAT2","ZNF563"
"STAT2","ZNF420"
"STAT2","ZNF565"
"STAT2","ZNF582"
"STAT2","ZNF583"
"STAT2","ZNF599"
"STAT2","ZNF558"
"STAT2","ZNF98"
"STAT2","ZNF738"
"STAT2","ZNF714"
"STAT2","ZNF681"
"STAT2","ZNF555"
"STAT2","ZNF569"
"STAT2","ZNF570"
"STAT2","ZNF595"
"STAT2","ZNF425"
"STAT2","ZNF746"
"STAT2","ZNF782"
"STAT2","ZFP1"
"STAT2","ZNF519"
"STAT2","ZNF836"
"STAT2","ZNF610"
"STAT2","ZNF600"
"STAT2","ZNF320"
"STAT2","ZNF550"
"STAT2","ZNF846"
"STAT2","ZNF791"
"STAT2","ZNF564"
"STAT2","ZNF709"
"STAT2","ZNF433"
"STAT2","ZNF114"
"STAT2","ZNF567"
"STAT2","ZNF383"
"STAT2","ZNF780B"
"STAT2","ZNF676"
"STAT2","ZNF100"
"STAT2","ZNF540"
"STAT2","ZNF92"
"STAT2","ZNF679"
"STAT2","ZNF596"
"STAT2","ZNF169"
"STAT2","ZNF525"
"STAT2","ZNF431"
"STAT2","ZNF721"
"STAT2","ZNF675"
"STAT2","ZNF778"
"STAT2","ZNF627"
"STAT2","ZNF585A"
"STAT2","ZNF626"
"STAT2","ZNF584"
"STAT2","ZNF25"
"STAT2","ZNF485"
"STAT2","ZFP30"
"STAT2","ZNF510"
"STAT2","ZNF620"
"STAT2","ZNF718"
"STAT2","ZNF549"
"STAT2","ZNF324"
"STAT2","ZNF473"
"STAT2","ZNF658"
"STAT2","ZNF337"
"STAT2","ZNF285"
"STAT2","EIF2AK1"
"STAT2","ZNF777"
"STAT2","ZNF544"
"STAT2","ZNF311"
"STAT2","ZNF547"
"STAT2","ZIK1"
"STAT2","ZNF776"
"STAT2","ZNF780A"
"STAT2","ZNF283"
"STAT2","ZNF615"
"STAT2","ZNF841"
"STAT2","ZNF763"
"STAT2","ZFP82"
"STAT2","ZNF875"
"STAT2","ZNF619"
"STAT2","ZNF621"
"STAT2","ZNF454"
"STAT2","ZNF707"
"STAT2","ZNF354C"
"STAT2","ZNF181"
"STAT2","ZNF546"
"STAT2","ZFP69"
"STAT2","ZNF680"
"STAT2","ZNF517"
"STAT2","ZNF850"
"STAT2","ZNF404"
"STAT2","ZNF284"
"STAT2","ZNF677"
"STAT2","ZNF860"
"STAT2","ZNF879"
"STAT2","ZFP57"
"STAT2","ZNF81"
"STAT2","ZNF530"
"STAT2","ZNF713"
"STAT2","ZNF429"
"STAT2","ZNF233"
"STAT2","ZNF699"
"STAT2","ZNF829"
"STAT2","ZNF568"
"STAT2","ZNF773"
"STAT2","ZNF728"
"STAT2","ZNF790"
"STAT2","ZNF808"
"STAT2","ZNF888"
"STAT2","ZNF761"
"STAT2","ZNF470"
"STAT2","ZNF749"
"STAT2","ZNF324B"
"STAT2","ZNF662"
"STAT2","ZNF793"
"STAT2","ZNF805"
"STAT2","ZNF880"
"STAT2","ZNF772"
"STAT2","ZNF705A"
"STAT2","EIF2AK4"
"STAT2","ZNF506"
"STAT2","ZNF724"
"STAT2","ZNF716"
"STAT2","ZNF727"
"STAT2","OAS1"
"STAT2","OAS2"
"STAT2","OAS3"
"STAT2","ZNF571"
"STAT2","ZNF589"
"STAT2","ZNF107"
"STAT2","ZNF44"
"STAT2","ZNF853"
"STAT2","ZNF586"
"STAT2","ZNF562"
"STAT2","ZSCAN32"
"STAT2","ZNF331"
"STAT2","ZNF823"
"STAT2","ZNF416"
"STAT2","ZNF334"
"STAT2","ZNF701"
"STAT2","ZNF83"
"STAT2","ZNF415"
"STAT2","ZNF302"
"STAT2","ZNF253"
"STAT2","ZNF248"
"STAT2","ZNF630"
"STAT2","ZNF286A"
"STAT2","ZNF304"
"STAT2","ZNF490"
"STAT2","ZNF398"
"STAT2","ZNF624"
"STAT2","ZNF471"
"STAT2","ZNF492"
"STAT2","ZFP14"
"STAT2","ZNF317"
"STAT2","ZNF529"
"STAT2","RBAK"
"STAT2","ZNF77"
"STAT2","ZNF250"
"STAT2","ZNF350"
"STAT2","ZNF667"
"STAT2","ZNF674"
"STAT2","ZFP69B"
"STAT2","ZNF649"
"STAT2","ZNF732"
"STAT2","BST2"
"STAT2","ZNF354A"
"STAT2","ZNF736"
"STAT2","ZNF705D"
"STAT2","ZNF878"
"STAT2","ZNF814"
"STAT2","ZNF726"
"STAT2","ZNF735"
"STAT2","ZFP37"
"STAT2","ZNF2"
"STAT2","ZNF3"
"STAT2","ZNF7"
"STAT2","ZNF8"
"STAT2","ZNF10"
"STAT2","ZNF12"
"STAT2","ZNF14"
"STAT2","ZNF708"
"STAT2","ZNF17"
"STAT2","ZNF19"
"STAT2","ZNF20"
"STAT2","ZNF182"
"STAT2","ZNF23"
"STAT2","ZNF26"
"STAT2","ZNF28"
"STAT2","ZNF33A"
"STAT2","ZNF33B"
"STAT2","ZNF37A"
"STAT2","ZNF41"
"STAT2","ZNF43"
"STAT2","ZNF45"
"STAT2","ZNF66"
"STAT2","ZNF74"
"STAT2","ZNF79"
"STAT2","ZNF84"
"STAT2","ZNF221"
"STAT2","ZNF85"
"STAT2","ZNF90"
"STAT2","ZNF91"
"STAT2","ZNF99"
"STAT2","ZNF222"
"STAT2","ZNF124"
"STAT2","ZNF132"
"STAT2","ZNF133"
"STAT2","ZNF135"
"STAT2","ZNF136"
"STAT2","ZNF140"
"STAT2","ZNF141"
"STAT2","ZNF154"
"STAT2","ZNF155"
"STAT2","ZNF157"
"STAT2","ZNF175"
"STAT2","ZNF177"
"STAT2","ZNF180"
"STAT2","ZNF184"
"STAT2","ZNF189"
"STAT2","ZNF195"
"STAT2","ZNF200"
"STAT2","ZNF205"
"STAT2","ZNF208"
"STAT2","ZNF214"
"STAT2","ZNF223"
"STAT2","ZNF224"
"STAT2","ZNF225"
"STAT2","ZNF226"
"STAT2","ZNF227"
"STAT2","ZNF112"
"STAT2","ZNF229"
"STAT2","ZNF230"
"STAT2","ZNF426"
"STAT2","ZNF343"
"STAT2","ZNF557"
"STAT2","ZNF768"
"STAT2","ZNF419"
"STAT2","ZNF665"
"STAT2","ZNF552"
"STAT2","ZNF669"
"STAT2","ZNF212"
"STAT2","ZNF671"
"STAT2","ZNF613"
"STAT2","ZNF442"
"STAT2","ZNF556"
"STAT2","ZNF606"
"STAT2","ZNF614"
"STAT2","ZNF430"
"STAT2","ZNF34"
"STAT2","ZNF436"
"STAT2","ZNF611"
"STAT2","ZNF93"
"STAT2","ZNF484"
"STAT2","ZNF282"
"STAT2","ZNF528"
"STAT2","ZNF333"
"STAT2","ZNF527"
"STAT2","ZNF559"
"STAT2","ZNF347"
"STAT2","ZNF577"
"STAT2","ZNF607"
"STAT2","ZNF514"
"STAT2","ZNF382"
"STAT2","ZNF587"
"STAT2","ZNF566"
"STAT2","ZNF30"
"STAT2","ZNF551"
"STAT2","ZNF616"
"STAT2","ZNF766"
"STAT2","ZNF468"
"STAT2","ZNF160"
"STAT2","ZNF799"
"STAT2","ZNF700"
"STAT2","ZNF439"
"STAT2","ZNF486"
"STAT2","ZNF479"
"STAT2","ZNF251"
"STAT2","ZNF682"
"STAT2","ZNF765"
"STAT2","ZNF845"
"STAT2","ZNF300"
"STAT2","ZNF461"
"STAT2","ZNF585B"
"STAT2","ZNF764"
"STAT2","ZNF235"
"STAT2","ZNF561"
"STAT2","ZNF670"
"STAT2","ZNF101"
"STAT2","ZNF264"
"STAT2","EIF2AK3"
"STAT2","ZNF254"
"STAT2","ZNF432"
"STAT2","ZNF623"
"TNFRSF14","TRAF2"
"TNFRSF14","TRAF5"
"LOC102723407","SYK"
"IRF9","ISG15"
"RBPJL","CR2"
"RBPJL","FCER2"
"RBPJL","MYC"
"RBPJL","RUNX3"
"SIN3A","RBPJL"
"SIN3A","RBPJ"
"RBPJ","CR2"
"RBPJ","FCER2"
"RBPJ","MYC"
"RBPJ","RUNX3"
"JUN","FCER2"
"JUN","ITGAL"
"JUN","ENTPD8"
"JUN","BCL2"
"JUN","TNFAIP3"
"JUN","VIM"
"JUN","ENTPD1"
"JUN","ENTPD3"
"JUN","CD40"
"JUN","CD44"
"JUN","CD58"
"LYN","BLNK"
"NEDD4","LYN"
"NEDD4","SYK"
"NFKB1","FCER2"
"NFKB1","ITGAL"
"NFKB1","ENTPD8"
"NFKB1","VIM"
"NFKB1","ENTPD1"
"NFKB1","ENTPD3"
"NFKB1","CD40"
"NFKB1","CD44"
"NFKB1","CD58"
"NFKB2","FCER2"
"NFKB2","ITGAL"
"NFKB2","ENTPD8"
"NFKB2","BCL2"
"NFKB2","TNFAIP3"
"NFKB2","VIM"
"NFKB2","ENTPD1"
"NFKB2","ENTPD3"
"NFKB2","CD40"
"NFKB2","CD44"
"NFKB2","CD58"
"EIF2AK2","FADD"
"MAVS","TAB1"
"MAVS","TAB2"
"MAVS","MAP3K7"
"RELA","FCER2"
"RELA","ITGAL"
"RELA","ENTPD8"
"RELA","VIM"
"RELA","ENTPD1"
"RELA","ENTPD3"
"RELA","CD40"
"RELA","CD44"
"RELA","CD58"
"RELB","FCER2"
"RELB","ITGAL"
"RELB","ENTPD8"
"RELB","BCL2"
"RELB","TNFAIP3"
"RELB","VIM"
"RELB","ENTPD1"
"RELB","ENTPD3"
"RELB","CD40"
"RELB","CD44"
"RELB","CD58"
"SKP2","RB1"
"STAT1","IRF7"
"STAT2","IRF7"
"TP53","POLK"
"TRAF2","MAP2K3"
"TRAF2","MAP2K6"
"TRAF3","PIK3CA"
"TRAF3","PIK3CB"
"TRAF3","PIK3CD"
"TRAF3","PIK3R1"
"TRAF3","PIK3R2"
"TRAF3","PIK3R3"
"TRAF5","PIK3CA"
"TRAF5","PIK3CB"
"TRAF5","PIK3CD"
"TRAF5","PIK3R1"
"TRAF5","PIK3R2"
"TRAF5","PIK3R3"
"USP7","TP53"
"SAP30L","RBPJL"
"SAP30L","RBPJ"
"TRADD","TRAF6"
"TRADD","RIPK1"
"TRADD","MAP3K14"
"RIPK1","MAP2K6"
"SAP30","RBPJL"
"SAP30","RBPJ"
"GNB5","RAC1"
"GNB5","RAC2"
"GNB5","RAC3"
"CHEK1","WEE2"
"CHEK1","WEE1"
"CCR5","GNB5"
"CCR5","GNA11"
"CCR5","GNAQ"
"CCR5","GNB1"
"CCR5","GNB2"
"CCR5","GNB3"
"CCR5","GNG3"
"CCR5","GNG4"
"CCR5","GNG5"
"CCR5","GNG7"
"CCR5","GNG10"
"CCR5","GNG11"
"CCR5","GNGT1"
"CCR5","GNGT2"
"CCR5","GNG13"
"CCR5","GNG2"
"CCR5","GNG12"
"CCR5","GNB4"
"CCR5","TNF"
"CCR5","GNG8"
"DDB1","ATM"
"DDB1","ATR"
"FBXW11","CD4"
"GNA11","PLCG1"
"GNA11","PLCG2"
"GNAO1","PIK3CA"
"GNAO1","PIK3CB"
"GNAO1","PIK3CD"
"GNAO1","PIK3R1"
"GNAO1","PIK3R2"
"GNAO1","PIK3R3"
"GNAQ","PLCG2"
"GNB1","RAC1"
"GNB1","RAC2"
"GNB1","RAC3"
"GNB2","RAC1"
"GNB2","RAC2"
"GNB2","RAC3"
"GNB3","RAC1"
"GNB3","RAC2"
"GNB3","RAC3"
"GNG3","RAC1"
"GNG3","RAC2"
"GNG3","RAC3"
"GNG4","RAC1"
"GNG4","RAC2"
"GNG4","RAC3"
"GNG5","RAC1"
"GNG5","RAC2"
"GNG5","RAC3"
"GNG7","RAC1"
"GNG7","RAC2"
"GNG7","RAC3"
"GNG10","RAC1"
"GNG10","RAC2"
"GNG10","RAC3"
"GNG11","RAC1"
"GNG11","RAC2"
"GNG11","RAC3"
"GNGT1","RAC1"
"GNGT1","RAC2"
"GNGT1","RAC3"
"GNGT2","RAC1"
"GNGT2","RAC2"
"GNGT2","RAC3"
"IRF3","APOBEC3A_B"
"IRF3","APOBEC3D"
"IRF3","APOBEC3H"
"IRF3","APOBEC3A"
"IRF3","APOBEC3F"
"IRF3","SAMHD1"
"IRF3","APOBEC3C"
"IRF3","APOBEC3G"
"IRF3","BST2"
"IRF3","TRIM5"
"IRF3","APOBEC3B"
"NFKB1","FOS"
"NFKB1","JUN"
"GNG13","RAC1"
"GNG13","RAC2"
"GNG13","RAC3"
"GNG2","RAC1"
"GNG2","RAC2"
"GNG2","RAC3"
"GNG12","RAC1"
"GNG12","RAC2"
"GNG12","RAC3"
"PTK2","PTK2B"
"GNB4","RAC1"
"GNB4","RAC2"
"GNB4","RAC3"
"RELA","FOS"
"RELA","JUN"
"SKP1","CD4"
"ELOC","APOBEC3A_B"
"ELOC","APOBEC3D"
"ELOC","APOBEC3H"
"ELOC","APOBEC3A"
"ELOC","APOBEC3F"
"ELOC","APOBEC3C"
"ELOC","APOBEC3G"
"ELOC","APOBEC3B"
"ELOB","APOBEC3A_B"
"ELOB","APOBEC3D"
"ELOB","APOBEC3H"
"ELOB","APOBEC3A"
"ELOB","APOBEC3F"
"ELOB","APOBEC3C"
"ELOB","APOBEC3G"
"ELOB","APOBEC3B"
"TNFRSF1B","BCL2L1"
"TRAF2","MAP2K7"
"TRAF5","MAP2K3"
"TRAF5","MAP2K6"
"TRAF5","MAP2K7"
"CXCR4","GNAO1"
"CXCR4","TNF"
"CUL5","APOBEC3A_B"
"CUL5","APOBEC3D"
"CUL5","APOBEC3H"
"CUL5","APOBEC3A"
"CUL5","APOBEC3F"
"CUL5","APOBEC3C"
"CUL5","APOBEC3G"
"CUL5","APOBEC3B"
"CUL4B","ATM"
"CUL4B","ATR"
"CUL4A","ATM"
"CUL4A","ATR"
"CUL1","CD4"
"TRADD","MAP2K3"
"TRADD","MAP2K6"
"TRADD","MAP2K7"
"RIPK1","MAP2K7"
"BTRC","CD4"
"CD3D","FASLG"
"CD3E","FASLG"
"CD3G","FASLG"
"CD247","FASLG"
"GNG8","RAC1"
"GNG8","RAC2"
"GNG8","RAC3"
"RNF7","APOBEC3A_B"
"RNF7","APOBEC3D"
"RNF7","APOBEC3H"
"RNF7","APOBEC3A"
"RNF7","APOBEC3F"
"RNF7","APOBEC3C"
"RNF7","APOBEC3G"
"RNF7","APOBEC3B"
"DCAF1","ATM"
"DCAF1","ATR"
"RBX1","CD4"
"MASP2","F2"
"MASP2","MASP1"
"CFD","C3"
"F2","F13A1"
"F2","F13B"
"FCGR2A","MAPK1"
"FCGR2A","MAPK3"
"IL6R","IL6ST"
"MBL2","MASP2"
"MBL2","MASP1"
"TLR7","IRAK1"
"TLR7","IRAK4"
"TLR8","IRAK1"
"TLR8","IRAK4"
"MASP1","CFD"
"MASP1","F2"
"CFB","C3"
"STAT3","NFKB1"
"STAT3","RELA"
"ADAM17","IL6R"
"ADAM17","TNF"
"TLR3","TRAF3"
"TNFRSF1A","NFKBIA"
"TNFRSF1A","NFKBIB"
"C5","C6"
"C5","C7"
"C5","C8A"
"C5","C8B"
"C5","C8G"
"C5","C9"
"C5AR1","SELP"
"C5AR1","VWF"
"C6","C5"
"C7","C5"
"C8A","C5"
"C8B","C5"
"C8G","C5"
"C9","C5"
"CKS1B","SKP1"
"CKS1B","SKP2"
"CKS1B","CUL1"
"CKS1B","RBX1"
"CKS2","SKP1"
"CKS2","SKP2"
"CKS2","CUL1"
"CKS2","RBX1"
"CRK","PIK3CA"
"CRK","PIK3CB"
"CRK","PIK3CD"
"CRK","PIK3R1"
"CRK","PIK3R2"
"CRK","PIK3R3"
"CRKL","PIK3CA"
"CRKL","PIK3CB"
"CRKL","PIK3CD"
"CRKL","PIK3R1"
"CRKL","PIK3R2"
"CRKL","PIK3R3"
"CSF2RB","JAK1"
"CSF2RB","JAK2"
"CSF2RB","JAK3"
"IL23R","JAK1"
"IL23R","JAK2"
"IL23R","JAK3"
"AGT","EDNRA"
"AGT","EDNRB"
"AGT","BDKRB1"
"AGT","BDKRB2"
"AGT","CXCR4"
"AGT","F2RL3"
"EDN1","BDKRB1"
"EDN1","BDKRB2"
"EGFR","JAK3"
"EPAS1","VEGFD"
"EPAS1","PDGFB"
"EPAS1","PGF"
"EPAS1","SLC2A1"
"EPAS1","TGFA"
"EPAS1","TGFB1"
"EPAS1","TGFB2"
"EPAS1","TGFB3"
"EPAS1","VEGFA"
"EPAS1","VEGFB"
"EPAS1","VEGFC"
"EPO","CSF2RB"
"EPO","IL23R"
"EPO","IFNGR1"
"EPO","IFNGR2"
"EPO","IL5RA"
"EPO","IL6ST"
"EPO","IL12RB1"
"EPO","IL12RB2"
"EPO","IL13RA1"
"EPO","IL15RA"
"EPOR","JAK1"
"EPOR","JAK3"
"ERBB2","JAK3"
"ESR1","MYC"
"ESR1","PPARD"
"ESR1","CCND1"
"ESR2","MYC"
"ESR2","PPARD"
"ESR2","CCND1"
"ETS1","CDK4"
"ETS1","VEGFD"
"ETS1","CXCL8"
"ETS1","MMP1"
"ETS1","MMP2"
"ETS1","MMP9"
"ETS1","PGF"
"ETS1","CCND1"
"ETS1","VEGFA"
"ETS1","VEGFB"
"ETS1","VEGFC"
"MECOM","CTBP1"
"MECOM","CTBP2"
"MECOM","HDAC1"
"MECOM","HDAC2"
"F2","EDNRA"
"F2","EDNRB"
"F2","BDKRB1"
"F2","BDKRB2"
"F2","CXCR4"
"FLT3","PIK3CA"
"FLT3","PIK3CB"
"FLT3","PIK3CD"
"FLT3","PIK3R1"
"FLT3","PIK3R2"
"FLT3","PIK3R3"
"FOS","VEGFD"
"FOS","MMP2"
"FOS","MYC"
"FOS","PGF"
"FOS","PPARD"
"FOS","VEGFB"
"FOS","VEGFC"
"ALK","HRAS"
"ALK","JAK1"
"ALK","JAK2"
"ALK","JAK3"
"ALK","KRAS"
"ALK","NRAS"
"ALK","PIK3CA"
"ALK","PIK3CB"
"ALK","PIK3CD"
"ALK","PIK3R1"
"ALK","PIK3R2"
"ALK","PLCG1"
"ALK","PLCG2"
"ALK","PIK3R3"
"ABL1","CRK"
"ABL1","CRKL"
"ABL1","GRB2"
"ABL1","STAT5A"
"ABL1","STAT5B"
"ABL1","CBL"
"GLI1","WNT16"
"GLI1","WNT4"
"GLI1","BMP2"
"GLI1","BMP4"
"GLI1","WNT1"
"GLI1","WNT2"
"GLI1","WNT3"
"GLI1","WNT5A"
"GLI1","WNT6"
"GLI1","WNT7A"
"GLI1","WNT7B"
"GLI1","WNT8A"
"GLI1","WNT8B"
"GLI1","WNT10B"
"GLI1","WNT11"
"GLI1","WNT2B"
"GLI1","WNT9A"
"GLI1","WNT9B"
"GLI1","WNT10A"
"GLI1","WNT5B"
"GLI1","WNT3A"
"GLI2","GLI1"
"GLI2","WNT16"
"GLI2","WNT4"
"GLI2","BMP2"
"GLI2","BMP4"
"GLI2","WNT1"
"GLI2","WNT2"
"GLI2","WNT3"
"GLI2","WNT5A"
"GLI2","WNT6"
"GLI2","WNT7A"
"GLI2","WNT7B"
"GLI2","WNT8A"
"GLI2","WNT8B"
"GLI2","WNT10B"
"GLI2","WNT11"
"GLI2","WNT2B"
"GLI2","WNT9A"
"GLI2","WNT9B"
"GLI2","WNT10A"
"GLI2","WNT5B"
"GLI2","WNT3A"
"GLI3","WNT16"
"GLI3","WNT4"
"GLI3","BMP2"
"GLI3","BMP4"
"GLI3","WNT1"
"GLI3","WNT2"
"GLI3","WNT3"
"GLI3","WNT5A"
"GLI3","WNT6"
"GLI3","WNT7A"
"GLI3","WNT7B"
"GLI3","WNT8A"
"GLI3","WNT8B"
"GLI3","WNT10B"
"GLI3","WNT11"
"GLI3","WNT2B"
"GLI3","WNT9A"
"GLI3","WNT9B"
"GLI3","WNT10A"
"GLI3","WNT5B"
"GLI3","WNT3A"
"EML4","HRAS"
"EML4","JAK1"
"EML4","JAK2"
"EML4","JAK3"
"EML4","KRAS"
"EML4","NRAS"
"EML4","PIK3CA"
"EML4","PIK3CB"
"EML4","PIK3CD"
"EML4","PIK3R1"
"EML4","PIK3R2"
"EML4","PLCG1"
"EML4","PLCG2"
"EML4","PIK3R3"
"HIF1A","VEGFD"
"HIF1A","PDGFB"
"HIF1A","PGF"
"HIF1A","TGFA"
"HIF1A","TGFB1"
"HIF1A","TGFB2"
"HIF1A","TGFB3"
"HIF1A","VEGFB"
"HIF1A","VEGFC"
"HSP90AA1","AR"
"HSP90AB1","AR"
"IFNA1","CSF2RB"
"IFNA1","IL23R"
"IFNA1","IL5RA"
"IFNA1","IL6ST"
"IFNA1","IL12RB1"
"IFNA1","IL12RB2"
"IFNA1","IL13RA1"
"IFNA1","IL15RA"
"IFNA2","CSF2RB"
"IFNA2","IL23R"
"IFNA2","IL5RA"
"IFNA2","IL6ST"
"IFNA2","IL12RB1"
"IFNA2","IL12RB2"
"IFNA2","IL13RA1"
"IFNA2","IL15RA"
"IFNA4","CSF2RB"
"IFNA4","IL23R"
"IFNA4","IL5RA"
"IFNA4","IL6ST"
"IFNA4","IL12RB1"
"IFNA4","IL12RB2"
"IFNA4","IL13RA1"
"IFNA4","IL15RA"
"IFNA5","CSF2RB"
"IFNA5","IL23R"
"IFNA5","IL5RA"
"IFNA5","IL6ST"
"IFNA5","IL12RB1"
"IFNA5","IL12RB2"
"IFNA5","IL13RA1"
"IFNA5","IL15RA"
"IFNA6","CSF2RB"
"IFNA6","IL23R"
"IFNA6","IL5RA"
"IFNA6","IL6ST"
"IFNA6","IL12RB1"
"IFNA6","IL12RB2"
"IFNA6","IL13RA1"
"IFNA6","IL15RA"
"IFNA7","CSF2RB"
"IFNA7","IL23R"
"IFNA7","IL5RA"
"IFNA7","IL6ST"
"IFNA7","IL12RB1"
"IFNA7","IL12RB2"
"IFNA7","IL13RA1"
"IFNA7","IL15RA"
"IFNA8","CSF2RB"
"IFNA8","IL23R"
"IFNA8","IL5RA"
"IFNA8","IL6ST"
"IFNA8","IL12RB1"
"IFNA8","IL12RB2"
"IFNA8","IL13RA1"
"IFNA8","IL15RA"
"IFNA10","CSF2RB"
"IFNA10","IL23R"
"IFNA10","IL5RA"
"IFNA10","IL6ST"
"IFNA10","IL12RB1"
"IFNA10","IL12RB2"
"IFNA10","IL13RA1"
"IFNA10","IL15RA"
"IFNA13","CSF2RB"
"IFNA13","IL23R"
"IFNA13","IL5RA"
"IFNA13","IL6ST"
"IFNA13","IL12RB1"
"IFNA13","IL12RB2"
"IFNA13","IL13RA1"
"IFNA13","IL15RA"
"IFNA14","CSF2RB"
"IFNA14","IL23R"
"IFNA14","IL5RA"
"IFNA14","IL6ST"
"IFNA14","IL12RB1"
"IFNA14","IL12RB2"
"IFNA14","IL13RA1"
"IFNA14","IL15RA"
"IFNA16","CSF2RB"
"IFNA16","IL23R"
"IFNA16","IL5RA"
"IFNA16","IL6ST"
"IFNA16","IL12RB1"
"IFNA16","IL12RB2"
"IFNA16","IL13RA1"
"IFNA16","IL15RA"
"IFNA17","CSF2RB"
"IFNA17","IL23R"
"IFNA17","IL5RA"
"IFNA17","IL6ST"
"IFNA17","IL12RB1"
"IFNA17","IL12RB2"
"IFNA17","IL13RA1"
"IFNA17","IL15RA"
"IFNA21","CSF2RB"
"IFNA21","IL23R"
"IFNA21","IL5RA"
"IFNA21","IL6ST"
"IFNA21","IL12RB1"
"IFNA21","IL12RB2"
"IFNA21","IL13RA1"
"IFNA21","IL15RA"
"IFNG","CSF2RB"
"IFNG","IL23R"
"IFNG","EPOR"
"IFNG","IL2RA"
"IFNG","IL2RB"
"IFNG","IL2RG"
"IFNG","IL3RA"
"IFNG","IL4R"
"IFNG","IL5RA"
"IFNG","IL6R"
"IFNG","IL6ST"
"IFNG","IL7R"
"IFNG","IL12RB1"
"IFNG","IL12RB2"
"IFNG","IL13RA1"
"IFNG","IL15RA"
"IL2","CSF2RB"
"IL2","IL23R"
"IL2","IFNGR1"
"IL2","IFNGR2"
"IL2","IL5RA"
"IL2","IL6ST"
"IL2","IL12RB1"
"IL2","IL12RB2"
"IL2","IL13RA1"
"IL2RA","JAK1"
"IL2RA","JAK2"
"IL2RA","JAK3"
"IL2RB","JAK2"
"IL2RG","JAK2"
"IL3","IL23R"
"IL3","IFNGR1"
"IL3","IFNGR2"
"IL3","IL6ST"
"IL3","IL12RB1"
"IL3","IL12RB2"
"IL3","IL13RA1"
"IL3","IL15RA"
"IL3RA","JAK1"
"IL3RA","JAK2"
"IL3RA","JAK3"
"IL4","CSF2RB"
"IL4","IL23R"
"IL4","IFNGR1"
"IL4","IFNGR2"
"IL4","IL5RA"
"IL4","IL6ST"
"IL4","IL12RB1"
"IL4","IL12RB2"
"IL4R","JAK1"
"IL4R","JAK2"
"IL4R","JAK3"
"IL5","IL23R"
"IL5","EPOR"
"IL5","IFNAR1"
"IL5","IFNAR2"
"IL5","IFNGR1"
"IL5","IFNGR2"
"IL5","IL2RA"
"IL5","IL2RB"
"IL5","IL2RG"
"IL5","IL4R"
"IL5","IL6R"
"IL5","IL6ST"
"IL5","IL7R"
"IL5","IL12RB1"
"IL5","IL12RB2"
"IL5","IL13RA1"
"IL5","IL15RA"
"IL5RA","JAK1"
"IL5RA","JAK2"
"IL5RA","JAK3"
"IL6","CSF2RB"
"IL6","IL23R"
"IL6","IFNGR1"
"IL6","IFNGR2"
"IL6","IL5RA"
"IL6","IL12RB1"
"IL6","IL12RB2"
"IL6","IL15RA"
"IL6R","JAK3"
"IL7","CSF2RB"
"IL7","IL23R"
"IL7","IFNGR1"
"IL7","IFNGR2"
"IL7","IL5RA"
"IL7","IL6ST"
"IL7","IL12RB1"
"IL7","IL12RB2"
"IL7","IL13RA1"
"IL7R","JAK1"
"IL7R","JAK2"
"IL7R","JAK3"
"IL12A","CSF2RB"
"IL12A","EPOR"
"IL12A","IFNAR1"
"IL12A","IFNAR2"
"IL12A","IFNGR1"
"IL12A","IFNGR2"
"IL12A","IL2RA"
"IL12A","IL2RB"
"IL12A","IL2RG"
"IL12A","IL3RA"
"IL12A","IL4R"
"IL12A","IL5RA"
"IL12A","IL6R"
"IL12A","IL6ST"
"IL12A","IL7R"
"IL12A","IL13RA1"
"IL12A","IL15RA"
"IL12B","CSF2RB"
"IL12B","EPOR"
"IL12B","IFNAR1"
"IL12B","IFNAR2"
"IL12B","IFNGR1"
"IL12B","IFNGR2"
"IL12B","IL2RA"
"IL12B","IL2RB"
"IL12B","IL2RG"
"IL12B","IL3RA"
"IL12B","IL4R"
"IL12B","IL5RA"
"IL12B","IL6R"
"IL12B","IL6ST"
"IL12B","IL7R"
"IL12B","IL13RA1"
"IL12B","IL15RA"
"IL12RB1","JAK1"
"IL12RB1","JAK2"
"IL12RB1","JAK3"
"IL12RB2","JAK1"
"IL12RB2","JAK2"
"IL12RB2","JAK3"
"IL13","CSF2RB"
"IL13","IL23R"
"IL13","EPOR"
"IL13","IFNAR1"
"IL13","IFNAR2"
"IL13","IFNGR1"
"IL13","IFNGR2"
"IL13","IL2RA"
"IL13","IL2RB"
"IL13","IL2RG"
"IL13","IL3RA"
"IL13","IL5RA"
"IL13","IL7R"
"IL13","IL12RB1"
"IL13","IL12RB2"
"IL13","IL15RA"
"IL13RA1","JAK1"
"IL13RA1","JAK2"
"IL13RA1","JAK3"
"IL15","CSF2RB"
"IL15","IL23R"
"IL15","EPOR"
"IL15","IFNAR1"
"IL15","IFNAR2"
"IL15","IFNGR1"
"IL15","IFNGR2"
"IL15","IL3RA"
"IL15","IL5RA"
"IL15","IL6R"
"IL15","IL6ST"
"IL15","IL12RB1"
"IL15","IL12RB2"
"IL15","IL13RA1"
"IL15RA","JAK1"
"IL15RA","JAK2"
"IL15RA","JAK3"
"AR","KLK3"
"JUN","MYC"
"JUN","PGF"
"JUN","PPARD"
"JUP","MYC"
"JUP","PPARD"
"JUP","CCND1"
"KNG1","EDNRA"
"KNG1","EDNRB"
"MAX","CKS1B"
"MAX","CKS2"
"MAX","ZBTB17"
"MYC","CDK4"
"MYC","CKS1B"
"MYC","CKS2"
"MYC","VEGFD"
"MYC","CXCL8"
"MYC","MMP1"
"MYC","MMP2"
"MYC","MMP9"
"MYC","PGF"
"MYC","CCND1"
"MYC","VEGFA"
"MYC","VEGFB"
"MYC","VEGFC"
"NFE2L2","TXNRD2"
"NFE2L2","TXNRD3"
"NFE2L2","GSTO2"
"NFE2L2","NQO1"
"NFE2L2","GSTA5"
"NFE2L2","GSTA1"
"NFE2L2","GSTA2"
"NFE2L2","GSTA3"
"NFE2L2","GSTA4"
"NFE2L2","GSTM1"
"NFE2L2","GSTM2"
"NFE2L2","GSTM3"
"NFE2L2","GSTM4"
"NFE2L2","GSTM5"
"NFE2L2","GSTP1"
"NFE2L2","GSTT1"
"NFE2L2","GSTT2"
"NFE2L2","HMOX1"
"NFE2L2","MGST1"
"NFE2L2","MGST2"
"NFE2L2","MGST3"
"NFE2L2","GSTT2B"
"NFE2L2","TXNRD1"
"NFE2L2","GSTO1"
"NFKB1","TRAF3"
"NFKB1","TRAF5"
"NFKB1","TRAF6"
"NFKB1","TRAF4"
"NFKB2","BIRC2"
"NFKB2","BIRC3"
"NFKB2","NOS2"
"NFKB2","PTGS2"
"NFKB2","CCND1"
"NFKB2","TRAF1"
"NFKB2","TRAF2"
"NFKB2","TRAF3"
"NFKB2","TRAF5"
"NFKB2","TRAF6"
"NFKB2","BIRC7"
"NFKB2","TRAF4"
"NOTCH1","ERBB2"
"NOTCH1","FLT4"
"NOTCH2","ERBB2"
"NOTCH2","FLT4"
"NOTCH3","ERBB2"
"NOTCH3","FLT4"
"NOTCH4","ERBB2"
"NOTCH4","FLT4"
"IL23A","CSF2RB"
"IL23A","EPOR"
"IL23A","IFNAR1"
"IL23A","IFNAR2"
"IL23A","IFNGR1"
"IL23A","IFNGR2"
"IL23A","IL2RA"
"IL23A","IL2RB"
"IL23A","IL2RG"
"IL23A","IL3RA"
"IL23A","IL4R"
"IL23A","IL5RA"
"IL23A","IL6R"
"IL23A","IL6ST"
"IL23A","IL7R"
"IL23A","IL13RA1"
"IL23A","IL15RA"
"PML","JUP"
"PML","SPI1"
"PML","CCNA2"
"PML","CCNA1"
"PRKCA","ELK1"
"PRKCB","ELK1"
"PRKCG","ELK1"
"RALGDS","RHOA"
"RARA","JUP"
"RARA","SPI1"
"RARA","CCNA2"
"RARA","CCNA1"
"RELA","TRAF3"
"RELA","TRAF5"
"RELA","TRAF6"
"RELA","TRAF4"
"BCR","CRK"
"BCR","CRKL"
"BCR","GRB2"
"BCR","STAT5A"
"BCR","STAT5B"
"BCR","CBL"
"SMO","SUFU"
"SP1","MYC"
"SP1","PPARD"
"SP1","CCND1"
"STAT1","VEGFD"
"STAT1","PGF"
"STAT1","VEGFA"
"STAT1","VEGFB"
"STAT1","VEGFC"
"STAT3","VEGFD"
"STAT3","PGF"
"STAT3","VEGFB"
"STAT3","VEGFC"
"STAT5A","PIM2"
"STAT5B","PIM2"
"HSP90B1","AR"
"ZBTB16","JUP"
"ZBTB16","CCNA2"
"ZBTB16","CCNA1"
"CAMK2A","HRAS"
"CAMK2A","KRAS"
"CAMK2A","NRAS"
"CAMK2B","HRAS"
"CAMK2B","KRAS"
"CAMK2B","NRAS"
"CAMK2D","HRAS"
"CAMK2D","KRAS"
"CAMK2D","NRAS"
"CAMK2G","HRAS"
"CAMK2G","KRAS"
"CAMK2G","NRAS"
"NCOA3","MYC"
"NCOA3","PPARD"
"NCOA3","CCND1"
"CASP3","DCC"
"RUNX1","CEBPA"
"RUNX1","CTBP1"
"RUNX1","CTBP2"
"RUNX1","HDAC1"
"RUNX1","HDAC2"
"RUNX1","JUP"
"RUNX1","SPI1"
"RUNX1T1","CEBPA"
"RUNX1T1","JUP"
"RUNX1T1","SPI1"
"NCOA1","MYC"
"NCOA1","PPARD"
"NCOA1","CCND1"
"CBL","PIK3CA"
"CBL","PIK3CB"
"CBL","PIK3CD"
"CBL","PIK3R1"
"CBL","PIK3R2"
"CBL","PIK3R3"
"RPS6KA5","MYC"
"CEBPA","PER2"
"SPI1","FCGR1A"
"SPI1","ITGAM"
"SPI1","CD14"
"FRS2","PTPN11"
"FZD10","CTNNB1"
"TWIST2","MIR10A"
"TWIST2","MIR10B"
"MAPK14","HSPB2"
"CTNNB1","VEGFA"
"DDX5","MIR21"
"EGFR","CASP3"
"ERBB2","HIF1A"
"ERBB2","MYC"
"ERBB3","CTNNB1"
"ERBB3","HIF1A"
"ERBB3","MYC"
"ERBB4","CTNNB1"
"ERBB4","HIF1A"
"ERBB4","MYC"
"FGFR1","MAPK1"
"FGFR1","MAPK3"
"RRAS2","MAPK1"
"RRAS2","MAPK3"
"MRAS","MAPK1"
"MRAS","MAPK3"
"FN1","SDC2"
"FZD2","CTNNB1"
"GPC3","IGF2"
"GPC3","WNT16"
"GPC3","WNT4"
"GPC3","WNT1"
"GPC3","WNT2"
"GPC3","WNT3"
"GPC3","WNT5A"
"GPC3","WNT6"
"GPC3","WNT7A"
"GPC3","WNT7B"
"GPC3","WNT8A"
"GPC3","WNT8B"
"GPC3","WNT10B"
"GPC3","WNT11"
"GPC3","WNT2B"
"GPC3","WNT9A"
"GPC3","WNT9B"
"GPC3","WNT10A"
"GPC3","WNT5B"
"GPC3","WNT3A"
"GPC1","HBEGF"
"GPC1","FGF2"
"ANK1","ITPR1"
"ANK1","ITPR2"
"ANK1","ITPR3"
"ANK2","ITPR1"
"ANK2","ITPR2"
"ANK2","ITPR3"
"ANK3","ITPR1"
"ANK3","ITPR2"
"ANK3","ITPR3"
"GRB2","RRAS2"
"GRB2","MRAS"
"GRB2","HRAS"
"GRB2","KRAS"
"GRB2","NRAS"
"GRB2","RRAS"
"DROSHA","MIR21"
"HSPG2","ITGA2"
"HSPG2","ITGB1"
"HSPG2","VEGFA"
"IGF1R","MAPK1"
"IGF1R","MAPK3"
"IHH","GPC3"
"ITGA2","PRKACA"
"ITGA2","PRKACB"
"ITGA2","PRKACG"
"ITGA2","PTPN6"
"ITGB1","PRKACA"
"ITGB1","PRKACB"
"ITGB1","PRKACG"
"ITGB1","PTPN6"
"ARAF","MAPK1"
"ARAF","MAPK3"
"ITPR1","CAMK2A"
"ITPR1","CAMK2B"
"ITPR1","CAMK2D"
"ITPR1","CAMK2G"
"ITPR2","CAMK2A"
"ITPR2","CAMK2B"
"ITPR2","CAMK2D"
"ITPR2","CAMK2G"
"ITPR3","CAMK2A"
"ITPR3","CAMK2B"
"ITPR3","CAMK2D"
"ITPR3","CAMK2G"
"RHOA","PLCE1"
"LUM","FASLG"
"LUM","MDM2"
"LUM","TGFB2"
"MIR10A","HOXD10"
"MIR10B","HOXD10"
"MIR21","PDCD4"
"MMP2","VEGFA"
"MMP9","SDC1"
"MMP9","VEGFA"
"MSN","ACTB"
"MSN","ACTG1"
"MYC","TFAP4"
"PRKACA","PTK2"
"PRKACB","PTK2"
"PRKACG","PTK2"
"MAPK1","PLAU"
"MAPK1","PLAUR"
"MAPK3","PLAU"
"MAPK3","PLAUR"
"MAPK11","HSPB2"
"MAPK13","HSPB2"
"PTK2","MAPK14"
"PTK2","MAPK11"
"PTK2","MAPK13"
"PTK2","MAPK12"
"PTPN6","KDR"
"RAF1","MAPK1"
"RAF1","MAPK3"
"RDX","ACTB"
"RDX","ACTG1"
"ROCK1","GAB1"
"ROCK1","SLC9A1"
"RRAS","MAPK1"
"RRAS","MAPK3"
"MAPK12","HSPB2"
"SDC1","ITGAV"
"SDC1","ITGB3"
"SDC1","MAPK1"
"SDC1","MAPK3"
"SDC1","WNT1"
"SDC2","MSN"
"SDC2","RDX"
"SDC2","EZR"
"SDC4","PRKCA"
"SDC4","PTK2"
"SDC4","PXN"
"SDC4","NUDT16L1"
"SHH","GPC3"
"BRAF","MAPK1"
"BRAF","MAPK3"
"STAT3","MIR21"
"TFAP4","CDKN1A"
"TGFB1","MIR21"
"THBS1","MMP2"
"THBS1","MMP9"
"TIMP3","MMP2"
"TIMP3","MMP9"
"TLR2","PDCD4"
"TLR2","IL12B"
"TLR2","TNF"
"TLR4","PDCD4"
"TLR4","IL12B"
"TLR4","TNF"
"TWIST1","MIR10A"
"TWIST1","MIR10B"
"EZR","ACTB"
"EZR","ACTG1"
"FZD5","CTNNB1"
"FZD3","CTNNB1"
"FZD1","CTNNB1"
"FZD4","CTNNB1"
"FZD6","CTNNB1"
"FZD7","CTNNB1"
"FZD8","CTNNB1"
"FZD9","CTNNB1"
"CBL","CTNNB1"
"CBL","HIF1A"
"CBL","MYC"
"CBL","THBS1"
"CBL","TIMP3"
"IQGAP1","MAPK1"
"IQGAP1","MAPK3"
"ROCK2","GAB1"
"ROCK2","SLC9A1"
"CD44","VAV3"
"CD44","ARHGEF12"
"CD44","TIAM1"
"CD44","VAV1"
"CD44","VAV2"
"CD44","ARHGEF1"
"MIR103B1","FGFR3"
"MIR103B1","DICER1"
"MIR103B1","PRKCA"
"MIR103B1","PRKCB"
"MIR103B1","PRKCG"
"MIR103B1","RPS6KA5"
"MIR103B2","FGFR3"
"MIR103B2","DICER1"
"MIR103B2","PRKCA"
"MIR103B2","PRKCB"
"MIR103B2","PRKCG"
"MIR103B2","RPS6KA5"
"MIRLET7A1","CDK6"
"MIRLET7A1","IGF2BP1"
"MIRLET7A1","TRIM71"
"MIRLET7A1","HRAS"
"MIRLET7A1","KRAS"
"MIRLET7A1","MIR107"
"MIRLET7A1","NRAS"
"MIRLET7A1","HMGA2"
"MIRLET7A1","CDC25A"
"MIRLET7A1","CDC25B"
"MIRLET7A1","CDC25C"
"MIRLET7A2","CDK6"
"MIRLET7A2","IGF2BP1"
"MIRLET7A2","TRIM71"
"MIRLET7A2","HRAS"
"MIRLET7A2","KRAS"
"MIRLET7A2","MIR107"
"MIRLET7A2","NRAS"
"MIRLET7A2","HMGA2"
"MIRLET7A2","CDC25A"
"MIRLET7A2","CDC25B"
"MIRLET7A2","CDC25C"
"MIRLET7A3","CDK6"
"MIRLET7A3","IGF2BP1"
"MIRLET7A3","TRIM71"
"MIRLET7A3","HRAS"
"MIRLET7A3","KRAS"
"MIRLET7A3","MIR107"
"MIRLET7A3","NRAS"
"MIRLET7A3","HMGA2"
"MIRLET7A3","CDC25A"
"MIRLET7A3","CDC25B"
"MIRLET7A3","CDC25C"
"MIRLET7B","CDK6"
"MIRLET7B","IGF2BP1"
"MIRLET7B","TRIM71"
"MIRLET7B","HRAS"
"MIRLET7B","KRAS"
"MIRLET7B","MIR107"
"MIRLET7B","NRAS"
"MIRLET7B","HMGA2"
"MIRLET7B","CDC25A"
"MIRLET7B","CDC25B"
"MIRLET7B","CDC25C"
"MIRLET7C","HRAS"
"MIRLET7C","KRAS"
"MIRLET7C","MYC"
"MIRLET7C","NRAS"
"MIRLET7C","STAT3"
"MIRLET7C","HMGA2"
"MIRLET7C","CASP3"
"MIRLET7D","CDK6"
"MIRLET7D","IGF2BP1"
"MIRLET7D","TRIM71"
"MIRLET7D","HRAS"
"MIRLET7D","KRAS"
"MIRLET7D","MIR107"
"MIRLET7D","NRAS"
"MIRLET7D","HMGA2"
"MIRLET7D","CDC25A"
"MIRLET7D","CDC25B"
"MIRLET7D","CDC25C"
"MIRLET7E","CDK6"
"MIRLET7E","IGF2BP1"
"MIRLET7E","TRIM71"
"MIRLET7E","HRAS"
"MIRLET7E","KRAS"
"MIRLET7E","MIR107"
"MIRLET7E","NRAS"
"MIRLET7E","HMGA2"
"MIRLET7E","CDC25A"
"MIRLET7E","CDC25B"
"MIRLET7E","CDC25C"
"MIRLET7F1","CDK6"
"MIRLET7F1","IGF2BP1"
"MIRLET7F1","TRIM71"
"MIRLET7F1","HRAS"
"MIRLET7F1","KRAS"
"MIRLET7F1","MIR107"
"MIRLET7F1","NRAS"
"MIRLET7F1","HMGA2"
"MIRLET7F1","CDC25A"
"MIRLET7F1","CDC25B"
"MIRLET7F1","CDC25C"
"MIRLET7F2","CDK6"
"MIRLET7F2","IGF2BP1"
"MIRLET7F2","TRIM71"
"MIRLET7F2","HRAS"
"MIRLET7F2","KRAS"
"MIRLET7F2","MIR107"
"MIRLET7F2","NRAS"
"MIRLET7F2","HMGA2"
"MIRLET7F2","CDC25A"
"MIRLET7F2","CDC25B"
"MIRLET7F2","CDC25C"
"MIRLET7G","CDK6"
"MIRLET7G","IGF2BP1"
"MIRLET7G","TRIM71"
"MIRLET7G","HRAS"
"MIRLET7G","KRAS"
"MIRLET7G","MIR107"
"MIRLET7G","NRAS"
"MIRLET7G","HMGA2"
"MIRLET7G","CDC25A"
"MIRLET7G","CDC25B"
"MIRLET7G","CDC25C"
"MIRLET7I","CDK6"
"MIRLET7I","IGF2BP1"
"MIRLET7I","TRIM71"
"MIRLET7I","HRAS"
"MIRLET7I","KRAS"
"MIRLET7I","MIR107"
"MIRLET7I","NRAS"
"MIRLET7I","HMGA2"
"MIRLET7I","CDC25A"
"MIRLET7I","CDC25B"
"MIRLET7I","CDC25C"
"MIR100","FGFR3"
"MIR101-1","EZH2"
"MIR101-1","FGFR3"
"MIR101-1","PLCG1"
"MIR101-1","PLCG2"
"MIR101-2","EZH2"
"MIR101-2","FGFR3"
"MIR101-2","PLCG1"
"MIR101-2","PLCG2"
"MIR103A1","FGFR3"
"MIR103A1","DICER1"
"MIR103A1","PRKCA"
"MIR103A1","PRKCB"
"MIR103A1","PRKCG"
"MIR103A1","RPS6KA5"
"MIR103A2","FGFR3"
"MIR103A2","DICER1"
"MIR103A2","PRKCA"
"MIR103A2","PRKCB"
"MIR103A2","PRKCG"
"MIR103A2","RPS6KA5"
"MIR106B","CDKN1A"
"MIR106B","E2F1"
"MIR107","DICER1"
"MIR10A","RASSF1"
"MIR10A","FGFR3"
"MIR10A","GRB2"
"MIR10A","MDM2"
"MIR10A","MDM4"
"MIR10A","ATM"
"MIR10A","PRKCA"
"MIR10A","PRKCB"
"MIR10A","PRKCG"
"MIR10A","MAPK1"
"MIR10A","MAPK3"
"MIR10B","RASSF1"
"MIR10B","FGFR3"
"MIR10B","GRB2"
"MIR10B","MDM2"
"MIR10B","MDM4"
"MIR10B","ATM"
"MIR10B","PRKCA"
"MIR10B","PRKCB"
"MIR10B","PRKCG"
"MIR10B","MAPK1"
"MIR10B","MAPK3"
"MIR1-1","HDAC5"
"MIR1-1","FOXP1"
"MIR1-1","MET"
"MIR1-1","PIM1"
"MIR1-1","HDAC4"
"MIR1-2","HDAC5"
"MIR1-2","FOXP1"
"MIR1-2","MET"
"MIR1-2","PIM1"
"MIR1-2","HDAC4"
"MIR122","HMOX1"
"MIR122","SLC7A1"
"MIR122","CCNG1"
"MIR124-1","CDK6"
"MIR124-2","CDK6"
"MIR124-3","CDK6"
"MIR125A","CDKN2A"
"MIR125A","EGFR"
"MIR125A","ERBB2"
"MIR125A","FGFR3"
"MIR125A","KRAS"
"MIR125A","TP53"
"MIR125B1","CDKN2A"
"MIR125B1","EGFR"
"MIR125B1","ERBB2"
"MIR125B1","FGFR3"
"MIR125B1","KRAS"
"MIR125B1","BAK1"
"MIR125B1","TP53"
"MIR125B2","CDKN2A"
"MIR125B2","EGFR"
"MIR125B2","ERBB2"
"MIR125B2","FGFR3"
"MIR125B2","KRAS"
"MIR125B2","BAK1"
"MIR125B2","TP53"
"MIR126","CRK"
"MIR126","CRKL"
"MIR126","PIK3CA"
"MIR126","PIK3CB"
"MIR126","PIK3CD"
"MIR126","PIK3R1"
"MIR126","PIK3R2"
"MIR126","VEGFA"
"MIR126","PIK3R3"
"MIR126","SLC45A3"
"MIR128-1","COMMD3-BMI1"
"MIR128-1","E2F3"
"MIR128-1","BMI1"
"MIR128-2","COMMD3-BMI1"
"MIR128-2","E2F3"
"MIR128-2","BMI1"
"MIR129-1","GRB2"
"MIR129-1","SHC4"
"MIR129-1","MDM4"
"MIR129-1","ATM"
"MIR129-1","PRKCA"
"MIR129-1","PRKCB"
"MIR129-1","PRKCG"
"MIR129-2","GRB2"
"MIR129-2","SHC4"
"MIR129-2","MDM4"
"MIR129-2","ATM"
"MIR129-2","PRKCA"
"MIR129-2","PRKCB"
"MIR129-2","PRKCG"
"MIR133A1","MCL1"
"MIR133A1","BCL2L2"
"MIR133A2","MCL1"
"MIR133A2","BCL2L2"
"MIR135A1","APC2"
"MIR135A1","APC"
"MIR135A2","APC2"
"MIR135A2","APC"
"MIR137","CDK6"
"MIR141","TGFB2"
"MIR143","DNMT3A"
"MIR143","KRAS"
"MIR143","ATM"
"MIR143","PDGFB"
"MIR143","PDGFRB"
"MIR143","PRKCA"
"MIR143","PRKCB"
"MIR143","PRKCG"
"MIR143","MAPK7"
"MIR143","RAF1"
"MIR143","SOS1"
"MIR143","SOS2"
"MIR143","TP53"
"MIR145","EGFR"
"MIR145","FGFR3"
"MIR145","IRS1"
"MIR145","PRKCA"
"MIR145","PRKCB"
"MIR145","PRKCG"
"MIR146A","MMP16"
"MIR146A","ROCK1"
"MIR146A","BRCA1"
"MIR152","DNMT1"
"MIR155","SOCS1"
"MIR15A","CCND1"
"MIR15A","BCL2"
"MIR15A","WNT3"
"MIR15A","CCND2"
"MIR15A","WNT3A"
"MIR15A","CCNE1"
"MIR15A","CCNE2"
"MIR15B","CCND1"
"MIR15B","CCND2"
"MIR15B","CCNE1"
"MIR15B","CCNE2"
"MIR16-1","CCND1"
"MIR16-1","CCND2"
"MIR16-1","CCNE1"
"MIR16-1","CCNE2"
"MIR16-2","CCND1"
"MIR16-2","CCND2"
"MIR16-2","CCNE1"
"MIR16-2","CCNE2"
"MIR17","PTEN"
"MIR17","VIM"
"MIR18A","KRAS"
"MIR18A","PTEN"
"MIR181A2","ATM"
"MIR181B1","ATM"
"MIR181B2","ATM"
"MIR181C","ATM"
"MIR183","EZR"
"MIR195","FGFR3"
"MIR195","GRB2"
"MIR195","PRKCA"
"MIR195","PRKCB"
"MIR195","PRKCG"
"MIR195","MAPK1"
"MIR195","MAPK3"
"MIR195","MAP2K1"
"MIR195","MAP2K2"
"MIR195","RAF1"
"MIR195","SOS1"
"MIR195","SOS2"
"MIR199A1","IKBKB"
"MIR199A1","PTGS2"
"MIR199A2","IKBKB"
"MIR199A2","PTGS2"
"MIR19A","PTEN"
"MIR19A","THBS1"
"MIR19B1","PTEN"
"MIR19B2","PTEN"
"MIR20A","CDKN1A"
"MIR20A","E2F1"
"MIR20A","E2F2"
"MIR20A","E2F3"
"MIR20A","PTEN"
"MIR200A","COMMD3-BMI1"
"MIR200A","ZFPM2"
"MIR200A","BMI1"
"MIR200A","ZEB1"
"MIR200A","ZEB2"
"MIR200B","COMMD3-BMI1"
"MIR200B","ZFPM2"
"MIR200B","BMI1"
"MIR200B","ZEB1"
"MIR200B","ZEB2"
"MIR200C","COMMD3-BMI1"
"MIR200C","ZFPM2"
"MIR200C","BMI1"
"MIR200C","ZEB1"
"MIR200C","ZEB2"
"MIR205","ERBB3"
"MIR205","PRKCE"
"MIR205","ZEB2"
"MIR21","SPRY2"
"MIR21","HNRNPK"
"MIR21","MARCKS"
"MIR21","ATM"
"MIR21","SERPINB5"
"MIR21","PTEN"
"MIR21","BMPR2"
"MIR21","TIMP3"
"MIR21","TPM1"
"MIR21","RECK"
"MIR21","TP63"
"MIR210","E2F3"
"MIR181A1","ATM"
"MIR214","PTEN"
"MIR221","CDKN1B"
"MIR221","MDM2"
"MIR221","ATM"
"MIR221","DDIT4"
"MIR221","PTEN"
"MIR221","TIMP3"
"MIR221","BMF"
"MIR222","CDKN1B"
"MIR222","PTEN"
"MIR222","TIMP3"
"MIR223","STMN1"
"MIR223","TP53"
"MIR224","PAK4"
"MIR224","MMP9"
"MIR23A","FGFR3"
"MIR23A","GLS2"
"MIR23A","GLS"
"MIR23A","MAPK1"
"MIR23A","MAPK3"
"MIR26A1","PTEN"
"MIR26A2","PTEN"
"MIR29A","DNMT3A"
"MIR29A","DNMT3B"
"MIR29A","FGFR3"
"MIR29A","PDGFRA"
"MIR29B1","DNMT3A"
"MIR29B1","DNMT3B"
"MIR29B1","FGFR3"
"MIR29B1","PDGFRA"
"MIR29B2","DNMT3A"
"MIR29B2","DNMT3B"
"MIR29B2","FGFR3"
"MIR29B2","PDGFRA"
"MIR29C","DNMT3A"
"MIR29C","DNMT3B"
"MIR29C","FGFR3"
"MIR29C","PDGFRA"
"MIR30A","ITGB3"
"MIR30A","ATM"
"MIR30A","PDGFA"
"MIR30A","PLCG1"
"MIR30A","PLCG2"
"MIR30A","PRKCA"
"MIR30A","PRKCB"
"MIR30A","PRKCG"
"MIR30A","TP53"
"MIR30A","UBE2I"
"MIR30B","ATM"
"MIR30B","PDGFA"
"MIR30B","PLCG1"
"MIR30B","PLCG2"
"MIR30B","PRKCA"
"MIR30B","PRKCB"
"MIR30B","PRKCG"
"MIR30B","TP53"
"MIR30C1","ATM"
"MIR30C1","PDGFA"
"MIR30C1","PLCG1"
"MIR30C1","PLCG2"
"MIR30C1","PRKCA"
"MIR30C1","PRKCB"
"MIR30C1","PRKCG"
"MIR30C1","TP53"
"MIR30C2","ATM"
"MIR30C2","PDGFA"
"MIR30C2","PLCG1"
"MIR30C2","PLCG2"
"MIR30C2","PRKCA"
"MIR30C2","PRKCB"
"MIR30C2","PRKCG"
"MIR30C2","TP53"
"MIR30D","ITGB3"
"MIR30D","ATM"
"MIR30D","PDGFA"
"MIR30D","PLCG1"
"MIR30D","PLCG2"
"MIR30D","PRKCA"
"MIR30D","PRKCB"
"MIR30D","PRKCG"
"MIR30D","TP53"
"MIR30D","UBE2I"
"MIR30E","ITGB3"
"MIR30E","ATM"
"MIR30E","PDGFA"
"MIR30E","PLCG1"
"MIR30E","PLCG2"
"MIR30E","PRKCA"
"MIR30E","PRKCB"
"MIR30E","PRKCG"
"MIR30E","TP53"
"MIR30E","UBE2I"
"MIR31","ITGA5"
"MIR31","RHOA"
"MIR31","RDX"
"MIR31","FZD3"
"MIR32","BCL2L11"
"MIR34A","CDK6"
"MIR34A","SIRT1"
"MIR34A","MET"
"MIR34A","NOTCH1"
"MIR34A","NOTCH2"
"MIR34A","NOTCH3"
"MIR34A","NOTCH4"
"MIR34B","CDK6"
"MIR34B","MET"
"MIR34B","NOTCH1"
"MIR34B","NOTCH2"
"MIR34B","NOTCH3"
"MIR34B","NOTCH4"
"MIR7-1","EGFR"
"MIR7-1","ABCC1"
"MIR7-1","PRKCA"
"MIR7-1","PRKCB"
"MIR7-1","PRKCG"
"MIR7-1","SHC1"
"MIR7-1","IRS2"
"MIR7-2","EGFR"
"MIR7-2","ABCC1"
"MIR7-2","PRKCA"
"MIR7-2","PRKCB"
"MIR7-2","PRKCG"
"MIR7-2","SHC1"
"MIR7-2","IRS2"
"MIR7-3","EGFR"
"MIR7-3","ABCC1"
"MIR7-3","PRKCA"
"MIR7-3","PRKCB"
"MIR7-3","PRKCG"
"MIR7-3","SHC1"
"MIR7-3","IRS2"
"MIR9-1","NFKB1"
"MIR9-2","NFKB1"
"MIR92A1","PTEN"
"MIR92A2","PTEN"
"MIR9-3","NFKB1"
"MIR99A","FGFR3"
"MIR133B","MCL1"
"MIR133B","BCL2L2"
"MIR135B","APC2"
"MIR135B","APC"
"MIR326","NOTCH1"
"MIR326","NOTCH2"
"MIR326","NOTCH3"
"MIR326","NOTCH4"
"MIR330","E2F1"
"MIR331","CDCA5"
"MIR331","ERBB2"
"MIR331","KIF23"
"MIR335","TNC"
"MIR335","TNN"
"MIR335","SOX4"
"MIR335","TNR"
"MIR335","TNXB"
"MIR345","ABCC1"
"MIR373","CD44"
"MIR449A","HDAC1"
"MIR449A","HDAC2"
"MIR451A","ABCB1"
"MIR193B","PLAU"
"MIR181D","ATM"
"MIR520E","CD44"
"MIR520A","CD44"
"MIR520B","CD44"
"MIR520C","CD44"
"MIR520G","CD44"
"MIR520H","CD44"
"MIR602","RASSF1"
"AKT3","ESR1"
"AKT3","ESR2"
"CHRNA7","ARRB1"
"CHRNA7","ARRB2"
"PAQR7","PIK3CA"
"PAQR7","PIK3CB"
"PAQR7","PIK3CD"
"PAQR7","PIK3R1"
"PAQR7","PIK3R2"
"PAQR7","PIK3R3"
"E2F1","XIAP"
"E2F1","BIRC5"
"E2F1","CDC6"
"E2F1","CDC25A"
"AHR","UGT2B11"
"AHR","UGT2A1"
"AHR","GSTO2"
"AHR","CYP1A1"
"AHR","CYP1B1"
"AHR","CYP2B6"
"AHR","EPHX1"
"AHR","EPHX2"
"AHR","GSTA5"
"AHR","EPHX4"
"AHR","GSTA1"
"AHR","GSTA2"
"AHR","GSTA3"
"AHR","GSTA4"
"AHR","GSTM1"
"AHR","GSTM2"
"AHR","GSTM3"
"AHR","GSTM4"
"AHR","GSTM5"
"AHR","GSTT1"
"AHR","GSTT2"
"AHR","MGST1"
"AHR","MGST2"
"AHR","MGST3"
"AHR","UGT2B28"
"AHR","UGT1A10"
"AHR","UGT1A8"
"AHR","UGT1A7"
"AHR","UGT1A6"
"AHR","UGT1A5"
"AHR","UGT1A9"
"AHR","UGT1A4"
"AHR","UGT1A1"
"AHR","UGT1A3"
"AHR","UGT2A2"
"AHR","GSTT2B"
"AHR","UGT2B4"
"AHR","UGT2B7"
"AHR","UGT2B10"
"AHR","UGT2B15"
"AHR","UGT2B17"
"AHR","UGT2A3"
"AHR","EPHX3"
"AHR","GSTO1"
"AKT1","ESR1"
"AKT1","ESR2"
"AKT2","ESR1"
"AKT2","ESR2"
"ESR1","DLL3"
"ESR1","EGF"
"ESR1","FGF3"
"ESR1","FGF4"
"ESR1","FGF5"
"ESR1","FGF6"
"ESR1","FGF7"
"ESR1","FGF8"
"ESR1","FGF9"
"ESR1","FGF10"
"ESR1","FGF20"
"ESR1","FGF22"
"ESR1","DLL1"
"ESR1","DLL4"
"ESR1","CHRNA9"
"ESR1","FGF18"
"ESR1","FGF17"
"ESR1","FGF16"
"ESR1","CCND3"
"ESR2","DLL3"
"ESR2","EGF"
"ESR2","FGF3"
"ESR2","FGF4"
"ESR2","FGF5"
"ESR2","FGF6"
"ESR2","FGF7"
"ESR2","FGF8"
"ESR2","FGF9"
"ESR2","FGF10"
"ESR2","FGF20"
"ESR2","FGF22"
"ESR2","DLL1"
"ESR2","DLL4"
"ESR2","CHRNA9"
"ESR2","FGF18"
"ESR2","FGF17"
"ESR2","FGF16"
"ESR2","CCND3"
"FOS","CHRNA9"
"FOS","CCND3"
"RPS6KA6","ESR1"
"RPS6KA6","ESR2"
"AR","MIRLET7A1"
"AR","MIRLET7A2"
"AR","MIRLET7A3"
"AR","MIRLET7B"
"AR","MIRLET7D"
"AR","MIRLET7E"
"AR","MIRLET7F1"
"AR","MIRLET7F2"
"AR","MIRLET7G"
"AR","MIRLET7I"
"JUN","CHRNA9"
"ARNT","UGT2B11"
"ARNT","UGT2A1"
"ARNT","GSTO2"
"ARNT","CYP1A1"
"ARNT","CYP1B1"
"ARNT","CYP2B6"
"ARNT","EPHX1"
"ARNT","EPHX2"
"ARNT","GSTA5"
"ARNT","EPHX4"
"ARNT","GSTA1"
"ARNT","GSTA2"
"ARNT","GSTA3"
"ARNT","GSTA4"
"ARNT","GSTM1"
"ARNT","GSTM2"
"ARNT","GSTM3"
"ARNT","GSTM4"
"ARNT","GSTM5"
"ARNT","GSTT1"
"ARNT","GSTT2"
"ARNT","MGST1"
"ARNT","MGST2"
"ARNT","MGST3"
"ARNT","UGT2B28"
"ARNT","UGT1A10"
"ARNT","UGT1A8"
"ARNT","UGT1A7"
"ARNT","UGT1A6"
"ARNT","UGT1A5"
"ARNT","UGT1A9"
"ARNT","UGT1A4"
"ARNT","UGT1A1"
"ARNT","UGT1A3"
"ARNT","UGT2A2"
"ARNT","GSTT2B"
"ARNT","UGT2B4"
"ARNT","UGT2B7"
"ARNT","UGT2B10"
"ARNT","UGT2B15"
"ARNT","UGT2B17"
"ARNT","UGT2A3"
"ARNT","EPHX3"
"ARNT","GSTO1"
"MIR141","STAT5A"
"MIR141","STAT5B"
"MIR29A","KLF4"
"MIR29B1","KLF4"
"MIR29B2","KLF4"
"MIR29C","KLF4"
"ARRB1","SRC"
"ARRB2","SRC"
"PGR","JAG1"
"PGR","GRB2"
"PGR","MIR141"
"PGR","MIR29A"
"PGR","MIR29B1"
"PGR","MIR29B2"
"PGR","MIR29C"
"PGR","NOTCH2"
"PGR","CCND1"
"PGR","BCL6"
"PGR","STAT5A"
"PGR","STAT5B"
"PGR","KLF5"
"PGR","WNT1"
"PGR","TNFSF11"
"PGR","KLF4"
"PIK3CA","RPS6KA6"
"PIK3CA","RPS6KA1"
"PIK3CA","RPS6KA2"
"PIK3CA","RPS6KA3"
"PIK3CB","RPS6KA6"
"PIK3CB","RPS6KA1"
"PIK3CB","RPS6KA2"
"PIK3CB","RPS6KA3"
"PIK3CD","RPS6KA6"
"PIK3CD","RPS6KA1"
"PIK3CD","RPS6KA2"
"PIK3CD","RPS6KA3"
"PIK3R1","RPS6KA6"
"PIK3R1","RPS6KA1"
"PIK3R1","RPS6KA2"
"PIK3R1","RPS6KA3"
"PIK3R2","RPS6KA6"
"PIK3R2","RPS6KA1"
"PIK3R2","RPS6KA2"
"PIK3R2","RPS6KA3"
"PAQR5","PIK3CA"
"PAQR5","PIK3CB"
"PAQR5","PIK3CD"
"PAQR5","PIK3R1"
"PAQR5","PIK3R2"
"PAQR5","PIK3R3"
"CHRNA9","PIK3CA"
"CHRNA9","PIK3CB"
"CHRNA9","PIK3CD"
"CHRNA9","PIK3R1"
"CHRNA9","PIK3R2"
"CHRNA9","PIK3R3"
"RAF1","RB1"
"RPS6KA1","ESR1"
"RPS6KA1","ESR2"
"RPS6KA2","ESR1"
"RPS6KA2","ESR2"
"RPS6KA3","ESR1"
"RPS6KA3","ESR2"
"RXRA","CYP1A1"
"RXRA","CYP1A2"
"RXRA","CYP2B6"
"RXRA","CYP3A4"
"RXRB","CYP1A1"
"RXRB","CYP1A2"
"RXRB","CYP2B6"
"RXRB","CYP3A4"
"RXRG","CYP1A1"
"RXRG","CYP1A2"
"RXRG","CYP2B6"
"RXRG","CYP3A4"
"STAT3","IKBKE"
"VDR","CHRNA9"
"VDR","CCND3"
"PIK3R3","RPS6KA6"
"PIK3R3","RPS6KA1"
"PIK3R3","RPS6KA2"
"PIK3R3","RPS6KA3"
"PAQR8","PIK3CA"
"PAQR8","PIK3CB"
"PAQR8","PIK3CD"
"PAQR8","PIK3R1"
"PAQR8","PIK3R2"
"PAQR8","PIK3R3"
"NR1I3","CYP1A1"
"NR1I3","CYP1A2"
"NR1I3","CYP2B6"
"NR1I3","CYP3A4"
"PRKD3","CHUK"
"PRKD3","IKBKB"
"PRKD3","IKBKG"
"ABL1","PRKD3"
"ABL1","PRKD2"
"ABL1","PRKD1"
"PRKD2","CHUK"
"PRKD2","IKBKB"
"PRKD2","IKBKG"
"ABL2","PRKD3"
"ABL2","PRKD2"
"ABL2","PRKD1"
"NFE2L2","AKR1A1"
"NFE2L2","AKR1C4"
"NFE2L2","AKR1C1"
"NFE2L2","AKR1C2"
"NFE2L2","AKR1C3"
"ACP1","PTK2"
"ACP1","SRC"
"PLD1","PRKD3"
"PLD1","PRKD2"
"PLD1","PRKD1"
"PLD2","PRKD3"
"PLD2","PRKD2"
"PLD2","PRKD1"
"PRKCD","PRKD3"
"PRKCD","PRKD2"
"PRKCD","PRKD1"
"PRKD1","CHUK"
"PRKD1","IKBKB"
"PRKD1","IKBKG"
"PTPN1","MET"
"PTPN11","PTK2"
"PTPN11","SRC"
"PTPRJ","PTK2"
"PTPRJ","SRC"
"SRC","ABL1"
"SRC","ABL2"
"SRC","PRKCD"
"MAP3K14","NFKB1"
"MAP3K14","RELA"
"RHOA","MAPK8"
"RHOA","MAPK9"
"RHOA","MAPK10"
"BAX","BCL2"
"RALA","RHOA"
"RALA","RAC1"
"RALA","RAC2"
"RALA","RAC3"
"RALB","RHOA"
"RALB","RAC1"
"RALB","RAC2"
"RALB","RAC3"
"EGLN2","EPAS1"
"EGLN3","EPAS1"
"GAB1","GRB2"
"GAB1","PTPN11"
"EGLN1","EPAS1"
"AKT3","BCL2L1"
"AKT1","BCL2L1"
"AKT2","BCL2L1"
"RAC1","NFKB1"
"RAC1","RELA"
"RAC2","NFKB1"
"RAC2","RELA"
"RAC3","NFKB1"
"RAC3","RELA"
"ILK","AKT3"
"ILK","AKT1"
"ILK","AKT2"
"PRKCB","HRAS"
"PRKCB","KRAS"
"PRKCB","NRAS"
"PRKCG","HRAS"
"PRKCG","KRAS"
"PRKCG","NRAS"
"CAMK1D","HRAS"
"CAMK1D","KRAS"
"CAMK1D","NRAS"
"CAMK1G","HRAS"
"CAMK1G","KRAS"
"CAMK1G","NRAS"
"CAMK4","HRAS"
"CAMK4","KRAS"
"CAMK4","NRAS"
"CAMK1","HRAS"
"CAMK1","KRAS"
"CAMK1","NRAS"
"CREB3","CREBBP"
"CREB3","EP300"
"CREB1","CREBBP"
"CREB1","EP300"
"CREB3L4","CREBBP"
"CREB3L4","EP300"
"CTNNB1","CREBBP"
"CTNNB1","EP300"
"GSK3B","CREB3"
"GSK3B","CREB1"
"GSK3B","CREB3L4"
"GSK3B","ATF4"
"GSK3B","CREB3L2"
"GSK3B","CREB3L3"
"GSK3B","CREB3L1"
"GSK3B","CREB5"
"IGF1","INSRR"
"INSRR","GRB2"
"INSRR","PIK3CA"
"INSRR","PIK3CB"
"INSRR","PIK3CD"
"INSRR","PIK3R1"
"INSRR","PIK3R2"
"INSRR","PIK3R3"
"ATF4","CREBBP"
"ATF4","EP300"
"CREB3L2","CREBBP"
"CREB3L2","EP300"
"TGFA","INSRR"
"CREB3L3","CREBBP"
"CREB3L3","EP300"
"CREB3L1","CREBBP"
"CREB3L1","EP300"
"CREB5","CREBBP"
"CREB5","EP300"
"EGFR","HRAS"
"EGFR","KRAS"
"EGFR","NRAS"
"MET","HRAS"
"MET","KRAS"
"MET","NRAS"
"PDGFRA","HRAS"
"PDGFRA","KRAS"
"PDGFRA","NRAS"
"PDGFRB","HRAS"
"PDGFRB","KRAS"
"PDGFRB","NRAS"
"MAPK1","CDK4"
"MAPK3","CDK4"
"ABL1","SHC2"
"ABL1","SHC4"
"ABL1","SHC3"
"ABL1","SHC1"
"GRB2","GAB2"
"BCR","SHC2"
"BCR","SHC4"
"BCR","SHC3"
"BCR","SHC1"
"GAB2","PTPN11"
"FLT3","CEBPA"
"FLT3","SPI1"
"FLT3","STAT3"
"FLT3","STAT5A"
"FLT3","STAT5B"
"KIT","STAT3"
"KIT","STAT5A"
"KIT","STAT5B"
"PML","CEBPE"
"PML","MYC"
"PML","RARA"
"PML","BCL2A1"
"PML","ZBTB16"
"RARA","CEBPE"
"RARA","DUSP6"
"RARA","MYC"
"RARA","BCL2A1"
"RARA","ZBTB16"
"STAT3","PIM2"
"ZBTB16","DUSP6"
"MAX","CDK4"
"MAX","CDK6"
"MAX","CCND1"
"MYC","CDK6"
"HEY1","CDKN1A"
"HEY1","ERBB2"
"HEY1","MYC"
"HEY1","NFKB2"
"HEY1","CCND1"
"HEY2","CDKN1A"
"HEY2","ERBB2"
"HEY2","MYC"
"HEY2","NFKB2"
"HEY2","CCND1"
"HEYL","CDKN1A"
"HEYL","ERBB2"
"HEYL","MYC"
"HEYL","NFKB2"
"HEYL","CCND1"
"HES1","CDKN1A"
"HES1","ERBB2"
"HES1","MYC"
"HES1","NFKB2"
"HES1","CCND1"
"HES5","CDKN1A"
"HES5","ERBB2"
"HES5","MYC"
"HES5","NFKB2"
"HES5","CCND1"
"PGR","WNT4"
"APC2","CSNK1A1L"
"APC2","CSNK1A1"
"GSK3B","CSNK1A1L"
"GSK3B","CSNK1A1"
"APC","CSNK1A1L"
"APC","CSNK1A1"
"AXIN1","CSNK1A1L"
"AXIN1","CSNK1A1"
"AXIN2","CSNK1A1L"
"AXIN2","CSNK1A1"
"AKT3","TP53"
"CDX2","CDH17"
"CDX2","MUC2"
"CDX2","ABCB1"
"CDX2","SHH"
"CDX2","REG4"
"AKT1","TP53"
"AKT2","TP53"
"ERBB2","HRAS"
"ERBB2","KRAS"
"ERBB2","NRAS"
"FLT3","HRAS"
"FLT3","KRAS"
"FLT3","NRAS"
"MTOR","HIF1A"
"MTOR","SLC7A5"
"HIF1A","PGAM4"
"HIF1A","PGAM1"
"HIF1A","PGAM2"
"HIF1A","PKM"
"MYC","LDHAL6A"
"MYC","GLS2"
"MYC","GLS"
"MYC","HK1"
"MYC","HK2"
"MYC","HK3"
"MYC","LDHA"
"MYC","LDHB"
"MYC","LDHC"
"MYC","PGAM4"
"MYC","PGAM1"
"MYC","PGAM2"
"MYC","PKM"
"MYC","SLC1A5"
"MYC","SLC2A1"
"MYC","SLC2A2"
"MYC","HKDC1"
"MYC","LDHAL6B"
"NTRK3","HRAS"
"NTRK3","KRAS"
"NTRK3","NRAS"
"SIRT6","HIF1A"
"SIRT6","MYC"
"RET","HRAS"
"RET","KRAS"
"RET","NRAS"
"TP53","SCO2"
"PIP5K1C","WAS"
"FOS","CHKA"
"FOS","CHKB"
"HIF1A","CHKA"
"HIF1A","CHKB"
"HRAS","PLCG1"
"HRAS","PLD1"
"HRAS","PLD2"
"JUN","CHKA"
"JUN","CHKB"
"KRAS","PLCG1"
"KRAS","PLD1"
"KRAS","PLD2"
"NRAS","PLCG1"
"NRAS","PLD1"
"NRAS","PLD2"
"PIK3CA","CHKA"
"PIK3CA","CHKB"
"PIK3CA","PLD1"
"PIK3CA","PLD2"
"PIK3CB","CHKA"
"PIK3CB","CHKB"
"PIK3CB","PLD1"
"PIK3CB","PLD2"
"PIK3CD","CHKA"
"PIK3CD","CHKB"
"PIK3CD","PLD1"
"PIK3CD","PLD2"
"PIK3R1","CHKA"
"PIK3R1","CHKB"
"PIK3R1","PLD1"
"PIK3R1","PLD2"
"PIK3R2","CHKA"
"PIK3R2","CHKB"
"PIK3R2","PLD1"
"PIK3R2","PLD2"
"MAPK1","PCYT1A"
"MAPK1","PCYT1B"
"MAPK3","PCYT1A"
"MAPK3","PCYT1B"
"MAPK8","PLA2G4B"
"MAPK8","PLA2G4E"
"MAPK8","PLA2G4F"
"MAPK8","PLA2G4D"
"MAPK8","PCYT1A"
"MAPK8","PLA2G4A"
"MAPK8","PLA2G4C"
"MAPK8","JMJD7-PLA2G4B"
"MAPK8","PCYT1B"
"MAPK9","PLA2G4B"
"MAPK9","PLA2G4E"
"MAPK9","PLA2G4F"
"MAPK9","PLA2G4D"
"MAPK9","PCYT1A"
"MAPK9","PLA2G4A"
"MAPK9","PLA2G4C"
"MAPK9","JMJD7-PLA2G4B"
"MAPK9","PCYT1B"
"MAPK10","PLA2G4B"
"MAPK10","PLA2G4E"
"MAPK10","PLA2G4F"
"MAPK10","PLA2G4D"
"MAPK10","PCYT1A"
"MAPK10","PLA2G4A"
"MAPK10","PLA2G4C"
"MAPK10","JMJD7-PLA2G4B"
"MAPK10","PCYT1B"
"RAF1","CHKA"
"RAF1","CHKB"
"RAF1","PLD1"
"RAF1","PLD2"
"RALGDS","CHKA"
"RALGDS","CHKB"
"RALGDS","PLD1"
"RALGDS","PLD2"
"RALGDS","MAPK8"
"RALGDS","MAPK9"
"RALGDS","MAPK10"
"SP1","SLC44A3"
"SP1","SLC44A5"
"SP1","SLC44A1"
"SP1","PCYT1A"
"SP1","PLD1"
"SP1","PLD2"
"SP1","SLC44A2"
"SP1","SLC5A7"
"SP1","SLC22A1"
"SP1","SLC22A3"
"SP1","SLC22A2"
"SP1","SLC22A4"
"SP1","SLC22A5"
"SP1","SLC44A4"
"SP1","PCYT1B"
"PIP5K1A","WAS"
"PIP5K1B","WAS"
"PIK3R3","CHKA"
"PIK3R3","CHKB"
"PIK3R3","PLD1"
"PIK3R3","PLD2"
"CSNK2A1","PTEN"
"CSNK2A2","PTEN"
"CSNK2B","PTEN"
"FOS","CD274"
"CSNK2A3","PTEN"
"HIF1A","CD274"
"IFNGR1","HRAS"
"IFNGR1","KRAS"
"IFNGR1","NRAS"
"IFNGR1","PIK3CA"
"IFNGR1","PIK3CB"
"IFNGR1","PIK3CD"
"IFNGR1","PIK3R1"
"IFNGR1","PIK3R2"
"IFNGR1","PIK3R3"
"IFNGR2","HRAS"
"IFNGR2","KRAS"
"IFNGR2","NRAS"
"IFNGR2","PIK3CA"
"IFNGR2","PIK3CB"
"IFNGR2","PIK3CD"
"IFNGR2","PIK3R1"
"IFNGR2","PIK3R2"
"IFNGR2","PIK3R3"
"TICAM2","CHUK"
"TICAM2","IKBKB"
"TICAM2","IKBKG"
"JUN","FOS"
"JUN","CD274"
"NFATC1","CD274"
"NFATC2","CD274"
"NFATC3","CD274"
"NFKB1","CD274"
"TLR9","TIRAP"
"TLR9","TICAM1"
"TLR9","TICAM2"
"PRKCQ","NFKB1"
"PRKCQ","RELA"
"MAPK1","NFATC1"
"MAPK1","NFATC2"
"MAPK1","NFATC3"
"MAPK3","NFATC1"
"MAPK3","NFATC2"
"MAPK3","NFATC3"
"PTPN6","BATF"
"PTPN6","BATF2"
"PTPN6","CSNK2A1"
"PTPN6","CSNK2A2"
"PTPN6","CSNK2B"
"PTPN6","CSNK2A3"
"PTPN6","BATF3"
"PTPN6","PRKCQ"
"PTPN11","BATF"
"PTPN11","BATF2"
"PTPN11","CSNK2A1"
"PTPN11","CSNK2A2"
"PTPN11","CSNK2B"
"PTPN11","CSNK2A3"
"PTPN11","BATF3"
"PTPN11","PRKCQ"
"PTPN11","MAPK1"
"PTPN11","MAPK3"
"RELA","CD274"
"STAT1","CD274"
"STAT3","CD274"
"TLR2","TICAM1"
"TLR2","TICAM2"
"TRAF6","MAP2K1"
"TRAF6","MAP2K2"
"CD247","MAP3K3"
"CD247","PIK3CA"
"CD247","PIK3CB"
"CD247","PIK3CD"
"CD247","PIK3R1"
"CD247","PIK3R2"
"CD247","PIK3R3"
"CD28","PRKCQ"
"LOC102723407","TSHR"
"GATA3","IFNG"
"TBX21","IL5"
"IL12RB1","IL18RAP"
"IL12RB1","IL18R1"
"IL12RB2","IL18RAP"
"IL12RB2","IL18R1"
"STAT4","IL2"
"STAT6","IL10"
"TGFB1","FOXP3"
"TGFB2","FOXP3"
"TGFB3","FOXP3"
"TLR5","NFKB1"
"TLR5","RELA"
"IL18RAP","JUN"
"IL18RAP","NFKB1"
"IL18RAP","RELA"
"IL18R1","JUN"
"IL18R1","NFKB1"
"IL18R1","RELA"
"TLR2","FOS"
"TLR2","JUN"
"TLR4","FOS"
"TLR4","JUN"
"JUP","LEF1"
"JUP","TCF7"
"JUP","TCF7L2"
"JUP","TCF7L1"
"LOC102723407","ADRB1"
"PARP1","GAPDH"
"AGER","MAPK14"
"AGER","CYBA"
"AGER","NCF2"
"AGER","NCF4"
"AGER","NFKB1"
"AGER","MAPK8"
"AGER","MAPK11"
"AGER","MAPK9"
"AGER","MAPK10"
"AGER","MAPK13"
"AGER","RAC1"
"AGER","RAC2"
"AGER","RELA"
"AGER","MAPK12"
"AGER","NCF1"
"AGTR1","CYBA"
"AGTR1","CYBB"
"AGTR1","NCF2"
"AGTR1","NCF4"
"AGTR1","RAC1"
"AGTR1","RAC2"
"AGTR1","NCF1"
"SMAD2","MMP2"
"SMAD2","MMP9"
"SMAD2","TGFB1"
"SMAD2","TGFB2"
"SMAD2","TGFB3"
"SMAD3","COL1A1"
"SMAD3","COL1A2"
"SMAD3","COL3A1"
"SMAD3","MMP2"
"SMAD3","MMP9"
"SMAD3","TGFB1"
"SMAD3","TGFB2"
"SMAD3","TGFB3"
"NFKB1","CMA1"
"NFKB1","COL1A1"
"NFKB1","COL1A2"
"NFKB1","COL3A1"
"NFKB1","AGT"
"NFKB1","REN"
"NFKB1","TGFB1"
"NFKB1","TGFB2"
"NFKB1","TGFB3"
"PDK2","PDHA1"
"PDK2","PDHA2"
"PDK2","PDHB"
"PDK3","PDHA1"
"PDK3","PDHA2"
"PDK3","PDHB"
"PDK4","PDHA1"
"PDK4","PDHA2"
"PDK4","PDHB"
"PPARA","PDK2"
"PPARA","PDK3"
"PPARA","PDK4"
"PPARA","CD36"
"PRKCA","IRS1"
"PRKCA","NOS3"
"PRKCB","COL1A1"
"PRKCB","COL1A2"
"PRKCB","COL3A1"
"PRKCB","MMP2"
"PRKCB","MMP9"
"PRKCB","NFKB1"
"PRKCB","NOS3"
"PRKCB","RELA"
"PRKCB","TGFB1"
"PRKCB","TGFB2"
"PRKCB","TGFB3"
"PRKCG","NOS3"
"RELA","CMA1"
"RELA","COL1A1"
"RELA","COL1A2"
"RELA","COL3A1"
"RELA","AGT"
"RELA","REN"
"RELA","TGFB1"
"RELA","TGFB2"
"RELA","TGFB3"
"SP1","ATP2A1"
"SP1","ATP2A2"
"SP1","ATP2A3"
"CD55","ABL1"
"CD55","FYN"
"CD55","ABL2"
"ABL1","RAC1"
"ABL1","RAC2"
"ABL1","RAC3"
"FYN","CAV1"
"ABL2","RAC1"
"ABL2","RAC2"
"ABL2","RAC3"
"AKT3","BAX"
"TANK","TBK1"
"TANK","IKBKE"
"TLR6","MAPK1"
"TLR6","MAPK3"
"MIB2","TANK"
"TICAM1","MIB2"
"TICAM1","MIB1"
"DDIT3","ERO1A"
"AKT1","BAX"
"AKT2","BAX"
"FOS","ICAM1"
"POU2F3","CYP1A1"
"POU2F3","CYP2A6"
"POU2F3","CYP2A7"
"POU2F3","CYP2B6"
"POU2F3","CYP2C8"
"POU2F3","CYP2C9"
"POU2F3","CYP2J2"
"POU2F3","OLR1"
"POU2F3","CD40"
"POU2F3","CD40LG"
"ERO1A","ITPR1"
"HSPA1A","TLR2"
"HSPA1B","TLR2"
"HSPA1L","TLR2"
"HSPA2","TLR2"
"HSPA4","TLR2"
"HSPA6","TLR2"
"HSPA8","TLR2"
"HSP90AA1","TLR2"
"HSP90AB1","TLR2"
"HSPD1","TLR2"
"LYN","VAV3"
"LYN","VAV1"
"LYN","VAV2"
"MMP1","RHOA"
"NFKB1","FAS"
"NFKB1","OLR1"
"NFKB1","SELP"
"OLR1","CYBA"
"OLR1","CYBB"
"OLR1","NOX1"
"OLR1","NCF2"
"OLR1","NCF4"
"OLR1","PRKCA"
"OLR1","MAPK8"
"OLR1","MAPK9"
"OLR1","MAPK10"
"OLR1","BAX"
"OLR1","RAC1"
"OLR1","BCL2"
"OLR1","NCF1"
"OLR1","ROCK2"
"POU2F1","CYP1A1"
"POU2F1","CYP2A6"
"POU2F1","CYP2A7"
"POU2F1","CYP2B6"
"POU2F1","CYP2C8"
"POU2F1","CYP2C9"
"POU2F1","CYP2J2"
"POU2F1","OLR1"
"POU2F1","CD40"
"POU2F1","CD40LG"
"POU2F2","CYP1A1"
"POU2F2","CYP2A6"
"POU2F2","CYP2A7"
"POU2F2","CYP2B6"
"POU2F2","CYP2C8"
"POU2F2","CYP2C9"
"POU2F2","CYP2J2"
"POU2F2","OLR1"
"POU2F2","CD40"
"POU2F2","CD40LG"
"PRKCA","POU2F3"
"PRKCA","POU2F1"
"PRKCA","POU2F2"
"MAPK1","RAP1A"
"MAPK1","RAP1B"
"MAPK3","RAP1A"
"MAPK3","RAP1B"
"MAPK8","SOD2"
"MAPK9","SOD2"
"MAPK10","SOD2"
"MIB1","TANK"
"RAP1A","RAC1"
"RAP1B","RAC1"
"RELA","FAS"
"RELA","OLR1"
"RELA","SELP"
"RXRA","PPARG"
"RXRB","PPARG"
"RXRG","PPARG"
"SRC","JAK2"
"HSP90B1","TLR2"
"TRAF2","XBP1"
"TRAF3","TANK"
"VLDLR","PIK3CA"
"VLDLR","PIK3CB"
"VLDLR","PIK3CD"
"VLDLR","PIK3R1"
"VLDLR","PIK3R2"
"VLDLR","PIK3R3"
"TNFRSF10B","CASP8"
"TNFRSF10A","CASP8"
"ARHGEF1","MMP1"
"ROCK2","NOS3"
"CDC42","MAP2K3"
"CDC42","MAP2K6"
"CDC42","MAP2K7"
"CDC42","MAP2K4"
"CDH5","ITGAV"
"CDH5","ITGB3"
"CDH5","PIK3CA"
"CDH5","PIK3CB"
"CDH5","PIK3CD"
"CDH5","PIK3R1"
"CDH5","PIK3R2"
"CDH5","PRKAA1"
"CDH5","PRKAA2"
"CDH5","PIK3R3"
"KLF2","GSTO2"
"KLF2","NQO1"
"KLF2","GSTA5"
"KLF2","TXN2"
"KLF2","GSTA1"
"KLF2","GSTA2"
"KLF2","GSTA3"
"KLF2","GSTA4"
"KLF2","GSTM1"
"KLF2","GSTM2"
"KLF2","GSTM3"
"KLF2","GSTM4"
"KLF2","GSTM5"
"KLF2","GSTP1"
"KLF2","GSTT1"
"KLF2","GSTT2"
"KLF2","HMOX1"
"KLF2","MGST1"
"KLF2","MGST2"
"KLF2","MGST3"
"KLF2","ASS1"
"KLF2","NPPC"
"KLF2","PLAT"
"KLF2","GSTT2B"
"KLF2","THBD"
"KLF2","TXN"
"KLF2","SQSTM1"
"KLF2","GSTO1"
"CTNNB1","PIK3CA"
"CTNNB1","PIK3CB"
"CTNNB1","PIK3CD"
"CTNNB1","PIK3R1"
"CTNNB1","PIK3R2"
"CTNNB1","PRKAA1"
"CTNNB1","PRKAA2"
"CTNNB1","PIK3R3"
"DUSP1","MAPK14"
"DUSP1","MAPK8"
"DUSP1","MAPK11"
"DUSP1","MAPK9"
"DUSP1","MAPK10"
"DUSP1","MAPK13"
"DUSP1","MAPK12"
"FOS","CTSL"
"FOS","EDN1"
"FOS","PDGFA"
"FOS","SELE"
"FOS","VCAM1"
"GPC1","CALML6"
"GPC1","HSP90AA1"
"GPC1","HSP90AB1"
"GPC1","NOS3"
"GPC1","CALML5"
"GPC1","HSP90B1"
"GPC1","CALM1"
"GPC1","CALM2"
"GPC1","CALM3"
"GPC1","CALML3"
"GPC1","CAV1"
"GPC1","CAV2"
"GPC1","CAV3"
"GPC1","CALML4"
"IL1R1","MAP3K5"
"IL1R1","MAP3K7"
"ITGAV","NFKB1"
"ITGAV","RELA"
"ITGB3","NFKB1"
"ITGB3","RELA"
"JUN","CTSL"
"JUN","PDGFA"
"KDR","ITGAV"
"KDR","ITGB3"
"KDR","PRKAA1"
"KDR","PRKAA2"
"NFE2L2","DUSP1"
"NFE2L2","ASS1"
"NFE2L2","NOS3"
"NFE2L2","NPPC"
"NFE2L2","PLAT"
"NFE2L2","THBD"
"NFE2L2","SQSTM1"
"NFKB1","CTSL"
"NFKB1","PDGFA"
"NFKB1","PDGFB"
"PIAS4","SUMO4"
"PIAS4","SUMO3"
"PIAS4","SUMO2"
"PIAS4","TP53"
"PIAS4","SUMO1"
"PECAM1","ITGAV"
"PECAM1","ITGB3"
"PECAM1","PIK3CA"
"PECAM1","PIK3CB"
"PECAM1","PIK3CD"
"PECAM1","PIK3R1"
"PECAM1","PIK3R2"
"PECAM1","PIK3R3"
"PIK3CA","ITGA2B"
"PIK3CA","ITGAV"
"PIK3CA","ITGB3"
"PIK3CB","ITGA2B"
"PIK3CB","ITGAV"
"PIK3CB","ITGB3"
"PIK3CD","ITGA2B"
"PIK3CD","ITGAV"
"PIK3CD","ITGB3"
"PIK3R1","ITGA2B"
"PIK3R1","ITGAV"
"PIK3R1","ITGB3"
"PIK3R2","ITGA2B"
"PIK3R2","ITGAV"
"PIK3R2","ITGB3"
"PRKCZ","SUMO4"
"PRKCZ","MAPK7"
"PRKCZ","SUMO3"
"PRKCZ","SUMO2"
"PRKCZ","TP53"
"PRKCZ","SUMO1"
"MAPK7","NFE2L2"
"PTK2","AKT3"
"PTK2","AKT1"
"PTK2","AKT2"
"PTK2","ARHGEF2"
"RELA","CTSL"
"RELA","PDGFA"
"RELA","PDGFB"
"SDC1","CALML6"
"SDC1","HSP90AA1"
"SDC1","HSP90AB1"
"SDC1","NOS3"
"SDC1","CALML5"
"SDC1","HSP90B1"
"SDC1","CALM1"
"SDC1","CALM2"
"SDC1","CALM3"
"SDC1","CALML3"
"SDC1","CAV1"
"SDC1","CAV2"
"SDC1","CAV3"
"SDC1","CALML4"
"SDC2","CALML6"
"SDC2","HSP90AA1"
"SDC2","HSP90AB1"
"SDC2","NOS3"
"SDC2","CALML5"
"SDC2","HSP90B1"
"SDC2","CALM1"
"SDC2","CALM2"
"SDC2","CALM3"
"SDC2","CALML3"
"SDC2","CAV1"
"SDC2","CAV2"
"SDC2","CAV3"
"SDC2","CALML4"
"SDC4","CALML6"
"SDC4","HSP90AA1"
"SDC4","HSP90AB1"
"SDC4","NOS3"
"SDC4","CALML5"
"SDC4","HSP90B1"
"SDC4","CALM1"
"SDC4","CALM2"
"SDC4","CALM3"
"SDC4","CALML3"
"SDC4","CAV1"
"SDC4","CAV2"
"SDC4","CAV3"
"SDC4","CALML4"
"BMPR1A","CYBA"
"BMPR1A","NOX1"
"BMPR1A","NCF2"
"BMPR1A","RAC1"
"BMPR1A","RAC2"
"BMPR1A","RAC3"
"BMPR1A","NCF1"
"BMPR1B","CYBA"
"BMPR1B","NOX1"
"BMPR1B","NCF2"
"BMPR1B","RAC1"
"BMPR1B","RAC2"
"BMPR1B","RAC3"
"BMPR1B","NCF1"
"BMPR2","CYBA"
"BMPR2","NOX1"
"BMPR2","NCF2"
"BMPR2","RAC1"
"BMPR2","RAC2"
"BMPR2","RAC3"
"BMPR2","NCF1"
"TNFRSF1A","MAP3K5"
"TNFRSF1A","MAP3K7"
"IL1R2","MAP3K5"
"IL1R2","MAP3K7"
"PIK3R3","ITGA2B"
"PIK3R3","ITGAV"
"PIK3R3","ITGB3"
"ACVR1","CYBA"
"ACVR1","NOX1"
"ACVR1","NCF2"
"ACVR1","RAC1"
"ACVR1","RAC2"
"ACVR1","RAC3"
"ACVR1","NCF1"
"ACVR2A","CYBA"
"ACVR2A","NOX1"
"ACVR2A","NCF2"
"ACVR2A","RAC1"
"ACVR2A","RAC2"
"ACVR2A","RAC3"
"ACVR2A","NCF1"
"ACVR2B","CYBA"
"ACVR2B","NOX1"
"ACVR2B","NCF2"
"ACVR2B","RAC1"
"ACVR2B","RAC2"
"ACVR2B","RAC3"
"ACVR2B","NCF1"
