"src","dest"
"10000","2309"
"10000","2475"
"10000","2932"
"10000","572"
"10018","581"
"10018","596"
"10018","598"
"1950","1956"
"1950","2064"
"1950","2065"
"1956","2549"
"1956","25759"
"1956","3716"
"1956","3717"
"1956","399694"
"1956","5335"
"1956","53358"
"1956","5336"
"1956","6464"
"1956","6714"
"1978","1977"
"1978","253314"
"1978","9470"
"2064","2549"
"2064","25759"
"2064","3716"
"2064","3717"
"2064","399694"
"2064","5335"
"2064","53358"
"2064","5336"
"2064","6464"
"2064","6714"
"2065","2549"
"2065","25759"
"2065","3716"
"2065","3717"
"2065","399694"
"2065","5335"
"2065","53358"
"2065","5336"
"2065","6464"
"2065","6714"
"207","2309"
"207","2475"
"207","2932"
"207","572"
"208","2309"
"208","2475"
"208","2932"
"208","572"
"2247","2261"
"2247","2263"
"2261","2549"
"2261","25759"
"2261","3716"
"2261","3717"
"2261","399694"
"2261","5335"
"2261","53358"
"2261","5336"
"2261","6464"
"2261","6714"
"2263","2549"
"2263","25759"
"2263","3716"
"2263","3717"
"2263","399694"
"2263","5335"
"2263","53358"
"2263","5336"
"2263","6464"
"2263","6714"
"2309","10018"
"2475","1978"
"2475","6198"
"2475","6199"
"2549","5290"
"2549","5291"
"2549","5293"
"2549","5295"
"2549","5296"
"2549","8503"
"25759","2885"
"2621","558"
"2885","6654"
"2885","6655"
"3082","2065"
"3082","4233"
"3084","1956"
"3084","2064"
"3084","2065"
"3265","369"
"3265","5894"
"3265","673"
"3479","3480"
"3480","2549"
"3480","25759"
"3480","3716"
"3480","3717"
"3480","399694"
"3480","5335"
"3480","53358"
"3480","5336"
"3480","6464"
"3480","6714"
"3569","3570"
"3570","2549"
"3570","25759"
"3570","3716"
"3570","3717"
"3570","399694"
"3570","5335"
"3570","53358"
"3570","5336"
"3570","6464"
"3570","6714"
"369","5604"
"369","5605"
"3716","6774"
"3717","6774"
"3791","2549"
"3791","25759"
"3791","3716"
"3791","3717"
"3791","399694"
"3791","5335"
"3791","53358"
"3791","5336"
"3791","6464"
"3791","6714"
"3845","369"
"3845","5894"
"3845","673"
"399694","2885"
"4233","2065"
"4233","2549"
"4233","25759"
"4233","3716"
"4233","3717"
"4233","399694"
"4233","5335"
"4233","53358"
"4233","5336"
"4233","6464"
"4233","6714"
"4763","3265"
"4763","3845"
"4763","4893"
"4893","369"
"4893","5894"
"4893","673"
"5154","5156"
"5154","5159"
"5155","5156"
"5155","5159"
"5156","2549"
"5156","25759"
"5156","3716"
"5156","3717"
"5156","399694"
"5156","5335"
"5156","53358"
"5156","5336"
"5156","6464"
"5156","6714"
"5159","2549"
"5159","25759"
"5159","3716"
"5159","3717"
"5159","399694"
"5159","5335"
"5159","53358"
"5159","5336"
"5159","6464"
"5159","6714"
"53358","2885"
"5578","369"
"5578","5894"
"5578","673"
"5579","369"
"5579","5894"
"5579","673"
"558","2549"
"558","25759"
"558","3716"
"558","3717"
"558","399694"
"558","5335"
"558","53358"
"558","5336"
"558","6464"
"558","6714"
"5582","369"
"5582","5894"
"5582","673"
"5594","10018"
"5595","10018"
"56034","5156"
"56034","5159"
"5604","5594"
"5604","5595"
"5605","5594"
"5605","5595"
"5894","5604"
"5894","5605"
"596","581"
"598","581"
"6198","6194"
"6199","6194"
"6464","2885"
"6654","3265"
"6654","3845"
"6654","4893"
"6655","3265"
"6655","3845"
"6655","4893"
"6714","6774"
"673","5604"
"673","5605"
"7039","1956"
"7039","2064"
"7039","2065"
"7422","3791"
"80310","5156"
"80310","5159"
"9542","1956"
"9542","2064"
"9542","2065"
"1019","5925"
"1026","1019"
"1027","1019"
"1029","1019"
"1031","1019"
"10683","4851"
"10683","4853"
"10683","4854"
"10683","4855"
"1432","10498"
"1432","2099"
"1432","2100"
"1432","2353"
"1432","3725"
"1432","5469"
"1432","6667"
"1432","8202"
"182","4851"
"182","4853"
"182","4854"
"182","4855"
"1839","1956"
"1956","5290"
"1956","5291"
"1956","5293"
"1956","5295"
"1956","5296"
"1956","8503"
"2064","5290"
"2064","5291"
"2064","5293"
"2064","5295"
"2064","5296"
"2064","8503"
"2778","107"
"2778","108"
"2778","109"
"2778","111"
"2778","112"
"2778","113"
"2778","114"
"2778","115"
"2778","196883"
"2778","6714"
"28514","4851"
"28514","4853"
"28514","4854"
"28514","4855"
"2852","2778"
"3480","5290"
"3480","5291"
"3480","5293"
"3480","5295"
"3480","5296"
"3480","8503"
"3714","4851"
"3714","4853"
"3714","4854"
"3714","4855"
"4193","7157"
"4313","1839"
"4318","1839"
"5290","10000"
"5290","207"
"5290","208"
"5291","10000"
"5291","207"
"5291","208"
"5293","10000"
"5293","207"
"5293","208"
"5295","10000"
"5295","207"
"5295","208"
"5296","10000"
"5296","207"
"5296","208"
"54567","4851"
"54567","4853"
"54567","4854"
"54567","4855"
"5566","10498"
"5566","2099"
"5566","2100"
"5566","2353"
"5566","369"
"5566","3725"
"5566","5469"
"5566","5894"
"5566","6198"
"5566","6199"
"5566","6667"
"5566","673"
"5566","8202"
"5567","10498"
"5567","2099"
"5567","2100"
"5567","2353"
"5567","369"
"5567","3725"
"5567","5469"
"5567","5894"
"5567","6198"
"5567","6199"
"5567","6667"
"5567","673"
"5567","8202"
"5568","10498"
"5568","2099"
"5568","2100"
"5568","2353"
"5568","369"
"5568","3725"
"5568","5469"
"5568","5894"
"5568","6198"
"5568","6199"
"5568","6667"
"5568","673"
"5568","8202"
"5594","2353"
"5594","3725"
"5595","2353"
"5595","3725"
"5599","10498"
"5599","2099"
"5599","2100"
"5599","2353"
"5599","3725"
"5599","5469"
"5599","6667"
"5599","8202"
"5600","10498"
"5600","2099"
"5600","2100"
"5600","2353"
"5600","3725"
"5600","5469"
"5600","6667"
"5600","8202"
"5601","10498"
"5601","2099"
"5601","2100"
"5601","2353"
"5601","3725"
"5601","5469"
"5601","6667"
"5601","8202"
"5602","10498"
"5602","2099"
"5602","2100"
"5602","2353"
"5602","3725"
"5602","5469"
"5602","6667"
"5602","8202"
"5603","10498"
"5603","2099"
"5603","2100"
"5603","2353"
"5603","3725"
"5603","5469"
"5603","6667"
"5603","8202"
"5747","5290"
"5747","5291"
"5747","5293"
"5747","5295"
"5747","5296"
"5747","8503"
"5925","1869"
"5925","1870"
"5925","1871"
"595","1019"
"596","572"
"596","638"
"6198","10498"
"6198","2099"
"6198","2100"
"6198","2353"
"6198","3725"
"6198","5469"
"6198","6667"
"6198","8202"
"6199","10498"
"6199","2099"
"6199","2100"
"6199","2353"
"6199","3725"
"6199","5469"
"6199","6667"
"6199","8202"
"6300","10498"
"6300","2099"
"6300","2100"
"6300","2353"
"6300","3725"
"6300","5469"
"6300","6667"
"6300","8202"
"6714","10498"
"6714","2099"
"6714","2100"
"6714","2353"
"6714","3725"
"6714","4313"
"6714","4318"
"6714","5469"
"6714","6667"
"6714","8202"
"7157","1026"
"7157","1027"
"7157","1029"
"7157","1031"
"8503","10000"
"8503","207"
"8503","208"
"1147","4790"
"1147","5970"
"3551","4790"
"3551","5970"
"4790","3553"
"4790","3569"
"4790","7124"
"5970","3553"
"5970","3569"
"5970","7124"
"8517","4790"
"8517","5970"
"10000","1026"
"10000","329"
"10000","330"
"10000","331"
"10000","332"
"10000","842"
"1026","4217"
"1026","836"
"1029","4193"
"2064","5594"
"2064","5595"
"207","1026"
"207","329"
"207","330"
"207","331"
"207","332"
"207","842"
"208","1026"
"208","329"
"208","330"
"208","331"
"208","332"
"208","842"
"27113","596"
"27113","598"
"317","842"
"329","836"
"329","842"
"330","836"
"330","842"
"331","836"
"331","842"
"332","836"
"332","842"
"355","8772"
"356","355"
"472","7157"
"5170","10000"
"5170","207"
"5170","208"
"5290","5170"
"5291","5170"
"5293","5170"
"5295","5170"
"5296","5170"
"5366","596"
"5366","598"
"54205","842"
"5594","572"
"5595","572"
"572","596"
"572","598"
"596","578"
"598","578"
"7157","27113"
"7157","355"
"7157","5366"
"7157","578"
"7157","581"
"841","472"
"841","637"
"841","7157"
"841","836"
"842","836"
"8503","5170"
"8772","841"
"23049","5976"
"132430","255967"
"132430","29883"
"132430","9337"
"140886","255967"
"140886","29883"
"140886","9337"
"26986","255967"
"26986","29883"
"26986","9337"
"340529","255967"
"340529","29883"
"340529","9337"
"5042","255967"
"5042","29883"
"5042","9337"
"645974","255967"
"645974","29883"
"645974","9337"
"80336","255967"
"80336","29883"
"80336","9337"
"8761","255967"
"8761","29883"
"8761","9337"
"5465","10062"
"5465","10873"
"5465","10999"
"5465","116519"
"5465","126129"
"5465","1374"
"5465","1375"
"5465","1376"
"5465","1581"
"5465","1582"
"5465","1622"
"5465","1962"
"5465","2168"
"5465","2180"
"5465","2181"
"5465","2182"
"5465","23205"
"5465","23305"
"5465","30"
"5465","3157"
"5465","3158"
"5465","335"
"5465","336"
"5465","34"
"5465","345"
"5465","376497"
"5465","4023"
"5465","4199"
"5465","51"
"5465","51129"
"5465","51703"
"5465","5360"
"5465","6319"
"5465","6342"
"5465","7350"
"5465","79966"
"5465","81616"
"5465","8309"
"5465","8310"
"5465","9415"
"5467","126129"
"5467","1374"
"5467","1375"
"5467","2170"
"5467","33"
"5467","3611"
"5467","4023"
"5467","51"
"5467","51129"
"5467","5170"
"5467","7316"
"5467","7350"
"5467","8309"
"5467","8310"
"5468","100509620"
"5468","10062"
"5468","10580"
"5468","10999"
"5468","123"
"5468","126129"
"5468","1374"
"5468","1375"
"5468","1593"
"5468","2167"
"5468","2180"
"5468","2181"
"5468","2182"
"5468","23205"
"5468","23305"
"5468","2710"
"5468","2712"
"5468","364"
"5468","376497"
"5468","4023"
"5468","4312"
"5468","440503"
"5468","4973"
"5468","5105"
"5468","5106"
"5468","51129"
"5468","51703"
"5468","5346"
"5468","6319"
"5468","729359"
"5468","7350"
"5468","79966"
"5468","81616"
"5468","9370"
"5468","948"
"6256","100509620"
"6256","10062"
"6256","10580"
"6256","10873"
"6256","10999"
"6256","116519"
"6256","123"
"6256","126129"
"6256","1374"
"6256","1375"
"6256","1376"
"6256","1581"
"6256","1582"
"6256","1593"
"6256","1622"
"6256","1962"
"6256","2167"
"6256","2168"
"6256","2170"
"6256","2180"
"6256","2181"
"6256","2182"
"6256","23205"
"6256","23305"
"6256","2710"
"6256","2712"
"6256","30"
"6256","3157"
"6256","3158"
"6256","33"
"6256","335"
"6256","336"
"6256","34"
"6256","345"
"6256","3611"
"6256","364"
"6256","376497"
"6256","4023"
"6256","4199"
"6256","4312"
"6256","440503"
"6256","4973"
"6256","51"
"6256","5105"
"6256","5106"
"6256","51129"
"6256","5170"
"6256","51703"
"6256","5346"
"6256","5360"
"6256","6319"
"6256","6342"
"6256","729359"
"6256","7316"
"6256","7350"
"6256","79966"
"6256","81616"
"6256","8309"
"6256","8310"
"6256","9370"
"6256","9415"
"6256","948"
"6257","100509620"
"6257","10062"
"6257","10580"
"6257","10873"
"6257","10999"
"6257","116519"
"6257","123"
"6257","126129"
"6257","1374"
"6257","1375"
"6257","1376"
"6257","1581"
"6257","1582"
"6257","1593"
"6257","1622"
"6257","1962"
"6257","2167"
"6257","2168"
"6257","2170"
"6257","2180"
"6257","2181"
"6257","2182"
"6257","23205"
"6257","23305"
"6257","2710"
"6257","2712"
"6257","30"
"6257","3157"
"6257","3158"
"6257","33"
"6257","335"
"6257","336"
"6257","34"
"6257","345"
"6257","3611"
"6257","364"
"6257","376497"
"6257","4023"
"6257","4199"
"6257","4312"
"6257","440503"
"6257","4973"
"6257","51"
"6257","5105"
"6257","5106"
"6257","51129"
"6257","5170"
"6257","51703"
"6257","5346"
"6257","5360"
"6257","6319"
"6257","6342"
"6257","729359"
"6257","7316"
"6257","7350"
"6257","79966"
"6257","81616"
"6257","8309"
"6257","8310"
"6257","9370"
"6257","9415"
"6257","948"
"6258","100509620"
"6258","10062"
"6258","10580"
"6258","10873"
"6258","10999"
"6258","116519"
"6258","123"
"6258","126129"
"6258","1374"
"6258","1375"
"6258","1376"
"6258","1581"
"6258","1582"
"6258","1593"
"6258","1622"
"6258","1962"
"6258","2167"
"6258","2168"
"6258","2170"
"6258","2180"
"6258","2181"
"6258","2182"
"6258","23205"
"6258","23305"
"6258","2710"
"6258","2712"
"6258","30"
"6258","3157"
"6258","3158"
"6258","33"
"6258","335"
"6258","336"
"6258","34"
"6258","345"
"6258","3611"
"6258","364"
"6258","376497"
"6258","4023"
"6258","4199"
"6258","4312"
"6258","440503"
"6258","4973"
"6258","51"
"6258","5105"
"6258","5106"
"6258","51129"
"6258","5170"
"6258","51703"
"6258","5346"
"6258","5360"
"6258","6319"
"6258","6342"
"6258","729359"
"6258","7316"
"6258","7350"
"6258","79966"
"6258","81616"
"6258","8309"
"6258","8310"
"6258","9370"
"6258","9415"
"6258","948"
"50511","675"
"2177","22909"
"2177","675"
"22909","4292"
"22909","5395"
"57599","55120"
"675","5888"
"675","5889"
"7398","55120"
"79728","5889"
"83990","4292"
"83990","5395"
"9894","545"
"10000","4217"
"10000","6416"
"10125","22800"
"10125","22808"
"10125","3265"
"10125","3845"
"10125","4893"
"10125","6237"
"10235","22800"
"10235","22808"
"10235","3265"
"10235","3845"
"10235","4893"
"10235","6237"
"10454","6885"
"10912","4216"
"11221","1432"
"11221","5594"
"11221","5595"
"11221","5599"
"11221","5600"
"11221","5601"
"11221","5602"
"11221","5603"
"11221","6300"
"115727","22800"
"115727","22808"
"115727","3265"
"115727","3845"
"115727","4893"
"115727","6237"
"1435","1436"
"1435","1956"
"1435","1969"
"1435","2064"
"1435","2065"
"1435","2066"
"1435","2260"
"1435","2261"
"1435","2263"
"1435","2264"
"1435","2321"
"1435","2322"
"1435","2324"
"1435","3480"
"1435","3643"
"1435","3791"
"1435","3815"
"1435","4233"
"1435","4804"
"1435","4914"
"1435","4915"
"1435","5156"
"1435","5159"
"1435","5979"
"1435","7010"
"1616","4217"
"1647","4216"
"1843","5594"
"1843","5595"
"1844","1432"
"1844","5594"
"1844","5595"
"1844","5599"
"1844","5600"
"1844","5601"
"1844","5602"
"1844","5603"
"1844","6300"
"1845","1432"
"1845","5594"
"1845","5595"
"1845","5599"
"1845","5600"
"1845","5601"
"1845","5602"
"1845","5603"
"1845","6300"
"1846","1432"
"1846","5594"
"1846","5595"
"1846","5599"
"1846","5600"
"1846","5601"
"1846","5602"
"1846","5603"
"1846","6300"
"1847","1432"
"1847","5594"
"1847","5595"
"1847","5599"
"1847","5600"
"1847","5601"
"1847","5602"
"1847","5603"
"1847","6300"
"1848","5594"
"1848","5595"
"1849","1432"
"1849","5594"
"1849","5595"
"1849","5599"
"1849","5600"
"1849","5601"
"1849","5602"
"1849","5603"
"1849","6300"
"1850","1432"
"1850","5594"
"1850","5595"
"1850","5599"
"1850","5600"
"1850","5601"
"1850","5602"
"1850","5603"
"1850","6300"
"1852","1432"
"1852","5594"
"1852","5595"
"1852","5599"
"1852","5600"
"1852","5601"
"1852","5602"
"1852","5603"
"1852","6300"
"1942","1436"
"1942","1956"
"1942","1969"
"1942","2064"
"1942","2065"
"1942","2066"
"1942","2260"
"1942","2261"
"1942","2263"
"1942","2264"
"1942","2321"
"1942","2322"
"1942","2324"
"1942","3480"
"1942","3643"
"1942","3791"
"1942","3815"
"1942","4233"
"1942","4804"
"1942","4914"
"1942","4915"
"1942","5156"
"1942","5159"
"1942","5979"
"1942","7010"
"1943","1436"
"1943","1956"
"1943","1969"
"1943","2064"
"1943","2065"
"1943","2066"
"1943","2260"
"1943","2261"
"1943","2263"
"1943","2264"
"1943","2321"
"1943","2322"
"1943","2324"
"1943","3480"
"1943","3643"
"1943","3791"
"1943","3815"
"1943","4233"
"1943","4804"
"1943","4914"
"1943","4915"
"1943","5156"
"1943","5159"
"1943","5979"
"1943","7010"
"1944","1436"
"1944","1956"
"1944","1969"
"1944","2064"
"1944","2065"
"1944","2066"
"1944","2260"
"1944","2261"
"1944","2263"
"1944","2264"
"1944","2321"
"1944","2322"
"1944","2324"
"1944","3480"
"1944","3643"
"1944","3791"
"1944","3815"
"1944","4233"
"1944","4804"
"1944","4914"
"1944","4915"
"1944","5156"
"1944","5159"
"1944","5979"
"1944","7010"
"1945","1436"
"1945","1956"
"1945","1969"
"1945","2064"
"1945","2065"
"1945","2066"
"1945","2260"
"1945","2261"
"1945","2263"
"1945","2264"
"1945","2321"
"1945","2322"
"1945","2324"
"1945","3480"
"1945","3643"
"1945","3791"
"1945","3815"
"1945","4233"
"1945","4804"
"1945","4914"
"1945","4915"
"1945","5156"
"1945","5159"
"1945","5979"
"1945","7010"
"1946","1436"
"1946","1956"
"1946","1969"
"1946","2064"
"1946","2065"
"1946","2066"
"1946","2260"
"1946","2261"
"1946","2263"
"1946","2264"
"1946","2321"
"1946","2322"
"1946","2324"
"1946","3480"
"1946","3643"
"1946","3791"
"1946","3815"
"1946","4233"
"1946","4804"
"1946","4914"
"1946","4915"
"1946","5156"
"1946","5159"
"1946","5979"
"1946","7010"
"1950","1436"
"1950","1969"
"1950","2066"
"1950","2260"
"1950","2261"
"1950","2263"
"1950","2264"
"1950","2321"
"1950","2322"
"1950","2324"
"1950","3480"
"1950","3643"
"1950","3791"
"1950","3815"
"1950","4233"
"1950","4804"
"1950","4914"
"1950","4915"
"1950","5156"
"1950","5159"
"1950","5979"
"1950","7010"
"2002","2353"
"2005","2353"
"2069","1436"
"2069","1956"
"2069","1969"
"2069","2064"
"2069","2065"
"2069","2066"
"2069","2260"
"2069","2261"
"2069","2263"
"2069","2264"
"2069","2321"
"2069","2322"
"2069","2324"
"2069","3480"
"2069","3643"
"2069","3791"
"2069","3815"
"2069","4233"
"2069","4804"
"2069","4914"
"2069","4915"
"2069","5156"
"2069","5159"
"2069","5979"
"2069","7010"
"207","4217"
"207","6416"
"208","4217"
"208","6416"
"2122","5599"
"2122","5601"
"2122","5602"
"2246","1436"
"2246","1956"
"2246","1969"
"2246","2064"
"2246","2065"
"2246","2066"
"2246","2260"
"2246","2261"
"2246","2263"
"2246","2264"
"2246","2321"
"2246","2322"
"2246","2324"
"2246","3480"
"2246","3643"
"2246","3791"
"2246","3815"
"2246","4233"
"2246","4804"
"2246","4914"
"2246","4915"
"2246","5156"
"2246","5159"
"2246","5979"
"2246","7010"
"2247","1436"
"2247","1956"
"2247","1969"
"2247","2064"
"2247","2065"
"2247","2066"
"2247","2260"
"2247","2264"
"2247","2321"
"2247","2322"
"2247","2324"
"2247","3480"
"2247","3643"
"2247","3791"
"2247","3815"
"2247","4233"
"2247","4804"
"2247","4914"
"2247","4915"
"2247","5156"
"2247","5159"
"2247","5979"
"2247","7010"
"2248","1436"
"2248","1956"
"2248","1969"
"2248","2064"
"2248","2065"
"2248","2066"
"2248","2260"
"2248","2261"
"2248","2263"
"2248","2264"
"2248","2321"
"2248","2322"
"2248","2324"
"2248","3480"
"2248","3643"
"2248","3791"
"2248","3815"
"2248","4233"
"2248","4804"
"2248","4914"
"2248","4915"
"2248","5156"
"2248","5159"
"2248","5979"
"2248","7010"
"2249","1436"
"2249","1956"
"2249","1969"
"2249","2064"
"2249","2065"
"2249","2066"
"2249","2260"
"2249","2261"
"2249","2263"
"2249","2264"
"2249","2321"
"2249","2322"
"2249","2324"
"2249","3480"
"2249","3643"
"2249","3791"
"2249","3815"
"2249","4233"
"2249","4804"
"2249","4914"
"2249","4915"
"2249","5156"
"2249","5159"
"2249","5979"
"2249","7010"
"2250","1436"
"2250","1956"
"2250","1969"
"2250","2064"
"2250","2065"
"2250","2066"
"2250","2260"
"2250","2261"
"2250","2263"
"2250","2264"
"2250","2321"
"2250","2322"
"2250","2324"
"2250","3480"
"2250","3643"
"2250","3791"
"2250","3815"
"2250","4233"
"2250","4804"
"2250","4914"
"2250","4915"
"2250","5156"
"2250","5159"
"2250","5979"
"2250","7010"
"2251","1436"
"2251","1956"
"2251","1969"
"2251","2064"
"2251","2065"
"2251","2066"
"2251","2260"
"2251","2261"
"2251","2263"
"2251","2264"
"2251","2321"
"2251","2322"
"2251","2324"
"2251","3480"
"2251","3643"
"2251","3791"
"2251","3815"
"2251","4233"
"2251","4804"
"2251","4914"
"2251","4915"
"2251","5156"
"2251","5159"
"2251","5979"
"2251","7010"
"2252","1436"
"2252","1956"
"2252","1969"
"2252","2064"
"2252","2065"
"2252","2066"
"2252","2260"
"2252","2261"
"2252","2263"
"2252","2264"
"2252","2321"
"2252","2322"
"2252","2324"
"2252","3480"
"2252","3643"
"2252","3791"
"2252","3815"
"2252","4233"
"2252","4804"
"2252","4914"
"2252","4915"
"2252","5156"
"2252","5159"
"2252","5979"
"2252","7010"
"2253","1436"
"2253","1956"
"2253","1969"
"2253","2064"
"2253","2065"
"2253","2066"
"2253","2260"
"2253","2261"
"2253","2263"
"2253","2264"
"2253","2321"
"2253","2322"
"2253","2324"
"2253","3480"
"2253","3643"
"2253","3791"
"2253","3815"
"2253","4233"
"2253","4804"
"2253","4914"
"2253","4915"
"2253","5156"
"2253","5159"
"2253","5979"
"2253","7010"
"2254","1436"
"2254","1956"
"2254","1969"
"2254","2064"
"2254","2065"
"2254","2066"
"2254","2260"
"2254","2261"
"2254","2263"
"2254","2264"
"2254","2321"
"2254","2322"
"2254","2324"
"2254","3480"
"2254","3643"
"2254","3791"
"2254","3815"
"2254","4233"
"2254","4804"
"2254","4914"
"2254","4915"
"2254","5156"
"2254","5159"
"2254","5979"
"2254","7010"
"2255","1436"
"2255","1956"
"2255","1969"
"2255","2064"
"2255","2065"
"2255","2066"
"2255","2260"
"2255","2261"
"2255","2263"
"2255","2264"
"2255","2321"
"2255","2322"
"2255","2324"
"2255","3480"
"2255","3643"
"2255","3791"
"2255","3815"
"2255","4233"
"2255","4804"
"2255","4914"
"2255","4915"
"2255","5156"
"2255","5159"
"2255","5979"
"2255","7010"
"2277","1436"
"2277","1956"
"2277","1969"
"2277","2064"
"2277","2065"
"2277","2066"
"2277","2260"
"2277","2261"
"2277","2263"
"2277","2264"
"2277","2321"
"2277","2322"
"2277","2324"
"2277","3480"
"2277","3643"
"2277","3791"
"2277","3815"
"2277","4233"
"2277","4804"
"2277","4914"
"2277","4915"
"2277","5156"
"2277","5159"
"2277","5979"
"2277","7010"
"22800","369"
"22800","5894"
"22800","673"
"22808","369"
"22808","5894"
"22808","673"
"23118","6885"
"2323","1436"
"2323","1956"
"2323","1969"
"2323","2064"
"2323","2065"
"2323","2066"
"2323","2260"
"2323","2261"
"2323","2263"
"2323","2264"
"2323","2321"
"2323","2322"
"2323","2324"
"2323","3480"
"2323","3643"
"2323","3791"
"2323","3815"
"2323","4233"
"2323","4804"
"2323","4914"
"2323","4915"
"2323","5156"
"2323","5159"
"2323","5979"
"2323","7010"
"25780","22800"
"25780","22808"
"25780","3265"
"25780","3845"
"25780","4893"
"25780","6237"
"26281","1436"
"26281","1956"
"26281","1969"
"26281","2064"
"26281","2065"
"26281","2066"
"26281","2260"
"26281","2261"
"26281","2263"
"26281","2264"
"26281","2321"
"26281","2322"
"26281","2324"
"26281","3480"
"26281","3643"
"26281","3791"
"26281","3815"
"26281","4233"
"26281","4804"
"26281","4914"
"26281","4915"
"26281","5156"
"26281","5159"
"26281","5979"
"26281","7010"
"26291","1436"
"26291","1956"
"26291","1969"
"26291","2064"
"26291","2065"
"26291","2066"
"26291","2260"
"26291","2261"
"26291","2263"
"26291","2264"
"26291","2321"
"26291","2322"
"26291","2324"
"26291","3480"
"26291","3643"
"26291","3791"
"26291","3815"
"26291","4233"
"26291","4804"
"26291","4914"
"26291","4915"
"26291","5156"
"26291","5159"
"26291","5979"
"26291","7010"
"2668","1436"
"2668","1956"
"2668","1969"
"2668","2064"
"2668","2065"
"2668","2066"
"2668","2260"
"2668","2261"
"2668","2263"
"2668","2264"
"2668","2321"
"2668","2322"
"2668","2324"
"2668","3480"
"2668","3643"
"2668","3791"
"2668","3815"
"2668","4233"
"2668","4804"
"2668","4914"
"2668","4915"
"2668","5156"
"2668","5159"
"2668","5979"
"2668","7010"
"27006","1436"
"27006","1956"
"27006","1969"
"27006","2064"
"27006","2065"
"27006","2066"
"27006","2260"
"27006","2261"
"27006","2263"
"27006","2264"
"27006","2321"
"27006","2322"
"27006","2324"
"27006","3480"
"27006","3643"
"27006","3791"
"27006","3815"
"27006","4233"
"27006","4804"
"27006","4914"
"27006","4915"
"27006","5156"
"27006","5159"
"27006","5979"
"27006","7010"
"2768","5922"
"284","1436"
"284","1956"
"284","1969"
"284","2064"
"284","2065"
"284","2066"
"284","2260"
"284","2261"
"284","2263"
"284","2264"
"284","2321"
"284","2322"
"284","2324"
"284","3480"
"284","3643"
"284","3791"
"284","3815"
"284","4233"
"284","4804"
"284","4914"
"284","4915"
"284","5156"
"284","5159"
"284","5979"
"284","7010"
"285","1436"
"285","1956"
"285","1969"
"285","2064"
"285","2065"
"285","2066"
"285","2260"
"285","2261"
"285","2263"
"285","2264"
"285","2321"
"285","2322"
"285","2324"
"285","3480"
"285","3643"
"285","3791"
"285","3815"
"285","4233"
"285","4804"
"285","4914"
"285","4915"
"285","5156"
"285","5159"
"285","5979"
"285","7010"
"3082","1436"
"3082","1956"
"3082","1969"
"3082","2064"
"3082","2066"
"3082","2260"
"3082","2261"
"3082","2263"
"3082","2264"
"3082","2321"
"3082","2322"
"3082","2324"
"3082","3480"
"3082","3643"
"3082","3791"
"3082","3815"
"3082","4804"
"3082","4914"
"3082","4915"
"3082","5156"
"3082","5159"
"3082","5979"
"3082","7010"
"3303","5599"
"3303","5601"
"3303","5602"
"3304","5599"
"3304","5601"
"3304","5602"
"3305","5599"
"3305","5601"
"3305","5602"
"3310","5599"
"3310","5601"
"3310","5602"
"3312","5599"
"3312","5601"
"3312","5602"
"3479","1436"
"3479","1956"
"3479","1969"
"3479","2064"
"3479","2065"
"3479","2066"
"3479","2260"
"3479","2261"
"3479","2263"
"3479","2264"
"3479","2321"
"3479","2322"
"3479","2324"
"3479","3643"
"3479","3791"
"3479","3815"
"3479","4233"
"3479","4804"
"3479","4914"
"3479","4915"
"3479","5156"
"3479","5159"
"3479","5979"
"3479","7010"
"3481","1436"
"3481","1956"
"3481","1969"
"3481","2064"
"3481","2065"
"3481","2066"
"3481","2260"
"3481","2261"
"3481","2263"
"3481","2264"
"3481","2321"
"3481","2322"
"3481","2324"
"3481","3480"
"3481","3643"
"3481","3791"
"3481","3815"
"3481","4233"
"3481","4804"
"3481","4914"
"3481","4915"
"3481","5156"
"3481","5159"
"3481","5979"
"3481","7010"
"355","1616"
"3552","3554"
"3552","3556"
"3553","3554"
"3553","3556"
"3554","4615"
"3556","4615"
"3630","1436"
"3630","1956"
"3630","1969"
"3630","2064"
"3630","2065"
"3630","2066"
"3630","2260"
"3630","2261"
"3630","2263"
"3630","2264"
"3630","2321"
"3630","2322"
"3630","2324"
"3630","3480"
"3630","3643"
"3630","3791"
"3630","3815"
"3630","4233"
"3630","4804"
"3630","4914"
"3630","4915"
"3630","5156"
"3630","5159"
"3630","5979"
"3630","7010"
"3654","7189"
"374","1436"
"374","1956"
"374","1969"
"374","2064"
"374","2065"
"374","2066"
"374","2260"
"374","2261"
"374","2263"
"374","2264"
"374","2321"
"374","2322"
"374","2324"
"374","3480"
"374","3643"
"374","3791"
"374","3815"
"374","4233"
"374","4804"
"374","4914"
"374","4915"
"374","5156"
"374","5159"
"374","5979"
"374","7010"
"4216","5606"
"4216","5608"
"4254","1436"
"4254","1956"
"4254","1969"
"4254","2064"
"4254","2065"
"4254","2066"
"4254","2260"
"4254","2261"
"4254","2263"
"4254","2264"
"4254","2321"
"4254","2322"
"4254","2324"
"4254","3480"
"4254","3643"
"4254","3791"
"4254","3815"
"4254","4233"
"4254","4804"
"4254","4914"
"4254","4915"
"4254","5156"
"4254","5159"
"4254","5979"
"4254","7010"
"4615","3654"
"4615","51135"
"4616","4216"
"4763","22800"
"4763","22808"
"4763","6237"
"4803","1436"
"4803","1956"
"4803","1969"
"4803","2064"
"4803","2065"
"4803","2066"
"4803","2260"
"4803","2261"
"4803","2263"
"4803","2264"
"4803","2321"
"4803","2322"
"4803","2324"
"4803","3480"
"4803","3643"
"4803","3791"
"4803","3815"
"4803","4233"
"4803","4804"
"4803","4914"
"4803","4915"
"4803","5156"
"4803","5159"
"4803","5979"
"4803","7010"
"4902","1436"
"4902","1956"
"4902","1969"
"4902","2064"
"4902","2065"
"4902","2066"
"4902","2260"
"4902","2261"
"4902","2263"
"4902","2264"
"4902","2321"
"4902","2322"
"4902","2324"
"4902","3480"
"4902","3643"
"4902","3791"
"4902","3815"
"4902","4233"
"4902","4804"
"4902","4914"
"4902","4915"
"4902","5156"
"4902","5159"
"4902","5979"
"4902","7010"
"4908","1436"
"4908","1956"
"4908","1969"
"4908","2064"
"4908","2065"
"4908","2066"
"4908","2260"
"4908","2261"
"4908","2263"
"4908","2264"
"4908","2321"
"4908","2322"
"4908","2324"
"4908","3480"
"4908","3643"
"4908","3791"
"4908","3815"
"4908","4233"
"4908","4804"
"4908","4914"
"4908","4915"
"4908","5156"
"4908","5159"
"4908","5979"
"4908","7010"
"4909","1436"
"4909","1956"
"4909","1969"
"4909","2064"
"4909","2065"
"4909","2066"
"4909","2260"
"4909","2261"
"4909","2263"
"4909","2264"
"4909","2321"
"4909","2322"
"4909","2324"
"4909","3480"
"4909","3643"
"4909","3791"
"4909","3815"
"4909","4233"
"4909","4804"
"4909","4914"
"4909","4915"
"4909","5156"
"4909","5159"
"4909","5979"
"4909","7010"
"51135","7189"
"51347","5606"
"51347","5608"
"51378","1436"
"51378","1956"
"51378","1969"
"51378","2064"
"51378","2065"
"51378","2066"
"51378","2260"
"51378","2261"
"51378","2263"
"51378","2264"
"51378","2321"
"51378","2322"
"51378","2324"
"51378","3480"
"51378","3643"
"51378","3791"
"51378","3815"
"51378","4233"
"51378","4804"
"51378","4914"
"51378","4915"
"51378","5156"
"51378","5159"
"51378","5979"
"51378","7010"
"5154","1436"
"5154","1956"
"5154","1969"
"5154","2064"
"5154","2065"
"5154","2066"
"5154","2260"
"5154","2261"
"5154","2263"
"5154","2264"
"5154","2321"
"5154","2322"
"5154","2324"
"5154","3480"
"5154","3643"
"5154","3791"
"5154","3815"
"5154","4233"
"5154","4804"
"5154","4914"
"5154","4915"
"5154","5979"
"5154","7010"
"5155","1436"
"5155","1956"
"5155","1969"
"5155","2064"
"5155","2065"
"5155","2066"
"5155","2260"
"5155","2261"
"5155","2263"
"5155","2264"
"5155","2321"
"5155","2322"
"5155","2324"
"5155","3480"
"5155","3643"
"5155","3791"
"5155","3815"
"5155","4233"
"5155","4804"
"5155","4914"
"5155","4915"
"5155","5979"
"5155","7010"
"5228","1436"
"5228","1956"
"5228","1969"
"5228","2064"
"5228","2065"
"5228","2066"
"5228","2260"
"5228","2261"
"5228","2263"
"5228","2264"
"5228","2321"
"5228","2322"
"5228","2324"
"5228","3480"
"5228","3643"
"5228","3791"
"5228","3815"
"5228","4233"
"5228","4804"
"5228","4914"
"5228","4915"
"5228","5156"
"5228","5159"
"5228","5979"
"5228","7010"
"5494","5606"
"5494","5608"
"5494","5609"
"5494","6416"
"5495","6885"
"5536","4217"
"55970","5922"
"5599","4772"
"5599","4775"
"5601","4772"
"5601","4775"
"5602","4772"
"5602","4775"
"56034","1436"
"56034","1956"
"56034","1969"
"56034","2064"
"56034","2065"
"56034","2066"
"56034","2260"
"56034","2261"
"56034","2263"
"56034","2264"
"56034","2321"
"56034","2322"
"56034","2324"
"56034","3480"
"56034","3643"
"56034","3791"
"56034","3815"
"56034","4233"
"56034","4804"
"56034","4914"
"56034","4915"
"56034","5979"
"56034","7010"
"5623","1436"
"5623","1956"
"5623","1969"
"5623","2064"
"5623","2065"
"5623","2066"
"5623","2260"
"5623","2261"
"5623","2263"
"5623","2264"
"5623","2321"
"5623","2322"
"5623","2324"
"5623","3480"
"5623","3643"
"5623","3791"
"5623","3815"
"5623","4233"
"5623","4804"
"5623","4914"
"5623","4915"
"5623","5156"
"5623","5159"
"5623","5979"
"5623","7010"
"57551","5606"
"57551","5608"
"5778","1432"
"5778","5594"
"5778","5595"
"5778","5599"
"5778","5600"
"5778","5601"
"5778","5602"
"5778","5603"
"5778","6300"
"5801","1432"
"5801","5594"
"5801","5595"
"5801","5599"
"5801","5600"
"5801","5601"
"5801","5602"
"5801","5603"
"5801","6300"
"5879","4214"
"5879","5058"
"5879","5062"
"5880","4214"
"5880","5058"
"5880","5062"
"5881","4214"
"5881","5058"
"5881","5062"
"5906","673"
"5908","673"
"5921","22800"
"5921","22808"
"5921","3265"
"5921","3845"
"5921","4893"
"5921","6237"
"5922","22800"
"5922","22808"
"5922","3265"
"5922","3845"
"5922","4893"
"5922","6237"
"5923","22800"
"5923","22808"
"5923","3265"
"5923","3845"
"5923","4893"
"5923","6237"
"5924","22800"
"5924","22808"
"5924","3265"
"5924","3845"
"5924","4893"
"5924","6237"
"6237","369"
"6237","5894"
"6237","673"
"627","1436"
"627","1956"
"627","1969"
"627","2064"
"627","2065"
"627","2066"
"627","2260"
"627","2261"
"627","2263"
"627","2264"
"627","2321"
"627","2322"
"627","2324"
"627","3480"
"627","3643"
"627","3791"
"627","3815"
"627","4233"
"627","4804"
"627","4914"
"627","4915"
"627","5156"
"627","5159"
"627","5979"
"627","7010"
"6654","22800"
"6654","22808"
"6654","6237"
"6655","22800"
"6655","22808"
"6655","6237"
"6722","2353"
"7039","1436"
"7039","1969"
"7039","2066"
"7039","2260"
"7039","2261"
"7039","2263"
"7039","2264"
"7039","2321"
"7039","2322"
"7039","2324"
"7039","3480"
"7039","3643"
"7039","3791"
"7039","3815"
"7039","4233"
"7039","4804"
"7039","4914"
"7039","4915"
"7039","5156"
"7039","5159"
"7039","5979"
"7039","7010"
"7040","7046"
"7040","7048"
"7042","7046"
"7042","7048"
"7043","7046"
"7043","7048"
"7046","1616"
"7048","1616"
"7124","7132"
"7186","10454"
"7186","4214"
"7186","4217"
"7186","5871"
"7422","1436"
"7422","1956"
"7422","1969"
"7422","2064"
"7422","2065"
"7422","2066"
"7422","2260"
"7422","2261"
"7422","2263"
"7422","2264"
"7422","2321"
"7422","2322"
"7422","2324"
"7422","3480"
"7422","3643"
"7422","3815"
"7422","4233"
"7422","4804"
"7422","4914"
"7422","4915"
"7422","5156"
"7422","5159"
"7422","5979"
"7422","7010"
"7423","1436"
"7423","1956"
"7423","1969"
"7423","2064"
"7423","2065"
"7423","2066"
"7423","2260"
"7423","2261"
"7423","2263"
"7423","2264"
"7423","2321"
"7423","2322"
"7423","2324"
"7423","3480"
"7423","3643"
"7423","3791"
"7423","3815"
"7423","4233"
"7423","4804"
"7423","4914"
"7423","4915"
"7423","5156"
"7423","5159"
"7423","5979"
"7423","7010"
"7424","1436"
"7424","1956"
"7424","1969"
"7424","2064"
"7424","2065"
"7424","2066"
"7424","2260"
"7424","2261"
"7424","2263"
"7424","2264"
"7424","2321"
"7424","2322"
"7424","2324"
"7424","3480"
"7424","3643"
"7424","3791"
"7424","3815"
"7424","4233"
"7424","4804"
"7424","4914"
"7424","4915"
"7424","5156"
"7424","5159"
"7424","5979"
"7424","7010"
"80310","1436"
"80310","1956"
"80310","1969"
"80310","2064"
"80310","2065"
"80310","2066"
"80310","2260"
"80310","2261"
"80310","2263"
"80310","2264"
"80310","2321"
"80310","2322"
"80310","2324"
"80310","3480"
"80310","3643"
"80310","3791"
"80310","3815"
"80310","4233"
"80310","4804"
"80310","4914"
"80310","4915"
"80310","5979"
"80310","7010"
"8074","1436"
"8074","1956"
"8074","1969"
"8074","2064"
"8074","2065"
"8074","2066"
"8074","2260"
"8074","2261"
"8074","2263"
"8074","2264"
"8074","2321"
"8074","2322"
"8074","2324"
"8074","3480"
"8074","3643"
"8074","3791"
"8074","3815"
"8074","4233"
"8074","4804"
"8074","4914"
"8074","4915"
"8074","5156"
"8074","5159"
"8074","5979"
"8074","7010"
"80824","1432"
"80824","5594"
"80824","5595"
"80824","5599"
"80824","5600"
"80824","5601"
"80824","5602"
"80824","5603"
"80824","6300"
"836","4214"
"836","5058"
"836","5062"
"836","6788"
"836","6789"
"84867","1432"
"84867","5594"
"84867","5595"
"84867","5599"
"84867","5600"
"84867","5601"
"84867","5602"
"84867","5603"
"84867","6300"
"8717","7186"
"8717","836"
"8817","1436"
"8817","1956"
"8817","1969"
"8817","2064"
"8817","2065"
"8817","2066"
"8817","2260"
"8817","2261"
"8817","2263"
"8817","2264"
"8817","2321"
"8817","2322"
"8817","2324"
"8817","3480"
"8817","3643"
"8817","3791"
"8817","3815"
"8817","4233"
"8817","4804"
"8817","4914"
"8817","4915"
"8817","5156"
"8817","5159"
"8817","5979"
"8817","7010"
"8822","1436"
"8822","1956"
"8822","1969"
"8822","2064"
"8822","2065"
"8822","2066"
"8822","2260"
"8822","2261"
"8822","2263"
"8822","2264"
"8822","2321"
"8822","2322"
"8822","2324"
"8822","3480"
"8822","3643"
"8822","3791"
"8822","3815"
"8822","4233"
"8822","4804"
"8822","4914"
"8822","4915"
"8822","5156"
"8822","5159"
"8822","5979"
"8822","7010"
"8823","1436"
"8823","1956"
"8823","1969"
"8823","2064"
"8823","2065"
"8823","2066"
"8823","2260"
"8823","2261"
"8823","2263"
"8823","2264"
"8823","2321"
"8823","2322"
"8823","2324"
"8823","3480"
"8823","3643"
"8823","3791"
"8823","3815"
"8823","4233"
"8823","4804"
"8823","4914"
"8823","4915"
"8823","5156"
"8823","5159"
"8823","5979"
"8823","7010"
"9048","1436"
"9048","1956"
"9048","1969"
"9048","2064"
"9048","2065"
"9048","2066"
"9048","2260"
"9048","2261"
"9048","2263"
"9048","2264"
"9048","2321"
"9048","2322"
"9048","2324"
"9048","3480"
"9048","3643"
"9048","3791"
"9048","3815"
"9048","4233"
"9048","4804"
"9048","4914"
"9048","4915"
"9048","5156"
"9048","5159"
"9048","5979"
"9048","7010"
"9344","5606"
"9344","5608"
"9693","22800"
"9693","22808"
"9693","3265"
"9693","3845"
"9693","4893"
"9693","6237"
"9965","1436"
"9965","1956"
"9965","1969"
"9965","2064"
"9965","2065"
"9965","2066"
"9965","2260"
"9965","2261"
"9965","2263"
"9965","2264"
"9965","2321"
"9965","2322"
"9965","2324"
"9965","3480"
"9965","3643"
"9965","3791"
"9965","3815"
"9965","4233"
"9965","4804"
"9965","4914"
"9965","4915"
"9965","5156"
"9965","5159"
"9965","5979"
"9965","7010"
"998","4214"
"998","5058"
"998","5062"
"10000","1027"
"10718","2066"
"1398","25"
"1398","27"
"1399","25"
"1399","27"
"145957","2066"
"1839","2066"
"1956","1398"
"1956","1399"
"1956","2885"
"1956","6776"
"1956","6777"
"1956","867"
"1956","868"
"2064","2885"
"2065","2885"
"2065","5290"
"2065","5291"
"2065","5293"
"2065","5295"
"2065","5296"
"2065","8503"
"2066","25759"
"2066","2885"
"2066","399694"
"2066","5290"
"2066","5291"
"2066","5293"
"2066","5295"
"2066","5296"
"2066","53358"
"2066","6464"
"2066","6776"
"2066","6777"
"2066","8503"
"207","1027"
"208","1027"
"2885","2549"
"3084","2066"
"4690","10298"
"4690","106821730"
"4690","5058"
"4690","5062"
"4690","5063"
"4690","56924"
"4690","57144"
"5594","2002"
"5594","4609"
"5595","2002"
"5595","4609"
"5599","2002"
"5601","2002"
"5602","2002"
"5609","5599"
"5609","5601"
"5609","5602"
"6416","5599"
"6416","5601"
"6416","5602"
"6714","5747"
"685","1956"
"685","2066"
"8440","10298"
"8440","106821730"
"8440","5058"
"8440","5062"
"8440","5063"
"8440","56924"
"8440","57144"
"9542","2066"
"10000","1147"
"10000","253959"
"10000","3551"
"10000","4303"
"10000","57148"
"10000","57186"
"10000","8517"
"100271927","22800"
"100271927","22808"
"100271927","3265"
"100271927","3845"
"100271927","4893"
"100271927","6237"
"10156","22800"
"10156","22808"
"10156","3265"
"10156","3845"
"10156","4893"
"10156","6237"
"10681","5923"
"10681","5924"
"10928","382"
"10928","5879"
"10928","5880"
"10928","5881"
"10928","998"
"11186","6789"
"11186","7074"
"1436","25759"
"1436","399694"
"1436","53358"
"1436","6464"
"163688","5923"
"163688","5924"
"1969","25759"
"1969","399694"
"1969","53358"
"1969","6464"
"207","1147"
"207","253959"
"207","3551"
"207","4303"
"207","57148"
"207","57186"
"207","8517"
"208","1147"
"208","253959"
"208","3551"
"208","4303"
"208","57148"
"208","57186"
"208","8517"
"2260","25759"
"2260","399694"
"2260","53358"
"2260","6464"
"2264","25759"
"2264","399694"
"2264","53358"
"2264","6464"
"22800","10928"
"22800","11186"
"22800","23179"
"22800","4301"
"22800","51196"
"22800","5290"
"22800","5291"
"22800","5293"
"22800","5295"
"22800","5296"
"22800","5863"
"22800","5900"
"22800","7074"
"22800","8315"
"22800","83593"
"22800","8503"
"22800","9610"
"22800","9771"
"22808","10928"
"22808","11186"
"22808","23179"
"22808","4301"
"22808","51196"
"22808","5290"
"22808","5291"
"22808","5293"
"22808","5295"
"22808","5296"
"22808","5863"
"22808","5900"
"22808","7074"
"22808","8315"
"22808","83593"
"22808","8503"
"22808","9610"
"22808","9771"
"22821","22800"
"22821","22808"
"22821","3265"
"22821","3845"
"22821","4893"
"22821","6237"
"23179","5898"
"23179","5899"
"2321","25759"
"2321","399694"
"2321","53358"
"2321","6464"
"2322","25759"
"2322","399694"
"2322","53358"
"2322","6464"
"2324","25759"
"2324","399694"
"2324","53358"
"2324","6464"
"253959","5898"
"253959","5899"
"27040","5335"
"27040","5336"
"2782","5923"
"2782","5924"
"2783","5923"
"2783","5924"
"2784","5923"
"2784","5924"
"2785","5923"
"2785","5924"
"2786","5923"
"2786","5924"
"2787","5923"
"2787","5924"
"2788","5923"
"2788","5924"
"2790","5923"
"2790","5924"
"2791","5923"
"2791","5924"
"2792","5923"
"2792","5924"
"2793","5923"
"2793","5924"
"29110","5966"
"3265","10928"
"3265","11186"
"3265","23179"
"3265","4301"
"3265","51196"
"3265","5290"
"3265","5291"
"3265","5293"
"3265","5295"
"3265","5296"
"3265","5863"
"3265","5900"
"3265","7074"
"3265","8315"
"3265","83593"
"3265","8503"
"3265","9610"
"3265","9771"
"3363","10681"
"3363","2782"
"3363","2783"
"3363","2784"
"3363","2785"
"3363","2786"
"3363","2787"
"3363","2788"
"3363","2790"
"3363","2791"
"3363","2792"
"3363","2793"
"3363","51764"
"3363","54331"
"3363","55970"
"3363","59345"
"3363","94235"
"3643","25759"
"3643","399694"
"3643","53358"
"3643","6464"
"3815","25759"
"3815","399694"
"3815","53358"
"3815","6464"
"382","5879"
"3845","10928"
"3845","11186"
"3845","23179"
"3845","4301"
"3845","51196"
"3845","5290"
"3845","5291"
"3845","5293"
"3845","5295"
"3845","5296"
"3845","5863"
"3845","5900"
"3845","7074"
"3845","8315"
"3845","83593"
"3845","8503"
"3845","9610"
"3845","9771"
"4303","356"
"4804","25759"
"4804","399694"
"4804","53358"
"4804","6464"
"4893","10928"
"4893","11186"
"4893","23179"
"4893","4301"
"4893","51196"
"4893","5290"
"4893","5291"
"4893","5293"
"4893","5295"
"4893","5296"
"4893","5863"
"4893","5900"
"4893","7074"
"4893","8315"
"4893","83593"
"4893","8503"
"4893","9610"
"4893","9771"
"4914","25759"
"4914","399694"
"4914","53358"
"4914","6464"
"4915","25759"
"4915","399694"
"4915","53358"
"4915","6464"
"51764","5923"
"51764","5924"
"51806","5923"
"51806","5924"
"5290","5879"
"5290","5880"
"5290","5881"
"5291","5879"
"5291","5880"
"5291","5881"
"5293","5879"
"5293","5880"
"5293","5881"
"5295","5879"
"5295","5880"
"5295","5881"
"5296","5879"
"5296","5880"
"5296","5881"
"54331","5923"
"54331","5924"
"5566","5923"
"5566","5924"
"5567","5923"
"5567","5924"
"5568","5923"
"5568","5924"
"55770","29110"
"5594","100137049"
"5594","11145"
"5594","123745"
"5594","2113"
"5594","2114"
"5594","255189"
"5594","26279"
"5594","283748"
"5594","30814"
"5594","391013"
"5594","50487"
"5594","51365"
"5594","5319"
"5594","5320"
"5594","5321"
"5594","5322"
"5594","54979"
"5594","64600"
"5594","81579"
"5594","8398"
"5594","8399"
"5594","84647"
"5594","8605"
"5594","8681"
"5595","100137049"
"5595","11145"
"5595","123745"
"5595","2113"
"5595","2114"
"5595","255189"
"5595","26279"
"5595","283748"
"5595","30814"
"5595","391013"
"5595","50487"
"5595","51365"
"5595","5319"
"5595","5320"
"5595","5321"
"5595","5322"
"5595","54979"
"5595","64600"
"5595","81579"
"5595","8398"
"5595","8399"
"5595","84647"
"5595","8605"
"5595","8681"
"55970","5923"
"55970","5924"
"57148","5898"
"57148","5899"
"57186","5898"
"57186","5899"
"5863","5898"
"5863","5899"
"5879","10298"
"5879","106821730"
"5879","387"
"5879","5063"
"5879","56924"
"5879","57144"
"5880","10298"
"5880","106821730"
"5880","387"
"5880","5063"
"5880","56924"
"5880","57144"
"5881","10298"
"5881","106821730"
"5881","387"
"5881","5063"
"5881","56924"
"5881","57144"
"5898","10928"
"5898","5337"
"5898","5338"
"5898","55770"
"5898","5599"
"5898","5601"
"5898","5602"
"5899","10928"
"5899","5337"
"5899","5338"
"5899","55770"
"5899","5599"
"5899","5601"
"5899","5602"
"5900","5898"
"5900","5899"
"59345","5923"
"59345","5924"
"6237","10928"
"6237","11186"
"6237","23179"
"6237","4301"
"6237","51196"
"6237","5290"
"6237","5291"
"6237","5293"
"6237","5295"
"6237","5296"
"6237","5863"
"6237","5900"
"6237","7074"
"6237","8315"
"6237","83593"
"6237","8503"
"6237","9610"
"6237","9771"
"64926","22800"
"64926","22808"
"64926","3265"
"64926","3845"
"64926","4893"
"64926","6237"
"7010","25759"
"7010","399694"
"7010","53358"
"7010","6464"
"7074","5879"
"7074","5880"
"7074","5881"
"7535","27040"
"801","5923"
"801","5924"
"805","5923"
"805","5924"
"808","5923"
"808","5924"
"810","5923"
"810","5924"
"8315","283455"
"8315","8844"
"83593","6789"
"8437","22800"
"8437","22808"
"8437","3265"
"8437","3845"
"8437","4893"
"8437","6237"
"8503","5879"
"8503","5880"
"8503","5881"
"8831","22800"
"8831","22808"
"8831","3265"
"8831","3845"
"8831","4893"
"8831","6237"
"91860","5923"
"91860","5924"
"94235","5923"
"94235","5924"
"9462","22800"
"9462","22808"
"9462","3265"
"9462","3845"
"9462","4893"
"9462","6237"
"9610","25"
"9610","27"
"9610","5868"
"9610","5869"
"9610","5878"
"9771","5906"
"9771","5908"
"998","5599"
"998","5601"
"998","5602"
"10235","5906"
"10235","5908"
"10411","5906"
"10411","5908"
"10451","5879"
"10451","5880"
"10451","5881"
"10636","3683"
"10636","3684"
"10636","3688"
"10636","3689"
"11069","5906"
"11069","5908"
"1268","2770"
"1268","2771"
"1268","2773"
"1268","2775"
"135","2776"
"135","2778"
"136","2776"
"136","2778"
"1398","2889"
"1399","2889"
"1436","1398"
"1436","1399"
"1436","23236"
"1436","5330"
"1436","5331"
"1436","5332"
"1499","260425"
"1499","9223"
"1499","9863"
"1499","999"
"1500","999"
"163688","107"
"163688","108"
"163688","109"
"163688","111"
"163688","112"
"163688","113"
"163688","114"
"163688","115"
"163688","196883"
"1813","2770"
"1813","2771"
"1813","2773"
"1813","2775"
"1902","2776"
"1902","2778"
"1956","23236"
"1956","5330"
"1956","5331"
"1956","5332"
"1969","1398"
"1969","1399"
"1969","23236"
"1969","5330"
"1969","5331"
"1969","5332"
"2149","2776"
"2149","2778"
"2260","1398"
"2260","1399"
"2260","23236"
"2260","5330"
"2260","5331"
"2260","5332"
"2261","1398"
"2261","1399"
"2261","23236"
"2261","5330"
"2261","5331"
"2261","5332"
"2263","1398"
"2263","1399"
"2263","23236"
"2263","5330"
"2263","5331"
"2263","5332"
"2264","1398"
"2264","1399"
"2264","23236"
"2264","5330"
"2264","5331"
"2264","5332"
"2321","1398"
"2321","1399"
"2321","23236"
"2321","5330"
"2321","5331"
"2321","5332"
"2324","1398"
"2324","1399"
"2324","23236"
"2324","5330"
"2324","5331"
"2324","5332"
"23566","2776"
"23566","2778"
"2357","2776"
"2357","2778"
"23683","3683"
"23683","3684"
"23683","3688"
"23683","3689"
"23683","5906"
"23683","5908"
"25780","5906"
"25780","5908"
"25865","3683"
"25865","3684"
"25865","3688"
"25865","3689"
"25865","5906"
"25865","5908"
"26037","5906"
"26037","5908"
"260425","51735"
"260425","9693"
"27040","2533"
"27040","3937"
"27040","8631"
"2776","23236"
"2776","5330"
"2776","5331"
"2776","5332"
"2846","2776"
"2846","2778"
"2889","5906"
"2889","5908"
"3397","7057"
"345456","60"
"345456","71"
"3480","1398"
"3480","1399"
"3480","23236"
"3480","5330"
"3480","5331"
"3480","5332"
"3643","1398"
"3643","1399"
"3643","23236"
"3643","5330"
"3643","5331"
"3643","5332"
"375189","60"
"375189","71"
"3791","1398"
"3791","1399"
"3791","23236"
"3791","5330"
"3791","5331"
"3791","5332"
"3815","1398"
"3815","1399"
"3815","23236"
"3815","5330"
"3815","5331"
"3815","5332"
"387","60"
"387","71"
"3937","5906"
"3937","5908"
"4233","1398"
"4233","1399"
"4233","23236"
"4233","5330"
"4233","5331"
"4233","5332"
"4301","1500"
"4301","6494"
"4804","1398"
"4804","1399"
"4804","23236"
"4804","5330"
"4804","5331"
"4804","5332"
"5028","2776"
"5028","2778"
"51466","60"
"51466","71"
"5156","1398"
"5156","1399"
"5156","23236"
"5156","5330"
"5156","5331"
"5156","5332"
"5159","1398"
"5159","1399"
"5159","23236"
"5159","5330"
"5159","5331"
"5159","5332"
"51735","5906"
"51735","5908"
"51806","107"
"51806","108"
"51806","109"
"51806","111"
"51806","112"
"51806","113"
"51806","114"
"51806","115"
"51806","196883"
"5216","60"
"5216","71"
"5217","60"
"5217","71"
"54518","345456"
"54518","375189"
"54518","51466"
"54518","5216"
"54518","5217"
"54518","55740"
"54518","7094"
"54518","7408"
"54518","83660"
"55740","60"
"55740","71"
"5578","23683"
"5578","25865"
"5578","5587"
"5579","23683"
"5579","25865"
"5579","5587"
"5582","23683"
"5582","25865"
"5582","5587"
"5587","3683"
"5587","3684"
"5587","3688"
"5587","3689"
"5587","5906"
"5587","5908"
"5606","1432"
"5606","5600"
"5606","5603"
"5606","6300"
"5608","1432"
"5608","5600"
"5608","5603"
"5608","6300"
"57121","2776"
"57121","2778"
"57568","5906"
"57568","5908"
"5879","50855"
"5879","5584"
"5879","5590"
"5879","56288"
"5879","84552"
"5879","84612"
"5880","50855"
"5880","5584"
"5880","5590"
"5880","56288"
"5880","84552"
"5880","84612"
"5881","50855"
"5881","5584"
"5881","5590"
"5881","56288"
"5881","84552"
"5881","84612"
"5900","5879"
"5900","5880"
"5900","5881"
"5906","10451"
"5906","10636"
"5906","23683"
"5906","25865"
"5906","3397"
"5906","4301"
"5906","51196"
"5906","5290"
"5906","5291"
"5906","5293"
"5906","5295"
"5906","5296"
"5906","54518"
"5906","5587"
"5906","5606"
"5906","5608"
"5906","5900"
"5906","64411"
"5906","6714"
"5906","7074"
"5906","7409"
"5906","7410"
"5906","83593"
"5906","8503"
"5906","889"
"5906","9855"
"5908","10451"
"5908","10636"
"5908","23683"
"5908","25865"
"5908","3397"
"5908","4301"
"5908","51196"
"5908","5290"
"5908","5291"
"5908","5293"
"5908","5295"
"5908","5296"
"5908","54518"
"5908","5587"
"5908","5606"
"5908","5608"
"5908","5900"
"5908","64411"
"5908","6714"
"5908","7074"
"5908","7409"
"5908","7410"
"5908","83593"
"5908","8503"
"5908","889"
"5908","9855"
"5909","5906"
"5909","5908"
"64411","387"
"6494","5906"
"6494","5908"
"6714","998"
"7010","1398"
"7010","1399"
"7010","23236"
"7010","5330"
"7010","5331"
"7010","5332"
"7094","3674"
"7094","3690"
"7408","60"
"7408","71"
"7409","5879"
"7409","5880"
"7409","5881"
"7410","5879"
"7410","5880"
"7410","5881"
"801","107"
"801","108"
"801","109"
"801","111"
"801","112"
"801","113"
"801","114"
"801","115"
"801","196883"
"805","107"
"805","108"
"805","109"
"805","111"
"805","112"
"805","113"
"805","114"
"805","115"
"805","196883"
"808","107"
"808","108"
"808","109"
"808","111"
"808","112"
"808","113"
"808","114"
"808","115"
"808","196883"
"810","107"
"810","108"
"810","109"
"810","111"
"810","112"
"810","113"
"810","114"
"810","115"
"810","196883"
"83593","3683"
"83593","3684"
"83593","3688"
"83593","3689"
"83660","3674"
"83660","3690"
"8631","5906"
"8631","5908"
"889","1499"
"9002","2776"
"9002","2778"
"9170","2776"
"9170","2778"
"91860","107"
"91860","108"
"91860","109"
"91860","111"
"91860","112"
"91860","113"
"91860","114"
"91860","115"
"91860","196883"
"9223","51735"
"9223","9693"
"9564","1398"
"9564","1399"
"9693","5906"
"9693","5908"
"9732","5906"
"9732","5908"
"9855","998"
"9863","51735"
"9863","9693"
"998","50855"
"998","5584"
"998","5590"
"998","56288"
"998","60"
"998","71"
"998","84552"
"998","84612"
"999","2889"
"100130933","487"
"100130933","488"
"100130933","489"
"100507027","487"
"100507027","488"
"100507027","489"
"102723407","5335"
"102723407","5336"
"10800","2767"
"10800","2769"
"10800","2776"
"10800","9630"
"1128","2767"
"1128","2769"
"1128","2774"
"1128","2776"
"1128","2778"
"1128","9630"
"1129","2767"
"1129","2769"
"1129","2776"
"1129","9630"
"1131","2767"
"1131","2769"
"1131","2774"
"1131","2776"
"1131","2778"
"1131","9630"
"1133","2774"
"1133","2778"
"135","2774"
"136","2774"
"146","2767"
"146","2769"
"146","2776"
"146","9630"
"147","2767"
"147","2769"
"147","2776"
"147","9630"
"148","2767"
"148","2769"
"148","2776"
"148","9630"
"153","2774"
"153","2778"
"154","2774"
"154","2778"
"155","2774"
"155","2778"
"163688","340156"
"163688","4638"
"163688","5136"
"163688","5137"
"163688","5153"
"163688","85366"
"163688","91807"
"1812","2774"
"1812","2778"
"1816","2774"
"1816","2778"
"185","2767"
"185","2769"
"185","2776"
"185","9630"
"1909","2767"
"1909","2769"
"1909","2776"
"1909","9630"
"1910","2767"
"1910","2769"
"1910","2776"
"1910","9630"
"1950","4486"
"1950","4916"
"2066","5335"
"2066","5336"
"2149","2767"
"2149","2769"
"2149","9630"
"2246","4486"
"2246","4916"
"2247","4486"
"2247","4916"
"2248","4486"
"2248","4916"
"2249","4486"
"2249","4916"
"2250","4486"
"2250","4916"
"2251","4486"
"2251","4916"
"2252","4486"
"2252","4916"
"2253","4486"
"2253","4916"
"2254","4486"
"2254","4916"
"2255","4486"
"2255","4916"
"2260","5335"
"2260","5336"
"2264","5335"
"2264","5336"
"2277","4486"
"2277","4916"
"2321","5335"
"2321","5336"
"2324","5335"
"2324","5336"
"26281","4486"
"26281","4916"
"26291","4486"
"26291","4916"
"2668","4486"
"2668","4916"
"27006","4486"
"27006","4916"
"2767","23236"
"2767","5330"
"2767","5331"
"2767","5332"
"2769","23236"
"2769","5330"
"2769","5331"
"2769","5332"
"2774","107"
"2774","108"
"2774","109"
"2774","113"
"2774","114"
"2774","115"
"2774","196883"
"2911","2767"
"2911","2769"
"2911","2776"
"2911","9630"
"2915","2767"
"2915","2769"
"2915","2776"
"2915","9630"
"2925","2767"
"2925","2769"
"2925","2776"
"2925","9630"
"3082","4486"
"3082","4916"
"3269","2767"
"3269","2769"
"3269","2776"
"3269","9630"
"3274","2774"
"3274","2778"
"3356","2767"
"3356","2769"
"3356","2776"
"3356","9630"
"3357","2767"
"3357","2769"
"3357","2776"
"3357","9630"
"3358","2767"
"3358","2769"
"3358","2776"
"3358","9630"
"3360","2774"
"3360","2778"
"3361","2774"
"3361","2778"
"3362","2774"
"3362","2778"
"3363","2774"
"3363","2778"
"3973","2767"
"3973","2769"
"3973","2776"
"3973","9630"
"401152","487"
"401152","488"
"401152","489"
"4485","1956"
"4485","2064"
"4485","2065"
"4485","2066"
"4485","2260"
"4485","2261"
"4485","2263"
"4485","2264"
"4485","2321"
"4485","2324"
"4485","3791"
"4485","4233"
"4485","4486"
"4485","4914"
"4485","4915"
"4485","4916"
"4485","5156"
"4485","5159"
"4485","5979"
"4486","5335"
"4486","5336"
"4803","4486"
"4803","4916"
"4914","5335"
"4914","5336"
"4915","5335"
"4915","5336"
"4916","5335"
"4916","5336"
"4923","2767"
"4923","2769"
"4923","2776"
"4923","9630"
"5021","2767"
"5021","2769"
"5021","2776"
"5021","9630"
"5154","4486"
"5154","4916"
"5155","4486"
"5155","4916"
"51806","340156"
"51806","4638"
"51806","5136"
"51806","5137"
"51806","5153"
"51806","85366"
"51806","91807"
"5350","487"
"5350","488"
"5350","489"
"552","2767"
"552","2769"
"552","2776"
"552","9630"
"553","2767"
"553","2769"
"553","2776"
"553","9630"
"5530","4772"
"5530","4773"
"5530","4775"
"5530","4776"
"5530","7942"
"5532","4772"
"5532","4773"
"5532","4775"
"5532","4776"
"5532","7942"
"5533","4772"
"5533","4773"
"5533","4775"
"5533","4776"
"5533","7942"
"5534","4772"
"5534","4773"
"5534","4775"
"5534","4776"
"5534","7942"
"5535","4772"
"5535","4773"
"5535","4775"
"5535","4776"
"5535","7942"
"5566","5350"
"5567","5350"
"5568","5350"
"56034","4486"
"56034","4916"
"56413","2767"
"56413","2769"
"56413","2776"
"56413","9630"
"57105","2767"
"57105","2769"
"57105","2776"
"57105","9630"
"5724","2767"
"5724","2769"
"5724","2776"
"5724","9630"
"5731","2767"
"5731","2769"
"5731","2776"
"5731","9630"
"5733","2767"
"5733","2769"
"5733","2776"
"5733","9630"
"5737","2767"
"5737","2769"
"5737","2776"
"5737","9630"
"57620","80228"
"57620","84876"
"57620","93129"
"5979","5335"
"5979","5336"
"623","2767"
"623","2769"
"623","2776"
"623","9630"
"624","2767"
"624","2769"
"624","2776"
"624","9630"
"6588","487"
"6588","488"
"6588","489"
"6786","80228"
"6786","84876"
"6786","93129"
"6865","2767"
"6865","2769"
"6865","2776"
"6865","9630"
"6869","2767"
"6869","2769"
"6869","2776"
"6869","9630"
"6870","2767"
"6870","2769"
"6870","2776"
"6870","9630"
"6915","2767"
"6915","2769"
"6915","2776"
"6915","9630"
"7039","4486"
"7039","4916"
"7201","2767"
"7201","2769"
"7201","2776"
"7201","9630"
"7422","4486"
"7422","4916"
"7423","4486"
"7423","4916"
"7424","4486"
"7424","4916"
"775","6261"
"775","6262"
"775","6263"
"776","6261"
"776","6262"
"776","6263"
"778","6261"
"778","6262"
"778","6263"
"779","6261"
"779","6262"
"779","6263"
"7852","2767"
"7852","2769"
"7852","2776"
"7852","9630"
"801","340156"
"801","4638"
"801","5136"
"801","5137"
"801","5153"
"801","85366"
"801","91807"
"80310","4486"
"80310","4916"
"805","340156"
"805","4638"
"805","5136"
"805","5137"
"805","5153"
"805","85366"
"805","91807"
"8074","4486"
"8074","4916"
"808","340156"
"808","4638"
"808","5136"
"808","5137"
"808","5153"
"808","85366"
"808","91807"
"810","340156"
"810","4638"
"810","5136"
"810","5137"
"810","5153"
"810","85366"
"810","91807"
"8817","4486"
"8817","4916"
"8822","4486"
"8822","4916"
"8823","4486"
"8823","4916"
"886","2767"
"886","2769"
"886","2776"
"886","9630"
"887","2767"
"887","2769"
"887","2776"
"887","9630"
"91860","340156"
"91860","4638"
"91860","5136"
"91860","5137"
"91860","5153"
"91860","85366"
"91860","91807"
"9630","23236"
"9630","5330"
"9630","5331"
"9630","5332"
"9965","4486"
"9965","4916"
"10000","4846"
"10242","775"
"10242","776"
"10242","778"
"10242","779"
"10335","3708"
"10335","3709"
"10335","3710"
"10672","387"
"134","2770"
"134","2771"
"134","2773"
"140","2770"
"140","2771"
"140","2773"
"146","10672"
"146","2768"
"146","7225"
"146850","10000"
"146850","207"
"146850","208"
"147","10672"
"147","2768"
"147","7225"
"148","10672"
"148","2768"
"148","7225"
"150","10672"
"150","2767"
"150","2768"
"150","2776"
"150","7225"
"151","10672"
"151","2767"
"151","2768"
"151","2776"
"151","7225"
"152","10672"
"152","2767"
"152","2768"
"152","2776"
"152","7225"
"153","2770"
"153","2771"
"153","2773"
"154","2770"
"154","2771"
"154","2773"
"155","2770"
"155","2771"
"155","2773"
"157855","775"
"157855","776"
"157855","778"
"157855","779"
"185","10672"
"185","2768"
"185","7225"
"1909","10672"
"1909","2768"
"1909","7225"
"1910","10672"
"1910","2768"
"1910","7225"
"207","4846"
"208","4846"
"23533","10000"
"23533","207"
"23533","208"
"27094","775"
"27094","776"
"27094","778"
"27094","779"
"27345","775"
"27345","776"
"27345","778"
"27345","779"
"2768","387"
"2770","146850"
"2770","23533"
"2770","4846"
"2770","5294"
"2771","146850"
"2771","23533"
"2771","4846"
"2771","5294"
"2773","146850"
"2773","23533"
"2773","4846"
"2773","5294"
"340156","10398"
"3643","3667"
"3643","8471"
"3643","8660"
"3667","146850"
"3667","23533"
"3667","5294"
"3778","775"
"3778","776"
"3778","778"
"3778","779"
"3779","775"
"3779","776"
"3779","778"
"3779","779"
"3827","624"
"387","6093"
"387","9475"
"4638","10398"
"4659","10398"
"4772","4624"
"4772","4625"
"4772","4879"
"4772","7225"
"4773","4624"
"4773","4625"
"4773","4879"
"4773","7225"
"4775","4624"
"4775","4625"
"4775","4879"
"4775","7225"
"4776","4624"
"4776","4625"
"4776","4879"
"4776","7225"
"4878","4881"
"4879","4881"
"4880","4882"
"4985","2770"
"4985","2771"
"4985","2773"
"5294","10000"
"5294","207"
"5294","208"
"5499","10398"
"5500","10398"
"5501","10398"
"5581","10105"
"5581","291"
"5581","292"
"5581","293"
"5581","3764"
"5581","7416"
"5581","7417"
"5581","7419"
"5581","83447"
"5592","10242"
"5592","10335"
"5592","10488"
"5592","1385"
"5592","1386"
"5592","1388"
"5592","148327"
"5592","157855"
"5592","23236"
"5592","23439"
"5592","27094"
"5592","27345"
"5592","2969"
"5592","3778"
"5592","3779"
"5592","4659"
"5592","468"
"5592","476"
"5592","477"
"5592","478"
"5592","480"
"5592","481"
"5592","482"
"5592","483"
"5592","486"
"5592","490"
"5592","491"
"5592","492"
"5592","493"
"5592","5330"
"5592","5331"
"5592","5332"
"5592","5350"
"5592","5499"
"5592","5500"
"5592","5501"
"5592","5581"
"5592","572"
"5592","5894"
"5592","5997"
"5592","64764"
"5592","6543"
"5592","6546"
"5592","6547"
"5592","7225"
"5592","7408"
"5592","775"
"5592","776"
"5592","778"
"5592","779"
"5592","84699"
"5592","90993"
"5592","9569"
"5592","9586"
"5593","10242"
"5593","10335"
"5593","10488"
"5593","1385"
"5593","1386"
"5593","1388"
"5593","148327"
"5593","157855"
"5593","23236"
"5593","23439"
"5593","27094"
"5593","27345"
"5593","2969"
"5593","3778"
"5593","3779"
"5593","4659"
"5593","468"
"5593","476"
"5593","477"
"5593","478"
"5593","480"
"5593","481"
"5593","482"
"5593","483"
"5593","486"
"5593","490"
"5593","491"
"5593","492"
"5593","493"
"5593","5330"
"5593","5331"
"5593","5332"
"5593","5350"
"5593","5499"
"5593","5500"
"5593","5501"
"5593","5581"
"5593","572"
"5593","5894"
"5593","5997"
"5593","64764"
"5593","6543"
"5593","6546"
"5593","6547"
"5593","7225"
"5593","7408"
"5593","775"
"5593","776"
"5593","778"
"5593","779"
"5593","84699"
"5593","90993"
"5593","9569"
"5593","9586"
"5997","2767"
"5997","2776"
"6093","4659"
"6093","5499"
"6093","5500"
"6093","5501"
"624","2770"
"624","2771"
"624","2773"
"8471","146850"
"8471","23533"
"8471","5294"
"85366","10398"
"8660","146850"
"8660","23533"
"8660","5294"
"91807","10398"
"9475","4659"
"9475","5499"
"9475","5500"
"9475","5501"
"10411","22800"
"10411","5599"
"10411","5601"
"10411","5602"
"10411","6237"
"10488","2353"
"10488","3725"
"10488","627"
"1081","117"
"1081","135"
"1081","1394"
"1081","1395"
"1081","139760"
"1081","153"
"1081","154"
"1081","1812"
"1081","1816"
"1081","2492"
"1081","2696"
"1081","2740"
"1081","3360"
"1081","3362"
"1081","3973"
"1081","4158"
"1081","4881"
"1081","5732"
"1081","7253"
"1081","7434"
"11069","22800"
"11069","5599"
"11069","5601"
"11069","5602"
"11069","6237"
"1128","2770"
"1128","2771"
"1128","2773"
"1129","2770"
"1129","2771"
"1129","2773"
"116","117"
"116","135"
"116","1394"
"116","1395"
"116","139760"
"116","153"
"116","154"
"116","1812"
"116","1816"
"116","2492"
"116","2696"
"116","2740"
"116","3360"
"116","3362"
"116","3973"
"116","4158"
"116","4881"
"116","5732"
"116","7253"
"116","7434"
"117","2778"
"122876","117"
"122876","135"
"122876","1394"
"122876","1395"
"122876","139760"
"122876","153"
"122876","154"
"122876","1812"
"122876","1816"
"122876","2492"
"122876","2696"
"122876","2740"
"122876","3360"
"122876","3362"
"122876","3973"
"122876","4158"
"122876","4881"
"122876","5732"
"122876","7253"
"122876","7434"
"1385","2353"
"1385","3725"
"1385","627"
"1392","117"
"1392","135"
"1392","1394"
"1392","1395"
"1392","139760"
"1392","153"
"1392","154"
"1392","1812"
"1392","1816"
"1392","2492"
"1392","2696"
"1392","2740"
"1392","3360"
"1392","3362"
"1392","3973"
"1392","4158"
"1392","4881"
"1392","5732"
"1392","7253"
"1392","7434"
"1394","2778"
"1395","2778"
"139760","2778"
"148327","2353"
"148327","3725"
"148327","627"
"170589","117"
"170589","135"
"170589","1394"
"170589","1395"
"170589","139760"
"170589","153"
"170589","154"
"170589","1812"
"170589","1816"
"170589","2492"
"170589","2696"
"170589","2740"
"170589","3360"
"170589","3362"
"170589","3973"
"170589","4158"
"170589","4881"
"170589","5732"
"170589","7253"
"170589","7434"
"1906","1128"
"1906","1129"
"1906","134"
"1906","154"
"1906","1813"
"1906","1909"
"1906","2550"
"1906","2693"
"1906","27198"
"1906","2867"
"1906","3350"
"1906","3351"
"1906","3352"
"1906","3354"
"1906","3355"
"1906","338442"
"1906","4886"
"1906","5021"
"1906","56670"
"1906","5733"
"1906","6751"
"1906","6752"
"1906","6755"
"1906","8843"
"1906","9568"
"1907","1128"
"1907","1129"
"1907","134"
"1907","154"
"1907","1813"
"1907","1909"
"1907","2550"
"1907","2693"
"1907","27198"
"1907","2867"
"1907","3350"
"1907","3351"
"1907","3352"
"1907","3354"
"1907","3355"
"1907","338442"
"1907","4886"
"1907","5021"
"1907","56670"
"1907","5733"
"1907","6751"
"1907","6752"
"1907","6755"
"1907","8843"
"1907","9568"
"1908","1128"
"1908","1129"
"1908","134"
"1908","154"
"1908","1813"
"1908","1909"
"1908","2550"
"1908","2693"
"1908","27198"
"1908","2867"
"1908","3350"
"1908","3351"
"1908","3352"
"1908","3354"
"1908","3355"
"1908","338442"
"1908","4886"
"1908","5021"
"1908","56670"
"1908","5733"
"1908","6751"
"1908","6752"
"1908","6755"
"1908","8843"
"1908","9568"
"1909","2770"
"1909","2771"
"1909","2773"
"22800","5337"
"22800","5338"
"2488","117"
"2488","135"
"2488","1394"
"2488","1395"
"2488","139760"
"2488","153"
"2488","154"
"2488","1812"
"2488","1816"
"2488","2492"
"2488","2696"
"2488","2740"
"2488","3360"
"2488","3362"
"2488","3973"
"2488","4158"
"2488","4881"
"2488","5732"
"2488","7253"
"2488","7434"
"2492","2778"
"2550","2770"
"2550","2771"
"2550","2773"
"2641","117"
"2641","135"
"2641","1394"
"2641","1395"
"2641","139760"
"2641","153"
"2641","154"
"2641","1812"
"2641","1816"
"2641","2492"
"2641","2696"
"2641","2740"
"2641","3360"
"2641","3362"
"2641","3973"
"2641","4158"
"2641","4881"
"2641","5732"
"2641","7253"
"2641","7434"
"2693","2770"
"2693","2771"
"2693","2773"
"2695","117"
"2695","135"
"2695","1394"
"2695","1395"
"2695","139760"
"2695","153"
"2695","154"
"2695","1812"
"2695","1816"
"2695","2492"
"2695","2696"
"2695","2740"
"2695","3360"
"2695","3362"
"2695","3973"
"2695","4158"
"2695","4881"
"2695","5732"
"2695","7253"
"2695","7434"
"2696","2778"
"27198","2770"
"27198","2771"
"27198","2773"
"2737","2735"
"2737","5727"
"2737","64399"
"2740","2778"
"2770","107"
"2770","108"
"2770","109"
"2770","111"
"2770","112"
"2770","113"
"2770","114"
"2770","115"
"2770","196883"
"2771","107"
"2771","108"
"2771","109"
"2771","111"
"2771","112"
"2771","113"
"2771","114"
"2771","115"
"2771","196883"
"2773","107"
"2773","108"
"2773","109"
"2773","111"
"2773","112"
"2773","113"
"2773","114"
"2773","115"
"2773","196883"
"2867","2770"
"2867","2771"
"2867","2773"
"3350","2770"
"3350","2771"
"3350","2773"
"3351","2770"
"3351","2771"
"3351","2773"
"3352","2770"
"3352","2771"
"3352","2773"
"3354","2770"
"3354","2771"
"3354","2773"
"3355","2770"
"3355","2771"
"3355","2773"
"338442","2770"
"338442","2771"
"338442","2773"
"3972","117"
"3972","135"
"3972","1394"
"3972","1395"
"3972","139760"
"3972","153"
"3972","154"
"3972","1812"
"3972","1816"
"3972","2492"
"3972","2696"
"3972","2740"
"3972","3360"
"3972","3362"
"3972","3973"
"3972","4158"
"3972","4881"
"3972","5732"
"3972","7253"
"3972","7434"
"3973","2778"
"4158","2778"
"4772","2149"
"4790","268"
"4852","1128"
"4852","1129"
"4852","134"
"4852","154"
"4852","1813"
"4852","1909"
"4852","2550"
"4852","2693"
"4852","27198"
"4852","2867"
"4852","3350"
"4852","3351"
"4852","3352"
"4852","3354"
"4852","3355"
"4852","338442"
"4852","4886"
"4852","5021"
"4852","56670"
"4852","5733"
"4852","6751"
"4852","6752"
"4852","6755"
"4852","8843"
"4852","9568"
"4878","117"
"4878","135"
"4878","1394"
"4878","1395"
"4878","139760"
"4878","153"
"4878","154"
"4878","1812"
"4878","1816"
"4878","2492"
"4878","2696"
"4878","2740"
"4878","3360"
"4878","3362"
"4878","3973"
"4878","4158"
"4878","5732"
"4878","7253"
"4878","7434"
"4881","2778"
"4886","2770"
"4886","2771"
"4886","2773"
"5020","1128"
"5020","1129"
"5020","134"
"5020","154"
"5020","1813"
"5020","1909"
"5020","2550"
"5020","2693"
"5020","27198"
"5020","2867"
"5020","3350"
"5020","3351"
"5020","3352"
"5020","3354"
"5020","3355"
"5020","338442"
"5020","4886"
"5020","5021"
"5020","56670"
"5020","5733"
"5020","6751"
"5020","6752"
"5020","6755"
"5020","8843"
"5020","9568"
"5021","2770"
"5021","2771"
"5021","2773"
"51738","1128"
"51738","1129"
"51738","134"
"51738","154"
"51738","1813"
"51738","1909"
"51738","2550"
"51738","2693"
"51738","27198"
"51738","2867"
"51738","3350"
"51738","3351"
"51738","3352"
"51738","3354"
"51738","3355"
"51738","338442"
"51738","4886"
"51738","5021"
"51738","56670"
"51738","5733"
"51738","6751"
"51738","6752"
"51738","6755"
"51738","8843"
"51738","9568"
"5443","117"
"5443","135"
"5443","1394"
"5443","1395"
"5443","139760"
"5443","153"
"5443","154"
"5443","1812"
"5443","1816"
"5443","2492"
"5443","2696"
"5443","2740"
"5443","3360"
"5443","3362"
"5443","3973"
"5443","4158"
"5443","4881"
"5443","5732"
"5443","7253"
"5443","7434"
"5499","10488"
"5499","1385"
"5499","148327"
"5499","64764"
"5499","84699"
"5499","90993"
"5499","9586"
"5500","10488"
"5500","1385"
"5500","148327"
"5500","64764"
"5500","84699"
"5500","90993"
"5500","9586"
"5501","10488"
"5501","1385"
"5501","148327"
"5501","64764"
"5501","84699"
"5501","90993"
"5501","9586"
"5566","10488"
"5566","1080"
"5566","10846"
"5566","116443"
"5566","116444"
"5566","1385"
"5566","1387"
"5566","148327"
"5566","2033"
"5566","2737"
"5566","2890"
"5566","2891"
"5566","2892"
"5566","2893"
"5566","2902"
"5566","2903"
"5566","2904"
"5566","2905"
"5566","2906"
"5566","387"
"5566","3991"
"5566","4772"
"5566","4790"
"5566","4792"
"5566","490"
"5566","491"
"5566","492"
"5566","493"
"5566","5139"
"5566","5140"
"5566","5141"
"5566","5142"
"5566","5143"
"5566","5144"
"5566","5348"
"5566","5465"
"5566","572"
"5566","5970"
"5566","6262"
"5566","64764"
"5566","6548"
"5566","6662"
"5566","7137"
"5566","775"
"5566","776"
"5566","778"
"5566","779"
"5566","84152"
"5566","84699"
"5566","84876"
"5566","90993"
"5566","9586"
"5567","10488"
"5567","1080"
"5567","10846"
"5567","116443"
"5567","116444"
"5567","1385"
"5567","1387"
"5567","148327"
"5567","2033"
"5567","2737"
"5567","2890"
"5567","2891"
"5567","2892"
"5567","2893"
"5567","2902"
"5567","2903"
"5567","2904"
"5567","2905"
"5567","2906"
"5567","387"
"5567","3991"
"5567","4772"
"5567","4790"
"5567","4792"
"5567","490"
"5567","491"
"5567","492"
"5567","493"
"5567","5139"
"5567","5140"
"5567","5141"
"5567","5142"
"5567","5143"
"5567","5144"
"5567","5348"
"5567","5465"
"5567","572"
"5567","5970"
"5567","6262"
"5567","64764"
"5567","6548"
"5567","6662"
"5567","7137"
"5567","775"
"5567","776"
"5567","778"
"5567","779"
"5567","84152"
"5567","84699"
"5567","84876"
"5567","90993"
"5567","9586"
"5568","10488"
"5568","1080"
"5568","10846"
"5568","116443"
"5568","116444"
"5568","1385"
"5568","1387"
"5568","148327"
"5568","2033"
"5568","2737"
"5568","2890"
"5568","2891"
"5568","2892"
"5568","2893"
"5568","2902"
"5568","2903"
"5568","2904"
"5568","2905"
"5568","2906"
"5568","387"
"5568","3991"
"5568","4772"
"5568","4790"
"5568","4792"
"5568","490"
"5568","491"
"5568","492"
"5568","493"
"5568","5139"
"5568","5140"
"5568","5141"
"5568","5142"
"5568","5143"
"5568","5144"
"5568","5348"
"5568","5465"
"5568","572"
"5568","5970"
"5568","6262"
"5568","64764"
"5568","6548"
"5568","6662"
"5568","7137"
"5568","775"
"5568","776"
"5568","778"
"5568","779"
"5568","84152"
"5568","84699"
"5568","84876"
"5568","90993"
"5568","9586"
"5594","10488"
"5594","1385"
"5594","148327"
"5594","64764"
"5594","84699"
"5594","90993"
"5594","9586"
"5595","10488"
"5595","1385"
"5595","148327"
"5595","64764"
"5595","84699"
"5595","90993"
"5595","9586"
"56670","2770"
"56670","2771"
"56670","2773"
"5732","2778"
"5733","2770"
"5733","2771"
"5733","2773"
"5906","5894"
"5908","5894"
"5970","268"
"6237","5337"
"6237","5338"
"64764","2353"
"64764","3725"
"64764","627"
"6662","268"
"6750","1128"
"6750","1129"
"6750","134"
"6750","154"
"6750","1813"
"6750","1909"
"6750","2550"
"6750","2693"
"6750","27198"
"6750","2867"
"6750","3350"
"6750","3351"
"6750","3352"
"6750","3354"
"6750","3355"
"6750","338442"
"6750","4886"
"6750","5021"
"6750","56670"
"6750","5733"
"6750","6751"
"6750","6752"
"6750","6755"
"6750","8843"
"6750","9568"
"6751","2770"
"6751","2771"
"6751","2773"
"6752","2770"
"6752","2771"
"6752","2773"
"6755","2770"
"6755","2771"
"6755","2773"
"7252","117"
"7252","135"
"7252","1394"
"7252","1395"
"7252","139760"
"7252","153"
"7252","154"
"7252","1812"
"7252","1816"
"7252","2492"
"7252","2696"
"7252","2740"
"7252","3360"
"7252","3362"
"7252","3973"
"7252","4158"
"7252","4881"
"7252","5732"
"7252","7253"
"7252","7434"
"7253","2778"
"7432","117"
"7432","135"
"7432","1394"
"7432","1395"
"7432","139760"
"7432","153"
"7432","154"
"7432","1812"
"7432","1816"
"7432","2492"
"7432","2696"
"7432","2740"
"7432","3360"
"7432","3362"
"7432","3973"
"7432","4158"
"7432","4881"
"7432","5732"
"7432","7253"
"7432","7434"
"7434","2778"
"814","107"
"814","108"
"814","10846"
"814","109"
"814","111"
"814","112"
"814","113"
"814","114"
"814","115"
"814","196883"
"814","5139"
"814","5140"
"814","5141"
"814","5142"
"814","5143"
"814","5144"
"815","107"
"815","108"
"815","10846"
"815","109"
"815","111"
"815","112"
"815","113"
"815","114"
"815","115"
"815","196883"
"815","5139"
"815","5140"
"815","5141"
"815","5142"
"815","5143"
"815","5144"
"816","107"
"816","108"
"816","10846"
"816","109"
"816","111"
"816","112"
"816","113"
"816","114"
"816","115"
"816","196883"
"816","5139"
"816","5140"
"816","5141"
"816","5142"
"816","5143"
"816","5144"
"817","107"
"817","108"
"817","10846"
"817","109"
"817","111"
"817","112"
"817","113"
"817","114"
"817","115"
"817","196883"
"817","5139"
"817","5140"
"817","5141"
"817","5142"
"817","5143"
"817","5144"
"818","107"
"818","108"
"818","10846"
"818","109"
"818","111"
"818","112"
"818","113"
"818","114"
"818","115"
"818","196883"
"818","5139"
"818","5140"
"818","5141"
"818","5142"
"818","5143"
"818","5144"
"84152","5499"
"84152","5500"
"84152","5501"
"84699","2353"
"84699","3725"
"84699","627"
"8843","2770"
"8843","2771"
"8843","2773"
"90993","2353"
"90993","3725"
"90993","627"
"9568","2770"
"9568","2771"
"9568","2773"
"9586","2353"
"9586","3725"
"9586","627"
"10148","3572"
"10148","9466"
"10344","1232"
"10563","2833"
"10563","643"
"10673","115650"
"10673","23495"
"10673","608"
"10850","1232"
"10850","2826"
"10850","729230"
"11009","53832"
"11009","53833"
"11009","58985"
"112744","23765"
"112744","84818"
"1270","1271"
"1270","3572"
"1270","3977"
"1437","1438"
"1437","1439"
"1440","1441"
"1442","2690"
"1443","2690"
"146433","1436"
"1489","3572"
"1489","3977"
"151449","657"
"151449","658"
"151449","659"
"151449","92"
"151449","93"
"1896","10913"
"1896","60401"
"2056","2057"
"23529","1271"
"23529","3572"
"23529","3977"
"246778","3572"
"246778","9466"
"26525","3556"
"26525","8808"
"2660","7046"
"2660","91"
"2660","93"
"2688","2690"
"2689","2690"
"27177","3556"
"27177","8808"
"27178","8807"
"27178","8809"
"27179","3556"
"27179","8808"
"27189","132014"
"27190","55540"
"282616","163702"
"282616","3588"
"282617","163702"
"282617","3588"
"282618","163702"
"282618","3588"
"2919","3577"
"2919","3579"
"2920","3577"
"2920","3579"
"2921","3577"
"2921","3579"
"29949","53832"
"29949","53833"
"338376","3454"
"338376","3455"
"3439","3454"
"3439","3455"
"3440","3454"
"3440","3455"
"3441","3454"
"3441","3455"
"3442","3454"
"3442","3455"
"3443","3454"
"3443","3455"
"3444","3454"
"3444","3455"
"3445","3454"
"3445","3455"
"3446","3454"
"3446","3455"
"3447","3454"
"3447","3455"
"3448","3454"
"3448","3455"
"3449","3454"
"3449","3455"
"3451","3454"
"3451","3455"
"3452","3454"
"3452","3455"
"3456","3454"
"3456","3455"
"3458","3459"
"3458","3460"
"3467","3454"
"3467","3455"
"353500","657"
"353500","658"
"353500","659"
"353500","90"
"353500","92"
"353500","93"
"3552","7850"
"3553","7850"
"3557","3554"
"3557","3556"
"3557","7850"
"3558","3559"
"3558","3560"
"3558","3561"
"356","8771"
"3562","1439"
"3562","3563"
"3565","3561"
"3565","3566"
"3565","3597"
"3565","3598"
"3567","1439"
"3567","3568"
"3569","3572"
"3574","3561"
"3574","3575"
"3576","3577"
"3576","3579"
"3578","3561"
"3578","3581"
"3586","3587"
"3586","3588"
"3589","3572"
"3589","3590"
"3592","3594"
"3592","3595"
"3593","3594"
"3593","3595"
"3596","3566"
"3596","3597"
"3596","3598"
"3600","3560"
"3600","3561"
"3600","3601"
"3603","920"
"3605","23765"
"3605","84818"
"3606","8807"
"3606","8809"
"3627","2833"
"386653","133396"
"386653","9180"
"388372","1234"
"392255","657"
"392255","658"
"392255","659"
"392255","92"
"392255","93"
"3952","3953"
"3976","3572"
"3976","3977"
"4049","4055"
"4049","7132"
"4049","7133"
"4049","8764"
"4050","4055"
"414062","1230"
"414062","1234"
"4283","2833"
"5008","3572"
"5008","3977"
"5008","9180"
"50604","53832"
"50604","53833"
"50604","58985"
"50616","3588"
"50616","58985"
"51561","149233"
"51561","3594"
"5196","2833"
"5197","2833"
"5473","3579"
"55801","3588"
"55801","53832"
"5617","5618"
"56300","3556"
"56300","8808"
"56477","1232"
"56477","2826"
"56832","3454"
"56832","3455"
"58191","10663"
"59067","3561"
"59067","50615"
"6346","1237"
"6346","51554"
"6347","729230"
"6348","1230"
"6348","1234"
"6349","1230"
"6349","1234"
"6351","1234"
"6352","1230"
"6352","1232"
"6352","1233"
"6352","1234"
"6354","1230"
"6354","1232"
"6354","729230"
"6355","1230"
"6355","1234"
"6355","51554"
"6355","729230"
"6356","1232"
"6357","1230"
"6357","1232"
"6357","51554"
"6357","729230"
"6358","1230"
"6359","1230"
"6359","1232"
"6360","1230"
"6361","1233"
"6363","1236"
"6363","51554"
"6364","1235"
"6366","1236"
"6366","51554"
"6367","1233"
"6368","1230"
"6368","1232"
"6369","1232"
"6370","10803"
"6370","51554"
"6372","3577"
"6372","3579"
"6373","2833"
"6374","3577"
"6374","3579"
"6375","2829"
"6376","1524"
"6387","57007"
"6387","7852"
"64806","23765"
"64806","55540"
"650","657"
"650","658"
"650","659"
"650","92"
"650","93"
"652","657"
"652","658"
"652","659"
"652","92"
"652","93"
"653","657"
"653","658"
"653","659"
"653","90"
"653","92"
"653","93"
"654","657"
"654","658"
"654","659"
"654","90"
"654","92"
"654","93"
"655","657"
"655","658"
"655","659"
"655","90"
"655","92"
"655","93"
"656","657"
"656","658"
"656","659"
"656","90"
"656","92"
"656","93"
"6846","2829"
"7066","4352"
"7124","7133"
"7292","7293"
"8200","657"
"8200","658"
"8200","659"
"8200","92"
"8200","93"
"84639","3556"
"84639","8808"
"85480","3575"
"85480","64109"
"8600","4982"
"8600","8792"
"8740","4055"
"8740","8764"
"8740","8771"
"8741","23495"
"8741","608"
"8742","51330"
"8743","8793"
"8743","8794"
"8743","8795"
"8743","8797"
"8744","3604"
"8995","8784"
"90865","3556"
"90865","9173"
"9210","658"
"9210","659"
"944","943"
"9560","1234"
"959","958"
"970","939"
"9966","8718"
"9966","8771"
"10000","2931"
"10344","10663"
"10344","10803"
"10344","1230"
"10344","1233"
"10344","1234"
"10344","1235"
"10344","1236"
"10344","1237"
"10344","1524"
"10344","2826"
"10344","2829"
"10344","2833"
"10344","3577"
"10344","3579"
"10344","643"
"10344","729230"
"10344","7852"
"10451","387"
"10451","998"
"10563","10663"
"10563","10803"
"10563","1230"
"10563","1232"
"10563","1233"
"10563","1234"
"10563","1235"
"10563","1236"
"10563","1237"
"10563","1524"
"10563","2826"
"10563","2829"
"10563","3577"
"10563","3579"
"10563","729230"
"10563","7852"
"10663","2770"
"10663","2771"
"10663","2773"
"10663","3717"
"10663","3718"
"10681","23236"
"10681","5290"
"10681","5291"
"10681","5293"
"10681","5295"
"10681","5296"
"10681","5330"
"10681","5331"
"10681","5332"
"10681","5335"
"10681","5336"
"10681","57580"
"10681","8503"
"107","5566"
"107","5567"
"107","5568"
"108","5566"
"108","5567"
"108","5568"
"10803","2770"
"10803","2771"
"10803","2773"
"10803","3717"
"10803","3718"
"10850","10663"
"10850","10803"
"10850","1230"
"10850","1233"
"10850","1234"
"10850","1235"
"10850","1236"
"10850","1237"
"10850","1524"
"10850","2829"
"10850","2833"
"10850","3577"
"10850","3579"
"10850","643"
"10850","7852"
"109","5566"
"109","5567"
"109","5568"
"111","5566"
"111","5567"
"111","5568"
"112","5566"
"112","5567"
"112","5568"
"113","5566"
"113","5567"
"113","5568"
"114","5566"
"114","5567"
"114","5568"
"115","5566"
"115","5567"
"115","5568"
"1230","2770"
"1230","2771"
"1230","2773"
"1230","3717"
"1230","3718"
"1232","2770"
"1232","2771"
"1232","2773"
"1232","3717"
"1232","3718"
"1233","2770"
"1233","2771"
"1233","2773"
"1233","3717"
"1233","3718"
"1234","2770"
"1234","2771"
"1234","2773"
"1234","3717"
"1234","3718"
"1235","2770"
"1235","2771"
"1235","2773"
"1235","3717"
"1235","3718"
"1236","2770"
"1236","2771"
"1236","2773"
"1236","3717"
"1236","3718"
"1237","2770"
"1237","2771"
"1237","2773"
"1237","3717"
"1237","3718"
"1524","2770"
"1524","2771"
"1524","2773"
"1524","3717"
"1524","3718"
"1794","5879"
"1794","5880"
"1794","5881"
"196883","5566"
"196883","5567"
"196883","5568"
"207","2931"
"208","2931"
"2185","1398"
"2185","1399"
"2185","5747"
"2185","5829"
"2185","9564"
"2268","1794"
"2268","2185"
"2268","25759"
"2268","3702"
"2268","399694"
"2268","5290"
"2268","5291"
"2268","5293"
"2268","5295"
"2268","5296"
"2268","53358"
"2268","5747"
"2268","6464"
"2268","8503"
"2268","9844"
"23236","5579"
"23236","5580"
"2770","2268"
"2770","3055"
"2770","4067"
"2770","6714"
"2771","2268"
"2771","3055"
"2771","4067"
"2771","6714"
"2773","2268"
"2773","3055"
"2773","4067"
"2773","6714"
"2782","23236"
"2782","5290"
"2782","5291"
"2782","5293"
"2782","5295"
"2782","5296"
"2782","5330"
"2782","5331"
"2782","5332"
"2782","5335"
"2782","5336"
"2782","57580"
"2782","8503"
"2783","23236"
"2783","5290"
"2783","5291"
"2783","5293"
"2783","5295"
"2783","5296"
"2783","5330"
"2783","5331"
"2783","5332"
"2783","5335"
"2783","5336"
"2783","57580"
"2783","8503"
"2784","23236"
"2784","5290"
"2784","5291"
"2784","5293"
"2784","5295"
"2784","5296"
"2784","5330"
"2784","5331"
"2784","5332"
"2784","5335"
"2784","5336"
"2784","57580"
"2784","8503"
"2785","23236"
"2785","5290"
"2785","5291"
"2785","5293"
"2785","5295"
"2785","5296"
"2785","5330"
"2785","5331"
"2785","5332"
"2785","5335"
"2785","5336"
"2785","57580"
"2785","8503"
"2786","23236"
"2786","5290"
"2786","5291"
"2786","5293"
"2786","5295"
"2786","5296"
"2786","5330"
"2786","5331"
"2786","5332"
"2786","5335"
"2786","5336"
"2786","57580"
"2786","8503"
"2787","23236"
"2787","5290"
"2787","5291"
"2787","5293"
"2787","5295"
"2787","5296"
"2787","5330"
"2787","5331"
"2787","5332"
"2787","5335"
"2787","5336"
"2787","57580"
"2787","8503"
"2788","23236"
"2788","5290"
"2788","5291"
"2788","5293"
"2788","5295"
"2788","5296"
"2788","5330"
"2788","5331"
"2788","5332"
"2788","5335"
"2788","5336"
"2788","57580"
"2788","8503"
"2790","23236"
"2790","5290"
"2790","5291"
"2790","5293"
"2790","5295"
"2790","5296"
"2790","5330"
"2790","5331"
"2790","5332"
"2790","5335"
"2790","5336"
"2790","57580"
"2790","8503"
"2791","23236"
"2791","5290"
"2791","5291"
"2791","5293"
"2791","5295"
"2791","5296"
"2791","5330"
"2791","5331"
"2791","5332"
"2791","5335"
"2791","5336"
"2791","57580"
"2791","8503"
"2792","23236"
"2792","5290"
"2792","5291"
"2792","5293"
"2792","5295"
"2792","5296"
"2792","5330"
"2792","5331"
"2792","5332"
"2792","5335"
"2792","5336"
"2792","57580"
"2792","8503"
"2793","23236"
"2793","5290"
"2793","5291"
"2793","5293"
"2793","5295"
"2793","5296"
"2793","5330"
"2793","5331"
"2793","5332"
"2793","5335"
"2793","5336"
"2793","57580"
"2793","8503"
"2826","2770"
"2826","2771"
"2826","2773"
"2826","3717"
"2826","3718"
"2829","2770"
"2829","2771"
"2829","2773"
"2829","3717"
"2829","3718"
"2833","2770"
"2833","2771"
"2833","2773"
"2833","3717"
"2833","3718"
"2919","10663"
"2919","10803"
"2919","1230"
"2919","1232"
"2919","1233"
"2919","1234"
"2919","1235"
"2919","1236"
"2919","1237"
"2919","1524"
"2919","2826"
"2919","2829"
"2919","2833"
"2919","643"
"2919","729230"
"2919","7852"
"2920","10663"
"2920","10803"
"2920","1230"
"2920","1232"
"2920","1233"
"2920","1234"
"2920","1235"
"2920","1236"
"2920","1237"
"2920","1524"
"2920","2826"
"2920","2829"
"2920","2833"
"2920","643"
"2920","729230"
"2920","7852"
"2921","10663"
"2921","10803"
"2921","1230"
"2921","1232"
"2921","1233"
"2921","1234"
"2921","1235"
"2921","1236"
"2921","1237"
"2921","1524"
"2921","2826"
"2921","2829"
"2921","2833"
"2921","643"
"2921","729230"
"2921","7852"
"3055","1794"
"3055","2185"
"3055","25759"
"3055","3702"
"3055","399694"
"3055","5290"
"3055","5291"
"3055","5293"
"3055","5295"
"3055","5296"
"3055","53358"
"3055","5747"
"3055","6464"
"3055","8503"
"3055","9844"
"3576","10663"
"3576","10803"
"3576","1230"
"3576","1232"
"3576","1233"
"3576","1234"
"3576","1235"
"3576","1236"
"3576","1237"
"3576","1524"
"3576","2826"
"3576","2829"
"3576","2833"
"3576","643"
"3576","729230"
"3576","7852"
"3577","2770"
"3577","2771"
"3577","2773"
"3577","3717"
"3577","3718"
"3579","2770"
"3579","2771"
"3579","2773"
"3579","3717"
"3579","3718"
"3627","10663"
"3627","10803"
"3627","1230"
"3627","1232"
"3627","1233"
"3627","1234"
"3627","1235"
"3627","1236"
"3627","1237"
"3627","1524"
"3627","2826"
"3627","2829"
"3627","3577"
"3627","3579"
"3627","643"
"3627","729230"
"3627","7852"
"3702","10451"
"3702","7409"
"3702","7410"
"3717","6772"
"3717","6773"
"3717","6777"
"3718","6772"
"3718","6773"
"3718","6774"
"3718","6777"
"388372","10663"
"388372","10803"
"388372","1230"
"388372","1232"
"388372","1233"
"388372","1235"
"388372","1236"
"388372","1237"
"388372","1524"
"388372","2826"
"388372","2829"
"388372","2833"
"388372","3577"
"388372","3579"
"388372","643"
"388372","729230"
"388372","7852"
"4067","1794"
"4067","2185"
"4067","25759"
"4067","3702"
"4067","399694"
"4067","5290"
"4067","5291"
"4067","5293"
"4067","5295"
"4067","5296"
"4067","53358"
"4067","5747"
"4067","6464"
"4067","8503"
"4067","9844"
"414062","10663"
"414062","10803"
"414062","1232"
"414062","1233"
"414062","1235"
"414062","1236"
"414062","1237"
"414062","1524"
"414062","2826"
"414062","2829"
"414062","2833"
"414062","3577"
"414062","3579"
"414062","643"
"414062","729230"
"414062","7852"
"4283","10663"
"4283","10803"
"4283","1230"
"4283","1232"
"4283","1233"
"4283","1234"
"4283","1235"
"4283","1236"
"4283","1237"
"4283","1524"
"4283","2826"
"4283","2829"
"4283","3577"
"4283","3579"
"4283","643"
"4283","729230"
"4283","7852"
"51764","23236"
"51764","5290"
"51764","5291"
"51764","5293"
"51764","5295"
"51764","5296"
"51764","5330"
"51764","5331"
"51764","5332"
"51764","5335"
"51764","5336"
"51764","57580"
"51764","8503"
"5196","10663"
"5196","10803"
"5196","1230"
"5196","1232"
"5196","1233"
"5196","1234"
"5196","1235"
"5196","1236"
"5196","1237"
"5196","1524"
"5196","2826"
"5196","2829"
"5196","3577"
"5196","3579"
"5196","643"
"5196","729230"
"5196","7852"
"5197","10663"
"5197","10803"
"5197","1230"
"5197","1232"
"5197","1233"
"5197","1234"
"5197","1235"
"5197","1236"
"5197","1237"
"5197","1524"
"5197","2826"
"5197","2829"
"5197","3577"
"5197","3579"
"5197","643"
"5197","729230"
"5197","7852"
"5290","3265"
"5290","3702"
"5290","3845"
"5290","4893"
"5290","5590"
"5290","5747"
"5290","57580"
"5291","3265"
"5291","3702"
"5291","3845"
"5291","4893"
"5291","5590"
"5291","5747"
"5291","57580"
"5293","3265"
"5293","3702"
"5293","3845"
"5293","4893"
"5293","5590"
"5293","5747"
"5293","57580"
"5295","3265"
"5295","3702"
"5295","3845"
"5295","4893"
"5295","5590"
"5295","5747"
"5295","57580"
"5296","3265"
"5296","3702"
"5296","3845"
"5296","4893"
"5296","5590"
"5296","5747"
"5296","57580"
"5330","5579"
"5330","5580"
"5331","5579"
"5331","5580"
"5332","5579"
"5332","5580"
"5335","5579"
"5335","5580"
"5336","5579"
"5336","5580"
"54331","23236"
"54331","5290"
"54331","5291"
"54331","5293"
"54331","5295"
"54331","5296"
"54331","5330"
"54331","5331"
"54331","5332"
"54331","5335"
"54331","5336"
"54331","57580"
"54331","8503"
"5473","10663"
"5473","10803"
"5473","1230"
"5473","1232"
"5473","1233"
"5473","1234"
"5473","1235"
"5473","1236"
"5473","1237"
"5473","1524"
"5473","2826"
"5473","2829"
"5473","2833"
"5473","3577"
"5473","643"
"5473","729230"
"5473","7852"
"5579","2185"
"5579","653361"
"5580","2185"
"5580","653361"
"5590","5594"
"5590","5595"
"55970","23236"
"55970","5290"
"55970","5291"
"55970","5293"
"55970","5295"
"55970","5296"
"55970","5330"
"55970","5331"
"55970","5332"
"55970","5335"
"55970","5336"
"55970","57580"
"55970","8503"
"56477","10663"
"56477","10803"
"56477","1230"
"56477","1233"
"56477","1234"
"56477","1235"
"56477","1236"
"56477","1237"
"56477","1524"
"56477","2829"
"56477","2833"
"56477","3577"
"56477","3579"
"56477","643"
"56477","729230"
"56477","7852"
"5747","5829"
"57580","5879"
"57580","5880"
"57580","5881"
"58191","10803"
"58191","1230"
"58191","1232"
"58191","1233"
"58191","1234"
"58191","1235"
"58191","1236"
"58191","1237"
"58191","1524"
"58191","2826"
"58191","2829"
"58191","2833"
"58191","3577"
"58191","3579"
"58191","643"
"58191","729230"
"58191","7852"
"5906","998"
"5908","998"
"59345","23236"
"59345","5290"
"59345","5291"
"59345","5293"
"59345","5295"
"59345","5296"
"59345","5330"
"59345","5331"
"59345","5332"
"59345","5335"
"59345","5336"
"59345","57580"
"59345","8503"
"6346","10663"
"6346","10803"
"6346","1230"
"6346","1232"
"6346","1233"
"6346","1234"
"6346","1235"
"6346","1236"
"6346","1524"
"6346","2826"
"6346","2829"
"6346","2833"
"6346","3577"
"6346","3579"
"6346","643"
"6346","729230"
"6346","7852"
"6347","10663"
"6347","10803"
"6347","1230"
"6347","1232"
"6347","1233"
"6347","1234"
"6347","1235"
"6347","1236"
"6347","1237"
"6347","1524"
"6347","2826"
"6347","2829"
"6347","2833"
"6347","3577"
"6347","3579"
"6347","643"
"6347","7852"
"6348","10663"
"6348","10803"
"6348","1232"
"6348","1233"
"6348","1235"
"6348","1236"
"6348","1237"
"6348","1524"
"6348","2826"
"6348","2829"
"6348","2833"
"6348","3577"
"6348","3579"
"6348","643"
"6348","729230"
"6348","7852"
"6349","10663"
"6349","10803"
"6349","1232"
"6349","1233"
"6349","1235"
"6349","1236"
"6349","1237"
"6349","1524"
"6349","2826"
"6349","2829"
"6349","2833"
"6349","3577"
"6349","3579"
"6349","643"
"6349","729230"
"6349","7852"
"6351","10663"
"6351","10803"
"6351","1230"
"6351","1232"
"6351","1233"
"6351","1235"
"6351","1236"
"6351","1237"
"6351","1524"
"6351","2826"
"6351","2829"
"6351","2833"
"6351","3577"
"6351","3579"
"6351","643"
"6351","729230"
"6351","7852"
"6352","10663"
"6352","10803"
"6352","1235"
"6352","1236"
"6352","1237"
"6352","1524"
"6352","2826"
"6352","2829"
"6352","2833"
"6352","3577"
"6352","3579"
"6352","643"
"6352","729230"
"6352","7852"
"6354","10663"
"6354","10803"
"6354","1233"
"6354","1234"
"6354","1235"
"6354","1236"
"6354","1237"
"6354","1524"
"6354","2826"
"6354","2829"
"6354","2833"
"6354","3577"
"6354","3579"
"6354","643"
"6354","7852"
"6355","10663"
"6355","10803"
"6355","1232"
"6355","1233"
"6355","1235"
"6355","1236"
"6355","1237"
"6355","1524"
"6355","2826"
"6355","2829"
"6355","2833"
"6355","3577"
"6355","3579"
"6355","643"
"6355","7852"
"6356","10663"
"6356","10803"
"6356","1230"
"6356","1233"
"6356","1234"
"6356","1235"
"6356","1236"
"6356","1237"
"6356","1524"
"6356","2826"
"6356","2829"
"6356","2833"
"6356","3577"
"6356","3579"
"6356","643"
"6356","729230"
"6356","7852"
"6357","10663"
"6357","10803"
"6357","1233"
"6357","1234"
"6357","1235"
"6357","1236"
"6357","1237"
"6357","1524"
"6357","2826"
"6357","2829"
"6357","2833"
"6357","3577"
"6357","3579"
"6357","643"
"6357","7852"
"6358","10663"
"6358","10803"
"6358","1232"
"6358","1233"
"6358","1234"
"6358","1235"
"6358","1236"
"6358","1237"
"6358","1524"
"6358","2826"
"6358","2829"
"6358","2833"
"6358","3577"
"6358","3579"
"6358","643"
"6358","729230"
"6358","7852"
"6359","10663"
"6359","10803"
"6359","1233"
"6359","1234"
"6359","1235"
"6359","1236"
"6359","1237"
"6359","1524"
"6359","2826"
"6359","2829"
"6359","2833"
"6359","3577"
"6359","3579"
"6359","643"
"6359","729230"
"6359","7852"
"6360","10663"
"6360","10803"
"6360","1232"
"6360","1233"
"6360","1234"
"6360","1235"
"6360","1236"
"6360","1237"
"6360","1524"
"6360","2826"
"6360","2829"
"6360","2833"
"6360","3577"
"6360","3579"
"6360","643"
"6360","729230"
"6360","7852"
"6361","10663"
"6361","10803"
"6361","1230"
"6361","1232"
"6361","1234"
"6361","1235"
"6361","1236"
"6361","1237"
"6361","1524"
"6361","2826"
"6361","2829"
"6361","2833"
"6361","3577"
"6361","3579"
"6361","643"
"6361","729230"
"6361","7852"
"6362","10663"
"6362","10803"
"6362","1230"
"6362","1232"
"6362","1233"
"6362","1234"
"6362","1235"
"6362","1236"
"6362","1237"
"6362","1524"
"6362","2826"
"6362","2829"
"6362","2833"
"6362","3577"
"6362","3579"
"6362","643"
"6362","729230"
"6362","7852"
"6363","10663"
"6363","10803"
"6363","1230"
"6363","1232"
"6363","1233"
"6363","1234"
"6363","1235"
"6363","1237"
"6363","1524"
"6363","2826"
"6363","2829"
"6363","2833"
"6363","3577"
"6363","3579"
"6363","643"
"6363","729230"
"6363","7852"
"6364","10663"
"6364","10803"
"6364","1230"
"6364","1232"
"6364","1233"
"6364","1234"
"6364","1236"
"6364","1237"
"6364","1524"
"6364","2826"
"6364","2829"
"6364","2833"
"6364","3577"
"6364","3579"
"6364","643"
"6364","729230"
"6364","7852"
"6366","10663"
"6366","10803"
"6366","1230"
"6366","1232"
"6366","1233"
"6366","1234"
"6366","1235"
"6366","1237"
"6366","1524"
"6366","2826"
"6366","2829"
"6366","2833"
"6366","3577"
"6366","3579"
"6366","643"
"6366","729230"
"6366","7852"
"6367","10663"
"6367","10803"
"6367","1230"
"6367","1232"
"6367","1234"
"6367","1235"
"6367","1236"
"6367","1237"
"6367","1524"
"6367","2826"
"6367","2829"
"6367","2833"
"6367","3577"
"6367","3579"
"6367","643"
"6367","729230"
"6367","7852"
"6368","10663"
"6368","10803"
"6368","1233"
"6368","1234"
"6368","1235"
"6368","1236"
"6368","1237"
"6368","1524"
"6368","2826"
"6368","2829"
"6368","2833"
"6368","3577"
"6368","3579"
"6368","643"
"6368","729230"
"6368","7852"
"6369","10663"
"6369","10803"
"6369","1230"
"6369","1233"
"6369","1234"
"6369","1235"
"6369","1236"
"6369","1237"
"6369","1524"
"6369","2826"
"6369","2829"
"6369","2833"
"6369","3577"
"6369","3579"
"6369","643"
"6369","729230"
"6369","7852"
"6370","10663"
"6370","1230"
"6370","1232"
"6370","1233"
"6370","1234"
"6370","1235"
"6370","1236"
"6370","1237"
"6370","1524"
"6370","2826"
"6370","2829"
"6370","2833"
"6370","3577"
"6370","3579"
"6370","643"
"6370","729230"
"6370","7852"
"6372","10663"
"6372","10803"
"6372","1230"
"6372","1232"
"6372","1233"
"6372","1234"
"6372","1235"
"6372","1236"
"6372","1237"
"6372","1524"
"6372","2826"
"6372","2829"
"6372","2833"
"6372","643"
"6372","729230"
"6372","7852"
"6373","10663"
"6373","10803"
"6373","1230"
"6373","1232"
"6373","1233"
"6373","1234"
"6373","1235"
"6373","1236"
"6373","1237"
"6373","1524"
"6373","2826"
"6373","2829"
"6373","3577"
"6373","3579"
"6373","643"
"6373","729230"
"6373","7852"
"6374","10663"
"6374","10803"
"6374","1230"
"6374","1232"
"6374","1233"
"6374","1234"
"6374","1235"
"6374","1236"
"6374","1237"
"6374","1524"
"6374","2826"
"6374","2829"
"6374","2833"
"6374","643"
"6374","729230"
"6374","7852"
"6375","10663"
"6375","10803"
"6375","1230"
"6375","1232"
"6375","1233"
"6375","1234"
"6375","1235"
"6375","1236"
"6375","1237"
"6375","1524"
"6375","2826"
"6375","2833"
"6375","3577"
"6375","3579"
"6375","643"
"6375","729230"
"6375","7852"
"6376","10663"
"6376","10803"
"6376","1230"
"6376","1232"
"6376","1233"
"6376","1234"
"6376","1235"
"6376","1236"
"6376","1237"
"6376","2826"
"6376","2829"
"6376","2833"
"6376","3577"
"6376","3579"
"6376","643"
"6376","729230"
"6376","7852"
"6387","10663"
"6387","10803"
"6387","1230"
"6387","1232"
"6387","1233"
"6387","1234"
"6387","1235"
"6387","1236"
"6387","1237"
"6387","1524"
"6387","2826"
"6387","2829"
"6387","2833"
"6387","3577"
"6387","3579"
"6387","643"
"6387","729230"
"643","2770"
"643","2771"
"643","2773"
"643","3717"
"643","3718"
"6714","1794"
"6714","2185"
"6714","25759"
"6714","3702"
"6714","399694"
"6714","5290"
"6714","5291"
"6714","5293"
"6714","5295"
"6714","5296"
"6714","53358"
"6714","6464"
"6714","8503"
"6714","9844"
"6846","10663"
"6846","10803"
"6846","1230"
"6846","1232"
"6846","1233"
"6846","1234"
"6846","1235"
"6846","1236"
"6846","1237"
"6846","1524"
"6846","2826"
"6846","2833"
"6846","3577"
"6846","3579"
"6846","643"
"6846","729230"
"6846","7852"
"729230","2770"
"729230","2771"
"729230","2773"
"729230","3717"
"729230","3718"
"7409","387"
"7409","998"
"7410","387"
"7410","998"
"7852","2770"
"7852","2771"
"7852","2773"
"7852","3717"
"7852","3718"
"8503","3265"
"8503","3702"
"8503","3845"
"8503","4893"
"8503","5590"
"8503","5747"
"8503","57580"
"94235","23236"
"94235","5290"
"94235","5291"
"94235","5293"
"94235","5295"
"94235","5296"
"94235","5330"
"94235","5331"
"94235","5332"
"94235","5335"
"94235","5336"
"94235","57580"
"94235","8503"
"9547","10663"
"9547","10803"
"9547","1230"
"9547","1232"
"9547","1233"
"9547","1234"
"9547","1235"
"9547","1236"
"9547","1237"
"9547","1524"
"9547","2826"
"9547","2829"
"9547","2833"
"9547","3577"
"9547","3579"
"9547","643"
"9547","729230"
"9547","7852"
"9560","10663"
"9560","10803"
"9560","1230"
"9560","1232"
"9560","1233"
"9560","1235"
"9560","1236"
"9560","1237"
"9560","1524"
"9560","2826"
"9560","2829"
"9560","2833"
"9560","3577"
"9560","3579"
"9560","643"
"9560","729230"
"9560","7852"
"9844","5879"
"9844","5880"
"9844","5881"
"998","7074"
"998","7454"
"114609","3654"
"114609","51135"
"114609","7189"
"1147","4791"
"1457","4792"
"1459","4792"
"1460","4792"
"148022","7189"
"148022","8737"
"1540","7189"
"23586","7186"
"23586","7189"
"283106","4792"
"29760","5336"
"353376","7189"
"353376","8737"
"3551","4792"
"3554","3654"
"3554","51135"
"3554","7189"
"3654","10454"
"3654","23118"
"3654","257397"
"3654","6885"
"4615","10454"
"4615","23118"
"4615","257397"
"4615","6885"
"4615","7189"
"4790","10912"
"4790","1647"
"4790","2919"
"4790","2920"
"4790","2921"
"4790","329"
"4790","330"
"4790","331"
"4790","3576"
"4790","388372"
"4790","4616"
"4790","4791"
"4790","4792"
"4790","5328"
"4790","5743"
"4790","596"
"4790","597"
"4790","598"
"4790","6351"
"4790","7128"
"4790","7185"
"4790","7186"
"4790","7412"
"4790","8837"
"4790","9560"
"4791","10673"
"4791","3383"
"4791","6357"
"4791","6363"
"4791","6366"
"4791","6387"
"51135","10454"
"51135","23118"
"51135","257397"
"51135","6885"
"5579","29775"
"5579","79092"
"5579","84433"
"5588","29775"
"5588","79092"
"5588","84433"
"5970","10912"
"5970","1647"
"5970","2919"
"5970","2920"
"5970","2921"
"5970","329"
"5970","330"
"5970","331"
"5970","3576"
"5970","388372"
"5970","4616"
"5970","4791"
"5970","4792"
"5970","5328"
"5970","5743"
"5970","596"
"5970","597"
"5970","598"
"5970","6351"
"5970","7128"
"5970","7185"
"5970","7186"
"5970","7412"
"5970","9560"
"5971","10673"
"5971","3383"
"5971","6357"
"5971","6363"
"5971","6366"
"5971","6387"
"6850","695"
"6885","3551"
"695","1147"
"695","3551"
"695","5336"
"695","8517"
"7099","114609"
"7099","148022"
"7099","353376"
"7099","4615"
"7132","7186"
"7132","7188"
"7132","8717"
"7132","8737"
"7186","23118"
"7186","257397"
"7186","6885"
"7186","695"
"7186","9020"
"7187","10454"
"7187","23118"
"7187","257397"
"7187","6885"
"7187","695"
"7187","9020"
"7188","10454"
"7188","23118"
"7188","257397"
"7188","6885"
"7188","9020"
"7189","10454"
"7189","23118"
"7189","257397"
"7189","6885"
"7189","9020"
"8717","10454"
"8717","23118"
"8717","257397"
"8717","6885"
"8737","10454"
"8737","23118"
"8737","257397"
"8737","6885"
"9020","10454"
"9020","1147"
"9020","23118"
"9020","257397"
"9020","6885"
"929","7099"
"112398","3091"
"112399","3091"
"1387","1026"
"1387","1027"
"1387","160287"
"1387","1906"
"1387","1950"
"1387","2023"
"1387","2026"
"1387","2027"
"1387","2056"
"1387","226"
"1387","229"
"1387","230"
"1387","2321"
"1387","2597"
"1387","284"
"1387","285"
"1387","3098"
"1387","3099"
"1387","3101"
"1387","3162"
"1387","387712"
"1387","3939"
"1387","3945"
"1387","3948"
"1387","4055"
"1387","4843"
"1387","4846"
"1387","4878"
"1387","5054"
"1387","51378"
"1387","5163"
"1387","5209"
"1387","5211"
"1387","5213"
"1387","5214"
"1387","5230"
"1387","5232"
"1387","596"
"1387","6513"
"1387","7010"
"1387","7018"
"1387","7037"
"1387","7076"
"1387","7422"
"1387","80201"
"1387","92483"
"1956","5604"
"1956","5605"
"2033","1026"
"2033","1027"
"2033","160287"
"2033","1906"
"2033","1950"
"2033","2023"
"2033","2026"
"2033","2027"
"2033","2056"
"2033","226"
"2033","229"
"2033","230"
"2033","2321"
"2033","2597"
"2033","284"
"2033","285"
"2033","3098"
"2033","3099"
"2033","3101"
"2033","3162"
"2033","387712"
"2033","3939"
"2033","3945"
"2033","3948"
"2033","4055"
"2033","4843"
"2033","4846"
"2033","4878"
"2033","5054"
"2033","51378"
"2033","5163"
"2033","5209"
"2033","5211"
"2033","5213"
"2033","5214"
"2033","5230"
"2033","5232"
"2033","596"
"2033","6513"
"2033","7010"
"2033","7018"
"2033","7037"
"2033","7076"
"2033","7422"
"2033","80201"
"2033","92483"
"2064","5604"
"2064","5605"
"2872","1977"
"2872","253314"
"2872","9470"
"3091","1026"
"3091","1027"
"3091","160287"
"3091","1906"
"3091","1950"
"3091","2023"
"3091","2026"
"3091","2027"
"3091","2056"
"3091","226"
"3091","229"
"3091","230"
"3091","2321"
"3091","2597"
"3091","284"
"3091","285"
"3091","3098"
"3091","3099"
"3091","3101"
"3091","3162"
"3091","387712"
"3091","3939"
"3091","3945"
"3091","3948"
"3091","4055"
"3091","4843"
"3091","4846"
"3091","4878"
"3091","5054"
"3091","51378"
"3091","5163"
"3091","5209"
"3091","5211"
"3091","5213"
"3091","5214"
"3091","5230"
"3091","5232"
"3091","596"
"3091","6513"
"3091","7010"
"3091","7018"
"3091","7037"
"3091","7076"
"3091","7422"
"3091","80201"
"3091","92483"
"3459","4790"
"3459","5970"
"3460","4790"
"3460","5970"
"3480","5604"
"3480","5605"
"3570","6774"
"3643","5290"
"3643","5291"
"3643","5293"
"3643","5295"
"3643","5296"
"3643","5604"
"3643","5605"
"3643","8503"
"405","1026"
"405","1027"
"405","160287"
"405","1906"
"405","1950"
"405","2023"
"405","2026"
"405","2027"
"405","2056"
"405","226"
"405","229"
"405","230"
"405","2321"
"405","2597"
"405","284"
"405","285"
"405","3098"
"405","3099"
"405","3101"
"405","3162"
"405","387712"
"405","3939"
"405","3945"
"405","3948"
"405","4055"
"405","4843"
"405","4846"
"405","4878"
"405","5054"
"405","51378"
"405","5163"
"405","5209"
"405","5211"
"405","5213"
"405","5214"
"405","5230"
"405","5232"
"405","596"
"405","6513"
"405","7010"
"405","7018"
"405","7037"
"405","7076"
"405","7422"
"405","80201"
"405","92483"
"4790","3091"
"5163","5160"
"5163","5161"
"5163","5162"
"54583","3091"
"5578","112398"
"5578","112399"
"5578","2475"
"5578","54583"
"5579","112398"
"5579","112399"
"5579","2475"
"5579","54583"
"5582","112398"
"5582","112399"
"5582","2475"
"5582","54583"
"5594","1978"
"5594","2872"
"5594","8569"
"5595","1978"
"5595","2872"
"5595","8569"
"5970","3091"
"6774","3091"
"6921","3091"
"6923","3091"
"7099","4790"
"7099","5970"
"7428","3091"
"815","1387"
"815","2033"
"816","1387"
"816","2033"
"817","1387"
"817","2033"
"818","1387"
"818","2033"
"8569","1977"
"8569","253314"
"8569","9470"
"9978","3091"
"10000","100132074"
"10000","2308"
"100132074","10018"
"100132074","1026"
"100132074","1027"
"100132074","1030"
"100132074","1032"
"100132074","10365"
"100132074","10733"
"100132074","10769"
"100132074","10912"
"100132074","11337"
"100132074","11345"
"100132074","114907"
"100132074","1263"
"100132074","1647"
"100132074","1901"
"100132074","23710"
"100132074","2538"
"100132074","26260"
"100132074","356"
"100132074","3575"
"100132074","4616"
"100132074","472"
"100132074","5105"
"100132074","5106"
"100132074","5347"
"100132074","57818"
"100132074","5896"
"100132074","5897"
"100132074","5934"
"100132074","595"
"100132074","604"
"100132074","664"
"100132074","6648"
"100132074","847"
"100132074","85417"
"100132074","8698"
"100132074","8743"
"100132074","891"
"100132074","894"
"100132074","901"
"100132074","9133"
"100132074","9140"
"100132074","92579"
"100533105","100132074"
"100533105","2308"
"100533105","2309"
"100533105","4303"
"10110","100132074"
"10110","2308"
"10110","2309"
"10110","4303"
"1017","100132074"
"1017","2308"
"1017","2309"
"1017","4303"
"102800317","100132074"
"102800317","2308"
"102800317","2309"
"102800317","4303"
"1147","100132074"
"1147","2308"
"1147","2309"
"1147","4303"
"1147","5728"
"116986","5290"
"116986","5291"
"116986","5293"
"116986","5295"
"116986","5296"
"116986","8503"
"1432","100132074"
"1432","2308"
"1432","2309"
"1432","4303"
"1454","100132074"
"1454","2308"
"1454","2309"
"1454","4303"
"207","100132074"
"207","2308"
"208","100132074"
"208","2308"
"2308","10018"
"2308","1026"
"2308","1027"
"2308","1030"
"2308","1032"
"2308","10365"
"2308","10733"
"2308","10769"
"2308","10912"
"2308","11337"
"2308","11345"
"2308","114907"
"2308","1263"
"2308","1647"
"2308","1901"
"2308","23710"
"2308","2538"
"2308","26260"
"2308","356"
"2308","3575"
"2308","4616"
"2308","472"
"2308","5105"
"2308","5106"
"2308","5347"
"2308","57818"
"2308","5896"
"2308","5897"
"2308","5934"
"2308","595"
"2308","604"
"2308","664"
"2308","6648"
"2308","847"
"2308","85417"
"2308","8698"
"2308","8743"
"2308","891"
"2308","894"
"2308","901"
"2308","9133"
"2308","9140"
"2308","92579"
"2309","1026"
"2309","1027"
"2309","1030"
"2309","1032"
"2309","10365"
"2309","10733"
"2309","10769"
"2309","10912"
"2309","11337"
"2309","11345"
"2309","114907"
"2309","1263"
"2309","1647"
"2309","1901"
"2309","23710"
"2309","2538"
"2309","26260"
"2309","356"
"2309","3575"
"2309","4616"
"2309","472"
"2309","5105"
"2309","5106"
"2309","5347"
"2309","57818"
"2309","5896"
"2309","5897"
"2309","5934"
"2309","595"
"2309","604"
"2309","664"
"2309","6648"
"2309","847"
"2309","85417"
"2309","8698"
"2309","8743"
"2309","891"
"2309","894"
"2309","901"
"2309","9133"
"2309","9140"
"2309","92579"
"23678","100132074"
"23678","2308"
"23678","2309"
"23678","4303"
"3276","100132074"
"3276","2308"
"3276","2309"
"3276","4303"
"3480","3667"
"3480","8471"
"3480","8660"
"3551","100132074"
"3551","2308"
"3551","2309"
"3551","4303"
"3551","5728"
"3569","6774"
"3586","6774"
"3667","5290"
"3667","5291"
"3667","5293"
"3667","5295"
"3667","5296"
"3667","8503"
"4089","4088"
"4303","10018"
"4303","1026"
"4303","1027"
"4303","1030"
"4303","1032"
"4303","10365"
"4303","10733"
"4303","10769"
"4303","10912"
"4303","11337"
"4303","11345"
"4303","114907"
"4303","1263"
"4303","1647"
"4303","1901"
"4303","23710"
"4303","2538"
"4303","26260"
"4303","3575"
"4303","4616"
"4303","472"
"4303","5105"
"4303","5106"
"4303","5347"
"4303","57818"
"4303","5896"
"4303","5897"
"4303","5934"
"4303","595"
"4303","604"
"4303","664"
"4303","6648"
"4303","847"
"4303","85417"
"4303","8698"
"4303","8743"
"4303","891"
"4303","894"
"4303","901"
"4303","9133"
"4303","9140"
"4303","92579"
"51422","100132074"
"51422","2308"
"51422","2309"
"51422","4303"
"5170","100533105"
"5170","10110"
"5170","1147"
"5170","23678"
"5170","3551"
"5170","6446"
"51701","100132074"
"51701","2308"
"51701","2309"
"51701","4303"
"53632","100132074"
"53632","2308"
"53632","2309"
"53632","4303"
"5562","100132074"
"5562","2308"
"5562","2309"
"5562","4303"
"5563","100132074"
"5563","2308"
"5563","2309"
"5563","4303"
"5564","100132074"
"5564","2308"
"5564","2309"
"5564","4303"
"5565","100132074"
"5565","2308"
"5565","2309"
"5565","4303"
"5571","100132074"
"5571","2308"
"5571","2309"
"5571","4303"
"5594","100132074"
"5594","2308"
"5594","2309"
"5594","4303"
"5595","100132074"
"5595","2308"
"5595","2309"
"5595","4303"
"5599","100132074"
"5599","2308"
"5599","2309"
"5599","4303"
"5600","100132074"
"5600","2308"
"5600","2309"
"5600","4303"
"5601","100132074"
"5601","2308"
"5601","2309"
"5601","4303"
"5602","100132074"
"5602","2308"
"5602","2309"
"5602","4303"
"5603","100132074"
"5603","2308"
"5603","2309"
"5603","4303"
"6300","100132074"
"6300","2308"
"6300","2309"
"6300","4303"
"6446","100132074"
"6446","2308"
"6446","2309"
"6446","4303"
"6774","100132074"
"6774","2308"
"6774","2309"
"6774","4303"
"6789","100132074"
"6789","2308"
"6789","2309"
"6789","4303"
"6794","100132074"
"6794","2308"
"6794","2309"
"6794","4303"
"6794","51422"
"6794","53632"
"6794","5562"
"6794","5563"
"6794","5564"
"6794","5565"
"6794","5571"
"7046","4088"
"7048","4088"
"7874","100132074"
"7874","2308"
"7874","2309"
"7874","4303"
"80854","100132074"
"80854","2308"
"80854","2309"
"80854","4303"
"8471","5290"
"8471","5291"
"8471","5293"
"8471","5295"
"8471","5296"
"8471","8503"
"8660","5290"
"8660","5291"
"8660","5293"
"8660","5295"
"8660","5296"
"8660","8503"
"9454","5290"
"9454","5291"
"9454","5293"
"9454","5295"
"9454","5296"
"9454","8503"
"9455","5290"
"9455","5291"
"9455","5293"
"9455","5295"
"9455","5296"
"9455","8503"
"9456","5290"
"9456","5291"
"9456","5293"
"9456","5295"
"9456","5296"
"9456","8503"
"10000","596"
"1432","10000"
"1432","207"
"1432","208"
"1432","581"
"1509","637"
"1901","2770"
"1901","2771"
"1901","2773"
"1903","10672"
"1903","2768"
"1903","2770"
"1903","2771"
"1903","2773"
"1903","2776"
"207","596"
"208","596"
"23236","5581"
"2534","9846"
"2770","23236"
"2770","3265"
"2770","3845"
"2770","4893"
"2770","5290"
"2770","5291"
"2770","5293"
"2770","5295"
"2770","5296"
"2770","5330"
"2770","5331"
"2770","5332"
"2770","8503"
"2771","23236"
"2771","3265"
"2771","3845"
"2771","4893"
"2771","5290"
"2771","5291"
"2771","5293"
"2771","5295"
"2771","5296"
"2771","5330"
"2771","5331"
"2771","5332"
"2771","8503"
"2773","23236"
"2773","3265"
"2773","3845"
"2773","4893"
"2773","5290"
"2773","5291"
"2773","5293"
"2773","5295"
"2773","5296"
"2773","5330"
"2773","5331"
"2773","5332"
"2773","8503"
"28227","10000"
"28227","207"
"28227","208"
"28227","596"
"3827","134"
"3827","140"
"3827","4985"
"4217","1432"
"4217","5599"
"4217","5600"
"4217","5601"
"4217","5602"
"4217","5603"
"4217","6300"
"5330","5581"
"5331","5581"
"5332","5581"
"5337","56848"
"5337","8877"
"5338","56848"
"5338","8877"
"53637","10672"
"53637","2768"
"53637","2770"
"53637","2771"
"53637","2773"
"55012","10000"
"55012","207"
"55012","208"
"55012","596"
"5515","10000"
"5515","207"
"5515","208"
"5515","596"
"5516","10000"
"5516","207"
"5516","208"
"5516","596"
"5518","10000"
"5518","207"
"5518","208"
"5518","596"
"5519","10000"
"5519","207"
"5519","208"
"5519","596"
"5520","10000"
"5520","207"
"5520","208"
"5520","596"
"5521","10000"
"5521","207"
"5521","208"
"5521","596"
"5522","10000"
"5522","207"
"5522","208"
"5522","596"
"5523","10000"
"5523","207"
"5523","208"
"5523","596"
"5525","10000"
"5525","207"
"5525","208"
"5525","596"
"5526","10000"
"5526","207"
"5526","208"
"5526","596"
"5527","10000"
"5527","207"
"5527","208"
"5527","596"
"5528","10000"
"5528","207"
"5528","208"
"5528","596"
"5529","10000"
"5529","207"
"5529","208"
"5529","596"
"5581","56848"
"5581","8877"
"55844","10000"
"55844","207"
"55844","208"
"55844","596"
"5590","10000"
"5590","207"
"5590","208"
"5594","56848"
"5594","8877"
"5595","56848"
"5595","8877"
"5599","581"
"5600","10000"
"5600","207"
"5600","208"
"5600","581"
"5601","581"
"5602","581"
"5603","10000"
"5603","207"
"5603","208"
"5603","581"
"6093","4790"
"6093","5728"
"6093","5970"
"6300","10000"
"6300","207"
"6300","208"
"6300","581"
"637","581"
"7132","8439"
"7186","56848"
"7186","8877"
"8439","6610"
"8698","10672"
"8698","2768"
"8698","2770"
"8698","2771"
"8698","2773"
"9294","10672"
"9294","2768"
"9294","2770"
"9294","2771"
"9294","2773"
"9294","2776"
"9475","4790"
"9475","5728"
"9475","5970"
"9846","5290"
"9846","5291"
"9846","5293"
"9846","5295"
"9846","5296"
"9846","8503"
"10000","7248"
"10000","7249"
"10161","10672"
"10161","23236"
"10161","2768"
"10161","2778"
"10161","5330"
"10161","5331"
"10161","5332"
"102723407","2205"
"102723407","2206"
"102723407","2207"
"10672","146850"
"10672","23533"
"10672","5294"
"183","10161"
"183","185"
"183","1902"
"183","2149"
"183","23566"
"183","2846"
"183","2911"
"183","2912"
"183","2913"
"183","2914"
"183","2915"
"183","2916"
"183","2917"
"183","2918"
"183","3577"
"183","3579"
"183","552"
"183","553"
"183","554"
"183","57121"
"183","5737"
"183","9170"
"185","23236"
"185","2778"
"185","5330"
"185","5331"
"185","5332"
"1902","10672"
"1902","23236"
"1902","2768"
"1902","5330"
"1902","5331"
"1902","5332"
"1956","5781"
"1956","9846"
"207","7248"
"207","7249"
"208","7248"
"208","7249"
"2147","10161"
"2147","185"
"2147","1902"
"2147","2149"
"2147","23566"
"2147","2846"
"2147","2911"
"2147","2912"
"2147","2913"
"2147","2914"
"2147","2915"
"2147","2916"
"2147","2917"
"2147","2918"
"2147","3577"
"2147","3579"
"2147","552"
"2147","553"
"2147","554"
"2147","57121"
"2147","5737"
"2147","9170"
"2149","10672"
"2149","23236"
"2149","2768"
"2149","5330"
"2149","5331"
"2149","5332"
"2185","387"
"2205","2534"
"2205","6850"
"2206","2534"
"2206","6850"
"2207","2534"
"2207","6850"
"23566","10672"
"23566","23236"
"23566","2768"
"23566","5330"
"23566","5331"
"23566","5332"
"2549","6654"
"2549","6655"
"25759","6654"
"25759","6655"
"27128","375"
"2768","2185"
"2846","10672"
"2846","23236"
"2846","2768"
"2846","5330"
"2846","5331"
"2846","5332"
"2911","10672"
"2911","23236"
"2911","2768"
"2911","2778"
"2911","5330"
"2911","5331"
"2911","5332"
"2912","10672"
"2912","23236"
"2912","2768"
"2912","2778"
"2912","5330"
"2912","5331"
"2912","5332"
"2913","10672"
"2913","23236"
"2913","2768"
"2913","2778"
"2913","5330"
"2913","5331"
"2913","5332"
"2914","10672"
"2914","23236"
"2914","2768"
"2914","2778"
"2914","5330"
"2914","5331"
"2914","5332"
"2915","10672"
"2915","23236"
"2915","2768"
"2915","2778"
"2915","5330"
"2915","5331"
"2915","5332"
"2916","10672"
"2916","23236"
"2916","2768"
"2916","2778"
"2916","5330"
"2916","5331"
"2916","5332"
"2917","10672"
"2917","23236"
"2917","2768"
"2917","2778"
"2917","5330"
"2917","5331"
"2917","5332"
"2918","10672"
"2918","23236"
"2918","2768"
"2918","2778"
"2918","5330"
"2918","5331"
"2918","5332"
"3576","10161"
"3576","185"
"3576","1902"
"3576","2149"
"3576","23566"
"3576","2846"
"3576","2911"
"3576","2912"
"3576","2913"
"3576","2914"
"3576","2915"
"3576","2916"
"3576","2917"
"3576","2918"
"3576","552"
"3576","553"
"3576","554"
"3576","57121"
"3576","5737"
"3576","9170"
"3577","10672"
"3577","23236"
"3577","2768"
"3577","2778"
"3577","5330"
"3577","5331"
"3577","5332"
"3579","10672"
"3579","23236"
"3579","2768"
"3579","2778"
"3579","5330"
"3579","5331"
"3579","5332"
"3643","2549"
"3643","2885"
"3643","5781"
"3643","9846"
"375","5337"
"375","5338"
"3815","2549"
"3815","2885"
"3815","5290"
"3815","5291"
"3815","5293"
"3815","5295"
"3815","5296"
"3815","5781"
"3815","8503"
"3815","9846"
"382","5337"
"382","5338"
"387","5337"
"387","5338"
"399694","6654"
"399694","6655"
"5156","2885"
"5156","5290"
"5156","5291"
"5156","5293"
"5156","5295"
"5156","5296"
"5156","5781"
"5156","8503"
"5156","9846"
"5159","2885"
"5159","5290"
"5159","5291"
"5159","5293"
"5159","5295"
"5159","5296"
"5159","5781"
"5159","8503"
"5159","9846"
"53358","6654"
"53358","6655"
"551","10161"
"551","185"
"551","1902"
"551","2149"
"551","23566"
"551","2846"
"551","2911"
"551","2912"
"551","2913"
"551","2914"
"551","2915"
"551","2916"
"551","2917"
"551","2918"
"551","3577"
"551","3579"
"551","552"
"551","553"
"551","554"
"551","57121"
"551","5737"
"551","9170"
"552","10672"
"552","23236"
"552","2768"
"552","2778"
"552","5330"
"552","5331"
"552","5332"
"553","10672"
"553","23236"
"553","2768"
"553","2778"
"553","5330"
"553","5331"
"553","5332"
"554","10672"
"554","23236"
"554","2768"
"554","2778"
"554","5330"
"554","5331"
"554","5332"
"5578","5337"
"5578","5338"
"57121","10672"
"57121","23236"
"57121","2768"
"57121","5330"
"57121","5331"
"57121","5332"
"5737","10672"
"5737","23236"
"5737","2768"
"5737","2778"
"5737","5330"
"5737","5331"
"5737","5332"
"5781","6654"
"5781","6655"
"6009","2475"
"6464","6654"
"6464","6655"
"6850","9846"
"7248","6009"
"7249","6009"
"9170","10672"
"9170","23236"
"9170","2768"
"9170","5330"
"9170","5331"
"9170","5332"
"9265","375"
"9266","375"
"9267","375"
"9846","6654"
"9846","6655"
"100169851","1134"
"100169851","1135"
"100169851","1136"
"100169851","1137"
"100169851","1138"
"100169851","1139"
"100169851","1140"
"100169851","1141"
"100169851","1142"
"100169851","1143"
"100169851","1144"
"100169851","1145"
"100169851","1146"
"100169851","55584"
"100169851","57053"
"100169851","8973"
"10022","122042"
"10022","339403"
"10022","51289"
"10022","59350"
"100506013","187"
"10874","10316"
"10874","56923"
"10911","2837"
"113091","5745"
"113091","5746"
"114131","1394"
"114131","1395"
"117579","122042"
"117579","339403"
"117579","51289"
"117579","59350"
"129521","10316"
"129521","56923"
"130574","1134"
"130574","1135"
"130574","1136"
"130574","1137"
"130574","1138"
"130574","1139"
"130574","1140"
"130574","1141"
"130574","1142"
"130574","1143"
"130574","1144"
"130574","1145"
"130574","1146"
"130574","55584"
"130574","57053"
"130574","8973"
"130576","1134"
"130576","1135"
"130576","1136"
"130576","1137"
"130576","1138"
"130576","1139"
"130576","1140"
"130576","1141"
"130576","1142"
"130576","1143"
"130576","1144"
"130576","1145"
"130576","1146"
"130576","55584"
"130576","57053"
"130576","8973"
"1325","6751"
"1325","6752"
"1325","6753"
"1325","6754"
"1325","6755"
"133","10203"
"133","799"
"1511","2149"
"1511","2150"
"1511","2151"
"1511","56288"
"1511","9002"
"160065","1134"
"160065","1135"
"160065","1136"
"160065","1137"
"160065","1138"
"160065","1139"
"160065","1140"
"160065","1141"
"160065","1142"
"160065","1143"
"160065","1144"
"160065","1145"
"160065","1146"
"160065","55584"
"160065","57053"
"160065","8973"
"183","186"
"183","4142"
"1906","1910"
"1907","1910"
"1908","1910"
"2147","2150"
"2147","2151"
"2147","56288"
"2147","9002"
"255061","6869"
"256933","2831"
"256933","2832"
"257313","2837"
"2641","2642"
"2641","9340"
"2691","2692"
"2796","2798"
"2797","2798"
"283869","2831"
"283869","2832"
"2922","2925"
"2922","4829"
"2922","680"
"3001","2149"
"3001","2150"
"3001","2151"
"3001","56288"
"3001","9002"
"3060","3061"
"3060","3062"
"3375","10203"
"3375","799"
"347148","84109"
"3640","122042"
"3640","339403"
"3640","51289"
"3640","59350"
"3814","84634"
"3827","623"
"399967","1134"
"399967","1135"
"399967","1136"
"399967","1137"
"399967","1138"
"399967","1139"
"399967","1140"
"399967","1141"
"399967","1142"
"399967","1143"
"399967","1144"
"399967","1145"
"399967","1146"
"399967","55584"
"399967","57053"
"399967","8973"
"399968","1134"
"399968","1135"
"399968","1136"
"399968","1137"
"399968","1138"
"399968","1139"
"399968","1140"
"399968","1141"
"399968","1142"
"399968","1143"
"399968","1144"
"399968","1145"
"399968","1146"
"399968","55584"
"399968","57053"
"399968","8973"
"4295","2862"
"432355","1134"
"432355","1135"
"432355","1136"
"432355","1137"
"432355","1138"
"432355","1139"
"432355","1140"
"432355","1141"
"432355","1142"
"432355","1143"
"432355","1144"
"432355","1145"
"432355","1146"
"432355","55584"
"432355","57053"
"432355","8973"
"4828","2925"
"4828","4829"
"4828","680"
"4852","100996758"
"4852","10888"
"4852","4887"
"4852","4889"
"4852","5540"
"4922","23620"
"4922","4923"
"51052","2834"
"51083","2587"
"51083","8484"
"51083","8811"
"5173","4985"
"5173","4986"
"5173","4987"
"5173","4988"
"5179","4985"
"5179","4986"
"5179","4987"
"5179","4988"
"5340","2149"
"5340","2150"
"5340","2151"
"5340","56288"
"5340","9002"
"5367","2847"
"5367","84539"
"5368","4985"
"5368","4986"
"5368","4987"
"5368","4988"
"5443","4157"
"5443","4159"
"5443","4160"
"5443","4161"
"5443","4985"
"5443","4986"
"5443","4987"
"5443","4988"
"5539","100996758"
"5539","10888"
"5539","4886"
"5539","4887"
"5539","4889"
"5539","5540"
"5644","2149"
"5644","2150"
"5644","2151"
"5644","56288"
"5644","9002"
"5645","2149"
"5645","2150"
"5645","2151"
"5645","56288"
"5645","9002"
"5646","2149"
"5646","2150"
"5646","2151"
"5646","56288"
"5646","9002"
"5697","100996758"
"5697","10888"
"5697","4886"
"5697","4887"
"5697","4889"
"5697","5540"
"57152","1134"
"57152","1135"
"57152","1136"
"57152","1137"
"57152","1138"
"57152","1139"
"57152","1140"
"57152","1141"
"57152","1142"
"57152","1143"
"57152","1144"
"57152","1145"
"57152","1146"
"57152","55584"
"57152","57053"
"57152","8973"
"5741","5745"
"5741","5746"
"594857","387129"
"6013","122042"
"6013","339403"
"6013","51289"
"6013","59350"
"6019","122042"
"6019","339403"
"6019","51289"
"6019","59350"
"6343","6344"
"64111","10886"
"64111","64106"
"66004","1134"
"66004","1135"
"66004","1136"
"66004","1137"
"66004","1138"
"66004","1139"
"66004","1140"
"66004","1141"
"66004","1142"
"66004","1143"
"66004","1144"
"66004","1145"
"66004","1146"
"66004","55584"
"66004","57053"
"66004","8973"
"6750","6753"
"6750","6754"
"6863","6865"
"6863","6869"
"6866","6870"
"718","719"
"7200","7201"
"727","728"
"7349","1394"
"7349","1395"
"7425","719"
"7432","7433"
"796","10203"
"796","799"
"797","10203"
"797","799"
"79924","10203"
"79924","799"
"80763","2587"
"80763","8484"
"80763","8811"
"85569","2587"
"85569","8484"
"85569","8811"
"8620","10886"
"8620","64106"
"885","886"
"885","887"
"8862","187"
"90226","1394"
"90226","1395"
"1017","1027"
"1017","1028"
"1017","1869"
"1017","1870"
"1017","1871"
"1017","51343"
"1017","5925"
"1017","990"
"1019","5933"
"1019","5934"
"1021","5925"
"1021","5933"
"1021","5934"
"1022","1017"
"1022","983"
"1026","1017"
"1026","1021"
"1026","26271"
"1026","595"
"1026","890"
"1026","8900"
"1026","894"
"1026","896"
"1026","898"
"1026","9134"
"1027","1017"
"1027","890"
"1027","8900"
"1028","1017"
"1028","890"
"1028","8900"
"1029","1021"
"1029","595"
"1029","894"
"1029","896"
"1030","1019"
"1030","1021"
"1030","595"
"1030","894"
"1030","896"
"1031","1021"
"1031","595"
"1031","894"
"1031","896"
"1032","1019"
"1032","1021"
"1032","595"
"1032","894"
"1032","896"
"10393","10744"
"10393","51343"
"10393","5347"
"10393","9232"
"10459","10393"
"10459","119504"
"10459","246184"
"10459","25847"
"10459","25906"
"10459","29882"
"10459","29945"
"10459","51433"
"10459","51434"
"10459","51529"
"10459","64682"
"10459","8697"
"10459","8881"
"10459","996"
"10744","9700"
"10912","5111"
"10912","85417"
"10912","891"
"10912","9133"
"1111","7157"
"1111","993"
"1111","994"
"1111","995"
"11200","7157"
"11200","993"
"11200","994"
"11200","995"
"119504","10744"
"119504","51343"
"119504","5347"
"119504","9232"
"1387","7157"
"1647","5111"
"1647","85417"
"1647","891"
"1647","9133"
"1869","898"
"1869","9134"
"1870","898"
"1870","9134"
"1871","898"
"1871","9134"
"1874","4609"
"1875","4609"
"2033","7157"
"246184","10744"
"246184","51343"
"246184","5347"
"246184","9232"
"25847","10744"
"25847","51343"
"25847","5347"
"25847","9232"
"25906","10744"
"25906","51343"
"25906","5347"
"25906","9232"
"26271","51343"
"2810","85417"
"2810","891"
"2810","9133"
"2932","595"
"2932","894"
"2932","896"
"29882","10744"
"29882","51343"
"29882","5347"
"29882","9232"
"29945","10744"
"29945","51343"
"29945","5347"
"29945","9232"
"4085","10393"
"4085","119504"
"4085","246184"
"4085","25847"
"4085","25906"
"4085","29882"
"4085","29945"
"4085","51433"
"4085","51434"
"4085","51529"
"4085","64682"
"4085","8697"
"4085","8881"
"4085","996"
"4087","1026"
"4087","1030"
"4087","4609"
"4088","1026"
"4088","1030"
"4088","4609"
"4089","1026"
"4089","1030"
"4089","4609"
"4193","5925"
"4609","7709"
"4616","5111"
"4616","85417"
"4616","891"
"4616","9133"
"472","1111"
"472","11200"
"494551","983"
"5111","1019"
"5111","1021"
"5111","595"
"5111","894"
"5111","896"
"51343","5347"
"51433","10744"
"51433","51343"
"51433","5347"
"51433","9232"
"51434","10744"
"51434","51343"
"51434","5347"
"51434","9232"
"51529","10744"
"51529","51343"
"51529","5347"
"51529","9232"
"5347","9088"
"5347","994"
"5347","995"
"545","1111"
"545","11200"
"545","7157"
"5591","7157"
"5933","4609"
"595","5925"
"595","5933"
"595","5934"
"64682","10744"
"64682","51343"
"64682","5347"
"64682","9232"
"6500","1017"
"6500","1026"
"6500","1027"
"6500","1028"
"6500","898"
"6500","9134"
"6502","1017"
"6502","1026"
"6502","1027"
"6502","1028"
"6502","898"
"6502","9134"
"701","10393"
"701","119504"
"701","246184"
"701","25847"
"701","25906"
"701","29882"
"701","29945"
"701","51433"
"701","51434"
"701","51529"
"701","64682"
"701","8697"
"701","8881"
"701","996"
"7027","4609"
"7027","898"
"7027","9134"
"7029","4609"
"7029","898"
"7029","9134"
"7040","4087"
"7040","4088"
"7042","4087"
"7042","4088"
"7043","4087"
"7043","4088"
"7157","10912"
"7157","1647"
"7157","2810"
"7157","4616"
"7272","8379"
"7465","983"
"7709","1030"
"8379","10459"
"8379","4085"
"8454","1017"
"8454","1026"
"8454","1027"
"8454","1028"
"8454","898"
"8454","9134"
"85417","5347"
"8555","10393"
"8555","119504"
"8555","246184"
"8555","25847"
"8555","25906"
"8555","29882"
"8555","29945"
"8555","51343"
"8555","51433"
"8555","51434"
"8555","51529"
"8555","64682"
"8555","8697"
"8555","8881"
"8555","996"
"8556","10393"
"8556","119504"
"8556","246184"
"8556","25847"
"8556","25906"
"8556","29882"
"8556","29945"
"8556","51343"
"8556","51433"
"8556","51434"
"8556","51529"
"8556","64682"
"8556","8697"
"8556","8881"
"8556","996"
"8697","10744"
"8697","51343"
"8697","5347"
"8697","9232"
"8881","10744"
"8881","51343"
"8881","5347"
"8881","9232"
"890","1869"
"890","1870"
"890","1871"
"890","51343"
"890","5925"
"890","990"
"8900","1869"
"8900","1870"
"8900","1871"
"8900","51343"
"8900","5925"
"8900","990"
"891","5347"
"894","5925"
"894","5933"
"894","5934"
"896","5925"
"896","5933"
"896","5934"
"898","1027"
"898","1028"
"898","5925"
"902","1017"
"902","983"
"9088","983"
"9133","5347"
"9134","1027"
"9134","1028"
"9134","5925"
"9184","10393"
"9184","119504"
"9184","246184"
"9184","25847"
"9184","25906"
"9184","29882"
"9184","29945"
"9184","51433"
"9184","51434"
"9184","51529"
"9184","64682"
"9184","8697"
"9184","8881"
"9184","996"
"9232","9700"
"9700","10274"
"9700","10735"
"9700","27127"
"9700","5885"
"9700","8243"
"9700","9126"
"983","5347"
"983","5925"
"991","10393"
"991","10744"
"991","119504"
"991","246184"
"991","25847"
"991","25906"
"991","29882"
"991","29945"
"991","51343"
"991","51433"
"991","51434"
"991","51529"
"991","64682"
"991","8697"
"991","8881"
"991","9232"
"991","996"
"993","1017"
"993","1019"
"993","1021"
"993","983"
"994","983"
"995","983"
"996","10744"
"996","51343"
"996","5347"
"996","9232"
"9978","1017"
"9978","1026"
"9978","1027"
"9978","1028"
"9978","898"
"9978","9134"
"100310812","995"
"100505767","995"
"100996746","995"
"1017","10393"
"1017","119504"
"1017","246184"
"1017","25847"
"1017","25906"
"1017","29882"
"1017","29945"
"1017","51433"
"1017","51434"
"1017","51529"
"1017","64682"
"1017","8697"
"1017","8881"
"1017","995"
"1017","996"
"102723555","995"
"102723849","995"
"10393","891"
"10393","9133"
"105180391","995"
"119504","891"
"119504","9133"
"1432","995"
"163688","5530"
"163688","5532"
"163688","5533"
"163688","5534"
"163688","5535"
"163688","815"
"163688","816"
"163688","817"
"163688","818"
"23291","26271"
"23291","286151"
"245711","995"
"246184","891"
"246184","9133"
"25847","891"
"25847","9133"
"25906","891"
"25906","9133"
"26271","991"
"27330","699"
"27330","9088"
"285955","995"
"286151","991"
"29882","891"
"29882","9133"
"29945","891"
"29945","9133"
"387778","995"
"388333","995"
"4342","5604"
"4342","9088"
"441272","995"
"441273","995"
"442590","995"
"51433","891"
"51433","9133"
"51434","891"
"51434","9133"
"51529","891"
"51529","9133"
"51806","5530"
"51806","5532"
"51806","5533"
"51806","5534"
"51806","5535"
"51806","815"
"51806","816"
"51806","817"
"51806","818"
"5347","132864"
"5347","22849"
"5347","286151"
"5347","64506"
"5347","80315"
"5499","995"
"5500","995"
"5501","995"
"5515","286151"
"5515","9985"
"5516","286151"
"5516","9985"
"5518","286151"
"5518","9985"
"5519","286151"
"5519","9985"
"5525","9985"
"5526","9985"
"5527","9985"
"5528","9985"
"5529","9985"
"5530","10393"
"5530","119504"
"5530","246184"
"5530","25847"
"5530","25906"
"5530","29882"
"5530","29945"
"5530","51433"
"5530","51434"
"5530","51529"
"5530","64682"
"5530","8697"
"5530","8881"
"5530","991"
"5530","996"
"5532","10393"
"5532","119504"
"5532","246184"
"5532","25847"
"5532","25906"
"5532","29882"
"5532","29945"
"5532","51433"
"5532","51434"
"5532","51529"
"5532","64682"
"5532","8697"
"5532","8881"
"5532","991"
"5532","996"
"5533","10393"
"5533","119504"
"5533","246184"
"5533","25847"
"5533","25906"
"5533","29882"
"5533","29945"
"5533","51433"
"5533","51434"
"5533","51529"
"5533","64682"
"5533","8697"
"5533","8881"
"5533","991"
"5533","996"
"5534","10393"
"5534","119504"
"5534","246184"
"5534","25847"
"5534","25906"
"5534","29882"
"5534","29945"
"5534","51433"
"5534","51434"
"5534","51529"
"5534","64682"
"5534","8697"
"5534","8881"
"5534","991"
"5534","996"
"5535","10393"
"5535","119504"
"5535","246184"
"5535","25847"
"5535","25906"
"5535","29882"
"5535","29945"
"5535","51433"
"5535","51434"
"5535","51529"
"5535","64682"
"5535","8697"
"5535","8881"
"5535","991"
"5535","996"
"5566","995"
"5567","995"
"5568","995"
"5594","27330"
"5594","6195"
"5594","6196"
"5594","6197"
"5595","27330"
"5595","6195"
"5595","6196"
"5595","6197"
"5600","995"
"5603","995"
"6195","699"
"6195","9088"
"6196","699"
"6196","9088"
"6197","699"
"6197","9088"
"6300","995"
"64682","891"
"64682","9133"
"6500","26271"
"6500","286151"
"6790","132864"
"6790","22849"
"6790","64506"
"6790","80315"
"699","10459"
"699","4085"
"699","8379"
"729597","995"
"801","5530"
"801","5532"
"801","5533"
"801","5534"
"801","5535"
"801","815"
"801","816"
"801","817"
"801","818"
"805","5530"
"805","5532"
"805","5533"
"805","5534"
"805","5535"
"805","815"
"805","816"
"805","817"
"805","818"
"808","5530"
"808","5532"
"808","5533"
"808","5534"
"808","5535"
"808","815"
"808","816"
"808","817"
"808","818"
"810","5530"
"810","5532"
"810","5533"
"810","5534"
"810","5535"
"810","815"
"810","816"
"810","817"
"810","818"
"815","286151"
"815","995"
"816","286151"
"816","995"
"817","286151"
"817","995"
"818","286151"
"818","995"
"8379","10393"
"8379","119504"
"8379","246184"
"8379","25847"
"8379","25906"
"8379","29882"
"8379","29945"
"8379","51433"
"8379","51434"
"8379","51529"
"8379","64682"
"8379","8697"
"8379","8881"
"8379","996"
"8454","26271"
"8454","286151"
"8697","891"
"8697","9133"
"8881","891"
"8881","9133"
"891","286151"
"8945","26271"
"8945","286151"
"898","10393"
"898","119504"
"898","246184"
"898","25847"
"898","25906"
"898","29882"
"898","29945"
"898","51433"
"898","51434"
"898","51529"
"898","64682"
"898","8697"
"898","8881"
"898","996"
"9133","132864"
"9133","22849"
"9133","64506"
"9133","80315"
"9133","9748"
"9133","995"
"9134","10393"
"9134","119504"
"9134","246184"
"9134","25847"
"9134","25906"
"9134","29882"
"9134","29945"
"9134","51433"
"9134","51434"
"9134","51529"
"9134","64682"
"9134","8697"
"9134","8881"
"9134","996"
"91860","5530"
"91860","5532"
"91860","5533"
"91860","5534"
"91860","5535"
"91860","815"
"91860","816"
"91860","817"
"91860","818"
"9700","9985"
"9748","5347"
"983","132864"
"983","22849"
"983","286151"
"983","64506"
"983","80315"
"983","9748"
"983","995"
"991","891"
"991","9133"
"996","891"
"996","9133"
"9978","26271"
"9978","286151"
"10572","596"
"10572","598"
"10912","983"
"1647","983"
"27113","63970"
"27113","7157"
"2810","983"
"3486","3479"
"4194","4193"
"4194","7157"
"4616","983"
"7157","10572"
"7157","143686"
"7157","1643"
"7157","25898"
"7157","25946"
"7157","27244"
"7157","3486"
"7157","3732"
"7157","4193"
"7157","50484"
"7157","5054"
"7157","51246"
"7157","51512"
"7157","5268"
"7157","55240"
"7157","55367"
"7157","56475"
"7157","5728"
"7157","575"
"7157","6241"
"7157","64065"
"7157","64326"
"7157","64393"
"7157","6477"
"7157","7057"
"7157","7161"
"7157","7249"
"7157","83667"
"7157","84883"
"7157","8493"
"7157","8795"
"7157","8797"
"7157","900"
"7157","901"
"7157","9538"
"7157","9540"
"4357","27304"
"7263","27304"
"81605","27304"
"90353","348180"
"9054","27304"
"9054","4357"
"9054","7263"
"10282","6811"
"10282","9554"
"10282","9570"
"10652","10490"
"10652","143187"
"10652","8417"
"10652","9482"
"51272","6811"
"51272","9554"
"51272","9570"
"6843","112755"
"6843","2054"
"6843","6804"
"6843","6809"
"6843","6810"
"6843","8773"
"6844","112755"
"6844","2054"
"6844","6804"
"6844","6809"
"6844","6810"
"6844","8773"
"8674","10228"
"8674","10490"
"8674","112755"
"8674","143187"
"8674","2054"
"8674","6804"
"8674","6809"
"8674","6810"
"8674","8675"
"8674","8773"
"9341","112755"
"9341","2054"
"9341","6804"
"9341","6809"
"9341","6810"
"9341","8773"
"9554","53407"
"9554","55850"
"9554","662"
"10533","11337"
"10533","11345"
"10533","23710"
"10533","9140"
"115201","11337"
"115201","11345"
"115201","23710"
"23192","11337"
"23192","11345"
"23192","23710"
"2475","3476"
"2475","60673"
"2475","9706"
"2475","9776"
"3476","5515"
"3476","5516"
"55054","11337"
"55054","11345"
"55054","23710"
"55054","64422"
"5515","60673"
"5515","9706"
"5515","9776"
"5516","60673"
"5516","9706"
"5516","9776"
"57521","3476"
"57521","60673"
"57521","9706"
"57521","9776"
"64223","3476"
"64223","60673"
"64223","9706"
"64223","9776"
"64422","11337"
"64422","11345"
"64422","23710"
"83734","9140"
"84938","11337"
"84938","11345"
"84938","23710"
"84971","11337"
"84971","11345"
"84971","23710"
"9140","11337"
"9140","11345"
"9140","23710"
"9140","64422"
"9474","11337"
"9474","11345"
"9474","23710"
"9474","64422"
"9706","9776"
"10370","665"
"1457","139341"
"1459","139341"
"1460","139341"
"1869","664"
"192111","139341"
"22800","3091"
"22808","3091"
"2309","10370"
"283106","139341"
"285973","4286"
"285973","7030"
"285973","7942"
"29110","10133"
"29110","10241"
"29110","8878"
"3091","664"
"3091","665"
"3265","3091"
"3725","5071"
"3845","3091"
"468","5071"
"4893","3091"
"5071","285973"
"5071","55288"
"5071","55626"
"5071","55669"
"5071","79065"
"5071","89941"
"5071","9474"
"5071","9927"
"51024","64786"
"51024","79735"
"54543","65018"
"5970","664"
"598","192111"
"598","664"
"6233","5071"
"6237","3091"
"64786","11337"
"64786","11345"
"64786","23710"
"64786","338382"
"64786","440738"
"64786","643246"
"64786","7879"
"64786","81631"
"64786","84557"
"65018","441925"
"65018","5071"
"65018","55288"
"65018","598"
"65018","6233"
"65018","7311"
"65018","7314"
"65018","7316"
"65018","8678"
"65018","89941"
"65018","9927"
"6667","665"
"6714","139341"
"7157","665"
"7311","5071"
"7314","5071"
"7316","5071"
"79065","4286"
"79065","7030"
"79065","7942"
"79735","11337"
"79735","11345"
"79735","23710"
"79735","338382"
"79735","440738"
"79735","643246"
"79735","7879"
"79735","81631"
"79735","84557"
"8408","139341"
"9101","5071"
"9451","468"
"9474","4286"
"9474","7030"
"9474","7942"
"9927","5071"
"10010","140775"
"10325","2475"
"10325","57521"
"10325","64223"
"10325","64798"
"10325","84335"
"10533","440738"
"10533","643246"
"10533","81631"
"10533","84557"
"10645","5562"
"10645","5563"
"10670","2475"
"10670","57521"
"10670","64223"
"10670","64798"
"10670","84335"
"11152","55054"
"11152","89849"
"115201","440738"
"115201","643246"
"115201","81631"
"115201","84557"
"116442","8878"
"118471","6794"
"140775","116442"
"140775","4218"
"1612","441925"
"1612","8678"
"1613","441925"
"1613","8678"
"203228","116442"
"203228","4218"
"2081","5599"
"2081","5601"
"2081","5602"
"22800","5170"
"22808","5170"
"22863","29982"
"23192","440738"
"23192","643246"
"23192","81631"
"23192","84557"
"23604","441925"
"23604","8678"
"2475","8408"
"26100","55054"
"26100","89849"
"29110","140775"
"29982","5289"
"30849","5289"
"3091","54541"
"3146","441925"
"3146","8678"
"3265","5170"
"3480","22800"
"3480","22808"
"3480","3265"
"3480","3845"
"3480","4893"
"3480","6237"
"3630","22800"
"3630","22808"
"3630","3265"
"3630","3667"
"3630","3845"
"3630","4893"
"3630","6237"
"3630","8471"
"3630","8660"
"3708","441925"
"3708","8678"
"3845","5170"
"4218","8878"
"440275","1965"
"441925","29982"
"441925","5289"
"4893","5170"
"51100","285973"
"51100","7405"
"51100","79065"
"54541","7248"
"54541","7249"
"55014","22863"
"55054","440738"
"55054","643246"
"55054","81631"
"55054","84557"
"55062","55054"
"55062","89849"
"5515","8408"
"5516","8408"
"55255","116442"
"55255","4218"
"55578","285973"
"55578","79065"
"5562","57521"
"5562","7248"
"5562","7249"
"55626","441925"
"55626","7189"
"55626","8678"
"5563","57521"
"5563","7248"
"5563","7249"
"5566","11337"
"5566","11345"
"5566","23710"
"5566","440738"
"5566","5562"
"5566","5563"
"5566","643246"
"5566","81631"
"5566","8408"
"5566","84335"
"5566","84557"
"5566","9706"
"5566","9776"
"5567","11337"
"5567","11345"
"5567","23710"
"5567","440738"
"5567","5562"
"5567","5563"
"5567","643246"
"5567","81631"
"5567","8408"
"5567","84335"
"5567","84557"
"5567","9706"
"5567","9776"
"5568","11337"
"5568","11345"
"5568","23710"
"5568","440738"
"5568","5562"
"5568","5563"
"5568","643246"
"5568","81631"
"5568","8408"
"5568","84335"
"5568","84557"
"5568","9706"
"5568","9776"
"5580","5599"
"5580","5601"
"5580","5602"
"5588","11337"
"5588","11345"
"5588","23710"
"5588","440738"
"5588","643246"
"5588","81631"
"5588","84557"
"5594","7248"
"5594","7249"
"5595","7248"
"5595","7249"
"5599","596"
"5599","598"
"5601","596"
"5601","598"
"5602","596"
"5602","598"
"56270","55054"
"56270","89849"
"57521","6198"
"57521","6199"
"57521","8408"
"58476","11337"
"58476","11345"
"58476","23710"
"58476","440738"
"58476","643246"
"58476","81631"
"58476","81671"
"58476","84557"
"58528","2475"
"58528","57521"
"58528","64223"
"58528","64798"
"58528","84335"
"5861","203228"
"596","441925"
"596","8678"
"598","441925"
"598","8678"
"6009","57521"
"6009","64223"
"6009","64798"
"6009","84335"
"6198","3667"
"6198","8471"
"6198","8660"
"6199","3667"
"6199","8471"
"6199","8660"
"6237","5170"
"64121","2475"
"64121","57521"
"64121","64223"
"64121","64798"
"64121","84335"
"64223","6198"
"64223","6199"
"64223","8408"
"64422","440738"
"64422","643246"
"64422","81631"
"64422","84557"
"64798","2475"
"64798","3476"
"64798","6198"
"64798","6199"
"64798","8408"
"64798","9706"
"64798","9776"
"664","596"
"664","598"
"664","6009"
"6885","5562"
"6885","5563"
"7189","8408"
"7189","9706"
"7405","22863"
"7405","441925"
"7405","8678"
"7405","9711"
"81671","441925"
"81671","8678"
"83452","55054"
"83452","89849"
"8408","140775"
"8408","22863"
"8408","23130"
"8408","441925"
"8408","55102"
"8408","55626"
"8408","8678"
"8408","9776"
"8408","9821"
"84335","2475"
"84335","3476"
"84335","57521"
"84335","6198"
"84335","6199"
"84335","8408"
"84335","9706"
"84335","9776"
"84938","440738"
"84938","643246"
"84938","81631"
"84938","84557"
"84971","440738"
"84971","643246"
"84971","81631"
"84971","84557"
"8678","29982"
"8678","5289"
"8837","64422"
"89849","11337"
"89849","11345"
"89849","23710"
"89849","440738"
"89849","643246"
"89849","64422"
"89849","81631"
"89849","84557"
"9140","440738"
"9140","643246"
"9140","81631"
"9140","84557"
"9451","1965"
"9474","440738"
"9474","643246"
"9474","81631"
"9474","84557"
"9706","140775"
"9706","22863"
"9706","23130"
"9706","441925"
"9706","55102"
"9706","55626"
"9706","8678"
"9706","9821"
"9711","5289"
"9776","22863"
"9776","285973"
"9776","79065"
"9776","81671"
"9821","55054"
"9821","89849"
"10113","51128"
"10113","56681"
"1388","1649"
"1649","596"
"1965","468"
"2081","7186"
"2081","7494"
"22926","1649"
"23645","1965"
"258010","165324"
"258010","23190"
"258010","51035"
"258010","55666"
"258010","55968"
"258010","7993"
"258010","80700"
"30001","10130"
"30001","10961"
"30001","5034"
"30001","81567"
"30001","9601"
"4217","5609"
"468","1649"
"468","23645"
"4780","1649"
"56605","10130"
"56605","10961"
"56605","5034"
"56605","81567"
"56605","9601"
"578","823"
"578","824"
"581","823"
"581","824"
"7466","1388"
"7466","22926"
"7494","1649"
"823","100506742"
"824","100506742"
"9451","4780"
"10062","19"
"10062","246"
"10062","7040"
"102","10461"
"10326","5175"
"10326","5777"
"10326","5781"
"10326","89790"
"10461","5594"
"10461","5595"
"1051","5468"
"1385","7040"
"1398","1793"
"1399","1793"
"140885","5175"
"140885","5777"
"140885","5781"
"140885","89790"
"1524","10461"
"1788","1844"
"1788","1846"
"1788","1847"
"1788","1849"
"1788","1850"
"1788","80824"
"1793","5879"
"1901","4772"
"1901","4773"
"1901","4775"
"1901","4776"
"2057","3717"
"23411","5087"
"23659","5467"
"23659","5468"
"26762","5879"
"3988","10062"
"3988","5467"
"3988","5468"
"3988","7376"
"4772","3091"
"4772","405"
"4773","3091"
"4773","405"
"4775","3091"
"4775","405"
"4776","3091"
"4776","405"
"487","815"
"487","816"
"487","817"
"487","818"
"488","815"
"488","816"
"488","817"
"488","818"
"489","815"
"489","816"
"489","817"
"489","818"
"5087","3586"
"51454","5879"
"5175","5777"
"5468","10461"
"5468","2621"
"5468","4240"
"55423","5175"
"55423","5777"
"55423","5781"
"55423","89790"
"5594","1051"
"5594","487"
"5594","488"
"5594","489"
"5594","5743"
"5595","1051"
"5595","487"
"5595","488"
"5595","489"
"5595","5743"
"5732","1385"
"5734","1385"
"5879","19"
"6868","10461"
"7376","19"
"7376","246"
"7376","7040"
"836","10396"
"836","114786"
"836","23200"
"836","23250"
"836","286046"
"836","286410"
"836","343702"
"836","389668"
"836","51761"
"836","55113"
"84868","5879"
"8754","10461"
"89790","5777"
"89790","5781"
"91937","5879"
"948","5604"
"948","5605"
"10000","107080638"
"10000","51256"
"10000","84335"
"10542","10325"
"10542","10670"
"10542","58528"
"10542","64121"
"10641","10325"
"10641","10670"
"107080638","6009"
"11211","1855"
"11211","1856"
"11211","1857"
"1147","2475"
"127124","10542"
"127124","28956"
"127124","389541"
"127124","55004"
"127124","8649"
"153129","10542"
"153129","28956"
"153129","389541"
"153129","55004"
"153129","8649"
"1855","2932"
"1856","2932"
"1857","2932"
"201163","10325"
"201163","10670"
"201163","58528"
"201163","64121"
"207","107080638"
"207","51256"
"207","84335"
"208","107080638"
"208","51256"
"208","84335"
"220441","10325"
"220441","10670"
"245973","10542"
"245973","28956"
"245973","389541"
"245973","55004"
"245973","8649"
"2475","23175"
"2475","2887"
"2475","387"
"2475","5578"
"2475","5579"
"2475","5582"
"2475","6249"
"2475","6446"
"2475","64900"
"2475","9663"
"2535","1855"
"2535","1856"
"2535","1857"
"27330","107080638"
"27330","51256"
"27330","7248"
"27330","7249"
"2887","3480"
"2887","3643"
"28956","10325"
"28956","10670"
"28956","58528"
"28956","64121"
"2932","107080638"
"2932","51256"
"2932","7248"
"2932","7249"
"3480","2885"
"3551","107080638"
"3551","51256"
"3551","7248"
"3551","7249"
"389541","10325"
"389541","10670"
"389541","58528"
"389541","64121"
"4040","1855"
"4040","1856"
"4040","1857"
"4041","1855"
"4041","1856"
"4041","1857"
"51256","6009"
"51382","10542"
"51382","28956"
"51382","389541"
"51382","55004"
"51382","8649"
"51384","11211"
"51384","2535"
"51384","4040"
"51384","4041"
"51384","7855"
"51384","7976"
"51384","8321"
"51384","8322"
"51384","8323"
"51384","8324"
"51384","8325"
"51384","8326"
"51606","10542"
"51606","28956"
"51606","389541"
"51606","55004"
"51606","8649"
"51719","5562"
"51719","5563"
"523","10542"
"523","28956"
"523","389541"
"523","55004"
"523","8649"
"525","10542"
"525","28956"
"525","389541"
"525","55004"
"525","8649"
"526","10542"
"526","28956"
"526","389541"
"526","55004"
"526","8649"
"528","10542"
"528","28956"
"528","389541"
"528","55004"
"528","8649"
"529","10542"
"529","28956"
"529","389541"
"529","55004"
"529","8649"
"5290","2475"
"5291","2475"
"5293","2475"
"5295","2475"
"5296","2475"
"534","10542"
"534","28956"
"534","389541"
"534","55004"
"534","8649"
"54361","11211"
"54361","2535"
"54361","4040"
"54361","4041"
"54361","7855"
"54361","7976"
"54361","8321"
"54361","8322"
"54361","8323"
"54361","8324"
"54361","8325"
"54361","8326"
"54468","10641"
"54468","8131"
"54468","9681"
"54541","107080638"
"54541","51256"
"55004","10325"
"55004","10670"
"55004","58528"
"55004","64121"
"55437","5562"
"55437","5563"
"5562","107080638"
"5562","2475"
"5562","51256"
"5563","107080638"
"5563","2475"
"5563","51256"
"5594","107080638"
"5594","51256"
"5595","107080638"
"5595","51256"
"57600","10325"
"57600","10670"
"57600","58528"
"57600","64121"
"6195","107080638"
"6195","51256"
"6195","7248"
"6195","7249"
"6196","107080638"
"6196","51256"
"6196","7248"
"6196","7249"
"6197","107080638"
"6197","51256"
"6197","7248"
"6197","7249"
"6198","1975"
"6199","1975"
"6396","10641"
"6396","8131"
"6396","9681"
"6502","10325"
"6502","10670"
"652968","54468"
"652968","6396"
"652968","79726"
"652968","81929"
"652968","84219"
"7132","3551"
"7471","11211"
"7471","2535"
"7471","4040"
"7471","4041"
"7471","7855"
"7471","7976"
"7471","8321"
"7471","8322"
"7471","8323"
"7471","8324"
"7471","8325"
"7471","8326"
"7472","11211"
"7472","2535"
"7472","4040"
"7472","4041"
"7472","7855"
"7472","7976"
"7472","8321"
"7472","8322"
"7472","8323"
"7472","8324"
"7472","8325"
"7472","8326"
"7473","11211"
"7473","2535"
"7473","4040"
"7473","4041"
"7473","7855"
"7473","7976"
"7473","8321"
"7473","8322"
"7473","8323"
"7473","8324"
"7473","8325"
"7473","8326"
"7474","11211"
"7474","2535"
"7474","4040"
"7474","4041"
"7474","7855"
"7474","7976"
"7474","8321"
"7474","8322"
"7474","8323"
"7474","8324"
"7474","8325"
"7474","8326"
"7475","11211"
"7475","2535"
"7475","4040"
"7475","4041"
"7475","7855"
"7475","7976"
"7475","8321"
"7475","8322"
"7475","8323"
"7475","8324"
"7475","8325"
"7475","8326"
"7476","11211"
"7476","2535"
"7476","4040"
"7476","4041"
"7476","7855"
"7476","7976"
"7476","8321"
"7476","8322"
"7476","8323"
"7476","8324"
"7476","8325"
"7476","8326"
"7477","11211"
"7477","2535"
"7477","4040"
"7477","4041"
"7477","7855"
"7477","7976"
"7477","8321"
"7477","8322"
"7477","8323"
"7477","8324"
"7477","8325"
"7477","8326"
"7478","11211"
"7478","2535"
"7478","4040"
"7478","4041"
"7478","7855"
"7478","7976"
"7478","8321"
"7478","8322"
"7478","8323"
"7478","8324"
"7478","8325"
"7478","8326"
"7479","11211"
"7479","2535"
"7479","4040"
"7479","4041"
"7479","7855"
"7479","7976"
"7479","8321"
"7479","8322"
"7479","8323"
"7479","8324"
"7479","8325"
"7479","8326"
"7480","11211"
"7480","2535"
"7480","4040"
"7480","4041"
"7480","7855"
"7480","7976"
"7480","8321"
"7480","8322"
"7480","8323"
"7480","8324"
"7480","8325"
"7480","8326"
"7481","11211"
"7481","2535"
"7481","4040"
"7481","4041"
"7481","7855"
"7481","7976"
"7481","8321"
"7481","8322"
"7481","8323"
"7481","8324"
"7481","8325"
"7481","8326"
"7482","11211"
"7482","2535"
"7482","4040"
"7482","4041"
"7482","7855"
"7482","7976"
"7482","8321"
"7482","8322"
"7482","8323"
"7482","8324"
"7482","8325"
"7482","8326"
"7483","11211"
"7483","2535"
"7483","4040"
"7483","4041"
"7483","7855"
"7483","7976"
"7483","8321"
"7483","8322"
"7483","8323"
"7483","8324"
"7483","8325"
"7483","8326"
"7484","11211"
"7484","2535"
"7484","4040"
"7484","4041"
"7484","7855"
"7484","7976"
"7484","8321"
"7484","8322"
"7484","8323"
"7484","8324"
"7484","8325"
"7484","8326"
"7855","1855"
"7855","1856"
"7855","1857"
"79726","10641"
"79726","8131"
"79726","9681"
"7976","1855"
"7976","1856"
"7976","1857"
"80326","11211"
"80326","2535"
"80326","4040"
"80326","4041"
"80326","7855"
"80326","7976"
"80326","8321"
"80326","8322"
"80326","8323"
"80326","8324"
"80326","8325"
"80326","8326"
"81029","11211"
"81029","2535"
"81029","4040"
"81029","4041"
"81029","7855"
"81029","7976"
"81029","8321"
"81029","8322"
"81029","8323"
"81029","8324"
"81029","8325"
"81029","8326"
"8131","10325"
"8131","10670"
"81617","5562"
"81617","5563"
"81929","10641"
"81929","8131"
"81929","9681"
"8321","1855"
"8321","1856"
"8321","1857"
"8322","1855"
"8322","1856"
"8322","1857"
"8323","1855"
"8323","1856"
"8323","1857"
"8324","1855"
"8324","1856"
"8324","1857"
"8325","1855"
"8325","1856"
"8325","1857"
"8326","1855"
"8326","1856"
"8326","1857"
"83667","54468"
"83667","6396"
"83667","79726"
"83667","81929"
"83667","84219"
"84219","10641"
"84219","8131"
"84219","9681"
"8503","2475"
"8649","10325"
"8649","10670"
"8649","58528"
"8649","64121"
"89780","11211"
"89780","2535"
"89780","4040"
"89780","4041"
"89780","7855"
"89780","7976"
"89780","8321"
"89780","8322"
"89780","8323"
"89780","8324"
"89780","8325"
"89780","8326"
"90423","10542"
"90423","28956"
"90423","389541"
"90423","55004"
"90423","8649"
"92335","5562"
"92335","5563"
"9296","10542"
"9296","28956"
"9296","389541"
"9296","55004"
"9296","8649"
"9550","10542"
"9550","28956"
"9550","389541"
"9550","55004"
"9550","8649"
"96459","10325"
"96459","10670"
"96459","58528"
"96459","64121"
"9681","10325"
"9681","10670"
"10000","10488"
"10000","1385"
"10000","1386"
"10000","1388"
"10000","148327"
"10000","3164"
"10000","4193"
"10000","468"
"10000","5894"
"10000","64764"
"10000","84699"
"10000","90993"
"10000","9586"
"10161","146850"
"10161","23533"
"10161","5294"
"1027","1021"
"1027","595"
"1027","894"
"1027","896"
"1027","898"
"1027","9134"
"10319","22801"
"10319","3655"
"10319","3672"
"10319","3673"
"10319","3674"
"10319","3675"
"10319","3676"
"10319","3678"
"10319","3679"
"10319","3680"
"10319","3685"
"10319","3688"
"10319","3690"
"10319","3691"
"10319","3693"
"10319","3694"
"10319","3695"
"10319","3696"
"10319","5747"
"10319","8515"
"10319","8516"
"10488","4170"
"10488","596"
"10681","146850"
"10681","23533"
"10681","5294"
"10971","2309"
"10971","572"
"1101","22801"
"1101","3655"
"1101","3672"
"1101","3673"
"1101","3674"
"1101","3675"
"1101","3676"
"1101","3678"
"1101","3679"
"1101","3680"
"1101","3685"
"1101","3688"
"1101","3690"
"1101","3691"
"1101","3693"
"1101","3694"
"1101","3695"
"1101","3696"
"1101","5747"
"1101","8515"
"1101","8516"
"11140","10000"
"11140","207"
"11140","208"
"1128","146850"
"1128","23533"
"1128","5294"
"1129","146850"
"1129","23533"
"1129","5294"
"117145","10000"
"117145","207"
"117145","208"
"118788","5290"
"118788","5291"
"118788","5293"
"118788","5295"
"118788","5296"
"118788","8503"
"1277","22801"
"1277","3655"
"1277","3672"
"1277","3673"
"1277","3674"
"1277","3675"
"1277","3676"
"1277","3678"
"1277","3679"
"1277","3680"
"1277","3685"
"1277","3688"
"1277","3690"
"1277","3691"
"1277","3693"
"1277","3694"
"1277","3695"
"1277","3696"
"1277","5747"
"1277","8515"
"1277","8516"
"1278","22801"
"1278","3655"
"1278","3672"
"1278","3673"
"1278","3674"
"1278","3675"
"1278","3676"
"1278","3678"
"1278","3679"
"1278","3680"
"1278","3685"
"1278","3688"
"1278","3690"
"1278","3691"
"1278","3693"
"1278","3694"
"1278","3695"
"1278","3696"
"1278","5747"
"1278","8515"
"1278","8516"
"1280","22801"
"1280","3655"
"1280","3672"
"1280","3673"
"1280","3674"
"1280","3675"
"1280","3676"
"1280","3678"
"1280","3679"
"1280","3680"
"1280","3685"
"1280","3688"
"1280","3690"
"1280","3691"
"1280","3693"
"1280","3694"
"1280","3695"
"1280","3696"
"1280","5747"
"1280","8515"
"1280","8516"
"1282","22801"
"1282","3655"
"1282","3672"
"1282","3673"
"1282","3674"
"1282","3675"
"1282","3676"
"1282","3678"
"1282","3679"
"1282","3680"
"1282","3685"
"1282","3688"
"1282","3690"
"1282","3691"
"1282","3693"
"1282","3694"
"1282","3695"
"1282","3696"
"1282","5747"
"1282","8515"
"1282","8516"
"1284","22801"
"1284","3655"
"1284","3672"
"1284","3673"
"1284","3674"
"1284","3675"
"1284","3676"
"1284","3678"
"1284","3679"
"1284","3680"
"1284","3685"
"1284","3688"
"1284","3690"
"1284","3691"
"1284","3693"
"1284","3694"
"1284","3695"
"1284","3696"
"1284","5747"
"1284","8515"
"1284","8516"
"1285","22801"
"1285","3655"
"1285","3672"
"1285","3673"
"1285","3674"
"1285","3675"
"1285","3676"
"1285","3678"
"1285","3679"
"1285","3680"
"1285","3685"
"1285","3688"
"1285","3690"
"1285","3691"
"1285","3693"
"1285","3694"
"1285","3695"
"1285","3696"
"1285","5747"
"1285","8515"
"1285","8516"
"1286","22801"
"1286","3655"
"1286","3672"
"1286","3673"
"1286","3674"
"1286","3675"
"1286","3676"
"1286","3678"
"1286","3679"
"1286","3680"
"1286","3685"
"1286","3688"
"1286","3690"
"1286","3691"
"1286","3693"
"1286","3694"
"1286","3695"
"1286","3696"
"1286","5747"
"1286","8515"
"1286","8516"
"1287","22801"
"1287","3655"
"1287","3672"
"1287","3673"
"1287","3674"
"1287","3675"
"1287","3676"
"1287","3678"
"1287","3679"
"1287","3680"
"1287","3685"
"1287","3688"
"1287","3690"
"1287","3691"
"1287","3693"
"1287","3694"
"1287","3695"
"1287","3696"
"1287","5747"
"1287","8515"
"1287","8516"
"1288","22801"
"1288","3655"
"1288","3672"
"1288","3673"
"1288","3674"
"1288","3675"
"1288","3676"
"1288","3678"
"1288","3679"
"1288","3680"
"1288","3685"
"1288","3688"
"1288","3690"
"1288","3691"
"1288","3693"
"1288","3694"
"1288","3695"
"1288","3696"
"1288","5747"
"1288","8515"
"1288","8516"
"1291","22801"
"1291","3655"
"1291","3672"
"1291","3673"
"1291","3674"
"1291","3675"
"1291","3676"
"1291","3678"
"1291","3679"
"1291","3680"
"1291","3685"
"1291","3688"
"1291","3690"
"1291","3691"
"1291","3693"
"1291","3694"
"1291","3695"
"1291","3696"
"1291","5747"
"1291","8515"
"1291","8516"
"1292","22801"
"1292","3655"
"1292","3672"
"1292","3673"
"1292","3674"
"1292","3675"
"1292","3676"
"1292","3678"
"1292","3679"
"1292","3680"
"1292","3685"
"1292","3688"
"1292","3690"
"1292","3691"
"1292","3693"
"1292","3694"
"1292","3695"
"1292","3696"
"1292","5747"
"1292","8515"
"1292","8516"
"1293","22801"
"1293","3655"
"1293","3672"
"1293","3673"
"1293","3674"
"1293","3675"
"1293","3676"
"1293","3678"
"1293","3679"
"1293","3680"
"1293","3685"
"1293","3688"
"1293","3690"
"1293","3691"
"1293","3693"
"1293","3694"
"1293","3695"
"1293","3696"
"1293","5747"
"1293","8515"
"1293","8516"
"1297","22801"
"1297","3655"
"1297","3672"
"1297","3673"
"1297","3674"
"1297","3675"
"1297","3676"
"1297","3678"
"1297","3679"
"1297","3680"
"1297","3685"
"1297","3688"
"1297","3690"
"1297","3691"
"1297","3693"
"1297","3694"
"1297","3695"
"1297","3696"
"1297","5747"
"1297","8515"
"1297","8516"
"1298","22801"
"1298","3655"
"1298","3672"
"1298","3673"
"1298","3674"
"1298","3675"
"1298","3676"
"1298","3678"
"1298","3679"
"1298","3680"
"1298","3685"
"1298","3688"
"1298","3690"
"1298","3691"
"1298","3693"
"1298","3694"
"1298","3695"
"1298","3696"
"1298","5747"
"1298","8515"
"1298","8516"
"1299","22801"
"1299","3655"
"1299","3672"
"1299","3673"
"1299","3674"
"1299","3675"
"1299","3676"
"1299","3678"
"1299","3679"
"1299","3680"
"1299","3685"
"1299","3688"
"1299","3690"
"1299","3691"
"1299","3693"
"1299","3694"
"1299","3695"
"1299","3696"
"1299","5747"
"1299","8515"
"1299","8516"
"1311","22801"
"1311","3655"
"1311","3672"
"1311","3673"
"1311","3674"
"1311","3675"
"1311","3676"
"1311","3678"
"1311","3679"
"1311","3680"
"1311","3685"
"1311","3688"
"1311","3690"
"1311","3691"
"1311","3693"
"1311","3694"
"1311","3695"
"1311","3696"
"1311","5747"
"1311","8515"
"1311","8516"
"131873","22801"
"131873","3655"
"131873","3672"
"131873","3673"
"131873","3674"
"131873","3675"
"131873","3676"
"131873","3678"
"131873","3679"
"131873","3680"
"131873","3685"
"131873","3688"
"131873","3690"
"131873","3691"
"131873","3693"
"131873","3694"
"131873","3695"
"131873","3696"
"131873","5747"
"131873","8515"
"131873","8516"
"1385","4170"
"1385","596"
"1386","4170"
"1386","596"
"1388","4170"
"1388","596"
"1436","2885"
"1436","3667"
"1440","2057"
"1440","2690"
"1440","3454"
"1440","3455"
"1440","3559"
"1440","3560"
"1440","3561"
"1440","3563"
"1440","3566"
"1440","3570"
"1440","3575"
"1440","3716"
"1440","3717"
"1440","3718"
"1440","5618"
"1440","9180"
"1442","1441"
"1442","2057"
"1442","3454"
"1442","3455"
"1442","3559"
"1442","3560"
"1442","3561"
"1442","3563"
"1442","3566"
"1442","3570"
"1442","3575"
"1442","3716"
"1442","3717"
"1442","3718"
"1442","5618"
"1442","9180"
"1443","1441"
"1443","2057"
"1443","3454"
"1443","3455"
"1443","3559"
"1443","3560"
"1443","3561"
"1443","3563"
"1443","3566"
"1443","3570"
"1443","3575"
"1443","3716"
"1443","3717"
"1443","3718"
"1443","5618"
"1443","9180"
"148327","4170"
"148327","596"
"1902","146850"
"1902","23533"
"1902","5294"
"1956","3667"
"1969","2885"
"1969","3667"
"200186","10000"
"200186","207"
"200186","208"
"2056","1441"
"2056","2690"
"2056","3454"
"2056","3455"
"2056","3559"
"2056","3560"
"2056","3561"
"2056","3563"
"2056","3566"
"2056","3570"
"2056","3575"
"2056","3716"
"2056","3717"
"2056","3718"
"2056","5618"
"2056","9180"
"2064","3667"
"2065","3667"
"2066","3667"
"207","10488"
"207","1385"
"207","1386"
"207","1388"
"207","148327"
"207","3164"
"207","4193"
"207","468"
"207","5894"
"207","64764"
"207","84699"
"207","90993"
"207","9586"
"208","10488"
"208","1385"
"208","1386"
"208","1388"
"208","148327"
"208","3164"
"208","4193"
"208","468"
"208","5894"
"208","64764"
"208","84699"
"208","90993"
"208","9586"
"2149","146850"
"2149","23533"
"2149","5294"
"2260","2885"
"2260","3667"
"2261","2885"
"2261","3667"
"2263","2885"
"2263","3667"
"2264","2885"
"2264","3667"
"22798","22801"
"22798","3655"
"22798","3672"
"22798","3673"
"22798","3674"
"22798","3675"
"22798","3676"
"22798","3678"
"22798","3679"
"22798","3680"
"22798","3685"
"22798","3688"
"22798","3690"
"22798","3691"
"22798","3693"
"22798","3694"
"22798","3695"
"22798","3696"
"22798","5747"
"22798","8515"
"22798","8516"
"23035","10000"
"23035","207"
"23035","208"
"2321","2885"
"2321","3667"
"2322","2885"
"2322","3667"
"23239","10000"
"23239","207"
"23239","208"
"2324","2885"
"2324","3667"
"2335","22801"
"2335","3655"
"2335","3672"
"2335","3673"
"2335","3674"
"2335","3675"
"2335","3676"
"2335","3678"
"2335","3679"
"2335","3680"
"2335","3685"
"2335","3688"
"2335","3690"
"2335","3691"
"2335","3693"
"2335","3694"
"2335","3695"
"2335","3696"
"2335","5747"
"2335","8515"
"2335","8516"
"23566","146850"
"23566","23533"
"23566","5294"
"256076","22801"
"256076","3655"
"256076","3672"
"256076","3673"
"256076","3674"
"256076","3675"
"256076","3676"
"256076","3678"
"256076","3679"
"256076","3680"
"256076","3685"
"256076","3688"
"256076","3690"
"256076","3691"
"256076","3693"
"256076","3694"
"256076","3695"
"256076","3696"
"256076","5747"
"256076","8515"
"256076","8516"
"2688","1441"
"2688","2057"
"2688","3454"
"2688","3455"
"2688","3559"
"2688","3560"
"2688","3561"
"2688","3563"
"2688","3566"
"2688","3570"
"2688","3575"
"2688","3716"
"2688","3717"
"2688","3718"
"2688","5618"
"2688","9180"
"2689","1441"
"2689","2057"
"2689","3454"
"2689","3455"
"2689","3559"
"2689","3560"
"2689","3561"
"2689","3563"
"2689","3566"
"2689","3570"
"2689","3575"
"2689","3716"
"2689","3717"
"2689","3718"
"2689","5618"
"2689","9180"
"2782","146850"
"2782","23533"
"2782","5294"
"2783","146850"
"2783","23533"
"2783","5294"
"2784","146850"
"2784","23533"
"2784","5294"
"2785","146850"
"2785","23533"
"2785","5294"
"2786","146850"
"2786","23533"
"2786","5294"
"2787","146850"
"2787","23533"
"2787","5294"
"2788","146850"
"2788","23533"
"2788","5294"
"2790","146850"
"2790","23533"
"2790","5294"
"2791","146850"
"2791","23533"
"2791","5294"
"2792","146850"
"2792","23533"
"2792","5294"
"2793","146850"
"2793","23533"
"2793","5294"
"284217","22801"
"284217","3655"
"284217","3672"
"284217","3673"
"284217","3674"
"284217","3675"
"284217","3676"
"284217","3678"
"284217","3679"
"284217","3680"
"284217","3685"
"284217","3688"
"284217","3690"
"284217","3691"
"284217","3693"
"284217","3694"
"284217","3695"
"284217","3696"
"284217","5747"
"284217","8515"
"284217","8516"
"2846","146850"
"2846","23533"
"2846","5294"
"2932","2997"
"2932","2998"
"2932","4609"
"3164","596"
"3164","6256"
"3320","10000"
"3320","207"
"3320","208"
"3326","10000"
"3326","207"
"3326","208"
"3371","22801"
"3371","3655"
"3371","3672"
"3371","3673"
"3371","3674"
"3371","3675"
"3371","3676"
"3371","3678"
"3371","3679"
"3371","3680"
"3371","3685"
"3371","3688"
"3371","3690"
"3371","3691"
"3371","3693"
"3371","3694"
"3371","3695"
"3371","3696"
"3371","5747"
"3371","8515"
"3371","8516"
"3381","22801"
"3381","3655"
"3381","3672"
"3381","3673"
"3381","3674"
"3381","3675"
"3381","3676"
"3381","3678"
"3381","3679"
"3381","3680"
"3381","3685"
"3381","3688"
"3381","3690"
"3381","3691"
"3381","3693"
"3381","3694"
"3381","3695"
"3381","3696"
"3381","5747"
"3381","8515"
"3381","8516"
"3439","1441"
"3439","2057"
"3439","2690"
"3439","3559"
"3439","3560"
"3439","3561"
"3439","3563"
"3439","3566"
"3439","3570"
"3439","3575"
"3439","3716"
"3439","3717"
"3439","3718"
"3439","5618"
"3439","9180"
"3440","1441"
"3440","2057"
"3440","2690"
"3440","3559"
"3440","3560"
"3440","3561"
"3440","3563"
"3440","3566"
"3440","3570"
"3440","3575"
"3440","3716"
"3440","3717"
"3440","3718"
"3440","5618"
"3440","9180"
"3441","1441"
"3441","2057"
"3441","2690"
"3441","3559"
"3441","3560"
"3441","3561"
"3441","3563"
"3441","3566"
"3441","3570"
"3441","3575"
"3441","3716"
"3441","3717"
"3441","3718"
"3441","5618"
"3441","9180"
"3442","1441"
"3442","2057"
"3442","2690"
"3442","3559"
"3442","3560"
"3442","3561"
"3442","3563"
"3442","3566"
"3442","3570"
"3442","3575"
"3442","3716"
"3442","3717"
"3442","3718"
"3442","5618"
"3442","9180"
"3443","1441"
"3443","2057"
"3443","2690"
"3443","3559"
"3443","3560"
"3443","3561"
"3443","3563"
"3443","3566"
"3443","3570"
"3443","3575"
"3443","3716"
"3443","3717"
"3443","3718"
"3443","5618"
"3443","9180"
"3444","1441"
"3444","2057"
"3444","2690"
"3444","3559"
"3444","3560"
"3444","3561"
"3444","3563"
"3444","3566"
"3444","3570"
"3444","3575"
"3444","3716"
"3444","3717"
"3444","3718"
"3444","5618"
"3444","9180"
"3445","1441"
"3445","2057"
"3445","2690"
"3445","3559"
"3445","3560"
"3445","3561"
"3445","3563"
"3445","3566"
"3445","3570"
"3445","3575"
"3445","3716"
"3445","3717"
"3445","3718"
"3445","5618"
"3445","9180"
"3446","1441"
"3446","2057"
"3446","2690"
"3446","3559"
"3446","3560"
"3446","3561"
"3446","3563"
"3446","3566"
"3446","3570"
"3446","3575"
"3446","3716"
"3446","3717"
"3446","3718"
"3446","5618"
"3446","9180"
"3447","1441"
"3447","2057"
"3447","2690"
"3447","3559"
"3447","3560"
"3447","3561"
"3447","3563"
"3447","3566"
"3447","3570"
"3447","3575"
"3447","3716"
"3447","3717"
"3447","3718"
"3447","5618"
"3447","9180"
"3448","1441"
"3448","2057"
"3448","2690"
"3448","3559"
"3448","3560"
"3448","3561"
"3448","3563"
"3448","3566"
"3448","3570"
"3448","3575"
"3448","3716"
"3448","3717"
"3448","3718"
"3448","5618"
"3448","9180"
"3449","1441"
"3449","2057"
"3449","2690"
"3449","3559"
"3449","3560"
"3449","3561"
"3449","3563"
"3449","3566"
"3449","3570"
"3449","3575"
"3449","3716"
"3449","3717"
"3449","3718"
"3449","5618"
"3449","9180"
"3451","1441"
"3451","2057"
"3451","2690"
"3451","3559"
"3451","3560"
"3451","3561"
"3451","3563"
"3451","3566"
"3451","3570"
"3451","3575"
"3451","3716"
"3451","3717"
"3451","3718"
"3451","5618"
"3451","9180"
"3452","1441"
"3452","2057"
"3452","2690"
"3452","3559"
"3452","3560"
"3452","3561"
"3452","3563"
"3452","3566"
"3452","3570"
"3452","3575"
"3452","3716"
"3452","3717"
"3452","3718"
"3452","5618"
"3452","9180"
"3456","1441"
"3456","2057"
"3456","2690"
"3456","3559"
"3456","3560"
"3456","3561"
"3456","3563"
"3456","3566"
"3456","3570"
"3456","3575"
"3456","3716"
"3456","3717"
"3456","3718"
"3456","5618"
"3456","9180"
"3558","1441"
"3558","2057"
"3558","2690"
"3558","3454"
"3558","3455"
"3558","3563"
"3558","3566"
"3558","3570"
"3558","3575"
"3558","3716"
"3558","3717"
"3558","3718"
"3558","5618"
"3558","9180"
"3562","1441"
"3562","2057"
"3562","2690"
"3562","3454"
"3562","3455"
"3562","3559"
"3562","3560"
"3562","3561"
"3562","3566"
"3562","3570"
"3562","3575"
"3562","3716"
"3562","3717"
"3562","3718"
"3562","5618"
"3562","9180"
"3565","1441"
"3565","2057"
"3565","2690"
"3565","3454"
"3565","3455"
"3565","3559"
"3565","3560"
"3565","3563"
"3565","3570"
"3565","3575"
"3565","3716"
"3565","3717"
"3565","3718"
"3565","5618"
"3565","9180"
"3569","1441"
"3569","2057"
"3569","2690"
"3569","3454"
"3569","3455"
"3569","3559"
"3569","3560"
"3569","3561"
"3569","3563"
"3569","3566"
"3569","3575"
"3569","3716"
"3569","3717"
"3569","3718"
"3569","5618"
"3569","9180"
"3574","1441"
"3574","2057"
"3574","2690"
"3574","3454"
"3574","3455"
"3574","3559"
"3574","3560"
"3574","3563"
"3574","3566"
"3574","3570"
"3574","3716"
"3574","3717"
"3574","3718"
"3574","5618"
"3574","9180"
"3716","5290"
"3716","5291"
"3716","5293"
"3716","5295"
"3716","5296"
"3716","8503"
"3717","5290"
"3717","5291"
"3717","5293"
"3717","5295"
"3717","5296"
"3717","8503"
"3718","5290"
"3718","5291"
"3718","5293"
"3718","5295"
"3718","5296"
"3718","8503"
"3791","2885"
"3791","3667"
"3815","3667"
"3908","22801"
"3908","3655"
"3908","3672"
"3908","3673"
"3908","3674"
"3908","3675"
"3908","3676"
"3908","3678"
"3908","3679"
"3908","3680"
"3908","3685"
"3908","3688"
"3908","3690"
"3908","3691"
"3908","3693"
"3908","3694"
"3908","3695"
"3908","3696"
"3908","5747"
"3908","8515"
"3908","8516"
"3909","22801"
"3909","3655"
"3909","3672"
"3909","3673"
"3909","3674"
"3909","3675"
"3909","3676"
"3909","3678"
"3909","3679"
"3909","3680"
"3909","3685"
"3909","3688"
"3909","3690"
"3909","3691"
"3909","3693"
"3909","3694"
"3909","3695"
"3909","3696"
"3909","5747"
"3909","8515"
"3909","8516"
"3910","22801"
"3910","3655"
"3910","3672"
"3910","3673"
"3910","3674"
"3910","3675"
"3910","3676"
"3910","3678"
"3910","3679"
"3910","3680"
"3910","3685"
"3910","3688"
"3910","3690"
"3910","3691"
"3910","3693"
"3910","3694"
"3910","3695"
"3910","3696"
"3910","5747"
"3910","8515"
"3910","8516"
"3911","22801"
"3911","3655"
"3911","3672"
"3911","3673"
"3911","3674"
"3911","3675"
"3911","3676"
"3911","3678"
"3911","3679"
"3911","3680"
"3911","3685"
"3911","3688"
"3911","3690"
"3911","3691"
"3911","3693"
"3911","3694"
"3911","3695"
"3911","3696"
"3911","5747"
"3911","8515"
"3911","8516"
"3912","22801"
"3912","3655"
"3912","3672"
"3912","3673"
"3912","3674"
"3912","3675"
"3912","3676"
"3912","3678"
"3912","3679"
"3912","3680"
"3912","3685"
"3912","3688"
"3912","3690"
"3912","3691"
"3912","3693"
"3912","3694"
"3912","3695"
"3912","3696"
"3912","5747"
"3912","8515"
"3912","8516"
"3913","22801"
"3913","3655"
"3913","3672"
"3913","3673"
"3913","3674"
"3913","3675"
"3913","3676"
"3913","3678"
"3913","3679"
"3913","3680"
"3913","3685"
"3913","3688"
"3913","3690"
"3913","3691"
"3913","3693"
"3913","3694"
"3913","3695"
"3913","3696"
"3913","5747"
"3913","8515"
"3913","8516"
"3914","22801"
"3914","3655"
"3914","3672"
"3914","3673"
"3914","3674"
"3914","3675"
"3914","3676"
"3914","3678"
"3914","3679"
"3914","3680"
"3914","3685"
"3914","3688"
"3914","3690"
"3914","3691"
"3914","3693"
"3914","3694"
"3914","3695"
"3914","3696"
"3914","5747"
"3914","8515"
"3914","8516"
"3915","22801"
"3915","3655"
"3915","3672"
"3915","3673"
"3915","3674"
"3915","3675"
"3915","3676"
"3915","3678"
"3915","3679"
"3915","3680"
"3915","3685"
"3915","3688"
"3915","3690"
"3915","3691"
"3915","3693"
"3915","3694"
"3915","3695"
"3915","3696"
"3915","5747"
"3915","8515"
"3915","8516"
"3918","22801"
"3918","3655"
"3918","3672"
"3918","3673"
"3918","3674"
"3918","3675"
"3918","3676"
"3918","3678"
"3918","3679"
"3918","3680"
"3918","3685"
"3918","3688"
"3918","3690"
"3918","3691"
"3918","3693"
"3918","3694"
"3918","3695"
"3918","3696"
"3918","5747"
"3918","8515"
"3918","8516"
"4233","2885"
"4233","3667"
"4515","10000"
"4515","207"
"4515","208"
"468","4170"
"468","596"
"4790","4602"
"4804","2885"
"4804","3667"
"4914","2885"
"4914","3667"
"4915","2885"
"4915","3667"
"5008","1441"
"5008","2057"
"5008","2690"
"5008","3454"
"5008","3455"
"5008","3559"
"5008","3560"
"5008","3561"
"5008","3563"
"5008","3566"
"5008","3570"
"5008","3575"
"5008","3716"
"5008","3717"
"5008","3718"
"5008","5618"
"5156","3667"
"5159","3667"
"5170","29941"
"5170","5578"
"5170","5585"
"5170","5586"
"5170","6198"
"5170","6199"
"51764","146850"
"51764","23533"
"51764","5294"
"54331","146850"
"54331","23533"
"54331","5294"
"55970","146850"
"55970","23533"
"55970","5294"
"5617","1441"
"5617","2057"
"5617","2690"
"5617","3454"
"5617","3455"
"5617","3559"
"5617","3560"
"5617","3561"
"5617","3563"
"5617","3566"
"5617","3570"
"5617","3575"
"5617","3716"
"5617","3717"
"5617","3718"
"5617","9180"
"5649","22801"
"5649","3655"
"5649","3672"
"5649","3673"
"5649","3674"
"5649","3675"
"5649","3676"
"5649","3678"
"5649","3679"
"5649","3680"
"5649","3685"
"5649","3688"
"5649","3690"
"5649","3691"
"5649","3693"
"5649","3694"
"5649","3695"
"5649","3696"
"5649","5747"
"5649","8515"
"5649","8516"
"57121","146850"
"57121","23533"
"57121","5294"
"57521","1978"
"5879","5290"
"5879","5291"
"5879","5293"
"5879","5295"
"5879","5296"
"5879","8503"
"59345","146850"
"59345","23533"
"59345","5294"
"5970","4602"
"5979","2885"
"5979","3667"
"63923","22801"
"63923","3655"
"63923","3672"
"63923","3673"
"63923","3674"
"63923","3675"
"63923","3676"
"63923","3678"
"63923","3679"
"63923","3680"
"63923","3685"
"63923","3688"
"63923","3690"
"63923","3691"
"63923","3693"
"63923","3694"
"63923","3695"
"63923","3696"
"63923","5747"
"63923","8515"
"63923","8516"
"64223","1978"
"64764","4170"
"64764","596"
"6696","22801"
"6696","3655"
"6696","3672"
"6696","3673"
"6696","3674"
"6696","3675"
"6696","3676"
"6696","3678"
"6696","3679"
"6696","3680"
"6696","3685"
"6696","3688"
"6696","3690"
"6696","3691"
"6696","3693"
"6696","3694"
"6696","3695"
"6696","3696"
"6696","5747"
"6696","8515"
"6696","8516"
"6850","930"
"7010","2885"
"7010","3667"
"7057","22801"
"7057","3655"
"7057","3672"
"7057","3673"
"7057","3674"
"7057","3675"
"7057","3676"
"7057","3678"
"7057","3679"
"7057","3680"
"7057","3685"
"7057","3688"
"7057","3690"
"7057","3691"
"7057","3693"
"7057","3694"
"7057","3695"
"7057","3696"
"7057","5747"
"7057","8515"
"7057","8516"
"7058","22801"
"7058","3655"
"7058","3672"
"7058","3673"
"7058","3674"
"7058","3675"
"7058","3676"
"7058","3678"
"7058","3679"
"7058","3680"
"7058","3685"
"7058","3688"
"7058","3690"
"7058","3691"
"7058","3693"
"7058","3694"
"7058","3695"
"7058","3696"
"7058","5747"
"7058","8515"
"7058","8516"
"7059","22801"
"7059","3655"
"7059","3672"
"7059","3673"
"7059","3674"
"7059","3675"
"7059","3676"
"7059","3678"
"7059","3679"
"7059","3680"
"7059","3685"
"7059","3688"
"7059","3690"
"7059","3691"
"7059","3693"
"7059","3694"
"7059","3695"
"7059","3696"
"7059","5747"
"7059","8515"
"7059","8516"
"7060","22801"
"7060","3655"
"7060","3672"
"7060","3673"
"7060","3674"
"7060","3675"
"7060","3676"
"7060","3678"
"7060","3679"
"7060","3680"
"7060","3685"
"7060","3688"
"7060","3690"
"7060","3691"
"7060","3693"
"7060","3694"
"7060","3695"
"7060","3696"
"7060","5747"
"7060","8515"
"7060","8516"
"7097","5879"
"7099","5879"
"7143","22801"
"7143","3655"
"7143","3672"
"7143","3673"
"7143","3674"
"7143","3675"
"7143","3676"
"7143","3678"
"7143","3679"
"7143","3680"
"7143","3685"
"7143","3688"
"7143","3690"
"7143","3691"
"7143","3693"
"7143","3694"
"7143","3695"
"7143","3696"
"7143","5747"
"7143","8515"
"7143","8516"
"7148","22801"
"7148","3655"
"7148","3672"
"7148","3673"
"7148","3674"
"7148","3675"
"7148","3676"
"7148","3678"
"7148","3679"
"7148","3680"
"7148","3685"
"7148","3688"
"7148","3690"
"7148","3691"
"7148","3693"
"7148","3694"
"7148","3695"
"7148","3696"
"7148","5747"
"7148","8515"
"7148","8516"
"7184","10000"
"7184","207"
"7184","208"
"7448","22801"
"7448","3655"
"7448","3672"
"7448","3673"
"7448","3674"
"7448","3675"
"7448","3676"
"7448","3678"
"7448","3679"
"7448","3680"
"7448","3685"
"7448","3688"
"7448","3690"
"7448","3691"
"7448","3693"
"7448","3694"
"7448","3695"
"7448","3696"
"7448","5747"
"7448","8515"
"7448","8516"
"7450","22801"
"7450","3655"
"7450","3672"
"7450","3673"
"7450","3674"
"7450","3675"
"7450","3676"
"7450","3678"
"7450","3679"
"7450","3680"
"7450","3685"
"7450","3688"
"7450","3690"
"7450","3691"
"7450","3693"
"7450","3694"
"7450","3695"
"7450","3696"
"7450","5747"
"7450","8515"
"7450","8516"
"7529","2309"
"7529","572"
"7531","2309"
"7531","572"
"7532","2309"
"7532","572"
"7533","2309"
"7533","572"
"7534","2309"
"7534","572"
"8115","10000"
"8115","207"
"8115","208"
"84699","4170"
"84699","596"
"90993","4170"
"90993","596"
"9170","146850"
"9170","23533"
"9170","5294"
"9223","5728"
"930","5290"
"930","5291"
"930","5293"
"930","5295"
"930","5296"
"930","8503"
"94235","146850"
"94235","23533"
"94235","5294"
"9586","4170"
"9586","596"
"9623","10000"
"9623","207"
"9623","208"
"9863","5728"
"10645","51422"
"10645","53632"
"10645","5564"
"10645","5565"
"10645","5571"
"10890","6517"
"10891","6517"
"1149","51422"
"1149","53632"
"1149","5562"
"1149","5563"
"1149","5564"
"1149","5565"
"1149","5571"
"148","51422"
"148","53632"
"148","5562"
"148","5563"
"148","5564"
"148","5565"
"148","5571"
"1994","595"
"1994","890"
"1994","8900"
"200186","10891"
"200186","5105"
"200186","5106"
"23216","10890"
"23216","4218"
"23216","51552"
"23216","5862"
"23216","9230"
"2475","5468"
"29904","1938"
"3172","2538"
"3172","5105"
"3172","5106"
"3172","57818"
"3172","92579"
"4218","6517"
"51422","1080"
"51422","10891"
"51422","1994"
"51422","200186"
"51422","23216"
"51422","23417"
"51422","2475"
"51422","29904"
"51422","2997"
"51422","2998"
"51422","31"
"51422","3156"
"51422","32"
"51422","3991"
"51422","5207"
"51422","5208"
"51422","5209"
"51422","5210"
"51422","57521"
"51422","6720"
"51422","7248"
"51422","7249"
"51422","84335"
"51422","948"
"51552","6517"
"51719","51422"
"51719","53632"
"51719","5564"
"51719","5565"
"51719","5571"
"53632","1080"
"53632","10891"
"53632","1994"
"53632","200186"
"53632","23216"
"53632","23417"
"53632","2475"
"53632","29904"
"53632","2997"
"53632","2998"
"53632","31"
"53632","3156"
"53632","32"
"53632","3991"
"53632","5207"
"53632","5208"
"53632","5209"
"53632","5210"
"53632","57521"
"53632","6720"
"53632","7248"
"53632","7249"
"53632","84335"
"53632","948"
"55437","51422"
"55437","53632"
"55437","5564"
"55437","5565"
"55437","5571"
"5562","1080"
"5562","10891"
"5562","1994"
"5562","200186"
"5562","23216"
"5562","23417"
"5562","29904"
"5562","2997"
"5562","2998"
"5562","31"
"5562","3156"
"5562","32"
"5562","3991"
"5562","5207"
"5562","5208"
"5562","5209"
"5562","5210"
"5562","6720"
"5562","84335"
"5562","948"
"5563","1080"
"5563","10891"
"5563","1994"
"5563","200186"
"5563","23216"
"5563","23417"
"5563","29904"
"5563","2997"
"5563","2998"
"5563","31"
"5563","3156"
"5563","32"
"5563","3991"
"5563","5207"
"5563","5208"
"5563","5209"
"5563","5210"
"5563","6720"
"5563","84335"
"5563","948"
"5564","1080"
"5564","10891"
"5564","1994"
"5564","200186"
"5564","23216"
"5564","23417"
"5564","2475"
"5564","29904"
"5564","2997"
"5564","2998"
"5564","31"
"5564","3156"
"5564","32"
"5564","3991"
"5564","5207"
"5564","5208"
"5564","5209"
"5564","5210"
"5564","57521"
"5564","6720"
"5564","7248"
"5564","7249"
"5564","84335"
"5564","948"
"5565","1080"
"5565","10891"
"5565","1994"
"5565","200186"
"5565","23216"
"5565","23417"
"5565","2475"
"5565","29904"
"5565","2997"
"5565","2998"
"5565","31"
"5565","3156"
"5565","32"
"5565","3991"
"5565","5207"
"5565","5208"
"5565","5209"
"5565","5210"
"5565","57521"
"5565","6720"
"5565","7248"
"5565","7249"
"5565","84335"
"5565","948"
"5571","1080"
"5571","10891"
"5571","1994"
"5571","200186"
"5571","23216"
"5571","23417"
"5571","2475"
"5571","29904"
"5571","2997"
"5571","2998"
"5571","31"
"5571","3156"
"5571","32"
"5571","3991"
"5571","5207"
"5571","5208"
"5571","5209"
"5571","5210"
"5571","57521"
"5571","6720"
"5571","7248"
"5571","7249"
"5571","84335"
"5571","948"
"57521","5468"
"5862","6517"
"6720","2194"
"6720","31"
"6720","6319"
"6720","79966"
"6885","51422"
"6885","53632"
"6885","5564"
"6885","5565"
"6885","5571"
"81617","51422"
"81617","53632"
"81617","5564"
"81617","5565"
"81617","5571"
"84335","1978"
"84335","5468"
"9230","6517"
"92335","51422"
"92335","53632"
"92335","5564"
"92335","5565"
"92335","5571"
"9370","51094"
"9370","79602"
"100506742","836"
"100506742","840"
"1075","329"
"1075","330"
"1075","331"
"1075","332"
"1075","596"
"1075","598"
"1075","637"
"1147","4792"
"1439","3265"
"1439","3845"
"1439","4893"
"1439","5290"
"1439","5291"
"1439","5293"
"1439","5295"
"1439","5296"
"1439","8503"
"1508","329"
"1508","330"
"1508","331"
"1508","332"
"1508","596"
"1508","598"
"1508","637"
"1509","329"
"1509","330"
"1509","331"
"1509","332"
"1509","596"
"1509","598"
"1512","329"
"1512","330"
"1512","331"
"1512","332"
"1512","596"
"1512","598"
"1512","637"
"1513","329"
"1513","330"
"1513","331"
"1513","332"
"1513","596"
"1513","598"
"1513","637"
"1514","329"
"1514","330"
"1514","331"
"1514","332"
"1514","596"
"1514","598"
"1514","637"
"1515","329"
"1515","330"
"1515","331"
"1515","332"
"1515","596"
"1515","598"
"1515","637"
"1519","329"
"1519","330"
"1519","331"
"1519","332"
"1519","596"
"1519","598"
"1519","637"
"1520","329"
"1520","330"
"1520","331"
"1520","332"
"1520","596"
"1520","598"
"1520","637"
"1521","329"
"1521","330"
"1521","331"
"1521","332"
"1521","596"
"1521","598"
"1521","637"
"1522","329"
"1522","330"
"1522","331"
"1522","332"
"1522","596"
"1522","598"
"1522","637"
"153090","4217"
"1649","598"
"2081","4217"
"2353","10018"
"2353","355"
"2353","356"
"2353","7157"
"2353","8739"
"27429","329"
"27429","330"
"27429","331"
"27429","332"
"3002","10038"
"3002","10039"
"3002","10376"
"3002","112714"
"3002","113457"
"3002","142"
"3002","143"
"3002","1676"
"3002","4000"
"3002","4001"
"3002","4170"
"3002","51807"
"3002","637"
"3002","7277"
"3002","7278"
"3002","7846"
"3002","79861"
"3002","836"
"3002","840"
"3002","841"
"3002","84790"
"3002","84823"
"329","840"
"330","840"
"331","840"
"332","840"
"3563","3265"
"3563","3845"
"3563","4893"
"3563","5290"
"3563","5291"
"3563","5293"
"3563","5295"
"3563","5296"
"3563","8503"
"3725","10018"
"3725","355"
"3725","356"
"3725","7157"
"3725","8739"
"4170","10018"
"4790","332"
"4790","5783"
"4914","3265"
"4914","3845"
"4914","4893"
"4914","5290"
"4914","5291"
"4914","5293"
"4914","5295"
"4914","5296"
"4914","8503"
"5414","329"
"5414","330"
"5414","331"
"5414","332"
"55367","637"
"5594","596"
"5595","596"
"5599","572"
"5599","637"
"5601","572"
"5601","637"
"5602","572"
"5602","637"
"56616","329"
"56616","330"
"56616","331"
"56616","332"
"5970","332"
"5970","5783"
"5970","8837"
"7132","8772"
"7157","317"
"7157","637"
"7157","63970"
"7186","153090"
"835","637"
"836","10038"
"836","10039"
"836","142"
"836","143"
"836","1676"
"836","60"
"836","6708"
"836","6709"
"836","71"
"839","4000"
"839","4001"
"839","60"
"839","71"
"839","84823"
"840","10038"
"840","10039"
"840","142"
"840","143"
"840","60"
"840","71"
"841","839"
"841","840"
"842","10038"
"842","10039"
"842","142"
"842","143"
"842","839"
"842","840"
"843","637"
"8517","4792"
"8717","841"
"8717","843"
"8722","329"
"8722","330"
"8722","331"
"8722","332"
"8722","596"
"8722","598"
"8722","637"
"8772","843"
"8795","8772"
"8797","8772"
"8837","841"
"8837","843"
"9020","3551"
"9020","8517"
"10000","107"
"10000","108"
"10000","109"
"10000","111"
"10000","112"
"10000","113"
"10000","114"
"10000","115"
"10000","196883"
"10000","57521"
"10645","814"
"143686","51422"
"143686","53632"
"143686","5562"
"143686","5563"
"143686","5564"
"143686","5565"
"143686","5571"
"207","107"
"207","108"
"207","109"
"207","111"
"207","112"
"207","113"
"207","114"
"207","115"
"207","196883"
"207","57521"
"208","107"
"208","108"
"208","109"
"208","111"
"208","112"
"208","113"
"208","114"
"208","115"
"208","196883"
"208","57521"
"2308","9474"
"2309","9474"
"23411","10891"
"23411","2308"
"23411","2309"
"23411","4790"
"23411","5468"
"23411","581"
"23411","5970"
"23411","7157"
"2475","9821"
"27244","51422"
"27244","53632"
"27244","5562"
"27244","5563"
"27244","5564"
"27244","5565"
"27244","5571"
"51094","26060"
"5566","10919"
"5566","2308"
"5566","2309"
"5566","79813"
"5567","10919"
"5567","2308"
"5567","2309"
"5567","79813"
"5568","10919"
"5568","2308"
"5568","2309"
"5568","79813"
"57521","9821"
"79602","26060"
"814","10891"
"83667","51422"
"83667","53632"
"83667","5562"
"83667","5563"
"83667","5564"
"83667","5565"
"83667","5571"
"84335","60673"
"84335","9821"
"9365","3480"
"9365","3643"
"9365","3667"
"9365","8471"
"9365","8660"
"10000","51422"
"10000","53632"
"10000","5562"
"10000","5563"
"10000","5564"
"10000","5565"
"10000","5571"
"1979","1410"
"1979","3303"
"1979","3304"
"1979","3305"
"1979","3310"
"1979","3312"
"1979","6647"
"1979","6648"
"207","51422"
"207","53632"
"207","5562"
"207","5563"
"207","5564"
"207","5565"
"207","5571"
"208","51422"
"208","53632"
"208","5562"
"208","5563"
"208","5564"
"208","5565"
"208","5571"
"2309","1410"
"2309","3303"
"2309","3304"
"2309","3305"
"2309","3310"
"2309","3312"
"2309","6647"
"2475","1979"
"3065","23411"
"3066","23411"
"3170","6648"
"3170","847"
"57521","1979"
"6198","3170"
"6199","3170"
"4804","8772"
"54205","317"
"5599","317"
"5601","317"
"5602","317"
"637","596"
"637","598"
"79444","840"
"7157","23657"
"10616","8737"
"11035","1536"
"11035","197259"
"11035","2746"
"11035","2747"
"11035","2752"
"11035","5599"
"11035","5601"
"11035","5602"
"11035","5834"
"11035","5836"
"11035","5837"
"11035","6609"
"11035","815"
"11035","816"
"11035","817"
"11035","818"
"124044","1540"
"148022","11035"
"1536","815"
"1536","816"
"1536","817"
"1536","818"
"1540","8737"
"192111","10059"
"197259","114548"
"197259","192111"
"197259","54822"
"27005","8737"
"329","8737"
"330","8737"
"331","8737"
"3320","11035"
"3320","197259"
"3320","8737"
"3326","11035"
"3326","197259"
"3326","8737"
"3439","3459"
"3439","3460"
"3440","3459"
"3440","3460"
"3441","3459"
"3441","3460"
"3442","3459"
"3442","3460"
"3443","3459"
"3443","3460"
"3444","3459"
"3444","3460"
"3445","3459"
"3445","3460"
"3446","3459"
"3446","3460"
"3447","3459"
"3447","3460"
"3448","3459"
"3448","3460"
"3449","3459"
"3449","3460"
"3451","3459"
"3451","3460"
"3452","3459"
"3452","3460"
"3454","3716"
"3454","3717"
"3454","3718"
"3454","7297"
"3455","3716"
"3455","3717"
"3455","3718"
"3455","7297"
"3456","3459"
"3456","3460"
"3458","3454"
"3458","3455"
"3459","3716"
"3459","3717"
"3459","3718"
"3459","7297"
"3460","3716"
"3460","3717"
"3460","3718"
"3460","7297"
"353376","148022"
"3716","6772"
"3716","6773"
"3716","6775"
"3716","6776"
"3716","6777"
"3716","6778"
"3717","6775"
"3717","6776"
"3717","6778"
"3718","6775"
"3718","6776"
"3718","6778"
"55072","8737"
"5599","2495"
"5599","2512"
"5601","2495"
"5601","2512"
"5602","2495"
"5602","2512"
"5610","8737"
"581","9131"
"6772","5610"
"6772","8737"
"6773","5610"
"6773","8737"
"6774","5610"
"6774","8737"
"6775","5610"
"6775","8737"
"6776","5610"
"6776","8737"
"6777","5610"
"6777","8737"
"6778","5610"
"6778","8737"
"7098","148022"
"7128","11035"
"7297","6772"
"7297","6773"
"7297","6774"
"7297","6775"
"7297","6776"
"7297","6777"
"7297","6778"
"81030","11035"
"815","291"
"815","292"
"815","293"
"815","5481"
"815","7416"
"815","7417"
"815","7419"
"815","83447"
"816","291"
"816","292"
"816","293"
"816","5481"
"816","7416"
"816","7417"
"816","7419"
"816","83447"
"817","291"
"817","292"
"817","293"
"817","5481"
"817","7416"
"817","7417"
"817","7419"
"817","83447"
"818","291"
"818","292"
"818","293"
"818","5481"
"818","7416"
"818","7417"
"818","7419"
"818","83447"
"81858","8737"
"823","637"
"824","637"
"834","3553"
"841","11035"
"841","1540"
"841","8737"
"8737","11035"
"8737","291"
"8737","292"
"8737","293"
"8737","83447"
"8795","8737"
"8797","8737"
"8878","8737"
"9825","1540"
"10111","472"
"10114","7157"
"1017","4605"
"1017","5933"
"1017","5934"
"10758","4790"
"10758","5970"
"1432","1029"
"1432","7157"
"144715","545"
"147746","7157"
"1869","2305"
"1869","4605"
"1870","2305"
"1870","4605"
"1871","2305"
"1871","4605"
"1874","2305"
"1874","4605"
"1875","2305"
"1875","4605"
"204851","7157"
"2113","1029"
"22800","1029"
"22808","1029"
"23291","4193"
"2475","7157"
"2626","10758"
"2626","3552"
"28996","7157"
"3105","1026"
"3106","1026"
"3107","1026"
"3133","1026"
"3134","1026"
"3135","1026"
"3265","1029"
"3364","545"
"3552","4790"
"3552","5970"
"3805","1026"
"3845","1029"
"4361","472"
"4609","1029"
"4683","472"
"472","8878"
"4893","1029"
"5290","2308"
"5290","2309"
"5291","2308"
"5291","2309"
"5293","2308"
"5293","2309"
"5295","2308"
"5295","2309"
"5296","2308"
"5296","2309"
"545","8878"
"5499","5925"
"5499","5933"
"5499","5934"
"5500","5925"
"5500","5933"
"5500","5934"
"5501","5925"
"5501","5933"
"5501","5934"
"5594","1432"
"5594","5600"
"5594","5603"
"5594","6300"
"5595","1432"
"5595","5600"
"5595","5603"
"5595","6300"
"5600","1029"
"5600","7157"
"5603","1029"
"5603","7157"
"5810","545"
"5883","545"
"5925","1874"
"5925","1875"
"5933","1869"
"5933","1870"
"5933","1871"
"5933","1874"
"5933","1875"
"5934","1869"
"5934","1870"
"5934","1871"
"5934","1874"
"5934","1875"
"6237","1029"
"6300","1029"
"6300","7157"
"7046","4087"
"7048","4087"
"823","3552"
"824","3552"
"83593","10114"
"83593","147746"
"83593","204851"
"83593","28996"
"83593","4193"
"83593","5499"
"83593","5500"
"83593","5501"
"8503","2308"
"8503","2309"
"8878","2626"
"890","4605"
"8900","4605"
"8945","4193"
"898","5933"
"898","5934"
"9134","5933"
"9134","5934"
"9261","677"
"9261","678"
"993","595"
"993","85417"
"993","891"
"993","894"
"993","896"
"993","898"
"993","9133"
"993","9134"
"10411","1432"
"10411","5600"
"10411","5603"
"10411","6300"
"107","10411"
"107","11069"
"108","10411"
"108","11069"
"109","10411"
"109","11069"
"11069","1432"
"11069","5600"
"11069","5603"
"11069","6300"
"111","10411"
"111","11069"
"112","10411"
"112","11069"
"113","10411"
"113","11069"
"114","10411"
"114","11069"
"115","10411"
"115","11069"
"1390","10488"
"1390","1385"
"1390","1386"
"1390","1388"
"1390","148327"
"1390","468"
"1390","596"
"1390","64764"
"1390","84699"
"1390","90993"
"1390","9586"
"186","2776"
"196883","10411"
"196883","11069"
"2770","5594"
"2770","5595"
"2771","5594"
"2771","5595"
"2773","5594"
"2773","5595"
"28227","10368"
"28227","10369"
"28227","27091"
"28227","27092"
"28227","5502"
"28227","55799"
"28227","59283"
"28227","59284"
"28227","59285"
"28227","6262"
"28227","7137"
"28227","775"
"28227","776"
"28227","778"
"28227","779"
"28227","781"
"28227","782"
"28227","783"
"28227","784"
"28227","785"
"28227","786"
"28227","9254"
"28227","93589"
"5499","10368"
"5499","10369"
"5499","27091"
"5499","27092"
"5499","5350"
"5499","55799"
"5499","59283"
"5499","59284"
"5499","59285"
"5499","6262"
"5499","775"
"5499","776"
"5499","778"
"5499","779"
"5499","781"
"5499","782"
"5499","783"
"5499","784"
"5499","785"
"5499","786"
"5499","9254"
"5499","93589"
"5500","10368"
"5500","10369"
"5500","27091"
"5500","27092"
"5500","5350"
"5500","55799"
"5500","59283"
"5500","59284"
"5500","59285"
"5500","6262"
"5500","775"
"5500","776"
"5500","778"
"5500","779"
"5500","781"
"5500","782"
"5500","783"
"5500","784"
"5500","785"
"5500","786"
"5500","9254"
"5500","93589"
"5501","10368"
"5501","10369"
"5501","27091"
"5501","27092"
"5501","5350"
"5501","55799"
"5501","59283"
"5501","59284"
"5501","59285"
"5501","6262"
"5501","775"
"5501","776"
"5501","778"
"5501","779"
"5501","781"
"5501","782"
"5501","783"
"5501","784"
"5501","785"
"5501","786"
"5501","9254"
"5501","93589"
"55012","10368"
"55012","10369"
"55012","27091"
"55012","27092"
"55012","5502"
"55012","55799"
"55012","59283"
"55012","59284"
"55012","59285"
"55012","6262"
"55012","7137"
"55012","775"
"55012","776"
"55012","778"
"55012","779"
"55012","781"
"55012","782"
"55012","783"
"55012","784"
"55012","785"
"55012","786"
"55012","9254"
"55012","93589"
"5502","5499"
"5502","5500"
"5502","5501"
"5515","10368"
"5515","10369"
"5515","27091"
"5515","27092"
"5515","5502"
"5515","55799"
"5515","59283"
"5515","59284"
"5515","59285"
"5515","6262"
"5515","7137"
"5515","775"
"5515","776"
"5515","778"
"5515","779"
"5515","781"
"5515","782"
"5515","783"
"5515","784"
"5515","785"
"5515","786"
"5515","9254"
"5515","93589"
"5516","10368"
"5516","10369"
"5516","27091"
"5516","27092"
"5516","5502"
"5516","55799"
"5516","59283"
"5516","59284"
"5516","59285"
"5516","6262"
"5516","7137"
"5516","775"
"5516","776"
"5516","778"
"5516","779"
"5516","781"
"5516","782"
"5516","783"
"5516","784"
"5516","785"
"5516","786"
"5516","9254"
"5516","93589"
"5518","10368"
"5518","10369"
"5518","27091"
"5518","27092"
"5518","5502"
"5518","55799"
"5518","59283"
"5518","59284"
"5518","59285"
"5518","6262"
"5518","7137"
"5518","775"
"5518","776"
"5518","778"
"5518","779"
"5518","781"
"5518","782"
"5518","783"
"5518","784"
"5518","785"
"5518","786"
"5518","9254"
"5518","93589"
"5519","10368"
"5519","10369"
"5519","27091"
"5519","27092"
"5519","5502"
"5519","55799"
"5519","59283"
"5519","59284"
"5519","59285"
"5519","6262"
"5519","7137"
"5519","775"
"5519","776"
"5519","778"
"5519","779"
"5519","781"
"5519","782"
"5519","783"
"5519","784"
"5519","785"
"5519","786"
"5519","9254"
"5519","93589"
"5520","10368"
"5520","10369"
"5520","27091"
"5520","27092"
"5520","5502"
"5520","55799"
"5520","59283"
"5520","59284"
"5520","59285"
"5520","6262"
"5520","7137"
"5520","775"
"5520","776"
"5520","778"
"5520","779"
"5520","781"
"5520","782"
"5520","783"
"5520","784"
"5520","785"
"5520","786"
"5520","9254"
"5520","93589"
"5521","10368"
"5521","10369"
"5521","27091"
"5521","27092"
"5521","5502"
"5521","55799"
"5521","59283"
"5521","59284"
"5521","59285"
"5521","6262"
"5521","7137"
"5521","775"
"5521","776"
"5521","778"
"5521","779"
"5521","781"
"5521","782"
"5521","783"
"5521","784"
"5521","785"
"5521","786"
"5521","9254"
"5521","93589"
"5522","10368"
"5522","10369"
"5522","27091"
"5522","27092"
"5522","5502"
"5522","55799"
"5522","59283"
"5522","59284"
"5522","59285"
"5522","6262"
"5522","7137"
"5522","775"
"5522","776"
"5522","778"
"5522","779"
"5522","781"
"5522","782"
"5522","783"
"5522","784"
"5522","785"
"5522","786"
"5522","9254"
"5522","93589"
"5523","10368"
"5523","10369"
"5523","27091"
"5523","27092"
"5523","5502"
"5523","55799"
"5523","59283"
"5523","59284"
"5523","59285"
"5523","6262"
"5523","7137"
"5523","775"
"5523","776"
"5523","778"
"5523","779"
"5523","781"
"5523","782"
"5523","783"
"5523","784"
"5523","785"
"5523","786"
"5523","9254"
"5523","93589"
"5525","10368"
"5525","10369"
"5525","27091"
"5525","27092"
"5525","5502"
"5525","55799"
"5525","59283"
"5525","59284"
"5525","59285"
"5525","6262"
"5525","7137"
"5525","775"
"5525","776"
"5525","778"
"5525","779"
"5525","781"
"5525","782"
"5525","783"
"5525","784"
"5525","785"
"5525","786"
"5525","9254"
"5525","93589"
"5526","10368"
"5526","10369"
"5526","27091"
"5526","27092"
"5526","5502"
"5526","55799"
"5526","59283"
"5526","59284"
"5526","59285"
"5526","6262"
"5526","7137"
"5526","775"
"5526","776"
"5526","778"
"5526","779"
"5526","781"
"5526","782"
"5526","783"
"5526","784"
"5526","785"
"5526","786"
"5526","9254"
"5526","93589"
"5527","10368"
"5527","10369"
"5527","27091"
"5527","27092"
"5527","5502"
"5527","55799"
"5527","59283"
"5527","59284"
"5527","59285"
"5527","6262"
"5527","7137"
"5527","775"
"5527","776"
"5527","778"
"5527","779"
"5527","781"
"5527","782"
"5527","783"
"5527","784"
"5527","785"
"5527","786"
"5527","9254"
"5527","93589"
"5528","10368"
"5528","10369"
"5528","27091"
"5528","27092"
"5528","5502"
"5528","55799"
"5528","59283"
"5528","59284"
"5528","59285"
"5528","6262"
"5528","7137"
"5528","775"
"5528","776"
"5528","778"
"5528","779"
"5528","781"
"5528","782"
"5528","783"
"5528","784"
"5528","785"
"5528","786"
"5528","9254"
"5528","93589"
"5529","10368"
"5529","10369"
"5529","27091"
"5529","27092"
"5529","5502"
"5529","55799"
"5529","59283"
"5529","59284"
"5529","59285"
"5529","6262"
"5529","7137"
"5529","775"
"5529","776"
"5529","778"
"5529","779"
"5529","781"
"5529","782"
"5529","783"
"5529","784"
"5529","785"
"5529","786"
"5529","9254"
"5529","93589"
"5566","102723475"
"5566","10368"
"5566","10369"
"5566","1386"
"5566","1388"
"5566","23439"
"5566","27091"
"5566","27092"
"5566","3753"
"5566","3784"
"5566","468"
"5566","476"
"5566","477"
"5566","478"
"5566","480"
"5566","481"
"5566","482"
"5566","483"
"5566","486"
"5566","5502"
"5566","55799"
"5566","59283"
"5566","59284"
"5566","59285"
"5566","6324"
"5566","6330"
"5566","6331"
"5566","6332"
"5566","6543"
"5566","6546"
"5566","6547"
"5566","781"
"5566","782"
"5566","783"
"5566","784"
"5566","785"
"5566","786"
"5566","9254"
"5566","93589"
"5567","102723475"
"5567","10368"
"5567","10369"
"5567","1386"
"5567","1388"
"5567","23439"
"5567","27091"
"5567","27092"
"5567","3753"
"5567","3784"
"5567","468"
"5567","476"
"5567","477"
"5567","478"
"5567","480"
"5567","481"
"5567","482"
"5567","483"
"5567","486"
"5567","5502"
"5567","55799"
"5567","59283"
"5567","59284"
"5567","59285"
"5567","6324"
"5567","6330"
"5567","6331"
"5567","6332"
"5567","6543"
"5567","6546"
"5567","6547"
"5567","781"
"5567","782"
"5567","783"
"5567","784"
"5567","785"
"5567","786"
"5567","9254"
"5567","93589"
"5568","102723475"
"5568","10368"
"5568","10369"
"5568","1386"
"5568","1388"
"5568","23439"
"5568","27091"
"5568","27092"
"5568","3753"
"5568","3784"
"5568","468"
"5568","476"
"5568","477"
"5568","478"
"5568","480"
"5568","481"
"5568","482"
"5568","483"
"5568","486"
"5568","5502"
"5568","55799"
"5568","59283"
"5568","59284"
"5568","59285"
"5568","6324"
"5568","6330"
"5568","6331"
"5568","6332"
"5568","6543"
"5568","6546"
"5568","6547"
"5568","781"
"5568","782"
"5568","783"
"5568","784"
"5568","785"
"5568","786"
"5568","9254"
"5568","93589"
"5578","5502"
"5578","5594"
"5578","5595"
"55844","10368"
"55844","10369"
"55844","27091"
"55844","27092"
"55844","5502"
"55844","55799"
"55844","59283"
"55844","59284"
"55844","59285"
"55844","6262"
"55844","7137"
"55844","775"
"55844","776"
"55844","778"
"55844","779"
"55844","781"
"55844","782"
"55844","783"
"55844","784"
"55844","785"
"55844","786"
"55844","9254"
"55844","93589"
"5594","9252"
"5595","9252"
"815","10368"
"815","10369"
"815","27091"
"815","27092"
"815","55799"
"815","59283"
"815","59284"
"815","59285"
"815","6262"
"815","6324"
"815","6330"
"815","6331"
"815","6332"
"815","775"
"815","776"
"815","778"
"815","779"
"815","781"
"815","782"
"815","783"
"815","784"
"815","785"
"815","786"
"815","9254"
"815","93589"
"816","10368"
"816","10369"
"816","27091"
"816","27092"
"816","55799"
"816","59283"
"816","59284"
"816","59285"
"816","6262"
"816","6324"
"816","6330"
"816","6331"
"816","6332"
"816","775"
"816","776"
"816","778"
"816","779"
"816","781"
"816","782"
"816","783"
"816","784"
"816","785"
"816","786"
"816","9254"
"816","93589"
"817","10368"
"817","10369"
"817","27091"
"817","27092"
"817","55799"
"817","59283"
"817","59284"
"817","59285"
"817","6262"
"817","6324"
"817","6330"
"817","6331"
"817","6332"
"817","775"
"817","776"
"817","778"
"817","779"
"817","781"
"817","782"
"817","783"
"817","784"
"817","785"
"817","786"
"817","9254"
"817","93589"
"818","10368"
"818","10369"
"818","27091"
"818","27092"
"818","55799"
"818","59283"
"818","59284"
"818","59285"
"818","6262"
"818","6324"
"818","6330"
"818","6331"
"818","6332"
"818","775"
"818","776"
"818","778"
"818","779"
"818","781"
"818","782"
"818","783"
"818","784"
"818","785"
"818","786"
"818","9254"
"818","93589"
"9252","10488"
"9252","1385"
"9252","1386"
"9252","1388"
"9252","148327"
"9252","468"
"9252","64764"
"9252","84699"
"9252","90993"
"9252","9586"
"10203","2778"
"10266","2778"
"10267","2778"
"10268","2778"
"10672","23365"
"10672","552"
"10672","553"
"10672","9138"
"10672","9826"
"133","10266"
"133","10267"
"133","10268"
"23365","387"
"2767","100137049"
"2767","123745"
"2767","255189"
"2767","26279"
"2767","283748"
"2767","30814"
"2767","391013"
"2767","50487"
"2767","5319"
"2767","5320"
"2767","5321"
"2767","5322"
"2767","64600"
"2767","81579"
"2767","8398"
"2767","8399"
"2767","84647"
"2767","8605"
"2767","8681"
"2768","23365"
"2768","552"
"2768","553"
"2768","9138"
"2768","9826"
"2776","100137049"
"2776","123745"
"2776","255189"
"2776","26279"
"2776","283748"
"2776","30814"
"2776","391013"
"2776","50487"
"2776","5319"
"2776","5320"
"2776","5321"
"2776","5322"
"2776","64600"
"2776","81579"
"2776","8398"
"2776","8399"
"2776","84647"
"2776","8605"
"2776","8681"
"340156","140465"
"340156","4637"
"4638","140465"
"4638","4637"
"4659","140465"
"4659","4637"
"4660","10398"
"4660","140465"
"4660","4637"
"54776","10398"
"54776","140465"
"54776","4637"
"5499","140465"
"5499","4637"
"5500","140465"
"5500","4637"
"5501","140465"
"5501","4637"
"5566","10242"
"5566","157855"
"5566","27094"
"5566","27345"
"5566","340156"
"5566","3708"
"5566","3709"
"5566","3710"
"5566","3778"
"5566","3779"
"5566","4638"
"5566","85366"
"5566","91807"
"5567","10242"
"5567","157855"
"5567","27094"
"5567","27345"
"5567","340156"
"5567","3708"
"5567","3709"
"5567","3710"
"5567","3778"
"5567","3779"
"5567","4638"
"5567","85366"
"5567","91807"
"5568","10242"
"5568","157855"
"5568","27094"
"5568","27345"
"5568","340156"
"5568","3708"
"5568","3709"
"5568","3710"
"5568","3778"
"5568","3779"
"5568","4638"
"5568","85366"
"5568","91807"
"5580","369"
"5580","5894"
"5580","673"
"5581","369"
"5581","5894"
"5581","673"
"5583","369"
"5583","5894"
"5583","673"
"5588","369"
"5588","5894"
"5588","673"
"5592","4660"
"5592","54776"
"5594","800"
"5595","800"
"5739","2778"
"6093","4660"
"6093","54776"
"796","10266"
"796","10267"
"796","10268"
"797","10266"
"797","10267"
"797","10268"
"79924","10266"
"79924","10267"
"79924","10268"
"85366","140465"
"85366","4637"
"9138","387"
"91807","140465"
"91807","4637"
"94274","4659"
"94274","4660"
"94274","54776"
"94274","5499"
"94274","5500"
"94274","5501"
"9475","4660"
"9475","54776"
"9826","387"
"102723796","51176"
"102723796","6932"
"102723796","6934"
"102723796","83439"
"11197","51384"
"11197","54361"
"11197","7471"
"11197","7472"
"11197","7473"
"11197","7474"
"11197","7475"
"11197","7476"
"11197","7477"
"11197","7478"
"11197","7479"
"11197","7480"
"11197","7481"
"11197","7482"
"11197","7483"
"11197","7484"
"11197","80326"
"11197","81029"
"11197","89780"
"147111","51384"
"147111","54361"
"147111","7471"
"147111","7472"
"147111","7473"
"147111","7474"
"147111","7475"
"147111","7476"
"147111","7477"
"147111","7478"
"147111","7479"
"147111","7480"
"147111","7481"
"147111","7482"
"147111","7483"
"147111","7484"
"147111","80326"
"147111","81029"
"147111","89780"
"147495","4040"
"147495","4041"
"147495","51384"
"147495","54361"
"147495","7471"
"147495","7472"
"147495","7473"
"147495","7474"
"147495","7475"
"147495","7476"
"147495","7477"
"147495","7478"
"147495","7479"
"147495","7480"
"147495","7481"
"147495","7482"
"147495","7483"
"147495","7484"
"147495","80326"
"147495","81029"
"147495","89780"
"1487","51176"
"1487","6932"
"1487","6934"
"1487","83439"
"1488","51176"
"1488","6932"
"1488","6934"
"1488","83439"
"1499","51176"
"1499","6932"
"1499","6934"
"1499","83439"
"1501","51176"
"1501","6932"
"1501","6934"
"1501","83439"
"164284","4040"
"164284","4041"
"164284","51384"
"164284","54361"
"164284","7471"
"164284","7472"
"164284","7473"
"164284","7474"
"164284","7475"
"164284","7476"
"164284","7477"
"164284","7478"
"164284","7479"
"164284","7480"
"164284","7481"
"164284","7482"
"164284","7483"
"164284","7484"
"164284","80326"
"164284","81029"
"164284","89780"
"22943","4040"
"22943","4041"
"23411","1499"
"2487","11211"
"2487","2535"
"2487","51384"
"2487","54361"
"2487","7471"
"2487","7472"
"2487","7473"
"2487","7474"
"2487","7475"
"2487","7476"
"2487","7477"
"2487","7478"
"2487","7479"
"2487","7480"
"2487","7481"
"2487","7482"
"2487","7483"
"2487","7484"
"2487","7855"
"2487","7976"
"2487","80326"
"2487","81029"
"2487","8321"
"2487","8322"
"2487","8323"
"2487","8324"
"2487","8325"
"2487","8326"
"2487","89780"
"25805","11211"
"25805","1855"
"25805","1856"
"25805","1857"
"25805","2535"
"25805","4040"
"25805","4041"
"25805","7855"
"25805","7976"
"25805","8321"
"25805","8322"
"25805","8323"
"25805","8324"
"25805","8325"
"25805","8326"
"27121","4040"
"27121","4041"
"27123","4040"
"27123","4041"
"284654","54894"
"284654","84133"
"2932","1499"
"340419","54894"
"340419","84133"
"343637","54894"
"343637","84133"
"4089","51176"
"4089","6932"
"4089","6934"
"4089","83439"
"4163","57805"
"50964","4040"
"50964","4041"
"51176","3725"
"51176","4316"
"51176","4609"
"51176","5467"
"51176","595"
"51176","8061"
"51176","894"
"51176","896"
"51701","51176"
"51701","6932"
"51701","6934"
"51701","83439"
"5176","4040"
"5176","4041"
"54894","11211"
"54894","2535"
"54894","7855"
"54894","7976"
"54894","8321"
"54894","8322"
"54894","8323"
"54894","8324"
"54894","8325"
"54894","8326"
"5566","2932"
"5567","2932"
"5568","2932"
"5663","1499"
"56998","1499"
"57680","1499"
"57805","23411"
"5879","5599"
"5879","5601"
"5879","5602"
"5880","5599"
"5880","5601"
"5880","5602"
"5881","5599"
"5881","5601"
"5881","5602"
"59343","1855"
"59343","1856"
"59343","1857"
"6422","11211"
"6422","2535"
"6422","51384"
"6422","54361"
"6422","7471"
"6422","7472"
"6422","7473"
"6422","7474"
"6422","7475"
"6422","7476"
"6422","7477"
"6422","7478"
"6422","7479"
"6422","7480"
"6422","7481"
"6422","7482"
"6422","7483"
"6422","7484"
"6422","7855"
"6422","7976"
"6422","80326"
"6422","81029"
"6422","8321"
"6422","8322"
"6422","8323"
"6422","8324"
"6422","8325"
"6422","8326"
"6422","89780"
"6423","11211"
"6423","2535"
"6423","51384"
"6423","54361"
"6423","7471"
"6423","7472"
"6423","7473"
"6423","7474"
"6423","7475"
"6423","7476"
"6423","7477"
"6423","7478"
"6423","7479"
"6423","7480"
"6423","7481"
"6423","7482"
"6423","7483"
"6423","7484"
"6423","7855"
"6423","7976"
"6423","80326"
"6423","81029"
"6423","8321"
"6423","8322"
"6423","8323"
"6423","8324"
"6423","8325"
"6423","8326"
"6423","89780"
"6424","11211"
"6424","2535"
"6424","51384"
"6424","54361"
"6424","7471"
"6424","7472"
"6424","7473"
"6424","7474"
"6424","7475"
"6424","7476"
"6424","7477"
"6424","7478"
"6424","7479"
"6424","7480"
"6424","7481"
"6424","7482"
"6424","7483"
"6424","7484"
"6424","7855"
"6424","7976"
"6424","80326"
"6424","81029"
"6424","8321"
"6424","8322"
"6424","8323"
"6424","8324"
"6424","8325"
"6424","8326"
"6424","89780"
"6425","11211"
"6425","2535"
"6425","51384"
"6425","54361"
"6425","7471"
"6425","7472"
"6425","7473"
"6425","7474"
"6425","7475"
"6425","7476"
"6425","7477"
"6425","7478"
"6425","7479"
"6425","7480"
"6425","7481"
"6425","7482"
"6425","7483"
"6425","7484"
"6425","7855"
"6425","7976"
"6425","80326"
"6425","81029"
"6425","8321"
"6425","8322"
"6425","8323"
"6425","8324"
"6425","8325"
"6425","8326"
"6425","89780"
"64321","51176"
"64321","6932"
"64321","6934"
"64321","83439"
"64840","51384"
"64840","54361"
"64840","7471"
"64840","7472"
"64840","7473"
"64840","7474"
"64840","7475"
"64840","7476"
"64840","7477"
"64840","7478"
"64840","7479"
"64840","7480"
"64840","7481"
"64840","7482"
"64840","7483"
"64840","7484"
"64840","80326"
"64840","81029"
"64840","89780"
"6932","3725"
"6932","4316"
"6932","4609"
"6932","5467"
"6932","595"
"6932","8061"
"6932","894"
"6932","896"
"6934","3725"
"6934","4316"
"6934","4609"
"6934","5467"
"6934","595"
"6934","8061"
"6934","894"
"6934","896"
"7088","51176"
"7088","6932"
"7088","6934"
"7088","83439"
"7089","51176"
"7089","6932"
"7089","6934"
"7089","83439"
"7090","51176"
"7090","6932"
"7090","6934"
"7090","83439"
"7091","51176"
"7091","6932"
"7091","6934"
"7091","83439"
"79816","51176"
"79816","6932"
"79816","6934"
"79816","83439"
"80319","1855"
"80319","1856"
"80319","1857"
"83439","3725"
"83439","4316"
"83439","4609"
"83439","5467"
"83439","595"
"83439","8061"
"83439","894"
"83439","896"
"84133","11211"
"84133","2535"
"84133","7855"
"84133","7976"
"84133","8321"
"84133","8322"
"84133","8323"
"84133","8324"
"84133","8325"
"84133","8326"
"84445","1499"
"84870","54894"
"84870","84133"
"85407","1855"
"85407","1856"
"85407","1857"
"85409","1855"
"85409","1856"
"85409","1857"
"9350","51384"
"9350","54361"
"9350","7471"
"9350","7472"
"9350","7473"
"9350","7474"
"9350","7475"
"9350","7476"
"9350","7477"
"9350","7478"
"9350","7479"
"9350","7480"
"9350","7481"
"9350","7482"
"9350","7483"
"9350","7484"
"9350","80326"
"9350","81029"
"9350","89780"
"102723796","11317"
"102723796","3516"
"11317","171558"
"11317","23462"
"11317","23493"
"11317","26508"
"11317","3280"
"11317","388585"
"11317","441478"
"1387","11317"
"1387","3516"
"1487","11317"
"1487","3516"
"1488","11317"
"1488","3516"
"1855","4851"
"1855","4853"
"1855","4854"
"1855","4855"
"1856","4851"
"1856","4853"
"1856","4854"
"1856","4855"
"1857","4851"
"1857","4853"
"1857","4854"
"1857","4855"
"2033","11317"
"2033","3516"
"23013","11317"
"23013","3516"
"23385","4851"
"23385","4853"
"23385","4854"
"23385","4855"
"2648","11317"
"2648","3516"
"3065","11317"
"3065","3516"
"3066","11317"
"3066","3516"
"3280","11317"
"3280","3516"
"342371","11317"
"342371","3516"
"3516","171558"
"3516","23462"
"3516","23493"
"3516","26508"
"3516","3280"
"3516","388585"
"3516","441478"
"3955","4851"
"3955","4853"
"3955","4854"
"3955","4855"
"4242","4851"
"4242","4853"
"4242","4854"
"4242","4855"
"441478","11317"
"441478","3516"
"4851","113878"
"4851","151636"
"4851","1840"
"4851","196403"
"4851","23220"
"4853","113878"
"4853","151636"
"4853","1840"
"4853","196403"
"4853","23220"
"4854","113878"
"4854","151636"
"4854","1840"
"4854","196403"
"4854","23220"
"4855","113878"
"4855","151636"
"4855","1840"
"4855","196403"
"4855","23220"
"51107","4851"
"51107","4853"
"51107","4854"
"51107","4855"
"55534","11317"
"55534","3516"
"55851","4851"
"55851","4853"
"55851","4854"
"55851","4855"
"5663","4851"
"5663","4853"
"5663","4854"
"5663","4855"
"5664","4851"
"5664","4853"
"5664","4854"
"5664","4855"
"5986","4851"
"5986","4853"
"5986","4854"
"5986","4855"
"6310","11317"
"6310","3516"
"6868","4851"
"6868","4853"
"6868","4854"
"6868","4855"
"7088","11317"
"7088","3516"
"7089","11317"
"7089","3516"
"7090","11317"
"7090","3516"
"7091","11317"
"7091","3516"
"79816","11317"
"79816","3516"
"83464","4851"
"83464","4853"
"83464","4854"
"83464","4855"
"83737","4851"
"83737","4853"
"83737","4854"
"83737","4855"
"84441","11317"
"84441","3516"
"8650","4851"
"8650","4853"
"8650","4854"
"8650","4855"
"8850","11317"
"8850","3516"
"9253","4851"
"9253","4853"
"9253","4854"
"9253","4855"
"9541","11317"
"9541","3516"
"9612","11317"
"9612","3516"
"9794","11317"
"9794","3516"
"102800317","6608"
"11127","2735"
"11127","2736"
"11127","2737"
"122011","6608"
"1452","6608"
"1453","6608"
"1454","6608"
"1455","6608"
"1456","6608"
"156","6608"
"157","6608"
"1954","6608"
"23295","6608"
"2735","5727"
"2735","595"
"2735","596"
"2735","64399"
"2735","8643"
"2735","894"
"2736","5727"
"2736","595"
"2736","596"
"2736","64399"
"2736","8643"
"2736","894"
"2737","595"
"2737","596"
"2737","8643"
"2737","894"
"3549","2619"
"3549","4036"
"3549","50937"
"3549","5727"
"3549","8643"
"3549","91653"
"408","2735"
"408","2736"
"408","2737"
"409","2735"
"409","2736"
"409","2737"
"50846","2619"
"50846","4036"
"50846","50937"
"50846","5727"
"50846","8643"
"50846","91653"
"53944","6608"
"5566","2735"
"5566","2736"
"5567","2735"
"5567","2736"
"5568","2735"
"5568","2736"
"5727","6608"
"57467","55733"
"64399","3549"
"64399","50846"
"64399","6469"
"6469","2619"
"6469","4036"
"6469","50937"
"6469","5727"
"6469","8643"
"6469","91653"
"6608","5566"
"6608","5567"
"6608","5568"
"730094","6608"
"8643","6608"
"100532736","151449"
"100532736","268"
"100532736","353500"
"100532736","392255"
"100532736","650"
"100532736","652"
"100532736","653"
"100532736","654"
"100532736","655"
"100532736","656"
"100532736","8200"
"10468","3624"
"10468","3625"
"10468","3626"
"10468","83729"
"10637","4838"
"10637","7040"
"10637","7042"
"10637","7043"
"130399","4087"
"130399","4088"
"1387","1030"
"151449","269"
"1634","7040"
"1634","7042"
"1634","7043"
"2033","1030"
"2331","7040"
"2331","7042"
"2331","7043"
"25805","657"
"25805","658"
"25805","7046"
"25805","90"
"25805","91"
"25942","4089"
"2615","7040"
"2615","7042"
"2615","7043"
"26585","151449"
"26585","268"
"26585","353500"
"26585","392255"
"26585","650"
"26585","652"
"26585","653"
"26585","654"
"26585","655"
"26585","656"
"26585","8200"
"268","269"
"268","659"
"3065","4089"
"3066","4089"
"3458","4091"
"3458","4092"
"353500","269"
"3547","90"
"3547","91"
"3624","4838"
"3624","7040"
"3624","7042"
"3624","7043"
"3624","92"
"3624","93"
"3625","4838"
"3625","657"
"3625","658"
"3625","7040"
"3625","7042"
"3625","7043"
"3625","90"
"3625","92"
"3625","93"
"3626","4838"
"3626","7040"
"3626","7042"
"3626","7043"
"3626","92"
"3626","93"
"375387","7040"
"375387","7042"
"375387","7043"
"392255","269"
"4052","7040"
"4052","7042"
"4052","7043"
"4086","3397"
"4086","3398"
"4086","3399"
"4086","3400"
"4086","4089"
"4086","57817"
"4087","1874"
"4087","1875"
"4087","4089"
"4087","5308"
"4087","5933"
"4087","7027"
"4088","1874"
"4088","1875"
"4088","4089"
"4088","5308"
"4088","5933"
"4088","7027"
"4089","1874"
"4089","1875"
"4089","3397"
"4089","3398"
"4089","3399"
"4089","3400"
"4089","5308"
"4089","57817"
"4089","5933"
"4089","7027"
"4090","3397"
"4090","3398"
"4090","3399"
"4090","3400"
"4090","4089"
"4090","57817"
"4091","4086"
"4091","4087"
"4091","4088"
"4091","4090"
"4091","4093"
"4092","4086"
"4092","4087"
"4092","4088"
"4092","4090"
"4092","4093"
"4093","3397"
"4093","3398"
"4093","3399"
"4093","3400"
"4093","4089"
"4093","57817"
"4609","1030"
"4681","151449"
"4681","268"
"4681","353500"
"4681","392255"
"4681","650"
"4681","652"
"4681","653"
"4681","654"
"4681","655"
"4681","656"
"4681","8200"
"4838","92"
"4838","93"
"5515","6198"
"5515","6199"
"5516","6198"
"5516","6199"
"5518","6198"
"5518","6199"
"5519","6198"
"5519","6199"
"5594","4086"
"5594","4087"
"5594","4088"
"5594","4090"
"5594","4093"
"5595","4086"
"5595","4087"
"5595","4088"
"5595","4090"
"5595","4093"
"57154","7046"
"57154","7048"
"60436","4087"
"60436","4088"
"64388","151449"
"64388","268"
"64388","353500"
"64388","392255"
"64388","650"
"64388","652"
"64388","653"
"64388","654"
"64388","655"
"64388","656"
"64388","8200"
"64750","7046"
"64750","7048"
"6497","4089"
"6498","4089"
"650","269"
"650","90"
"6500","4087"
"6500","4088"
"652","269"
"652","90"
"653","269"
"654","269"
"655","269"
"656","269"
"657","4086"
"657","4090"
"657","4093"
"658","4086"
"658","4090"
"658","4093"
"6667","1030"
"7018","7037"
"7037","3077"
"7037","7036"
"7044","4838"
"7044","7040"
"7044","7042"
"7044","7043"
"7048","387"
"7048","5515"
"7048","5516"
"7048","5518"
"7048","5519"
"7050","4087"
"7050","4088"
"7057","4052"
"7124","4091"
"7124","4092"
"8200","269"
"83729","4838"
"83729","7040"
"83729","7042"
"83729","7043"
"83729","92"
"83729","93"
"8454","4087"
"8454","4088"
"8646","151449"
"8646","268"
"8646","353500"
"8646","392255"
"8646","650"
"8646","652"
"8646","653"
"8646","654"
"8646","655"
"8646","656"
"8646","8200"
"90","4086"
"90","4087"
"90","4088"
"90","4090"
"90","4093"
"91","4087"
"91","4088"
"9241","151449"
"9241","268"
"9241","353500"
"9241","392255"
"9241","650"
"9241","652"
"9241","653"
"9241","654"
"9241","655"
"9241","656"
"9241","8200"
"9611","4089"
"9978","4087"
"9978","4088"
"1020","1808"
"10298","3984"
"10298","3985"
"10298","5879"
"10298","5880"
"10298","5881"
"10371","8829"
"10505","23654"
"10505","5364"
"10505","5365"
"10507","23654"
"10507","5364"
"10507","5365"
"10509","23654"
"10509","5364"
"10509","5365"
"10512","8829"
"106821730","3984"
"106821730","3985"
"106821730","5879"
"106821730","5880"
"106821730","5881"
"1630","5335"
"1630","5336"
"1630","5747"
"1942","2041"
"1942","2042"
"1942","2043"
"1942","2044"
"1942","2045"
"1942","2046"
"1942","2534"
"1942","285220"
"1942","5921"
"1943","2041"
"1943","2042"
"1943","2043"
"1943","2044"
"1943","2045"
"1943","2046"
"1943","2534"
"1943","285220"
"1943","5921"
"1944","2041"
"1944","2042"
"1944","2043"
"1944","2044"
"1944","2045"
"1944","2046"
"1944","2534"
"1944","285220"
"1944","5921"
"1945","2041"
"1945","2042"
"1945","2043"
"1945","2044"
"1945","2045"
"1945","2046"
"1945","2534"
"1945","285220"
"1945","5921"
"1946","2041"
"1946","2042"
"1946","2043"
"1946","2044"
"1946","2045"
"1946","2046"
"1946","2534"
"1946","285220"
"1946","5921"
"1947","2047"
"1947","2048"
"1947","2049"
"1947","2050"
"1947","2051"
"1947","8440"
"1948","2047"
"1948","2048"
"1948","2049"
"1948","2050"
"1948","2051"
"1948","8440"
"1949","2047"
"1949","2048"
"1949","2049"
"1949","2050"
"1949","2051"
"1949","8440"
"1969","25"
"1969","25791"
"1969","5921"
"2041","25"
"2041","25791"
"2041","5921"
"2042","25"
"2042","25791"
"2042","5921"
"2043","25"
"2043","25791"
"2043","5921"
"2044","25"
"2044","25791"
"2044","5921"
"2045","25"
"2045","25791"
"2045","5921"
"2046","25"
"2046","25791"
"2046","5921"
"2047","25"
"2047","25791"
"2047","5921"
"2048","25"
"2048","25791"
"2048","5921"
"2049","25"
"2049","25791"
"2049","5921"
"2050","25"
"2050","25791"
"2050","5921"
"2051","25"
"2051","25791"
"2051","5921"
"223117","8829"
"2242","1808"
"2242","5361"
"2242","5362"
"2242","55558"
"2242","56896"
"2242","91584"
"23380","998"
"23654","5879"
"23654","5880"
"23654","5881"
"23654","6237"
"25","55740"
"25","6091"
"25","6092"
"2534","1020"
"2534","387"
"2534","5361"
"2534","5362"
"2534","55558"
"2534","5879"
"2534","5880"
"2534","5881"
"2534","91584"
"2534","998"
"25791","387"
"25791","5879"
"25791","5880"
"25791","5881"
"25791","998"
"27289","387"
"285220","25"
"285220","25791"
"285220","5921"
"2932","1808"
"29984","27289"
"3265","5594"
"3265","5595"
"3688","5747"
"3845","5594"
"3845","5595"
"387","5894"
"3897","8829"
"3984","1072"
"3984","1073"
"3985","1072"
"3985","1073"
"4756","5747"
"4893","5594"
"4893","5595"
"5058","3984"
"5058","3985"
"5058","5879"
"5058","5880"
"5058","5881"
"5062","3984"
"5062","3985"
"5062","5879"
"5062","5880"
"5062","5881"
"5063","3984"
"5063","3985"
"5063","5879"
"5063","5880"
"5063","5881"
"50855","2932"
"5170","50855"
"5170","5590"
"5170","56288"
"5170","84552"
"5170","84612"
"5361","5879"
"5361","5880"
"5361","5881"
"5362","5879"
"5362","5880"
"5362","5881"
"5364","5879"
"5364","5880"
"5364","5881"
"5364","6237"
"5365","5879"
"5365","5880"
"5365","5881"
"5365","6237"
"54434","1072"
"54434","1073"
"54910","23654"
"54910","5364"
"54910","5365"
"54961","1072"
"54961","1073"
"5530","54434"
"5530","54961"
"5530","85464"
"5532","54434"
"5532","54961"
"5532","85464"
"5533","54434"
"5533","54961"
"5533","85464"
"5534","54434"
"5534","54961"
"5534","85464"
"5535","54434"
"5535","54961"
"5535","85464"
"55558","5879"
"55558","5880"
"55558","5881"
"5578","3611"
"5590","2932"
"56288","2932"
"56920","8829"
"56924","3984"
"56924","3985"
"56924","5879"
"56924","5880"
"56924","5881"
"56963","4756"
"56963","9860"
"57144","3984"
"57144","3985"
"57144","5879"
"57144","5880"
"57144","5881"
"5747","137970"
"5747","1630"
"5747","219699"
"5747","2534"
"5747","387"
"5747","5594"
"5747","5595"
"5747","6714"
"5747","8633"
"5747","90249"
"57522","998"
"57715","23654"
"57715","5364"
"57715","5365"
"5879","22885"
"5879","3983"
"5879","84448"
"5880","22885"
"5880","3983"
"5880","84448"
"5881","22885"
"5881","3983"
"5881","84448"
"5998","2770"
"5998","2771"
"5998","2773"
"6091","10298"
"6091","106821730"
"6091","23380"
"6091","5058"
"6091","5062"
"6091","5063"
"6091","56924"
"6091","57144"
"6091","57522"
"6091","8440"
"6091","9901"
"6092","10298"
"6092","106821730"
"6092","23380"
"6092","5058"
"6092","5062"
"6092","5063"
"6092","56924"
"6092","57144"
"6092","57522"
"6092","8440"
"6092","9901"
"6093","103910"
"6093","10398"
"6093","10627"
"6093","4636"
"6237","387"
"6405","8829"
"64218","23654"
"64218","5364"
"64218","5365"
"64221","6091"
"658","3984"
"6585","6091"
"6585","6092"
"659","3984"
"6608","2534"
"6608","5578"
"6608","6714"
"6714","137970"
"6714","1630"
"6714","219699"
"6714","5879"
"6714","5880"
"6714","5881"
"6714","8633"
"6714","90249"
"7220","659"
"7222","659"
"7223","659"
"7224","659"
"7225","659"
"7474","6259"
"7869","8829"
"7976","5290"
"7976","5291"
"7976","5293"
"7976","5295"
"7976","5296"
"7976","8503"
"81029","6259"
"8440","5747"
"8440","5879"
"8440","5880"
"8440","5881"
"84552","2932"
"84612","2932"
"8482","10154"
"8482","3688"
"85464","1072"
"85464","1073"
"91584","5879"
"91584","5880"
"91584","5881"
"91653","6608"
"9353","6091"
"9353","6092"
"9423","137970"
"9423","1630"
"9423","219699"
"9423","8633"
"9423","90249"
"9475","103910"
"9475","10398"
"9475","10627"
"9475","4636"
"9723","8829"
"9901","998"
"998","10298"
"998","106821730"
"998","22885"
"998","3983"
"998","5063"
"998","56924"
"998","57144"
"998","84448"
"1432","7867"
"1432","9261"
"3791","5290"
"3791","5291"
"3791","5293"
"3791","5295"
"3791","5296"
"3791","5747"
"3791","5829"
"3791","8503"
"3791","9047"
"3791","998"
"4773","5743"
"5335","100137049"
"5335","123745"
"5335","255189"
"5335","283748"
"5335","4846"
"5335","5321"
"5335","5530"
"5335","5532"
"5335","5533"
"5335","5534"
"5335","5535"
"5335","5578"
"5335","5582"
"5335","8605"
"5335","8681"
"5336","100137049"
"5336","123745"
"5336","255189"
"5336","283748"
"5336","4846"
"5336","5321"
"5336","5530"
"5336","5532"
"5336","5533"
"5336","5534"
"5336","5535"
"5336","5578"
"5336","5582"
"5336","8605"
"5336","8681"
"5578","56848"
"5578","8877"
"5579","56848"
"5579","8877"
"5582","56848"
"5582","8877"
"5600","7867"
"5600","9261"
"5603","7867"
"5603","9261"
"6300","7867"
"6300","9261"
"7867","3315"
"9261","3315"
"998","1432"
"998","5600"
"998","5603"
"998","6300"
"10000","4842"
"10000","4843"
"10000","5140"
"10000","5594"
"10000","5595"
"10014","100271849"
"10014","4205"
"10014","4207"
"10014","4208"
"10014","4209"
"100271849","10365"
"100506013","5054"
"100506013","7046"
"10365","4842"
"10365","4843"
"10365","4846"
"10672","814"
"10681","107"
"10681","108"
"10681","109"
"10681","111"
"10681","112"
"10681","113"
"10681","114"
"10681","115"
"10681","196883"
"10681","22800"
"10681","22808"
"10681","3265"
"10681","3845"
"10681","4893"
"10681","51422"
"10681","53632"
"10681","5562"
"10681","5563"
"10681","5564"
"10681","5565"
"10681","5571"
"10681","5581"
"10681","55811"
"10681","6237"
"10681","814"
"10891","4899"
"10891","7019"
"10891","7350"
"163688","4842"
"163688","4843"
"163688","4846"
"182","595"
"185","5054"
"187","30849"
"187","5289"
"1958","6696"
"207","4842"
"207","4843"
"207","5140"
"207","5594"
"207","5595"
"208","4842"
"208","4843"
"208","5140"
"208","5594"
"208","5595"
"2770","5581"
"2770","55811"
"2771","5581"
"2771","55811"
"2773","5581"
"2773","55811"
"2776","22800"
"2776","22808"
"2776","3265"
"2776","3845"
"2776","4893"
"2776","51422"
"2776","53632"
"2776","5562"
"2776","5563"
"2776","5564"
"2776","5565"
"2776","5571"
"2776","6237"
"2782","107"
"2782","108"
"2782","109"
"2782","111"
"2782","112"
"2782","113"
"2782","114"
"2782","115"
"2782","196883"
"2782","22800"
"2782","22808"
"2782","3265"
"2782","3845"
"2782","4893"
"2782","51422"
"2782","53632"
"2782","5562"
"2782","5563"
"2782","5564"
"2782","5565"
"2782","5571"
"2782","5581"
"2782","55811"
"2782","6237"
"2782","814"
"2783","107"
"2783","108"
"2783","109"
"2783","111"
"2783","112"
"2783","113"
"2783","114"
"2783","115"
"2783","196883"
"2783","22800"
"2783","22808"
"2783","3265"
"2783","3845"
"2783","4893"
"2783","51422"
"2783","53632"
"2783","5562"
"2783","5563"
"2783","5564"
"2783","5565"
"2783","5571"
"2783","5581"
"2783","55811"
"2783","6237"
"2783","814"
"2784","107"
"2784","108"
"2784","109"
"2784","111"
"2784","112"
"2784","113"
"2784","114"
"2784","115"
"2784","196883"
"2784","22800"
"2784","22808"
"2784","3265"
"2784","3845"
"2784","4893"
"2784","51422"
"2784","53632"
"2784","5562"
"2784","5563"
"2784","5564"
"2784","5565"
"2784","5571"
"2784","5581"
"2784","55811"
"2784","6237"
"2784","814"
"2785","107"
"2785","108"
"2785","109"
"2785","111"
"2785","112"
"2785","113"
"2785","114"
"2785","115"
"2785","196883"
"2785","22800"
"2785","22808"
"2785","3265"
"2785","3845"
"2785","4893"
"2785","51422"
"2785","53632"
"2785","5562"
"2785","5563"
"2785","5564"
"2785","5565"
"2785","5571"
"2785","5581"
"2785","55811"
"2785","6237"
"2785","814"
"2786","107"
"2786","108"
"2786","109"
"2786","111"
"2786","112"
"2786","113"
"2786","114"
"2786","115"
"2786","196883"
"2786","22800"
"2786","22808"
"2786","3265"
"2786","3845"
"2786","4893"
"2786","51422"
"2786","53632"
"2786","5562"
"2786","5563"
"2786","5564"
"2786","5565"
"2786","5571"
"2786","5581"
"2786","55811"
"2786","6237"
"2786","814"
"2787","107"
"2787","108"
"2787","109"
"2787","111"
"2787","112"
"2787","113"
"2787","114"
"2787","115"
"2787","196883"
"2787","22800"
"2787","22808"
"2787","3265"
"2787","3845"
"2787","4893"
"2787","51422"
"2787","53632"
"2787","5562"
"2787","5563"
"2787","5564"
"2787","5565"
"2787","5571"
"2787","5581"
"2787","55811"
"2787","6237"
"2787","814"
"2788","107"
"2788","108"
"2788","109"
"2788","111"
"2788","112"
"2788","113"
"2788","114"
"2788","115"
"2788","196883"
"2788","22800"
"2788","22808"
"2788","3265"
"2788","3845"
"2788","4893"
"2788","51422"
"2788","53632"
"2788","5562"
"2788","5563"
"2788","5564"
"2788","5565"
"2788","5571"
"2788","5581"
"2788","55811"
"2788","6237"
"2788","814"
"2790","107"
"2790","108"
"2790","109"
"2790","111"
"2790","112"
"2790","113"
"2790","114"
"2790","115"
"2790","196883"
"2790","22800"
"2790","22808"
"2790","3265"
"2790","3845"
"2790","4893"
"2790","51422"
"2790","53632"
"2790","5562"
"2790","5563"
"2790","5564"
"2790","5565"
"2790","5571"
"2790","5581"
"2790","55811"
"2790","6237"
"2790","814"
"2791","107"
"2791","108"
"2791","109"
"2791","111"
"2791","112"
"2791","113"
"2791","114"
"2791","115"
"2791","196883"
"2791","22800"
"2791","22808"
"2791","3265"
"2791","3845"
"2791","4893"
"2791","51422"
"2791","53632"
"2791","5562"
"2791","5563"
"2791","5564"
"2791","5565"
"2791","5571"
"2791","5581"
"2791","55811"
"2791","6237"
"2791","814"
"2792","107"
"2792","108"
"2792","109"
"2792","111"
"2792","112"
"2792","113"
"2792","114"
"2792","115"
"2792","196883"
"2792","22800"
"2792","22808"
"2792","3265"
"2792","3845"
"2792","4893"
"2792","51422"
"2792","53632"
"2792","5562"
"2792","5563"
"2792","5564"
"2792","5565"
"2792","5571"
"2792","5581"
"2792","55811"
"2792","6237"
"2792","814"
"2793","107"
"2793","108"
"2793","109"
"2793","111"
"2793","112"
"2793","113"
"2793","114"
"2793","115"
"2793","196883"
"2793","22800"
"2793","22808"
"2793","3265"
"2793","3845"
"2793","4893"
"2793","51422"
"2793","53632"
"2793","5562"
"2793","5563"
"2793","5564"
"2793","5565"
"2793","5571"
"2793","5581"
"2793","55811"
"2793","6237"
"2793","814"
"340156","4633"
"340156","4634"
"340156","4635"
"4087","1490"
"4087","56848"
"4087","59"
"4087","8877"
"4087","999"
"4088","1490"
"4088","56848"
"4088","59"
"4088","8877"
"4088","999"
"4089","1490"
"4089","56848"
"4089","59"
"4089","8877"
"4089","999"
"4205","10365"
"4207","10365"
"4208","10365"
"4209","10365"
"441925","440738"
"441925","643246"
"441925","81631"
"441925","84557"
"4638","4633"
"4638","4634"
"4638","4635"
"4854","595"
"5054","5327"
"51422","10365"
"51422","5346"
"51422","56848"
"51422","8877"
"51764","107"
"51764","108"
"51764","109"
"51764","111"
"51764","112"
"51764","113"
"51764","114"
"51764","115"
"51764","196883"
"51764","22800"
"51764","22808"
"51764","3265"
"51764","3845"
"51764","4893"
"51764","51422"
"51764","53632"
"51764","5562"
"51764","5563"
"51764","5564"
"51764","5565"
"51764","5571"
"51764","5581"
"51764","55811"
"51764","6237"
"51764","814"
"51806","4842"
"51806","4843"
"51806","4846"
"53632","10365"
"53632","5346"
"53632","56848"
"53632","8877"
"54331","107"
"54331","108"
"54331","109"
"54331","111"
"54331","112"
"54331","113"
"54331","114"
"54331","115"
"54331","196883"
"54331","22800"
"54331","22808"
"54331","3265"
"54331","3845"
"54331","4893"
"54331","51422"
"54331","53632"
"54331","5562"
"54331","5563"
"54331","5564"
"54331","5565"
"54331","5571"
"54331","5581"
"54331","55811"
"54331","6237"
"54331","814"
"5562","10365"
"5562","5346"
"5562","56848"
"5562","8877"
"5563","10365"
"5563","5346"
"5563","56848"
"5563","8877"
"5564","10365"
"5564","5346"
"5564","56848"
"5564","8877"
"5565","10365"
"5565","5346"
"5565","56848"
"5565","8877"
"5571","10365"
"5571","5346"
"5571","56848"
"5571","8877"
"5581","22800"
"5581","22808"
"5581","3265"
"5581","340156"
"5581","3845"
"5581","4638"
"5581","4893"
"5581","6237"
"5581","6548"
"5581","85366"
"5581","91807"
"5594","182"
"5594","1958"
"5594","6198"
"5594","6199"
"5594","6548"
"5595","182"
"5595","1958"
"5595","6198"
"5595","6199"
"5595","6548"
"55970","107"
"55970","108"
"55970","109"
"55970","111"
"55970","112"
"55970","113"
"55970","114"
"55970","115"
"55970","196883"
"55970","22800"
"55970","22808"
"55970","3265"
"55970","3845"
"55970","4893"
"55970","51422"
"55970","53632"
"55970","5562"
"55970","5563"
"55970","5564"
"55970","5565"
"55970","5571"
"55970","5581"
"55970","55811"
"55970","6237"
"55970","814"
"59345","107"
"59345","108"
"59345","109"
"59345","111"
"59345","112"
"59345","113"
"59345","114"
"59345","115"
"59345","196883"
"59345","22800"
"59345","22808"
"59345","3265"
"59345","3845"
"59345","4893"
"59345","51422"
"59345","53632"
"59345","5562"
"59345","5563"
"59345","5564"
"59345","5565"
"59345","5571"
"59345","5581"
"59345","55811"
"59345","6237"
"59345","814"
"801","4842"
"801","4843"
"801","4846"
"805","4842"
"805","4843"
"805","4846"
"808","4842"
"808","4843"
"808","4846"
"810","4842"
"810","4843"
"810","4846"
"814","10014"
"814","9759"
"85366","4633"
"85366","4634"
"85366","4635"
"8678","440738"
"8678","643246"
"8678","81631"
"8678","84557"
"8862","5054"
"8862","7046"
"91807","4633"
"91807","4634"
"91807","4635"
"91860","4842"
"91860","4843"
"91860","4846"
"94235","107"
"94235","108"
"94235","109"
"94235","111"
"94235","112"
"94235","113"
"94235","114"
"94235","115"
"94235","196883"
"94235","22800"
"94235","22808"
"94235","3265"
"94235","3845"
"94235","4893"
"94235","51422"
"94235","53632"
"94235","5562"
"94235","5563"
"94235","5564"
"94235","5565"
"94235","5571"
"94235","5581"
"94235","55811"
"94235","6237"
"94235","814"
"9759","100271849"
"9759","4205"
"9759","4207"
"9759","4208"
"9759","4209"
"10379","2353"
"1147","5971"
"1385","1513"
"1385","3690"
"1385","54"
"1385","799"
"1432","2354"
"1432","2355"
"1432","3726"
"1432","3727"
"1432","8061"
"1436","5290"
"1436","5291"
"1436","5293"
"1436","5295"
"1436","5296"
"1436","8503"
"1540","7186"
"2274","7186"
"2274","7189"
"2353","1513"
"2353","3456"
"2353","3690"
"2353","4772"
"2353","54"
"2353","799"
"2354","1513"
"2354","3456"
"2354","3690"
"2354","4772"
"2354","54"
"2354","799"
"2355","1513"
"2355","3456"
"2355","3690"
"2355","4772"
"2355","54"
"2355","799"
"2534","5290"
"2534","5291"
"2534","5293"
"2534","5295"
"2534","5296"
"2534","8503"
"2885","5594"
"2885","5595"
"3459","6772"
"3460","6772"
"3554","7186"
"3725","1513"
"3725","3456"
"3725","3690"
"3725","4772"
"3725","54"
"3725","799"
"3726","1513"
"3726","3456"
"3726","3690"
"3726","4772"
"3726","54"
"3726","799"
"3727","1513"
"3727","3456"
"3727","3690"
"3727","4772"
"3727","54"
"3727","799"
"3932","5290"
"3932","5291"
"3932","5293"
"3932","5295"
"3932","5296"
"3932","8503"
"4772","1513"
"4772","3690"
"4772","54"
"4772","799"
"4790","3456"
"4790","4772"
"4791","3456"
"4791","4772"
"4982","8600"
"5468","2353"
"5599","2354"
"5599","2355"
"5599","3726"
"5599","3727"
"5599","8061"
"5600","2354"
"5600","2355"
"5600","3726"
"5600","3727"
"5600","8061"
"5601","2354"
"5601","2355"
"5601","3726"
"5601","3727"
"5601","8061"
"5602","2354"
"5602","2355"
"5602","3726"
"5602","3727"
"5602","8061"
"5603","2354"
"5603","2355"
"5603","3726"
"5603","3727"
"5603","8061"
"5879","1535"
"5879","27035"
"5879","4688"
"5879","4689"
"5879","653361"
"5970","3456"
"5970","4772"
"5971","3456"
"5971","4772"
"6300","2354"
"6300","2355"
"6300","3726"
"6300","3727"
"6300","8061"
"6772","7186"
"6772","7189"
"6850","29760"
"6850","3937"
"6885","5604"
"6885","5608"
"6885","5609"
"7006","5336"
"7132","7189"
"7186","5879"
"7189","5879"
"8061","1513"
"8061","3456"
"8061","3690"
"8061","4772"
"8061","54"
"8061","799"
"814","1385"
"8792","2209"
"8792","2212"
"8792","2213"
"8792","2214"
"8792","2215"
"8792","695"
"8792","7006"
"8792","7186"
"8792","7189"
"8792","7305"
"8792","9103"
"102800317","10413"
"102800317","25937"
"102800317","2932"
"10413","1490"
"10413","174"
"10413","2246"
"10413","27113"
"10413","2736"
"10413","329"
"10413","330"
"10413","332"
"10413","3397"
"10413","3398"
"10413","3689"
"10413","374"
"10413","4087"
"10413","4088"
"10413","4092"
"10413","4609"
"10413","5054"
"10413","595"
"10413","6591"
"10413","6657"
"10413","7046"
"10413","7048"
"10413","8312"
"10413","8313"
"10413","85407"
"10413","85409"
"10413","894"
"10413","896"
"10971","102800317"
"10971","1453"
"10971","1454"
"11186","6788"
"122786","6788"
"126374","26524"
"126374","60485"
"126374","9113"
"1453","10413"
"1453","25937"
"1453","2932"
"1454","10413"
"1454","25937"
"1454","2932"
"1495","10971"
"1495","7529"
"1495","7531"
"1495","7532"
"1495","7533"
"1495","7534"
"1496","10971"
"1496","7529"
"1496","7531"
"1496","7532"
"1496","7533"
"1496","7534"
"166824","6788"
"1739","10413"
"1739","25937"
"1740","10413"
"1740","25937"
"1741","10413"
"1741","25937"
"1742","10413"
"1742","25937"
"23286","6788"
"23291","10413"
"23291","25937"
"23513","10413"
"23513","25937"
"25937","102800317"
"25937","1453"
"25937","1454"
"25937","1490"
"25937","174"
"25937","2246"
"25937","27113"
"25937","2736"
"25937","332"
"25937","3689"
"25937","374"
"25937","4092"
"25937","5054"
"26524","10413"
"26524","25937"
"268","657"
"268","658"
"29119","10971"
"29119","7529"
"29119","7531"
"29119","7532"
"29119","7533"
"29119","7534"
"2932","10297"
"2932","324"
"2932","8312"
"2932","8313"
"3993","10413"
"3993","25937"
"3996","10413"
"3996","25937"
"4087","4086"
"4087","4092"
"4087","5054"
"4087","657"
"4087","658"
"4087","659"
"4088","4086"
"4088","4092"
"4088","5054"
"4088","657"
"4088","658"
"4088","659"
"4089","4092"
"4089","5054"
"4092","7046"
"4092","7048"
"4771","6788"
"51176","329"
"51176","330"
"51176","332"
"51176","6591"
"51176","6657"
"51176","8312"
"51176","8313"
"51176","85407"
"51176","85409"
"5499","10413"
"5499","25937"
"5500","10413"
"5500","25937"
"5501","10413"
"5501","25937"
"5515","10413"
"5515","25937"
"5515","6788"
"5516","10413"
"5516","25937"
"5516","6788"
"5518","10413"
"5518","25937"
"5518","6788"
"5519","10413"
"5519","25937"
"5519","6788"
"5520","10413"
"5520","25937"
"5520","6788"
"5521","10413"
"5521","25937"
"5521","6788"
"5522","10413"
"5522","25937"
"5522","6788"
"55844","10413"
"55844","25937"
"55844","6788"
"60","6788"
"659","4086"
"6788","26524"
"6788","55233"
"6788","9113"
"6788","92597"
"6932","329"
"6932","330"
"6932","332"
"6932","6591"
"6932","6657"
"6932","8312"
"6932","8313"
"6932","85407"
"6932","85409"
"6934","329"
"6934","330"
"6934","332"
"6934","6591"
"6934","6657"
"6934","8312"
"6934","8313"
"6934","85407"
"6934","85409"
"7003","1490"
"7003","2736"
"7003","329"
"7003","330"
"7003","332"
"7003","4609"
"7003","595"
"7003","6591"
"7003","6657"
"7003","8312"
"7003","8313"
"7003","85407"
"7003","85409"
"7003","894"
"7003","896"
"7004","1490"
"7004","2736"
"7004","329"
"7004","330"
"7004","332"
"7004","4609"
"7004","595"
"7004","6591"
"7004","6657"
"7004","8312"
"7004","8313"
"7004","85407"
"7004","85409"
"7004","894"
"7004","896"
"7005","1490"
"7005","2736"
"7005","329"
"7005","330"
"7005","332"
"7005","4609"
"7005","595"
"7005","6591"
"7005","6657"
"7005","8312"
"7005","8313"
"7005","85407"
"7005","85409"
"7005","894"
"7005","896"
"71","6788"
"7159","10413"
"7159","25937"
"7161","27113"
"7529","102800317"
"7529","1453"
"7529","1454"
"7531","102800317"
"7531","1453"
"7531","1454"
"7532","102800317"
"7532","1453"
"7532","1454"
"7533","102800317"
"7533","1453"
"7533","1454"
"7534","102800317"
"7534","1453"
"7534","1454"
"79981","6788"
"83439","329"
"83439","330"
"83439","332"
"83439","6591"
"83439","6657"
"83439","8312"
"83439","8313"
"83439","85407"
"83439","85409"
"8463","1490"
"8463","2736"
"8463","329"
"8463","330"
"8463","332"
"8463","4609"
"8463","595"
"8463","6591"
"8463","6657"
"8463","8312"
"8463","8313"
"8463","85407"
"8463","85409"
"8463","894"
"8463","896"
"84962","26524"
"84962","60485"
"84962","9113"
"8945","10413"
"8945","25937"
"8994","26524"
"8994","60485"
"8994","9113"
"9113","10413"
"9113","25937"
"9231","10413"
"9231","25937"
"102800317","122786"
"102800317","23286"
"102800317","4771"
"102800317","79981"
"1454","122786"
"1454","23286"
"1454","4771"
"1454","79981"
"23286","60485"
"5058","7003"
"5058","7004"
"5058","7005"
"5058","8463"
"54798","122786"
"54798","23286"
"54798","4771"
"54798","79981"
"79633","122786"
"79633","23286"
"79633","4771"
"79633","79981"
"83937","6788"
"8642","122786"
"8642","23286"
"8642","4771"
"8642","79981"
"9770","6788"
"10298","340156"
"10298","4638"
"10298","85366"
"10298","91807"
"103910","60"
"103910","71"
"10398","60"
"10398","71"
"10627","60"
"10627","71"
"106821730","340156"
"106821730","4638"
"106821730","85366"
"106821730","91807"
"1398","5829"
"1399","5829"
"1499","595"
"1499","894"
"1499","896"
"1793","5880"
"1793","5881"
"1956","5747"
"2002","329"
"2002","330"
"2002","331"
"2002","595"
"2002","894"
"2002","896"
"2064","5747"
"2321","5290"
"2321","5291"
"2321","5293"
"2321","5295"
"2321","5296"
"2321","5747"
"2321","8503"
"2324","5290"
"2324","5291"
"2324","5293"
"2324","5295"
"2324","5296"
"2324","5747"
"2324","8503"
"2534","25759"
"2534","399694"
"2534","53358"
"2534","6464"
"2909","387"
"29895","60"
"29895","71"
"340156","103910"
"340156","10627"
"340156","29895"
"340156","4636"
"340156","58498"
"340156","93408"
"3480","5747"
"3688","6714"
"3690","5747"
"3690","6714"
"3691","5747"
"3691","6714"
"3693","5747"
"3693","6714"
"3694","5747"
"3694","6714"
"3695","5747"
"3695","6714"
"3696","5747"
"3696","6714"
"3725","595"
"3725","894"
"3725","896"
"387","1729"
"387","23396"
"387","8394"
"387","8395"
"394","387"
"4233","5290"
"4233","5291"
"4233","5293"
"4233","5295"
"4233","5296"
"4233","5747"
"4233","8503"
"4633","60"
"4633","71"
"4636","60"
"4636","71"
"4638","103910"
"4638","10627"
"4638","29895"
"4638","4636"
"4638","58498"
"4638","93408"
"4659","103910"
"4659","10627"
"4659","29895"
"4659","4633"
"4659","4636"
"4659","58498"
"4659","93408"
"4660","103910"
"4660","10627"
"4660","29895"
"4660","4633"
"4660","4636"
"4660","58498"
"4660","93408"
"5058","340156"
"5058","4638"
"5058","85366"
"5058","91807"
"5062","340156"
"5062","4638"
"5062","85366"
"5062","91807"
"5063","340156"
"5063","4638"
"5063","85366"
"5063","91807"
"5156","5747"
"5159","5747"
"54776","103910"
"54776","10627"
"54776","29895"
"54776","4633"
"54776","4636"
"54776","58498"
"54776","93408"
"5499","103910"
"5499","10627"
"5499","29895"
"5499","4633"
"5499","4636"
"5499","58498"
"5499","93408"
"5500","103910"
"5500","10627"
"5500","29895"
"5500","4633"
"5500","4636"
"5500","58498"
"5500","93408"
"5501","103910"
"5501","10627"
"5501","29895"
"5501","4633"
"5501","4636"
"5501","58498"
"5501","93408"
"5578","5747"
"5579","5747"
"5582","5747"
"5604","572"
"56924","340156"
"56924","4638"
"56924","85366"
"56924","91807"
"57144","340156"
"57144","4638"
"57144","85366"
"57144","91807"
"5728","5747"
"5747","25759"
"5747","2885"
"5747","399694"
"5747","53358"
"5747","6464"
"58498","60"
"58498","71"
"5879","60"
"5879","71"
"5880","60"
"5880","71"
"5881","60"
"5881","71"
"5894","572"
"5906","5599"
"5906","5601"
"5906","5602"
"5908","5599"
"5908","5601"
"5908","5602"
"5923","387"
"824","7094"
"824","83660"
"85366","103910"
"85366","10627"
"85366","29895"
"85366","4636"
"85366","58498"
"85366","93408"
"857","2534"
"858","2534"
"859","2534"
"91807","103910"
"91807","10627"
"91807","29895"
"91807","4636"
"91807","58498"
"91807","93408"
"93408","60"
"93408","71"
"998","5879"
"998","5880"
"998","5881"
"10319","1605"
"10319","22987"
"10319","960"
"10319","9899"
"10319","9900"
"1277","51206"
"1277","6382"
"1277","6385"
"1277","960"
"1278","51206"
"1278","6382"
"1278","6385"
"1278","960"
"1280","51206"
"1280","6382"
"1280","6385"
"1280","960"
"1282","51206"
"1282","6382"
"1282","6385"
"1282","960"
"1284","51206"
"1284","6382"
"1284","6385"
"1284","960"
"1285","51206"
"1285","6382"
"1285","6385"
"1285","960"
"1286","51206"
"1286","6382"
"1286","6385"
"1286","960"
"1287","51206"
"1287","6382"
"1287","6385"
"1287","960"
"1288","51206"
"1288","6382"
"1288","6385"
"1288","960"
"1291","51206"
"1291","6382"
"1291","6385"
"1291","960"
"1292","51206"
"1292","6382"
"1292","6385"
"1292","960"
"1293","51206"
"1293","6382"
"1293","6385"
"1293","960"
"1297","51206"
"1297","6382"
"1297","6385"
"1297","960"
"1298","51206"
"1298","6382"
"1298","6385"
"1298","960"
"1299","51206"
"1299","6382"
"1299","6385"
"1299","960"
"1311","6382"
"1311","6385"
"1311","948"
"1311","961"
"131873","51206"
"131873","6382"
"131873","6385"
"131873","960"
"158326","3688"
"158326","8516"
"1758","3685"
"1758","3690"
"1834","3685"
"1834","3688"
"1834","3694"
"22798","1605"
"22798","22987"
"22798","960"
"22798","9899"
"22798","9900"
"2335","6382"
"2335","6385"
"2335","960"
"255743","3688"
"255743","8516"
"256076","51206"
"256076","6382"
"256076","6385"
"256076","960"
"284217","1605"
"284217","22987"
"284217","960"
"284217","9899"
"284217","9900"
"3339","1605"
"3371","6382"
"3371","6385"
"341640","3688"
"341640","8516"
"375790","1605"
"3908","1605"
"3908","22987"
"3908","960"
"3908","9899"
"3908","9900"
"3909","1605"
"3909","22987"
"3909","960"
"3909","9899"
"3909","9900"
"3910","1605"
"3910","22987"
"3910","960"
"3910","9899"
"3910","9900"
"3911","1605"
"3911","22987"
"3911","960"
"3911","9899"
"3911","9900"
"3912","1605"
"3912","22987"
"3912","960"
"3912","9899"
"3912","9900"
"3913","1605"
"3913","22987"
"3913","960"
"3913","9899"
"3913","9900"
"3914","1605"
"3914","22987"
"3914","960"
"3914","9899"
"3914","9900"
"3915","1605"
"3915","22987"
"3915","960"
"3915","9899"
"3915","9900"
"3918","1605"
"3918","22987"
"3918","960"
"3918","9899"
"3918","9900"
"56955","3685"
"56955","3690"
"63923","6382"
"63923","6385"
"7057","6382"
"7057","6385"
"7057","948"
"7057","961"
"7058","6382"
"7058","6385"
"7058","948"
"7058","961"
"7059","6382"
"7059","6385"
"7059","948"
"7059","961"
"7060","6382"
"7060","6385"
"7060","948"
"7060","961"
"7143","6382"
"7143","6385"
"7148","6382"
"7148","6385"
"7450","2811"
"7450","2812"
"7450","2814"
"7450","2815"
"80144","3688"
"80144","8516"
"102723996","1493"
"102723996","29851"
"102723996","940"
"1272","4897"
"23308","1493"
"23308","29851"
"23308","940"
"25945","201633"
"29126","5133"
"29126","941"
"3105","925"
"3105","926"
"3105","927"
"3106","925"
"3106","926"
"3106","927"
"3107","925"
"3107","926"
"3107","927"
"3108","920"
"3109","920"
"3111","920"
"3112","920"
"3113","920"
"3115","920"
"3117","920"
"3118","920"
"3119","920"
"3122","920"
"3123","920"
"3125","920"
"3126","920"
"3127","920"
"3133","925"
"3133","926"
"3133","927"
"3134","925"
"3134","926"
"3134","927"
"3135","925"
"3135","926"
"3135","927"
"3383","3683"
"3383","3689"
"3384","3683"
"3384","3689"
"3385","3683"
"3385","3689"
"3676","7412"
"3680","7412"
"3683","10666"
"3683","3383"
"3683","3384"
"3683","3385"
"3684","3383"
"3688","7412"
"3689","10666"
"3689","3383"
"3689","3384"
"3689","3385"
"57689","22854"
"5817","10666"
"5817","201633"
"5819","10666"
"5819","201633"
"6404","6401"
"6404","6403"
"64101","84628"
"64115","152404"
"80380","5133"
"9369","22829"
"9369","22871"
"9369","54413"
"9369","57502"
"9369","57555"
"9378","22829"
"9378","22871"
"9378","54413"
"9378","57502"
"9378","57555"
"9379","22829"
"9379","22871"
"9379","54413"
"9379","57502"
"9379","57555"
"940","941"
"94030","5792"
"941","1493"
"941","29126"
"941","940"
"942","1493"
"942","940"
"965","914"
"10163","60"
"10163","71"
"10458","60"
"10458","71"
"10810","60"
"10810","71"
"1457","1499"
"1459","1499"
"1460","1499"
"1500","387"
"1500","5879"
"1500","5880"
"1500","5881"
"1500","998"
"1956","1499"
"1956","1500"
"2064","1499"
"2064","1500"
"2241","1499"
"2241","1500"
"2534","1499"
"2534","1500"
"25945","56288"
"283106","1499"
"3480","1499"
"4233","1499"
"4233","1500"
"4301","60"
"4301","71"
"52","1499"
"57154","387"
"5770","1499"
"5777","1500"
"5787","1499"
"5792","1499"
"5795","1500"
"5797","1499"
"5797","1500"
"5818","56288"
"5819","56288"
"5879","10163"
"5879","10458"
"5879","10810"
"5879","8826"
"5879","8936"
"5880","10163"
"5880","10458"
"5880","10810"
"5880","8826"
"5880","8936"
"5881","10163"
"5881","10458"
"5881","10810"
"5881","8826"
"5881","8936"
"6093","29895"
"6093","4633"
"6093","58498"
"6093","93408"
"64750","387"
"6714","1499"
"6714","9855"
"6885","51701"
"7454","60"
"7454","71"
"7525","1500"
"7525","2241"
"7525","2534"
"81607","56288"
"8826","1499"
"8826","60"
"8826","71"
"8936","60"
"8936","71"
"8976","60"
"8976","71"
"9411","387"
"9475","29895"
"9475","4633"
"9475","58498"
"9475","93408"
"998","8826"
"998","8976"
"1019","2064"
"1019","5111"
"1019","595"
"1019","861"
"10376","998"
"112714","998"
"113457","998"
"154796","55114"
"154810","55114"
"23370","387"
"2626","100132463"
"2626","100288814"
"2626","10686"
"2626","1364"
"2626","1365"
"2626","1366"
"2626","137075"
"2626","149461"
"2626","23562"
"2626","24146"
"2626","26285"
"2626","49861"
"2626","5010"
"2626","51208"
"2626","53842"
"2626","644672"
"2626","7122"
"2626","9069"
"2626","9071"
"2626","9073"
"2626","9074"
"2626","9075"
"2626","9076"
"2626","9080"
"3308","7082"
"3725","909"
"3725","910"
"3725","911"
"3725","912"
"3725","913"
"387","2626"
"4214","5599"
"4214","5601"
"4214","5602"
"4633","103910"
"4633","10398"
"4633","10627"
"4633","140465"
"4633","4627"
"4633","4628"
"4633","4629"
"4633","4637"
"4633","79784"
"4771","154796"
"4771","154810"
"4771","51421"
"51421","55114"
"51422","4633"
"51807","998"
"53632","4633"
"54566","23370"
"55114","5879"
"55114","998"
"5515","100506658"
"5515","5584"
"5515","5590"
"5516","100506658"
"5516","5584"
"5516","5590"
"5518","100506658"
"5518","5584"
"5518","5590"
"5519","100506658"
"5519","5584"
"5519","5590"
"5520","100506658"
"5520","5584"
"5520","5590"
"5521","100506658"
"5521","5584"
"5521","5590"
"5522","100506658"
"5522","5584"
"5522","5590"
"5562","4633"
"5563","4633"
"5564","4633"
"5565","4633"
"5566","7408"
"5567","7408"
"5568","7408"
"5571","4633"
"5581","4478"
"5581","5962"
"5581","7430"
"5584","3993"
"5584","3996"
"5584","54566"
"5584","56288"
"5584","6794"
"55844","100506658"
"55844","5584"
"55844","5590"
"5590","3993"
"5590","3996"
"5590","54566"
"5590","56288"
"5590","6794"
"5599","6714"
"5601","6714"
"5602","6714"
"56288","10207"
"56288","7074"
"57530","2626"
"57530","9181"
"57826","387"
"5872","5566"
"5872","5567"
"5872","5568"
"5906","3688"
"6714","100506658"
"6714","7082"
"6794","23370"
"7082","8531"
"7277","998"
"7278","998"
"7846","998"
"79861","998"
"8189","2064"
"8189","5111"
"8189","595"
"8189","861"
"84790","998"
"84952","9181"
"8531","2064"
"8531","5111"
"8531","595"
"8531","861"
"9181","387"
"91862","4214"
"9693","57826"
"998","123720"
"10746","5607"
"1453","2697"
"1902","2770"
"1902","2771"
"1902","2773"
"5594","2697"
"5594","57369"
"5595","2697"
"5595","57369"
"5598","2697"
"5598","57369"
"5607","5598"
"6714","10746"
"983","2697"
"983","57369"
"10297","6932"
"1499","6929"
"2260","3265"
"2260","3845"
"2260","4893"
"2260","5290"
"2260","5291"
"2260","5293"
"2260","5295"
"2260","5296"
"2260","8503"
"2261","3265"
"2261","3845"
"2261","4893"
"2261","5290"
"2261","5291"
"2261","5293"
"2261","5295"
"2261","5296"
"2261","8503"
"2263","3265"
"2263","3845"
"2263","4893"
"2263","5290"
"2263","5291"
"2263","5293"
"2263","5295"
"2263","5296"
"2263","8503"
"2264","3265"
"2264","3845"
"2264","4893"
"2264","5290"
"2264","5291"
"2264","5293"
"2264","5295"
"2264","5296"
"2264","8503"
"2885","5604"
"2885","5605"
"324","6932"
"3572","2885"
"3572","3716"
"3572","3717"
"3572","3718"
"3572","5290"
"3572","5291"
"3572","5293"
"3572","5295"
"3572","5296"
"3572","8503"
"3624","130399"
"3624","91"
"3625","130399"
"3625","91"
"3626","130399"
"3626","91"
"388112","5460"
"388112","5462"
"3977","2885"
"3977","3716"
"3977","3717"
"3977","3718"
"3977","5290"
"3977","5291"
"3977","5293"
"3977","5295"
"3977","5296"
"3977","8503"
"4086","1852"
"4090","1852"
"4093","1852"
"4838","130399"
"4838","91"
"5460","6657"
"5462","6657"
"5594","6926"
"5595","6926"
"657","1432"
"657","5594"
"657","5595"
"657","5600"
"657","5603"
"657","6300"
"658","1432"
"658","5594"
"658","5595"
"658","5600"
"658","5603"
"658","6300"
"659","1432"
"659","4090"
"659","4093"
"659","5594"
"659","5595"
"659","5600"
"659","5603"
"659","6300"
"6657","388112"
"6657","79923"
"6774","4609"
"6774","9314"
"6926","388112"
"6926","79923"
"6929","2103"
"79923","5460"
"79923","5462"
"8312","6932"
"8313","6932"
"83729","130399"
"83729","91"
"90","1432"
"90","5594"
"90","5595"
"90","5600"
"90","5603"
"90","6300"
"92","4087"
"92","4088"
"93","4087"
"93","4088"
"9314","6657"
"10544","5624"
"10747","717"
"10747","720"
"10747","721"
"10877","3075"
"10878","3075"
"1675","629"
"2","5328"
"2152","2159"
"3078","3075"
"3080","3075"
"4153","717"
"4153","720"
"4153","721"
"5054","5328"
"5055","5327"
"5055","5328"
"5104","5327"
"5104","5328"
"5265","5328"
"5270","5327"
"5270","5328"
"5327","5340"
"5328","5329"
"5328","5340"
"5648","717"
"5648","720"
"5648","721"
"7056","5624"
"710","10747"
"710","4153"
"710","5328"
"710","5648"
"710","712"
"710","713"
"710","714"
"710","715"
"710","716"
"712","717"
"712","720"
"712","721"
"713","717"
"713","720"
"713","721"
"714","717"
"714","720"
"714","721"
"715","717"
"715","720"
"715","721"
"716","717"
"716","720"
"716","721"
"7448","729"
"7448","730"
"7448","731"
"7448","732"
"7448","733"
"7448","735"
"81494","3075"
"10125","100137049"
"10125","123745"
"10125","255189"
"10125","283748"
"10125","5321"
"10125","5906"
"10125","5908"
"10125","8605"
"10125","8681"
"10235","100137049"
"10235","123745"
"10235","255189"
"10235","283748"
"10235","5321"
"10235","8605"
"10235","8681"
"10672","6714"
"1281","3673"
"1281","3688"
"1281","51206"
"1432","5594"
"1432","5595"
"2207","5290"
"2207","5291"
"2207","5293"
"2207","5295"
"2207","5296"
"2207","8503"
"2212","6850"
"2534","2207"
"2811","5290"
"2811","5291"
"2811","5293"
"2811","5295"
"2811","5296"
"2811","8503"
"2812","5290"
"2812","5291"
"2812","5293"
"2812","5295"
"2812","5296"
"2812","8503"
"2814","5290"
"2814","5291"
"2814","5293"
"2814","5295"
"2814","5296"
"2814","8503"
"2815","5290"
"2815","5291"
"2815","5293"
"2815","5295"
"2815","5296"
"2815","8503"
"3673","5290"
"3673","5291"
"3673","5293"
"3673","5295"
"3673","5296"
"3673","8503"
"3674","10672"
"3688","5290"
"3688","5291"
"3688","5293"
"3688","5295"
"3688","5296"
"3688","8503"
"3690","10672"
"4067","2207"
"5290","3937"
"5290","5336"
"5290","695"
"5291","3937"
"5291","5336"
"5291","695"
"5293","3937"
"5293","5336"
"5293","695"
"5295","3937"
"5295","5336"
"5295","695"
"5296","3937"
"5296","5336"
"5296","695"
"5584","5906"
"5584","5908"
"5590","5906"
"5590","5908"
"5592","1432"
"5592","5600"
"5592","5603"
"5592","6300"
"5593","1432"
"5593","5600"
"5593","5603"
"5593","6300"
"5600","5594"
"5600","5595"
"5603","5594"
"5603","5595"
"60","3674"
"60","3690"
"6300","5594"
"6300","5595"
"64805","2770"
"64805","2771"
"64805","2773"
"6714","2212"
"6714","2909"
"6850","5336"
"6915","10672"
"71","3674"
"71","3690"
"83706","3674"
"83706","3690"
"8503","3937"
"8503","5336"
"8503","695"
"9002","10672"
"1508","972"
"1514","972"
"1520","972"
"3105","100132285"
"3105","115653"
"3105","3802"
"3105","3803"
"3105","3804"
"3105","3805"
"3105","3806"
"3105","3808"
"3105","3809"
"3105","3810"
"3105","3811"
"3105","3812"
"3105","3821"
"3105","3822"
"3105","3823"
"3105","3824"
"3105","57292"
"3105","8302"
"3106","100132285"
"3106","115653"
"3106","3802"
"3106","3803"
"3106","3804"
"3106","3805"
"3106","3806"
"3106","3808"
"3106","3809"
"3106","3810"
"3106","3811"
"3106","3812"
"3106","3821"
"3106","3822"
"3106","3823"
"3106","3824"
"3106","57292"
"3106","8302"
"3107","100132285"
"3107","115653"
"3107","3802"
"3107","3803"
"3107","3804"
"3107","3805"
"3107","3806"
"3107","3808"
"3107","3809"
"3107","3810"
"3107","3811"
"3107","3812"
"3107","3821"
"3107","3822"
"3107","3823"
"3107","3824"
"3107","57292"
"3107","8302"
"3108","972"
"3109","972"
"3111","972"
"3112","972"
"3113","972"
"3115","972"
"3117","972"
"3118","972"
"3119","972"
"3122","972"
"3123","972"
"3125","972"
"3126","972"
"3127","972"
"3133","100132285"
"3133","115653"
"3133","3802"
"3133","3803"
"3133","3804"
"3133","3805"
"3133","3806"
"3133","3808"
"3133","3809"
"3133","3810"
"3133","3811"
"3133","3812"
"3133","3821"
"3133","3822"
"3133","3823"
"3133","3824"
"3133","57292"
"3133","8302"
"3134","100132285"
"3134","115653"
"3134","3802"
"3134","3803"
"3134","3804"
"3134","3805"
"3134","3806"
"3134","3808"
"3134","3809"
"3134","3810"
"3134","3811"
"3134","3812"
"3134","3821"
"3134","3822"
"3134","3823"
"3134","3824"
"3134","57292"
"3134","8302"
"3135","100132285"
"3135","115653"
"3135","3802"
"3135","3803"
"3135","3804"
"3135","3805"
"3135","3806"
"3135","3808"
"3135","3809"
"3135","3810"
"3135","3811"
"3135","3812"
"3135","3821"
"3135","3822"
"3135","3823"
"3135","3824"
"3135","57292"
"3135","8302"
"3458","10197"
"3458","5720"
"3458","5721"
"4261","1385"
"4261","4800"
"4261","4801"
"4261","4802"
"4261","5993"
"4261","5994"
"4261","8625"
"5641","972"
"7124","10197"
"7124","5720"
"7124","5721"
"2214","6850"
"2215","6850"
"2357","23236"
"2357","5290"
"2357","5291"
"2357","5293"
"2357","5295"
"2357","5296"
"2357","5330"
"2357","5331"
"2357","5332"
"2357","5335"
"2357","5336"
"2357","8503"
"2358","23236"
"2358","5290"
"2358","5291"
"2358","5293"
"2358","5295"
"2358","5296"
"2358","5330"
"2358","5331"
"2358","5332"
"2358","5335"
"2358","5336"
"2358","8503"
"2359","23236"
"2359","5290"
"2359","5291"
"2359","5293"
"2359","5295"
"2359","5296"
"2359","5330"
"2359","5331"
"2359","5332"
"2359","5335"
"2359","5336"
"2359","8503"
"2475","10533"
"27180","1535"
"27180","1536"
"27180","4688"
"27180","4689"
"27180","5879"
"27180","5880"
"27180","653361"
"3146","177"
"3146","7097"
"3146","7099"
"51284","1535"
"51284","1536"
"51284","4688"
"51284","4689"
"51284","5879"
"51284","5880"
"51284","653361"
"51311","1535"
"51311","1536"
"51311","4688"
"51311","4689"
"51311","5879"
"51311","5880"
"51311","653361"
"5578","10533"
"5578","1535"
"5578","1536"
"5578","4688"
"5578","4689"
"5578","5879"
"5578","5880"
"5578","653361"
"5579","10533"
"5579","1535"
"5579","1536"
"5579","4688"
"5579","4689"
"5579","5879"
"5579","5880"
"5582","10533"
"5582","1535"
"5582","1536"
"5582","4688"
"5582","4689"
"5582","5879"
"5582","5880"
"5582","653361"
"5594","1535"
"5594","1536"
"5594","4688"
"5594","4689"
"5594","5879"
"5594","5880"
"5594","653361"
"5595","1535"
"5595","1536"
"5595","4688"
"5595","4689"
"5595","5879"
"5595","5880"
"5595","653361"
"6403","6404"
"6714","1378"
"6714","1379"
"6714","2209"
"6714","3683"
"6714","3684"
"6714","3689"
"6714","64581"
"6714","728"
"6850","23236"
"6850","5290"
"6850","5291"
"6850","5293"
"6850","5295"
"6850","5296"
"6850","5330"
"6850","5331"
"6850","5332"
"6850","5335"
"6850","5594"
"6850","5595"
"6850","6885"
"6850","8503"
"6885","5605"
"7097","5594"
"7097","5595"
"7099","1432"
"7099","5600"
"7099","5603"
"7099","6300"
"718","1378"
"718","1379"
"718","3684"
"834","79792"
"837","79792"
"5972","10159"
"10000","4790"
"10000","5970"
"10379","3627"
"10379","6373"
"1326","4790"
"148022","7187"
"207","4790"
"207","5970"
"208","4790"
"208","5970"
"2353","3553"
"2353","3569"
"2353","3576"
"2353","3592"
"2353","3593"
"2353","388372"
"2353","414062"
"2353","6348"
"2353","6349"
"2353","6351"
"2353","6352"
"2353","7124"
"2353","9560"
"29110","3661"
"29110","3665"
"3654","3665"
"3661","3456"
"3661","3627"
"3661","4283"
"3661","6373"
"3661","941"
"3661","942"
"3661","958"
"3663","3439"
"3663","3440"
"3663","3441"
"3663","3442"
"3663","3443"
"3663","3444"
"3663","3445"
"3663","3446"
"3663","3447"
"3663","3448"
"3663","3449"
"3663","3451"
"3663","3452"
"3663","3456"
"3663","3553"
"3663","3569"
"3663","3576"
"3663","3592"
"3663","3593"
"3663","414062"
"3663","6348"
"3663","6349"
"3663","6352"
"3663","7124"
"3665","3439"
"3665","3440"
"3665","3441"
"3665","3442"
"3665","3443"
"3665","3444"
"3665","3445"
"3665","3446"
"3665","3447"
"3665","3448"
"3665","3449"
"3665","3451"
"3665","3452"
"3665","3456"
"3716","10379"
"3725","3553"
"3725","3569"
"3725","3576"
"3725","3592"
"3725","3593"
"3725","388372"
"3725","414062"
"3725","6348"
"3725","6349"
"3725","6351"
"3725","6352"
"3725","7124"
"3725","9560"
"4615","8772"
"4790","3592"
"4790","3593"
"4790","414062"
"4790","6348"
"4790","6349"
"4790","6352"
"4792","4790"
"4792","5970"
"51135","3654"
"54106","4615"
"5970","3592"
"5970","3593"
"5970","414062"
"5970","6348"
"5970","6349"
"5970","6352"
"6696","3665"
"6772","3627"
"6772","4283"
"6772","6373"
"6773","3627"
"6773","6373"
"6885","5606"
"6885","6416"
"7097","114609"
"7097","4615"
"7097","54472"
"7100","4615"
"7187","29110"
"7187","9641"
"7189","3663"
"7189","3665"
"7297","10379"
"8737","7189"
"9641","3661"
"9641","3665"
"100506742","834"
"10135","1536"
"10392","55054"
"10392","8767"
"10616","8767"
"10628","114548"
"107181291","9447"
"10910","10392"
"10910","114548"
"11035","10059"
"1147","4793"
"114769","834"
"140609","114548"
"148022","3661"
"148022","3665"
"1508","114548"
"152138","29108"
"222545","23236"
"222545","5330"
"222545","5331"
"222545","5332"
"260434","29108"
"29108","834"
"29110","4790"
"29110","5970"
"329","8767"
"330","8767"
"331","8767"
"340061","29110"
"3428","340061"
"3428","9447"
"345611","114548"
"3551","4793"
"3661","3439"
"3661","3440"
"3661","3441"
"3661","3442"
"3661","3443"
"3661","3444"
"3661","3445"
"3661","3446"
"3661","3447"
"3661","3448"
"3661","3449"
"3661","3451"
"3661","3452"
"3725","2919"
"3725","2920"
"3725","2921"
"3725","3606"
"3725","6347"
"3725","820"
"387","5585"
"387","5586"
"4210","29108"
"4671","58484"
"4790","114548"
"4790","3439"
"4790","3440"
"4790","3441"
"4790","3442"
"4790","3443"
"4790","3444"
"4790","3445"
"4790","3446"
"4790","3447"
"4790","3448"
"4790","3449"
"4790","3451"
"4790","3452"
"4790","3606"
"4790","6347"
"4790","820"
"4793","4790"
"4793","5970"
"51135","8517"
"55072","8767"
"5580","58484"
"5585","4210"
"5586","4210"
"55914","64127"
"57506","114548"
"57506","7187"
"59082","834"
"596","22861"
"5970","114548"
"5970","3439"
"5970","3440"
"5970","3441"
"5970","3442"
"5970","3443"
"5970","3444"
"5970","3445"
"5970","3446"
"5970","3447"
"5970","3448"
"5970","3449"
"5970","3451"
"5970","3452"
"5970","3606"
"5970","6347"
"5970","820"
"598","22861"
"6041","56919"
"63940","114548"
"64127","22861"
"64127","55054"
"64127","57506"
"64127","8767"
"64127","9140"
"64127","9474"
"64170","8767"
"6885","1147"
"6885","1432"
"6885","5594"
"6885","5595"
"6885","5599"
"6885","5600"
"6885","5601"
"6885","5602"
"6885","5603"
"6885","6300"
"7128","8767"
"7158","9447"
"7186","8767"
"7188","8767"
"7189","8767"
"7205","8767"
"7531","4210"
"79184","114548"
"79671","57506"
"79792","114548"
"81858","8767"
"834","3606"
"838","79792"
"841","834"
"846","23236"
"846","5330"
"846","5331"
"846","5332"
"84674","8767"
"8737","10059"
"8767","10454"
"8767","23118"
"8767","257397"
"8767","7187"
"8767","8517"
"9051","4210"
"91662","4790"
"91662","5970"
"10010","8517"
"1540","23586"
"23586","57506"
"26007","64135"
"3661","338376"
"3661","3467"
"3661","56832"
"3665","338376"
"3665","3467"
"3665","56832"
"4214","1432"
"4214","4790"
"4214","5600"
"4214","5603"
"4214","5970"
"4214","6300"
"4790","338376"
"4790","3467"
"4790","3627"
"4790","56832"
"54941","23586"
"54941","64135"
"55593","7187"
"5970","338376"
"5970","3467"
"5970","3627"
"5970","56832"
"64135","57506"
"64343","8517"
"6885","4790"
"6885","5970"
"7189","4214"
"7706","23586"
"79132","23586"
"79132","64135"
"80143","9641"
"841","1147"
"841","3551"
"841","8517"
"843","1147"
"843","3551"
"843","8517"
"8517","3661"
"8517","3665"
"9755","8517"
"114548","11035"
"114548","29108"
"114548","834"
"114548","841"
"114548","8737"
"114548","8772"
"340061","9641"
"4210","11035"
"4210","834"
"4210","841"
"4210","8737"
"4210","8772"
"57506","4790"
"57506","5970"
"81030","29108"
"81030","29110"
"81030","834"
"81030","841"
"81030","8737"
"81030","8772"
"81030","9641"
"834","90865"
"836","1687"
"840","1687"
"8517","4793"
"8737","1147"
"8737","3551"
"8737","8517"
"9447","11035"
"9447","29108"
"9447","834"
"9447","841"
"9447","8737"
"9447","8772"
"10379","53342"
"10892","1147"
"10892","1432"
"10892","3551"
"10892","5290"
"10892","5291"
"10892","5293"
"10892","5295"
"10892","5296"
"10892","5594"
"10892","5595"
"10892","5599"
"10892","5600"
"10892","5601"
"10892","5602"
"10892","5603"
"10892","6300"
"10892","841"
"10892","8503"
"10892","8517"
"1540","602"
"23365","22800"
"23365","22808"
"23365","3265"
"23365","3845"
"23365","4893"
"23365","6237"
"3659","3592"
"3659","3593"
"387","5058"
"4046","22800"
"4046","22808"
"4046","3265"
"4046","3845"
"4046","4893"
"4046","6237"
"4046","6714"
"4193","3592"
"4193","3593"
"4772","1959"
"4772","1960"
"4772","3558"
"4772","3586"
"4772","53342"
"4772","5743"
"4773","1959"
"4773","1960"
"4773","3558"
"4773","3586"
"4773","53342"
"4775","1959"
"4775","1960"
"4775","3558"
"4775","3586"
"4775","53342"
"4775","5743"
"4776","1959"
"4776","1960"
"4776","3558"
"4776","3586"
"4776","53342"
"4776","5743"
"4790","3586"
"4790","51561"
"4790","6361"
"4790","6367"
"5058","5894"
"5580","5594"
"5580","5595"
"5580","64170"
"5894","5970"
"5970","3586"
"5970","51561"
"5971","3553"
"5971","3592"
"5971","3593"
"602","3569"
"602","3586"
"602","3592"
"602","3593"
"602","51561"
"602","6361"
"602","6367"
"64170","1147"
"64170","1432"
"64170","3551"
"64170","5290"
"64170","5291"
"64170","5293"
"64170","5295"
"64170","5296"
"64170","5594"
"64170","5595"
"64170","5599"
"64170","5600"
"64170","5601"
"64170","5602"
"64170","5603"
"64170","6300"
"64170","841"
"64170","8503"
"64170","8517"
"6714","5894"
"6772","53342"
"6773","53342"
"6850","64170"
"6850","9020"
"868","64581"
"868","6850"
"868","93978"
"8915","1147"
"8915","1432"
"8915","3551"
"8915","5290"
"8915","5291"
"8915","5293"
"8915","5295"
"8915","5296"
"8915","5594"
"8915","5595"
"8915","5599"
"8915","5600"
"8915","5601"
"8915","5602"
"8915","5603"
"8915","6300"
"8915","841"
"8915","8503"
"8915","8517"
"9261","4046"
"9641","1540"
"9641","6772"
"10254","3716"
"10254","3717"
"10254","3718"
"10254","7297"
"10401","6772"
"10401","6773"
"10401","6774"
"10401","6775"
"10401","6776"
"10401","6777"
"10401","6778"
"11009","116379"
"11009","3587"
"11009","3588"
"11009","3716"
"11009","3718"
"11009","7297"
"1154","6772"
"1154","6773"
"1154","6774"
"1154","6775"
"1154","6776"
"1154","6777"
"1154","6778"
"116379","6774"
"122809","3716"
"122809","3717"
"122809","3718"
"122809","7297"
"1270","133396"
"1270","3566"
"1270","3570"
"1270","3590"
"1270","3597"
"1270","3598"
"1270","3716"
"1270","3717"
"1270","7297"
"1270","9180"
"1270","9466"
"1271","6772"
"1271","6774"
"1271","6778"
"133396","6772"
"133396","6774"
"133396","6778"
"1387","6772"
"1387","6773"
"1387","6774"
"1387","6775"
"1387","6776"
"1387","6777"
"1387","6778"
"1437","3563"
"1437","3568"
"1437","3717"
"1438","6776"
"1438","6777"
"1439","6776"
"1439","6777"
"1440","3953"
"1440","4352"
"1441","6774"
"1441","6776"
"1441","6777"
"1442","3953"
"1442","4352"
"1443","3953"
"1443","4352"
"1489","1271"
"1489","133396"
"1489","3566"
"1489","3570"
"1489","3590"
"1489","3597"
"1489","3598"
"1489","3716"
"1489","3717"
"1489","7297"
"1489","9180"
"1489","9466"
"149233","6774"
"149233","6775"
"163702","6772"
"163702","6773"
"1950","3716"
"1950","3717"
"1956","6772"
"1956","6774"
"2033","6772"
"2033","6773"
"2033","6774"
"2033","6775"
"2033","6776"
"2033","6777"
"2033","6778"
"2056","3953"
"2056","4352"
"2057","6774"
"2057","6776"
"2057","6777"
"23529","133396"
"23529","3566"
"23529","3570"
"23529","3590"
"23529","3597"
"23529","3598"
"23529","3716"
"23529","3717"
"23529","7297"
"23529","9180"
"23529","9466"
"246778","1271"
"246778","133396"
"246778","3566"
"246778","3570"
"246778","3590"
"246778","3597"
"246778","3598"
"246778","3716"
"246778","3717"
"246778","3977"
"246778","7297"
"246778","9180"
"2688","3953"
"2688","4352"
"2689","3953"
"2689","4352"
"2690","6774"
"2690","6776"
"2690","6777"
"282616","3454"
"282616","3455"
"282616","3716"
"282616","7297"
"282617","3454"
"282617","3455"
"282617","3716"
"282617","7297"
"282618","3454"
"282618","3455"
"282618","3716"
"282618","7297"
"29949","116379"
"29949","3587"
"29949","3588"
"29949","3716"
"29949","3718"
"29949","58985"
"29949","7297"
"30837","3716"
"30837","3717"
"30837","3718"
"30837","7297"
"338376","163702"
"338376","3588"
"338376","3716"
"338376","7297"
"3439","163702"
"3439","3588"
"3439","7297"
"3440","163702"
"3440","3588"
"3440","7297"
"3441","163702"
"3441","3588"
"3441","7297"
"3442","163702"
"3442","3588"
"3442","7297"
"3443","163702"
"3443","3588"
"3443","7297"
"3444","163702"
"3444","3588"
"3444","7297"
"3445","163702"
"3445","3588"
"3445","7297"
"3446","163702"
"3446","3588"
"3446","7297"
"3447","163702"
"3447","3588"
"3447","7297"
"3448","163702"
"3448","3588"
"3448","7297"
"3449","163702"
"3449","3588"
"3449","7297"
"3451","163702"
"3451","3588"
"3451","7297"
"3452","163702"
"3452","3588"
"3452","7297"
"3454","6772"
"3454","6773"
"3455","6772"
"3455","6773"
"3456","163702"
"3456","3588"
"3456","7297"
"3458","3716"
"3458","3717"
"3459","6774"
"3460","6774"
"3467","163702"
"3467","3588"
"3467","3716"
"3467","7297"
"3558","3581"
"3558","3601"
"3558","50615"
"3558","64109"
"3559","6772"
"3559","6774"
"3559","6776"
"3559","6777"
"3559","6778"
"3560","6772"
"3560","6774"
"3560","6776"
"3560","6777"
"3560","6778"
"3561","6772"
"3561","6774"
"3561","6776"
"3561","6777"
"3561","6778"
"3562","1438"
"3562","3568"
"3563","6776"
"3563","6777"
"3565","3581"
"3565","3601"
"3565","50615"
"3565","64109"
"3566","6772"
"3566","6774"
"3566","6776"
"3566","6777"
"3566","6778"
"3567","1438"
"3567","3563"
"3567","3717"
"3568","6776"
"3568","6777"
"3569","1271"
"3569","133396"
"3569","3590"
"3569","3597"
"3569","3598"
"3569","3977"
"3569","7297"
"3569","9466"
"3570","6772"
"3570","6778"
"3572","6772"
"3572","6774"
"3572","6778"
"3574","3581"
"3574","3601"
"3574","50615"
"3574","64109"
"3575","6772"
"3575","6774"
"3575","6776"
"3575","6777"
"3575","6778"
"3578","3559"
"3578","3560"
"3578","3566"
"3578","3575"
"3578","3601"
"3578","3716"
"3578","3718"
"3578","50615"
"3578","64109"
"3581","6772"
"3581","6774"
"3581","6776"
"3581","6777"
"3581","6778"
"3586","116379"
"3586","3716"
"3586","3718"
"3586","53832"
"3586","53833"
"3586","58985"
"3586","7297"
"3587","6774"
"3588","6772"
"3588","6773"
"3588","6774"
"3589","1271"
"3589","133396"
"3589","3566"
"3589","3570"
"3589","3597"
"3589","3598"
"3589","3716"
"3589","3717"
"3589","3977"
"3589","7297"
"3589","9180"
"3589","9466"
"3590","6772"
"3590","6774"
"3590","6778"
"3592","149233"
"3592","3717"
"3592","7297"
"3593","149233"
"3593","3717"
"3593","7297"
"3594","6774"
"3594","6775"
"3595","6774"
"3595","6775"
"3596","1271"
"3596","133396"
"3596","3570"
"3596","3572"
"3596","3590"
"3596","3716"
"3596","3717"
"3596","3977"
"3596","7297"
"3596","9180"
"3596","9466"
"3597","6772"
"3597","6774"
"3597","6778"
"3598","6772"
"3598","6774"
"3598","6778"
"3600","3559"
"3600","3566"
"3600","3575"
"3600","3581"
"3600","3716"
"3600","3718"
"3600","50615"
"3600","64109"
"3601","6772"
"3601","6774"
"3601","6776"
"3601","6777"
"3601","6778"
"3716","5781"
"3717","5781"
"3718","5781"
"386653","1271"
"386653","3566"
"386653","3570"
"386653","3572"
"386653","3590"
"386653","3597"
"386653","3598"
"386653","3716"
"386653","3717"
"386653","3977"
"386653","7297"
"386653","9466"
"3952","1441"
"3952","2057"
"3952","2690"
"3952","3717"
"3952","4352"
"3952","5618"
"3953","6774"
"3953","6776"
"3953","6777"
"3976","1271"
"3976","133396"
"3976","3566"
"3976","3570"
"3976","3590"
"3976","3597"
"3976","3598"
"3976","3716"
"3976","3717"
"3976","7297"
"3976","9180"
"3976","9466"
"3977","6772"
"3977","6774"
"3977","6778"
"4352","6774"
"4352","6776"
"4352","6777"
"5008","1271"
"5008","133396"
"5008","3590"
"5008","3597"
"5008","3598"
"5008","7297"
"5008","9466"
"50604","116379"
"50604","3587"
"50604","3588"
"50604","3716"
"50604","3718"
"50604","7297"
"50615","6772"
"50615","6774"
"50615","6776"
"50615","6777"
"50615","6778"
"50616","116379"
"50616","3587"
"50616","3716"
"50616","3718"
"50616","53832"
"50616","53833"
"50616","7297"
"5154","3716"
"5154","3717"
"5155","3716"
"5155","3717"
"5156","6772"
"5156","6774"
"51561","3595"
"51561","3717"
"51561","7297"
"51588","6772"
"51588","6773"
"51588","6774"
"51588","6775"
"51588","6776"
"51588","6777"
"51588","6778"
"5159","6772"
"5159","6774"
"53832","6774"
"53833","6774"
"55801","116379"
"55801","3587"
"55801","3716"
"55801","3718"
"55801","53833"
"55801","58985"
"55801","7297"
"5617","3953"
"5617","4352"
"5618","6774"
"5618","6776"
"5618","6777"
"56832","163702"
"56832","3588"
"56832","3716"
"56832","7297"
"5771","3716"
"5771","3717"
"5771","3718"
"5771","6772"
"5771","6773"
"5771","6774"
"5771","6775"
"5771","6776"
"5771","6777"
"5771","6778"
"5771","7297"
"5777","3716"
"5777","3717"
"5777","3718"
"5777","7297"
"58985","6774"
"59067","3559"
"59067","3560"
"59067","3566"
"59067","3575"
"59067","3581"
"59067","3601"
"59067","3716"
"59067","3718"
"59067","64109"
"64109","6772"
"64109","6774"
"64109","6776"
"64109","6777"
"64109","6778"
"6772","1026"
"6772","1154"
"6772","122809"
"6772","2670"
"6772","30837"
"6772","316"
"6772","4170"
"6772","4609"
"6772","5292"
"6772","595"
"6772","596"
"6772","598"
"6772","8651"
"6772","8835"
"6772","894"
"6772","896"
"6772","9021"
"6772","9306"
"6772","9655"
"6773","1026"
"6773","1154"
"6773","122809"
"6773","2670"
"6773","30837"
"6773","316"
"6773","4170"
"6773","4609"
"6773","5292"
"6773","595"
"6773","596"
"6773","598"
"6773","8651"
"6773","8835"
"6773","894"
"6773","896"
"6773","9021"
"6773","9306"
"6773","9655"
"6774","1026"
"6774","1154"
"6774","122809"
"6774","2670"
"6774","30837"
"6774","316"
"6774","4170"
"6774","5292"
"6774","595"
"6774","596"
"6774","598"
"6774","8651"
"6774","8835"
"6774","894"
"6774","896"
"6774","9021"
"6774","9306"
"6774","9655"
"6775","1026"
"6775","1154"
"6775","122809"
"6775","2670"
"6775","30837"
"6775","316"
"6775","4170"
"6775","4609"
"6775","5292"
"6775","595"
"6775","596"
"6775","598"
"6775","8651"
"6775","8835"
"6775","894"
"6775","896"
"6775","9021"
"6775","9306"
"6775","9655"
"6776","1026"
"6776","1154"
"6776","122809"
"6776","2670"
"6776","30837"
"6776","316"
"6776","4170"
"6776","4609"
"6776","5292"
"6776","595"
"6776","596"
"6776","598"
"6776","8651"
"6776","8835"
"6776","894"
"6776","896"
"6776","9021"
"6776","9306"
"6776","9655"
"6777","1026"
"6777","1154"
"6777","122809"
"6777","2670"
"6777","30837"
"6777","316"
"6777","4170"
"6777","4609"
"6777","5292"
"6777","595"
"6777","596"
"6777","598"
"6777","8651"
"6777","8835"
"6777","894"
"6777","896"
"6777","9021"
"6777","9306"
"6777","9655"
"6778","1026"
"6778","1154"
"6778","122809"
"6778","2670"
"6778","30837"
"6778","316"
"6778","4170"
"6778","4609"
"6778","5292"
"6778","595"
"6778","596"
"6778","598"
"6778","8651"
"6778","8835"
"6778","894"
"6778","896"
"6778","9021"
"6778","9306"
"6778","9655"
"7066","1441"
"7066","2057"
"7066","2690"
"7066","3717"
"7066","3953"
"7066","5618"
"7297","5290"
"7297","5291"
"7297","5293"
"7297","5295"
"7297","5296"
"7297","5781"
"7297","8503"
"8027","3716"
"8027","3717"
"8027","3718"
"8027","7297"
"85480","3559"
"85480","3560"
"85480","3561"
"85480","3566"
"85480","3581"
"85480","3601"
"85480","3716"
"85480","3718"
"85480","50615"
"8554","6772"
"8554","6773"
"8554","6774"
"8554","6775"
"8554","6776"
"8554","6777"
"8554","6778"
"8651","3716"
"8651","3717"
"8651","3718"
"8651","7297"
"8835","3716"
"8835","3717"
"8835","3718"
"8835","7297"
"9021","3716"
"9021","3717"
"9021","3718"
"9021","7297"
"9063","6772"
"9063","6773"
"9063","6774"
"9063","6775"
"9063","6776"
"9063","6777"
"9063","6778"
"9180","6772"
"9180","6774"
"9180","6778"
"9306","3716"
"9306","3717"
"9306","3718"
"9306","7297"
"9466","6772"
"9466","6774"
"9466","6778"
"9655","3716"
"9655","3717"
"9655","3718"
"9655","7297"
"100507436","100528032"
"100507436","22914"
"102723407","2214"
"102723407","2215"
"10870","2885"
"10870","5290"
"10870","5291"
"10870","5293"
"10870","5295"
"10870","5296"
"10870","5335"
"10870","5336"
"10870","8503"
"115653","5777"
"115653","5781"
"135250","100528032"
"135250","22914"
"154064","100528032"
"154064","22914"
"2185","5879"
"2185","5880"
"2185","5881"
"2207","7535"
"2534","51744"
"2534","7305"
"2534","919"
"27040","2885"
"353091","100528032"
"353091","22914"
"3683","10451"
"3683","2185"
"3683","7409"
"3683","7410"
"3689","10451"
"3689","2185"
"3689","7409"
"3689","7410"
"3802","5777"
"3802","5781"
"3803","5777"
"3803","5781"
"3804","5777"
"3804","5781"
"3811","5777"
"3811","5781"
"3812","5777"
"3812","5781"
"3821","5777"
"3821","5781"
"3824","5777"
"3824","5781"
"3932","7305"
"3937","2885"
"4068","2534"
"4277","100528032"
"4277","22914"
"5058","5604"
"5058","5605"
"51744","117157"
"51744","27040"
"51744","4068"
"5335","10451"
"5335","7409"
"5335","7410"
"5336","10451"
"5336","7409"
"5336","7410"
"57292","5777"
"57292","5781"
"5777","10451"
"5777","27040"
"5777","3937"
"5777","7409"
"5777","7410"
"5777","7462"
"5781","10451"
"5781","27040"
"5781","3937"
"5781","7409"
"5781","7410"
"5781","7462"
"6850","25759"
"6850","27040"
"6850","399694"
"6850","53358"
"6850","6464"
"6850","7462"
"7305","6850"
"7305","7535"
"7462","2885"
"7535","25759"
"7535","3937"
"7535","399694"
"7535","5290"
"7535","5291"
"7535","5293"
"7535","5295"
"7535","5296"
"7535","53358"
"7535","6464"
"7535","7462"
"7535","8503"
"79465","100528032"
"79465","22914"
"80328","100528032"
"80328","22914"
"80329","100528032"
"80329","22914"
"919","6850"
"919","7535"
"962","51744"
"1051","100289462"
"1051","1437"
"1051","1440"
"1051","1673"
"1051","2919"
"1051","2920"
"1051","2921"
"1051","338324"
"1051","3569"
"1051","3576"
"1051","3627"
"1051","3934"
"1051","4312"
"1051","4314"
"1051","4318"
"1051","4322"
"1051","4586"
"1051","5743"
"1051","6278"
"1051","6279"
"1051","6280"
"1051","6347"
"1051","6354"
"1051","6364"
"1051","6372"
"1051","6374"
"1051","7124"
"1051","727897"
"10758","2353"
"10758","2354"
"10758","23765"
"10758","3605"
"10758","3725"
"10758","3727"
"10758","7186"
"10758","7188"
"10758","7189"
"10758","8061"
"132014","10758"
"132014","7189"
"225689","2353"
"225689","2354"
"225689","3725"
"225689","3727"
"225689","8061"
"23118","1147"
"23118","3551"
"23118","8517"
"2353","100289462"
"2353","1437"
"2353","1440"
"2353","1673"
"2353","2919"
"2353","2920"
"2353","2921"
"2353","338324"
"2353","3458"
"2353","3565"
"2353","3567"
"2353","3596"
"2353","3627"
"2353","3934"
"2353","4312"
"2353","4314"
"2353","4318"
"2353","4322"
"2353","4586"
"2353","5743"
"2353","6278"
"2353","6279"
"2353","6280"
"2353","6347"
"2353","6354"
"2353","6356"
"2353","6361"
"2353","6364"
"2353","6372"
"2353","6374"
"2353","727897"
"2354","100289462"
"2354","1437"
"2354","1440"
"2354","1673"
"2354","2919"
"2354","2920"
"2354","2921"
"2354","338324"
"2354","3458"
"2354","3553"
"2354","3565"
"2354","3567"
"2354","3569"
"2354","3576"
"2354","3596"
"2354","3627"
"2354","3934"
"2354","4312"
"2354","4314"
"2354","4318"
"2354","4322"
"2354","4586"
"2354","5743"
"2354","6278"
"2354","6279"
"2354","6280"
"2354","6347"
"2354","6354"
"2354","6356"
"2354","6361"
"2354","6364"
"2354","6372"
"2354","6374"
"2354","7124"
"2354","727897"
"23765","10758"
"23765","2932"
"23765","5594"
"23765","5595"
"23765","7189"
"23765","8717"
"257397","1147"
"257397","3551"
"257397","8517"
"27189","23765"
"29110","10758"
"2932","1051"
"29761","7186"
"29761","7188"
"29761","7189"
"3725","100289462"
"3725","1437"
"3725","1440"
"3725","1673"
"3725","338324"
"3725","3458"
"3725","3565"
"3725","3567"
"3725","3596"
"3725","3627"
"3725","3934"
"3725","4312"
"3725","4314"
"3725","4318"
"3725","4322"
"3725","4586"
"3725","5743"
"3725","6278"
"3725","6279"
"3725","6280"
"3725","6354"
"3725","6356"
"3725","6361"
"3725","6364"
"3725","6372"
"3725","6374"
"3725","727897"
"3727","100289462"
"3727","1437"
"3727","1440"
"3727","1673"
"3727","2919"
"3727","2920"
"3727","2921"
"3727","338324"
"3727","3458"
"3727","3553"
"3727","3565"
"3727","3567"
"3727","3569"
"3727","3576"
"3727","3596"
"3727","3627"
"3727","3934"
"3727","4312"
"3727","4314"
"3727","4318"
"3727","4322"
"3727","4586"
"3727","5743"
"3727","6278"
"3727","6279"
"3727","6280"
"3727","6347"
"3727","6354"
"3727","6356"
"3727","6361"
"3727","6364"
"3727","6372"
"3727","6374"
"3727","7124"
"3727","727897"
"4790","100289462"
"4790","1437"
"4790","1440"
"4790","1673"
"4790","338324"
"4790","3458"
"4790","3565"
"4790","3567"
"4790","3596"
"4790","3934"
"4790","4312"
"4790","4314"
"4790","4318"
"4790","4322"
"4790","4586"
"4790","6278"
"4790","6279"
"4790","6280"
"4790","6354"
"4790","6356"
"4790","6364"
"4790","6372"
"4790","6374"
"4790","727897"
"51433","7189"
"55540","10758"
"55540","7189"
"55540","8717"
"5594","2354"
"5594","3727"
"5594","8061"
"5595","2354"
"5595","3727"
"5595","8061"
"5596","2353"
"5596","2354"
"5596","3725"
"5596","3727"
"5596","8061"
"5597","2353"
"5597","2354"
"5597","3725"
"5597","3727"
"5597","8061"
"5598","2353"
"5598","2354"
"5598","3725"
"5598","3727"
"5598","8061"
"5970","100289462"
"5970","1437"
"5970","1440"
"5970","1673"
"5970","338324"
"5970","3458"
"5970","3565"
"5970","3567"
"5970","3596"
"5970","3934"
"5970","4312"
"5970","4314"
"5970","4318"
"5970","4322"
"5970","4586"
"5970","6278"
"5970","6279"
"5970","6280"
"5970","6354"
"5970","6356"
"5970","6361"
"5970","6364"
"5970","6372"
"5970","6374"
"5970","727897"
"6885","8517"
"7128","7189"
"7186","1994"
"7186","6426"
"7187","23765"
"7187","84818"
"7188","1994"
"7188","6426"
"7189","1051"
"7189","1432"
"7189","225689"
"7189","2353"
"7189","2354"
"7189","3725"
"7189","3727"
"7189","4790"
"7189","5594"
"7189","5595"
"7189","5596"
"7189","5597"
"7189","5598"
"7189","5599"
"7189","5600"
"7189","5601"
"7189","5602"
"7189","5603"
"7189","5970"
"7189","6300"
"7189","8061"
"8061","100289462"
"8061","1437"
"8061","1440"
"8061","1673"
"8061","2919"
"8061","2920"
"8061","2921"
"8061","338324"
"8061","3458"
"8061","3553"
"8061","3565"
"8061","3567"
"8061","3569"
"8061","3576"
"8061","3596"
"8061","3627"
"8061","3934"
"8061","4312"
"8061","4314"
"8061","4318"
"8061","4322"
"8061","4586"
"8061","5743"
"8061","6278"
"8061","6279"
"8061","6280"
"8061","6347"
"8061","6354"
"8061","6356"
"8061","6361"
"8061","6364"
"8061","6372"
"8061","6374"
"8061","7124"
"8061","727897"
"84818","2932"
"84818","5594"
"84818","5595"
"8717","8772"
"8772","836"
"9618","10758"
"9641","10758"
"11317","2625"
"11317","30009"
"11317","3565"
"1147","4794"
"2353","2625"
"2353","30009"
"2353","3558"
"2353","3559"
"2353","3566"
"2353","3594"
"2353","3595"
"2625","30009"
"2625","3558"
"2625","3559"
"2625","3565"
"2625","3566"
"2625","3567"
"2625","3594"
"2625","3595"
"2625","3596"
"2625","4094"
"30009","2625"
"30009","3458"
"30009","3565"
"30009","3594"
"30009","3595"
"3108","919"
"3109","919"
"3111","919"
"3112","919"
"3113","919"
"3115","919"
"3117","919"
"3118","919"
"3119","919"
"3122","919"
"3123","919"
"3125","919"
"3126","919"
"3127","919"
"3516","2625"
"3516","30009"
"3516","3565"
"3551","4794"
"3725","2625"
"3725","30009"
"3725","3558"
"3725","3559"
"3725","3566"
"3725","3594"
"3725","3595"
"3932","7535"
"4094","3559"
"4094","3565"
"4094","3566"
"4772","2625"
"4772","30009"
"4772","3458"
"4772","3559"
"4772","3565"
"4772","3566"
"4772","3567"
"4772","3594"
"4772","3595"
"4772","3596"
"4773","2625"
"4773","30009"
"4773","3458"
"4773","3559"
"4773","3565"
"4773","3566"
"4773","3567"
"4773","3594"
"4773","3595"
"4773","3596"
"4775","2625"
"4775","30009"
"4775","3458"
"4775","3559"
"4775","3565"
"4775","3566"
"4775","3567"
"4775","3594"
"4775","3595"
"4775","3596"
"4790","2625"
"4790","30009"
"4790","3558"
"4790","3559"
"4790","3566"
"4790","3594"
"4790","3595"
"4851","11317"
"4851","3516"
"4851","55534"
"4851","84441"
"4851","9794"
"4853","11317"
"4853","3516"
"4853","55534"
"4853","84441"
"4853","9794"
"4854","11317"
"4854","3516"
"4854","4790"
"4854","55534"
"4854","5970"
"4854","84441"
"4854","9794"
"55534","2625"
"55534","30009"
"55534","3565"
"5588","1147"
"5588","3551"
"5588","8517"
"5970","2625"
"5970","30009"
"5970","3558"
"5970","3559"
"5970","3566"
"5970","3594"
"5970","3595"
"6772","30009"
"6772","3458"
"6772","3594"
"6772","3595"
"6775","30009"
"6775","3458"
"6775","3594"
"6775","3595"
"6776","2625"
"6776","3558"
"6776","3559"
"6776","3565"
"6776","3566"
"6777","2625"
"6777","3558"
"6777","3559"
"6777","3565"
"6777","3566"
"6778","2625"
"6778","3558"
"6778","3559"
"6778","3565"
"6778","3566"
"84441","2625"
"84441","30009"
"84441","3565"
"8517","4794"
"9794","2625"
"9794","30009"
"9794","3565"
"10148","3716"
"10148","3717"
"10148","7297"
"1432","3662"
"1432","6095"
"1432","6097"
"196","112744"
"196","3605"
"196","50616"
"196","59067"
"2475","3662"
"2475","6095"
"2475","6097"
"2625","6097"
"27040","1432"
"27040","5594"
"27040","5595"
"27040","5599"
"27040","5600"
"27040","5601"
"27040","5602"
"27040","5603"
"27040","6300"
"30009","861"
"3320","112744"
"3320","3605"
"3320","50616"
"3320","59067"
"3326","112744"
"3326","3605"
"3326","50616"
"3326","59067"
"3554","1432"
"3554","2475"
"3554","5600"
"3554","5603"
"3554","6300"
"3556","1432"
"3556","2475"
"3556","5600"
"3556","5603"
"3556","6300"
"4087","149233"
"4087","3594"
"4087","50943"
"4087","6095"
"4087","6097"
"4088","149233"
"4088","3594"
"4088","50943"
"4088","6095"
"4088","6097"
"4089","149233"
"4089","3594"
"4089","50943"
"4089","6095"
"4089","6097"
"4772","112744"
"4772","3605"
"4772","50616"
"4772","59067"
"4773","112744"
"4773","3605"
"4773","50616"
"4773","59067"
"4775","112744"
"4775","3605"
"4775","50616"
"4775","59067"
"50943","6097"
"5600","3662"
"5600","6095"
"5600","6097"
"5603","3662"
"5603","6095"
"5603","6097"
"5914","50943"
"6095","112744"
"6095","3605"
"6095","50616"
"6095","59067"
"6097","112744"
"6097","3605"
"6097","50616"
"6097","59067"
"6256","50943"
"6257","50943"
"6258","50943"
"6300","3662"
"6300","6095"
"6300","6097"
"6774","112744"
"6774","149233"
"6774","3594"
"6774","3605"
"6774","50616"
"6774","59067"
"6774","6095"
"6774","6097"
"6776","50943"
"6777","50943"
"7046","4089"
"7048","4089"
"861","6097"
"10000","1326"
"1326","9020"
"1432","4772"
"1432","4773"
"1432","4775"
"207","1326"
"208","1326"
"2353","1019"
"2353","3586"
"2534","3932"
"2534","7535"
"2932","4772"
"2932","4773"
"2932","4775"
"29851","5290"
"29851","5291"
"29851","5293"
"29851","5295"
"29851","5296"
"29851","8503"
"29851","959"
"3702","5335"
"3725","1019"
"3725","3586"
"4772","1019"
"4772","1437"
"4772","7124"
"4773","1019"
"4773","1437"
"4773","7124"
"4775","1019"
"4775","1437"
"4775","7124"
"4790","1019"
"5133","28227"
"5133","55012"
"5133","5515"
"5133","5516"
"5133","5518"
"5133","5519"
"5133","5520"
"5133","5521"
"5133","5522"
"5133","5523"
"5133","5525"
"5133","5526"
"5133","5527"
"5133","5528"
"5133","5529"
"5133","55844"
"5588","6885"
"5600","4772"
"5600","4773"
"5600","4775"
"5603","4772"
"5603","4773"
"5603","4775"
"5609","6885"
"5777","5290"
"5777","5291"
"5777","5293"
"5777","5295"
"5777","5296"
"5777","7535"
"5777","8503"
"5777","919"
"5781","5290"
"5781","5291"
"5781","5293"
"5781","5295"
"5781","5296"
"5781","7535"
"5781","8503"
"5781","919"
"5788","2534"
"5788","3932"
"5970","1019"
"6300","4772"
"6300","4773"
"6300","4775"
"6654","10125"
"6655","10125"
"7006","10451"
"7006","5335"
"7006","7409"
"7006","7410"
"7535","1432"
"7535","5600"
"7535","5603"
"7535","6300"
"84433","8517"
"868","2534"
"868","3932"
"868","7535"
"940","2885"
"940","5290"
"940","5291"
"940","5293"
"940","5295"
"940","5296"
"940","8503"
"102723407","4067"
"27071","5879"
"27071","5880"
"27071","5881"
"4067","27071"
"4067","55024"
"5777","6850"
"5777","695"
"640","5336"
"6654","25780"
"6655","25780"
"6850","118788"
"930","10451"
"930","7409"
"930","7410"
"3937","10451"
"3937","5335"
"3937","5336"
"3937","7409"
"3937","7410"
"4067","2206"
"4067","2534"
"4067","6850"
"4067","695"
"5879","5606"
"5879","5608"
"5879","5609"
"5879","6416"
"5880","5606"
"5880","5608"
"5880","5609"
"5880","6416"
"5881","5606"
"5881","5608"
"5881","5609"
"5881","6416"
"6850","10451"
"6850","7409"
"6850","7410"
"695","5335"
"10000","6198"
"10000","6199"
"10163","10092"
"10163","10093"
"10163","10094"
"10163","10095"
"10163","10096"
"10163","10097"
"10163","10109"
"10163","10552"
"10163","57180"
"10163","653857"
"10163","81873"
"102723407","2209"
"102723407","2212"
"10810","10092"
"10810","10093"
"10810","10094"
"10810","10095"
"10810","10096"
"10810","10097"
"10810","10109"
"10810","10552"
"10810","57180"
"10810","653857"
"10810","81873"
"207","6198"
"207","6199"
"208","6198"
"208","6199"
"3055","2209"
"3055","2212"
"3055","2214"
"3055","2215"
"3055","9846"
"382","23396"
"382","8394"
"382","8395"
"4067","2209"
"4067","2212"
"4067","2214"
"4067","2215"
"4067","9846"
"50807","382"
"5290","1785"
"5290","273"
"5290","274"
"5290","5335"
"5291","1785"
"5291","273"
"5291","274"
"5291","5335"
"5293","1785"
"5293","273"
"5293","274"
"5293","5335"
"5295","1785"
"5295","273"
"5295","274"
"5295","5335"
"5296","1785"
"5296","273"
"5296","274"
"5296","5335"
"55616","382"
"5578","8398"
"5579","8398"
"5580","4082"
"5580","65108"
"5580","8398"
"5581","4082"
"5581","65108"
"5581","8398"
"5582","8398"
"5788","3055"
"5788","4067"
"5879","23396"
"5879","382"
"5879","8394"
"5879","8395"
"5880","23396"
"5880","382"
"5880","8394"
"5880","8395"
"6850","382"
"6850","5337"
"6850","5338"
"7454","10092"
"7454","10093"
"7454","10094"
"7454","10095"
"7454","10096"
"7454","10097"
"7454","10109"
"7454","10552"
"7454","57180"
"7454","653857"
"7454","81873"
"8503","1785"
"8503","273"
"8503","274"
"8503","5335"
"8853","382"
"8936","10092"
"8936","10093"
"8936","10094"
"8936","10095"
"8936","10096"
"8936","10097"
"8936","10109"
"8936","10552"
"8936","57180"
"8936","653857"
"8936","81873"
"998","7408"
"1326","5609"
"1326","6416"
"1432","1051"
"3659","3456"
"4217","6416"
"5599","83737"
"5600","1051"
"5601","83737"
"5602","83737"
"5603","1051"
"6300","1051"
"7133","153090"
"7133","3659"
"7133","7186"
"7186","329"
"7186","330"
"7186","5290"
"7186","5291"
"7186","5293"
"7186","5295"
"7186","5296"
"7186","8503"
"7188","329"
"7188","330"
"83737","8837"
"843","836"
"843","840"
"8737","5606"
"8737","8772"
"8986","10488"
"8986","1385"
"8986","1386"
"8986","1388"
"8986","148327"
"8986","468"
"8986","64764"
"8986","84699"
"8986","90993"
"8986","9586"
"10411","83593"
"11069","83593"
"1535","1432"
"1535","4313"
"1535","4318"
"1535","5600"
"1535","5603"
"1535","6300"
"1536","1432"
"1536","4313"
"1536","4318"
"1536","5600"
"1536","5603"
"1536","6300"
"2770","10411"
"2770","11069"
"2771","10411"
"2771","11069"
"2773","10411"
"2773","11069"
"3383","5335"
"3383","5336"
"4688","1432"
"4688","4313"
"4688","4318"
"4688","5600"
"4688","5603"
"4688","6300"
"4689","1432"
"4689","4313"
"4689","4318"
"4689","5600"
"4689","5603"
"4689","6300"
"5290","7294"
"5291","7294"
"5293","7294"
"5295","7294"
"5296","7294"
"5879","1536"
"5906","3676"
"5906","3683"
"5906","3684"
"5906","3689"
"5906","387"
"5906","6494"
"5908","3676"
"5908","3683"
"5908","3684"
"5908","3688"
"5908","3689"
"5908","387"
"5908","6494"
"653361","1432"
"653361","4313"
"653361","4318"
"653361","5600"
"653361","5603"
"653361","6300"
"7070","2909"
"7070","394"
"7294","10451"
"7294","7409"
"7294","7410"
"7412","1535"
"7412","1536"
"7412","4688"
"7412","4689"
"7412","653361"
"83593","3676"
"8503","7294"
"4055","9020"
"10681","3760"
"10681","3762"
"10681","3763"
"10681","3765"
"10681","5594"
"10681","5595"
"117","10681"
"117","2782"
"117","2783"
"117","2784"
"117","2785"
"117","2786"
"117","2787"
"117","2788"
"117","2790"
"117","2791"
"117","2792"
"117","2793"
"117","51764"
"117","54331"
"117","55970"
"117","59345"
"117","94235"
"1385","5187"
"1385","8863"
"1385","8864"
"2770","3760"
"2770","3762"
"2770","3763"
"2770","3765"
"2771","3760"
"2771","3762"
"2771","3763"
"2771","3765"
"2773","3760"
"2773","3762"
"2773","3763"
"2773","3765"
"2775","5594"
"2775","5595"
"2778","55811"
"2782","3760"
"2782","3762"
"2782","3763"
"2782","3765"
"2782","5594"
"2782","5595"
"2783","3760"
"2783","3762"
"2783","3763"
"2783","3765"
"2783","5594"
"2783","5595"
"2784","3760"
"2784","3762"
"2784","3763"
"2784","3765"
"2784","5594"
"2784","5595"
"2785","3760"
"2785","3762"
"2785","3763"
"2785","3765"
"2785","5594"
"2785","5595"
"2786","3760"
"2786","3762"
"2786","3763"
"2786","3765"
"2786","5594"
"2786","5595"
"2787","3760"
"2787","3762"
"2787","3763"
"2787","3765"
"2787","5594"
"2787","5595"
"2788","3760"
"2788","3762"
"2788","3763"
"2788","3765"
"2788","5594"
"2788","5595"
"2790","3760"
"2790","3762"
"2790","3763"
"2790","3765"
"2790","5594"
"2790","5595"
"2791","3760"
"2791","3762"
"2791","3763"
"2791","3765"
"2791","5594"
"2791","5595"
"2792","3760"
"2792","3762"
"2792","3763"
"2792","3765"
"2792","5594"
"2792","5595"
"2793","3760"
"2793","3762"
"2793","3763"
"2793","3765"
"2793","5594"
"2793","5595"
"2890","2902"
"2890","2903"
"2890","2904"
"2890","2905"
"2890","2906"
"2891","2902"
"2891","2903"
"2891","2904"
"2891","2905"
"2891","2906"
"2892","2902"
"2892","2903"
"2892","2904"
"2892","2905"
"2892","2906"
"2893","2902"
"2893","2903"
"2893","2904"
"2893","2905"
"2893","2906"
"2902","775"
"2902","776"
"2902","8911"
"2902","8912"
"2902","8913"
"2903","775"
"2903","776"
"2903","8911"
"2903","8912"
"2903","8913"
"2904","775"
"2904","776"
"2904","8911"
"2904","8912"
"2904","8913"
"2905","775"
"2905","776"
"2905","8911"
"2905","8912"
"2905","8913"
"2906","775"
"2906","776"
"2906","8911"
"2906","8912"
"2906","8913"
"4543","10681"
"4543","2770"
"4543","2771"
"4543","2773"
"4543","2782"
"4543","2783"
"4543","2784"
"4543","2785"
"4543","2786"
"4543","2787"
"4543","2788"
"4543","2790"
"4543","2791"
"4543","2792"
"4543","2793"
"4543","51764"
"4543","54331"
"4543","55970"
"4543","59345"
"4543","94235"
"4544","10681"
"4544","2770"
"4544","2771"
"4544","2773"
"4544","2776"
"4544","2782"
"4544","2783"
"4544","2784"
"4544","2785"
"4544","2786"
"4544","2787"
"4544","2788"
"4544","2790"
"4544","2791"
"4544","2792"
"4544","2793"
"4544","51764"
"4544","54331"
"4544","55970"
"4544","59345"
"4544","94235"
"51655","10681"
"51655","2770"
"51655","2771"
"51655","2773"
"51655","2775"
"51655","2782"
"51655","2783"
"51655","2784"
"51655","2785"
"51655","2786"
"51655","2787"
"51655","2788"
"51655","2790"
"51655","2791"
"51655","2792"
"51655","2793"
"51655","51764"
"51655","54331"
"51655","5566"
"51655","5567"
"51655","5568"
"51655","55970"
"51655","59345"
"51655","94235"
"51764","3760"
"51764","3762"
"51764","3763"
"51764","3765"
"51764","5594"
"51764","5595"
"54331","3760"
"54331","3762"
"54331","3763"
"54331","3765"
"54331","5594"
"54331","5595"
"5566","9252"
"5567","9252"
"5568","9252"
"55970","3760"
"55970","3762"
"55970","3763"
"55970","3765"
"55970","5594"
"55970","5595"
"59345","3760"
"59345","3762"
"59345","3763"
"59345","3765"
"59345","5594"
"59345","5595"
"815","4842"
"815","5594"
"815","5595"
"816","4842"
"816","5594"
"816","5595"
"817","4842"
"817","5594"
"817","5595"
"818","4842"
"818","5594"
"818","5595"
"94235","3760"
"94235","3762"
"94235","3763"
"94235","3765"
"94235","5594"
"94235","5595"
"10488","7350"
"10488","9658"
"10818","2885"
"1268","107"
"1268","108"
"1268","109"
"1268","111"
"1268","112"
"1268","113"
"1268","114"
"1268","115"
"1268","196883"
"1268","55811"
"1385","7350"
"1385","9658"
"1386","10891"
"1386","26291"
"1386","7350"
"1386","9658"
"1432","10891"
"1432","1386"
"148327","7350"
"148327","9658"
"2260","10818"
"2641","51422"
"2641","53632"
"2641","5562"
"2641","5563"
"2641","5564"
"2641","5565"
"2641","5571"
"3265","27330"
"3265","6195"
"3265","6196"
"3265","6197"
"353500","51422"
"353500","53632"
"353500","5562"
"353500","5563"
"353500","5564"
"353500","5565"
"353500","5571"
"3845","27330"
"3845","6195"
"3845","6196"
"3845","6197"
"4217","5606"
"4893","27330"
"4893","6195"
"4893","6196"
"4893","6197"
"51780","7350"
"5566","4217"
"5566","51780"
"5566","5346"
"5566","55818"
"5567","4217"
"5567","51780"
"5567","5346"
"5567","55818"
"5568","4217"
"5568","51780"
"5568","5346"
"5568","55818"
"55818","7350"
"5592","3991"
"5592","5346"
"5593","3991"
"5593","5346"
"5600","10891"
"5600","1386"
"5603","10891"
"5603","1386"
"6194","26291"
"6194","7350"
"6300","10891"
"6300","1386"
"64764","7350"
"64764","9658"
"656","51422"
"656","53632"
"656","5562"
"656","5563"
"656","5564"
"656","5565"
"656","5571"
"84699","7350"
"84699","9658"
"90993","7350"
"90993","9658"
"9586","7350"
"9586","9658"
"163688","3265"
"163688","3845"
"163688","4893"
"163688","814"
"27330","468"
"51806","3265"
"51806","3845"
"51806","4893"
"51806","814"
"5499","815"
"5499","816"
"5499","817"
"5499","818"
"5500","815"
"5500","816"
"5500","817"
"5500","818"
"5501","815"
"5501","816"
"5501","817"
"5501","818"
"5530","5502"
"5532","5502"
"5533","5502"
"5534","5502"
"5535","5502"
"5566","5594"
"5566","5595"
"5566","5906"
"5566","5908"
"5567","5594"
"5567","5595"
"5567","5906"
"5567","5908"
"5568","5594"
"5568","5595"
"5568","5906"
"5568","5908"
"5906","369"
"5908","369"
"6195","468"
"6196","468"
"6197","468"
"801","3265"
"801","3845"
"801","4893"
"801","814"
"805","3265"
"805","3845"
"805","4893"
"805","814"
"808","3265"
"808","3845"
"808","4893"
"808","814"
"810","3265"
"810","3845"
"810","4893"
"810","814"
"814","1387"
"814","2033"
"815","2890"
"815","2891"
"815","2911"
"815","2915"
"816","2890"
"816","2891"
"816","2911"
"816","2915"
"817","2890"
"817","2891"
"817","2911"
"817","2915"
"818","2890"
"818","2891"
"818","2911"
"818","2915"
"91860","3265"
"91860","3845"
"91860","4893"
"91860","814"
"10000","4792"
"10000","4793"
"10000","4794"
"11213","3551"
"207","4792"
"207","4793"
"207","4794"
"208","4792"
"208","4793"
"208","4794"
"27330","3265"
"27330","3845"
"27330","4893"
"3265","1432"
"3265","4215"
"3265","5600"
"3265","5603"
"3265","6300"
"3654","3551"
"3656","3551"
"3845","1432"
"3845","4215"
"3845","5600"
"3845","5603"
"3845","6300"
"396","387"
"397","387"
"398","387"
"4214","5609"
"4215","5607"
"4804","27018"
"4804","387"
"4804","5290"
"4804","5291"
"4804","5293"
"4804","5295"
"4804","5296"
"4804","5879"
"4804","8503"
"4804","998"
"4893","1432"
"4893","4215"
"4893","5600"
"4893","5603"
"4893","6300"
"4908","4916"
"4914","10019"
"4914","10603"
"4914","10818"
"4914","25970"
"4914","57498"
"4915","10019"
"4915","10603"
"4915","25970"
"4916","10019"
"4916","10603"
"4916","25759"
"4916","25970"
"4916","3667"
"4916","399694"
"4916","53358"
"4916","6464"
"51135","3551"
"5335","163688"
"5335","51806"
"5335","801"
"5335","805"
"5335","808"
"5335","810"
"5335","91860"
"5336","163688"
"5336","51806"
"5336","801"
"5336","805"
"5336","808"
"5336","810"
"5336","91860"
"5580","5604"
"5580","5605"
"5594","3265"
"5594","3845"
"5594","4893"
"5595","3265"
"5595","3845"
"5595","4893"
"5598","27330"
"5598","6195"
"5598","6196"
"5598","6197"
"5599","7157"
"5601","7157"
"5602","7157"
"5879","4217"
"6195","3265"
"6195","3845"
"6195","4893"
"6196","3265"
"6196","3845"
"6196","4893"
"6197","3265"
"6197","3845"
"6197","4893"
"7161","7157"
"7189","3551"
"814","468"
"815","468"
"816","468"
"817","468"
"818","468"
"9261","468"
"998","4217"
"10681","1432"
"10681","5599"
"10681","5600"
"10681","5601"
"10681","5602"
"10681","5603"
"10681","6300"
"10681","773"
"10681","774"
"1268","10681"
"1268","2782"
"1268","2783"
"1268","2784"
"1268","2785"
"1268","2786"
"1268","2787"
"1268","2788"
"1268","2790"
"1268","2791"
"1268","2792"
"1268","2793"
"1268","51764"
"1268","54331"
"1268","55970"
"1268","59345"
"1268","94235"
"2770","1432"
"2770","5599"
"2770","5600"
"2770","5601"
"2770","5602"
"2770","5603"
"2770","6300"
"2770","773"
"2770","774"
"2771","1432"
"2771","5599"
"2771","5600"
"2771","5601"
"2771","5602"
"2771","5603"
"2771","6300"
"2771","773"
"2771","774"
"2773","1432"
"2773","5599"
"2773","5600"
"2773","5601"
"2773","5602"
"2773","5603"
"2773","6300"
"2773","773"
"2773","774"
"2775","107"
"2775","108"
"2775","109"
"2775","111"
"2775","112"
"2775","113"
"2775","114"
"2775","115"
"2775","1432"
"2775","196883"
"2775","3760"
"2775","3762"
"2775","3763"
"2775","3765"
"2775","5599"
"2775","5600"
"2775","5601"
"2775","5602"
"2775","5603"
"2775","6300"
"2775","773"
"2775","774"
"2782","1432"
"2782","5599"
"2782","5600"
"2782","5601"
"2782","5602"
"2782","5603"
"2782","6300"
"2782","773"
"2782","774"
"2783","1432"
"2783","5599"
"2783","5600"
"2783","5601"
"2783","5602"
"2783","5603"
"2783","6300"
"2783","773"
"2783","774"
"2784","1432"
"2784","5599"
"2784","5600"
"2784","5601"
"2784","5602"
"2784","5603"
"2784","6300"
"2784","773"
"2784","774"
"2785","1432"
"2785","5599"
"2785","5600"
"2785","5601"
"2785","5602"
"2785","5603"
"2785","6300"
"2785","773"
"2785","774"
"2786","1432"
"2786","5599"
"2786","5600"
"2786","5601"
"2786","5602"
"2786","5603"
"2786","6300"
"2786","773"
"2786","774"
"2787","1432"
"2787","5599"
"2787","5600"
"2787","5601"
"2787","5602"
"2787","5603"
"2787","6300"
"2787","773"
"2787","774"
"2788","1432"
"2788","5599"
"2788","5600"
"2788","5601"
"2788","5602"
"2788","5603"
"2788","6300"
"2788","773"
"2788","774"
"2790","1432"
"2790","5599"
"2790","5600"
"2790","5601"
"2790","5602"
"2790","5603"
"2790","6300"
"2790","773"
"2790","774"
"2791","1432"
"2791","5599"
"2791","5600"
"2791","5601"
"2791","5602"
"2791","5603"
"2791","6300"
"2791","773"
"2791","774"
"2792","1432"
"2792","5599"
"2792","5600"
"2792","5601"
"2792","5602"
"2792","5603"
"2792","6300"
"2792","773"
"2792","774"
"2793","1432"
"2793","5599"
"2793","5600"
"2793","5601"
"2793","5602"
"2793","5603"
"2793","6300"
"2793","773"
"2793","774"
"51764","1432"
"51764","5599"
"51764","5600"
"51764","5601"
"51764","5602"
"51764","5603"
"51764","6300"
"51764","773"
"51764","774"
"54331","1432"
"54331","5599"
"54331","5600"
"54331","5601"
"54331","5602"
"54331","5603"
"54331","6300"
"54331","773"
"54331","774"
"5566","100532726"
"5566","126328"
"5566","374291"
"5566","4535"
"5566","4536"
"5566","4537"
"5566","4538"
"5566","4539"
"5566","4540"
"5566","4541"
"5566","4694"
"5566","4695"
"5566","4696"
"5566","4697"
"5566","4698"
"5566","4700"
"5566","4701"
"5566","4702"
"5566","4704"
"5566","4705"
"5566","4706"
"5566","4707"
"5566","4708"
"5566","4709"
"5566","4710"
"5566","4711"
"5566","4712"
"5566","4713"
"5566","4714"
"5566","4715"
"5566","4716"
"5566","4717"
"5566","4718"
"5566","4719"
"5566","4720"
"5566","4722"
"5566","4723"
"5566","4724"
"5566","4725"
"5566","4726"
"5566","4728"
"5566","4729"
"5566","4731"
"5566","51079"
"5566","54539"
"5566","55967"
"5566","56901"
"5567","100532726"
"5567","126328"
"5567","374291"
"5567","4535"
"5567","4536"
"5567","4537"
"5567","4538"
"5567","4539"
"5567","4540"
"5567","4541"
"5567","4694"
"5567","4695"
"5567","4696"
"5567","4697"
"5567","4698"
"5567","4700"
"5567","4701"
"5567","4702"
"5567","4704"
"5567","4705"
"5567","4706"
"5567","4707"
"5567","4708"
"5567","4709"
"5567","4710"
"5567","4711"
"5567","4712"
"5567","4713"
"5567","4714"
"5567","4715"
"5567","4716"
"5567","4717"
"5567","4718"
"5567","4719"
"5567","4720"
"5567","4722"
"5567","4723"
"5567","4724"
"5567","4725"
"5567","4726"
"5567","4728"
"5567","4729"
"5567","4731"
"5567","51079"
"5567","54539"
"5567","55967"
"5567","56901"
"5568","100532726"
"5568","126328"
"5568","374291"
"5568","4535"
"5568","4536"
"5568","4537"
"5568","4538"
"5568","4539"
"5568","4540"
"5568","4541"
"5568","4694"
"5568","4695"
"5568","4696"
"5568","4697"
"5568","4698"
"5568","4700"
"5568","4701"
"5568","4702"
"5568","4704"
"5568","4705"
"5568","4706"
"5568","4707"
"5568","4708"
"5568","4709"
"5568","4710"
"5568","4711"
"5568","4712"
"5568","4713"
"5568","4714"
"5568","4715"
"5568","4716"
"5568","4717"
"5568","4718"
"5568","4719"
"5568","4720"
"5568","4722"
"5568","4723"
"5568","4724"
"5568","4725"
"5568","4726"
"5568","4728"
"5568","4729"
"5568","4731"
"5568","51079"
"5568","54539"
"5568","55967"
"5568","56901"
"55970","1432"
"55970","5599"
"55970","5600"
"55970","5601"
"55970","5602"
"55970","5603"
"55970","6300"
"55970","773"
"55970","774"
"59345","1432"
"59345","5599"
"59345","5600"
"59345","5601"
"59345","5602"
"59345","5603"
"59345","6300"
"59345","773"
"59345","774"
"94235","1432"
"94235","5599"
"94235","5600"
"94235","5601"
"94235","5602"
"94235","5603"
"94235","6300"
"94235","773"
"94235","774"
"2911","116443"
"2911","116444"
"2911","2902"
"2911","2903"
"2911","2904"
"2911","2905"
"2911","2906"
"2911","7220"
"2912","10681"
"2912","156"
"2912","157"
"2912","2770"
"2912","2771"
"2912","2773"
"2912","2775"
"2912","2782"
"2912","2783"
"2912","2784"
"2912","2785"
"2912","2786"
"2912","2787"
"2912","2788"
"2912","2790"
"2912","2791"
"2912","2792"
"2912","2793"
"2912","51764"
"2912","54331"
"2912","55970"
"2912","59345"
"2912","94235"
"2913","10681"
"2913","156"
"2913","157"
"2913","2770"
"2913","2771"
"2913","2773"
"2913","2775"
"2913","2782"
"2913","2783"
"2913","2784"
"2913","2785"
"2913","2786"
"2913","2787"
"2913","2788"
"2913","2790"
"2913","2791"
"2913","2792"
"2913","2793"
"2913","51764"
"2913","54331"
"2913","55970"
"2913","59345"
"2913","94235"
"2914","10681"
"2914","2770"
"2914","2771"
"2914","2773"
"2914","2775"
"2914","2782"
"2914","2783"
"2914","2784"
"2914","2785"
"2914","2786"
"2914","2787"
"2914","2788"
"2914","2790"
"2914","2791"
"2914","2792"
"2914","2793"
"2914","51764"
"2914","54331"
"2914","55970"
"2914","59345"
"2914","94235"
"2915","116443"
"2915","116444"
"2915","2902"
"2915","2903"
"2915","2904"
"2915","2905"
"2915","2906"
"2915","7220"
"2916","2770"
"2916","2771"
"2916","2773"
"2916","2775"
"2917","10681"
"2917","2770"
"2917","2771"
"2917","2773"
"2917","2775"
"2917","2782"
"2917","2783"
"2917","2784"
"2917","2785"
"2917","2786"
"2917","2787"
"2917","2788"
"2917","2790"
"2917","2791"
"2917","2792"
"2917","2793"
"2917","51764"
"2917","54331"
"2917","55970"
"2917","59345"
"2917","94235"
"2918","10681"
"2918","2770"
"2918","2771"
"2918","2773"
"2918","2775"
"2918","2782"
"2918","2783"
"2918","2784"
"2918","2785"
"2918","2786"
"2918","2787"
"2918","2788"
"2918","2790"
"2918","2791"
"2918","2792"
"2918","2793"
"2918","51764"
"2918","54331"
"2918","55970"
"2918","59345"
"2918","94235"
"3760","773"
"5530","2911"
"5530","2915"
"5532","2911"
"5532","2915"
"5533","2911"
"5533","2915"
"5534","2911"
"5534","2915"
"5535","2911"
"5535","2915"
"5578","100137049"
"5578","123745"
"5578","255189"
"5578","283748"
"5578","5321"
"5578","8605"
"5578","8681"
"5579","100137049"
"5579","123745"
"5579","255189"
"5579","283748"
"5579","5321"
"5579","5337"
"5579","5338"
"5579","5594"
"5579","5595"
"5579","8605"
"5579","8681"
"5582","100137049"
"5582","123745"
"5582","255189"
"5582","283748"
"5582","5321"
"5582","5337"
"5582","5338"
"5582","5594"
"5582","5595"
"5582","8605"
"5582","8681"
"1129","10681"
"1129","2775"
"1129","2782"
"1129","2783"
"1129","2784"
"1129","2785"
"1129","2786"
"1129","2787"
"1129","2788"
"1129","2790"
"1129","2791"
"1129","2792"
"1129","2793"
"1129","51764"
"1129","54331"
"1129","55970"
"1129","59345"
"1129","94235"
"1132","10681"
"1132","2770"
"1132","2771"
"1132","2773"
"1132","2775"
"1132","2782"
"1132","2783"
"1132","2784"
"1132","2785"
"1132","2786"
"1132","2787"
"1132","2788"
"1132","2790"
"1132","2791"
"1132","2792"
"1132","2793"
"1132","51764"
"1132","54331"
"1132","55970"
"1132","59345"
"1132","94235"
"1133","2767"
"1133","2776"
"1136","3717"
"1137","3717"
"1139","3717"
"1141","3717"
"1143","3717"
"146850","3265"
"146850","3845"
"146850","4893"
"23533","3265"
"23533","3845"
"23533","4893"
"2775","146850"
"2775","23533"
"2775","5294"
"3265","5604"
"3845","5604"
"4893","5604"
"5294","3265"
"5294","3845"
"5294","4893"
"5566","107"
"5566","108"
"5566","109"
"5566","111"
"5566","112"
"5566","113"
"5566","114"
"5566","115"
"5566","196883"
"5567","107"
"5567","108"
"5567","109"
"5567","111"
"5567","112"
"5567","113"
"5567","114"
"5567","115"
"5567","196883"
"5568","107"
"5568","108"
"5568","109"
"5568","111"
"5568","112"
"5568","113"
"5568","114"
"5568","115"
"5568","196883"
"5594","468"
"5595","468"
"814","5594"
"814","5595"
"8973","3717"
"2775","23236"
"2775","5330"
"2775","5331"
"2775","5332"
"3350","10681"
"3350","2775"
"3350","2782"
"3350","2783"
"3350","2784"
"3350","2785"
"3350","2786"
"3350","2787"
"3350","2788"
"3350","2790"
"3350","2791"
"3350","2792"
"3350","2793"
"3350","51764"
"3350","54331"
"3350","55970"
"3350","59345"
"3350","94235"
"3351","10681"
"3351","2775"
"3351","2782"
"3351","2783"
"3351","2784"
"3351","2785"
"3351","2786"
"3351","2787"
"3351","2788"
"3351","2790"
"3351","2791"
"3351","2792"
"3351","2793"
"3351","51764"
"3351","54331"
"3351","55970"
"3351","59345"
"3351","94235"
"3352","10681"
"3352","2775"
"3352","2782"
"3352","2783"
"3352","2784"
"3352","2785"
"3352","2786"
"3352","2787"
"3352","2788"
"3352","2790"
"3352","2791"
"3352","2792"
"3352","2793"
"3352","51764"
"3352","54331"
"3352","55970"
"3352","59345"
"3352","94235"
"3354","10681"
"3354","2775"
"3354","2782"
"3354","2783"
"3354","2784"
"3354","2785"
"3354","2786"
"3354","2787"
"3354","2788"
"3354","2790"
"3354","2791"
"3354","2792"
"3354","2793"
"3354","51764"
"3354","54331"
"3354","55970"
"3354","59345"
"3354","94235"
"3355","10681"
"3355","2775"
"3355","2782"
"3355","2783"
"3355","2784"
"3355","2785"
"3355","2786"
"3355","2787"
"3355","2788"
"3355","2790"
"3355","2791"
"3355","2792"
"3355","2793"
"3355","51764"
"3355","54331"
"3355","55970"
"3355","59345"
"3355","94235"
"3356","775"
"3356","776"
"3356","778"
"3356","779"
"3357","775"
"3357","776"
"3357","778"
"3357","779"
"3358","775"
"3358","776"
"3358","778"
"3358","779"
"3361","10681"
"3361","2770"
"3361","2771"
"3361","2773"
"3361","2775"
"3361","2782"
"3361","2783"
"3361","2784"
"3361","2785"
"3361","2786"
"3361","2787"
"3361","2788"
"3361","2790"
"3361","2791"
"3361","2792"
"3361","2793"
"3361","51764"
"3361","54331"
"3361","55970"
"3361","59345"
"3361","94235"
"5578","836"
"5579","836"
"5582","836"
"5594","5578"
"5594","5579"
"5594","5582"
"5595","5578"
"5595","5579"
"5595","5582"
"5742","111"
"5743","111"
"10681","775"
"10681","776"
"10681","778"
"10681","779"
"2550","10681"
"2550","2775"
"2550","2782"
"2550","2783"
"2550","2784"
"2550","2785"
"2550","2786"
"2550","2787"
"2550","2788"
"2550","2790"
"2550","2791"
"2550","2792"
"2550","2793"
"2550","51764"
"2550","54331"
"2550","55970"
"2550","59345"
"2550","94235"
"2770","775"
"2770","776"
"2770","778"
"2770","779"
"2771","775"
"2771","776"
"2771","778"
"2771","779"
"2773","775"
"2773","776"
"2773","778"
"2773","779"
"2775","775"
"2775","776"
"2775","778"
"2775","779"
"2782","775"
"2782","776"
"2782","778"
"2782","779"
"2783","775"
"2783","776"
"2783","778"
"2783","779"
"2784","775"
"2784","776"
"2784","778"
"2784","779"
"2785","775"
"2785","776"
"2785","778"
"2785","779"
"2786","775"
"2786","776"
"2786","778"
"2786","779"
"2787","775"
"2787","776"
"2787","778"
"2787","779"
"2788","775"
"2788","776"
"2788","778"
"2788","779"
"2790","775"
"2790","776"
"2790","778"
"2790","779"
"2791","775"
"2791","776"
"2791","778"
"2791","779"
"2792","775"
"2792","776"
"2792","778"
"2792","779"
"2793","775"
"2793","776"
"2793","778"
"2793","779"
"51764","775"
"51764","776"
"51764","778"
"51764","779"
"54331","775"
"54331","776"
"54331","778"
"54331","779"
"55970","775"
"55970","776"
"55970","778"
"55970","779"
"59345","775"
"59345","776"
"59345","778"
"59345","779"
"94235","775"
"94235","776"
"94235","778"
"94235","779"
"9568","10681"
"9568","2775"
"9568","2782"
"9568","2783"
"9568","2784"
"9568","2785"
"9568","2786"
"9568","2787"
"9568","2788"
"9568","2790"
"9568","2791"
"9568","2792"
"9568","2793"
"9568","51764"
"9568","54331"
"9568","55970"
"9568","59345"
"9568","94235"
"10681","6323"
"1812","2776"
"1813","10681"
"1813","2782"
"1813","2783"
"1813","2784"
"1813","2785"
"1813","2786"
"1813","2787"
"1813","2788"
"1813","2790"
"1813","2791"
"1813","2792"
"1813","2793"
"1813","28227"
"1813","408"
"1813","409"
"1813","51764"
"1813","54331"
"1813","55012"
"1813","5515"
"1813","5516"
"1813","5518"
"1813","5519"
"1813","5520"
"1813","5521"
"1813","5522"
"1813","5523"
"1813","5525"
"1813","5526"
"1813","5527"
"1813","5528"
"1813","5529"
"1813","55844"
"1813","55970"
"1813","59345"
"1813","6531"
"1813","7054"
"1813","94235"
"1814","10681"
"1814","2770"
"1814","2771"
"1814","2773"
"1814","2775"
"1814","2782"
"1814","2783"
"1814","2784"
"1814","2785"
"1814","2786"
"1814","2787"
"1814","2788"
"1814","2790"
"1814","2791"
"1814","2792"
"1814","2793"
"1814","51764"
"1814","54331"
"1814","55970"
"1814","59345"
"1814","94235"
"1815","10681"
"1815","2770"
"1815","2771"
"1815","2773"
"1815","2775"
"1815","2782"
"1815","2783"
"1815","2784"
"1815","2785"
"1815","2786"
"1815","2787"
"1815","2788"
"1815","2790"
"1815","2791"
"1815","2792"
"1815","2793"
"1815","51764"
"1815","54331"
"1815","55970"
"1815","59345"
"1815","94235"
"1816","2776"
"2770","6323"
"2771","6323"
"2773","6323"
"2774","111"
"2775","6323"
"2782","6323"
"2783","6323"
"2784","6323"
"2785","6323"
"2786","6323"
"2787","6323"
"2788","6323"
"2790","6323"
"2791","6323"
"2792","6323"
"2793","6323"
"2931","2890"
"2931","2891"
"2931","2892"
"2931","2893"
"2931","2903"
"2931","2904"
"2931","3798"
"2931","3799"
"2931","3800"
"2931","406"
"2931","9575"
"2932","2890"
"2932","2891"
"2932","2892"
"2932","2893"
"2932","2903"
"2932","2904"
"2932","3798"
"2932","3799"
"2932","3800"
"2932","406"
"2932","9575"
"51764","6323"
"54331","6323"
"5499","2890"
"5499","2891"
"5499","2892"
"5499","2893"
"5499","2903"
"5499","2904"
"5500","2890"
"5500","2891"
"5500","2892"
"5500","2893"
"5500","2903"
"5500","2904"
"5501","2890"
"5501","2891"
"5501","2892"
"5501","2893"
"5501","2903"
"5501","2904"
"5530","775"
"5530","776"
"5530","84152"
"5532","775"
"5532","776"
"5532","84152"
"5533","775"
"5533","776"
"5533","84152"
"5566","1432"
"5566","5599"
"5566","5600"
"5566","5601"
"5566","5602"
"5566","5603"
"5566","6300"
"5566","6323"
"5567","1432"
"5567","5599"
"5567","5600"
"5567","5601"
"5567","5602"
"5567","5603"
"5567","6300"
"5567","6323"
"5568","1432"
"5568","5599"
"5568","5600"
"5568","5601"
"5568","5602"
"5568","5603"
"5568","6300"
"5568","6323"
"5578","2353"
"5579","2353"
"5582","2353"
"55970","6323"
"59345","6323"
"94235","6323"
"10672","100137049"
"10672","123745"
"10672","255189"
"10672","283748"
"10672","5321"
"10672","8605"
"10672","8681"
"10842","5515"
"10842","5516"
"10842","5518"
"10842","5519"
"1394","10672"
"1394","2768"
"1394","2770"
"1394","2771"
"1394","2773"
"1394","2775"
"1394","2781"
"2768","100137049"
"2768","123745"
"2768","255189"
"2768","283748"
"2768","5321"
"2768","8605"
"2768","8681"
"2770","100137049"
"2770","123745"
"2770","255189"
"2770","283748"
"2770","5321"
"2770","8605"
"2770","8681"
"2771","100137049"
"2771","123745"
"2771","255189"
"2771","283748"
"2771","5321"
"2771","8605"
"2771","8681"
"2773","100137049"
"2773","123745"
"2773","255189"
"2773","283748"
"2773","5321"
"2773","8605"
"2773","8681"
"2775","100137049"
"2775","123745"
"2775","255189"
"2775","283748"
"2775","5321"
"2775","8605"
"2775","8681"
"2778","100137049"
"2778","123745"
"2778","255189"
"2778","283748"
"2778","5321"
"2778","8605"
"2778","8681"
"2781","100137049"
"2781","123745"
"2781","255189"
"2781","283748"
"2781","5321"
"2781","8605"
"2781","8681"
"2890","4067"
"2891","4067"
"2892","4067"
"2911","2770"
"2911","2771"
"2911","2773"
"2911","2775"
"2911","2781"
"3480","10672"
"3480","2768"
"3480","2770"
"3480","2771"
"3480","2773"
"3480","2775"
"3480","2778"
"3480","2781"
"4067","5578"
"4067","5579"
"4067","5582"
"5515","5578"
"5515","5579"
"5515","5582"
"5515","5594"
"5515","5595"
"5515","5604"
"5515","5605"
"5516","5578"
"5516","5579"
"5516","5582"
"5516","5594"
"5516","5595"
"5516","5604"
"5516","5605"
"5518","5578"
"5518","5579"
"5518","5582"
"5518","5594"
"5518","5595"
"5518","5604"
"5518","5605"
"5519","5578"
"5519","5579"
"5519","5582"
"5519","5594"
"5519","5595"
"5519","5604"
"5519","5605"
"5592","10842"
"5593","10842"
"102723532","2774"
"102723532","2782"
"102723532","2788"
"102723532","51764"
"105369274","2774"
"105369274","2782"
"105369274","2788"
"105369274","51764"
"10798","2774"
"10798","2782"
"10798","2788"
"10798","51764"
"107987545","2774"
"107987545","2782"
"107987545","2788"
"107987545","51764"
"112268384","2774"
"112268384","2782"
"112268384","2788"
"112268384","51764"
"119678","2774"
"119678","2782"
"119678","2788"
"119678","51764"
"119679","2774"
"119679","2782"
"119679","2788"
"119679","51764"
"119682","2774"
"119682","2782"
"119682","2788"
"119682","51764"
"119687","2774"
"119687","2782"
"119687","2788"
"119687","51764"
"119692","2774"
"119692","2782"
"119692","2788"
"119692","51764"
"119694","2774"
"119694","2782"
"119694","2788"
"119694","51764"
"119695","2774"
"119695","2782"
"119695","2788"
"119695","51764"
"119749","2774"
"119749","2782"
"119749","2788"
"119749","51764"
"119764","2774"
"119764","2782"
"119764","2788"
"119764","51764"
"119765","2774"
"119765","2782"
"119765","2788"
"119765","51764"
"119772","2774"
"119772","2782"
"119772","2788"
"119772","51764"
"119774","2774"
"119774","2782"
"119774","2788"
"119774","51764"
"120065","2774"
"120065","2782"
"120065","2788"
"120065","51764"
"120066","2774"
"120066","2782"
"120066","2788"
"120066","51764"
"120586","2774"
"120586","2782"
"120586","2788"
"120586","51764"
"120775","2774"
"120775","2782"
"120775","2788"
"120775","51764"
"120776","2774"
"120776","2782"
"120776","2788"
"120776","51764"
"120787","2774"
"120787","2782"
"120787","2788"
"120787","51764"
"120793","2774"
"120793","2782"
"120793","2788"
"120793","51764"
"120796","2774"
"120796","2782"
"120796","2788"
"120796","51764"
"121129","2774"
"121129","2782"
"121129","2788"
"121129","51764"
"121130","2774"
"121130","2782"
"121130","2788"
"121130","51764"
"121275","2774"
"121275","2782"
"121275","2788"
"121275","51764"
"121364","2774"
"121364","2782"
"121364","2788"
"121364","51764"
"122740","2774"
"122740","2782"
"122740","2788"
"122740","51764"
"122742","2774"
"122742","2782"
"122742","2788"
"122742","51764"
"122748","2774"
"122748","2782"
"122748","2788"
"122748","51764"
"124538","2774"
"124538","2782"
"124538","2788"
"124538","51764"
"125958","2774"
"125958","2782"
"125958","2788"
"125958","51764"
"125962","2774"
"125962","2782"
"125962","2788"
"125962","51764"
"125963","2774"
"125963","2782"
"125963","2788"
"125963","51764"
"126370","2774"
"126370","2782"
"126370","2788"
"126370","51764"
"126541","2774"
"126541","2782"
"126541","2788"
"126541","51764"
"127059","2774"
"127059","2782"
"127059","2788"
"127059","51764"
"127062","2774"
"127062","2782"
"127062","2788"
"127062","51764"
"127064","2774"
"127064","2782"
"127064","2788"
"127064","51764"
"127066","2774"
"127066","2782"
"127066","2788"
"127066","51764"
"127068","2774"
"127068","2782"
"127068","2788"
"127068","51764"
"127069","2774"
"127069","2782"
"127069","2788"
"127069","51764"
"127074","2774"
"127074","2782"
"127074","2788"
"127074","51764"
"127077","2774"
"127077","2782"
"127077","2788"
"127077","51764"
"127385","2774"
"127385","2782"
"127385","2788"
"127385","51764"
"127608","2774"
"127608","2782"
"127608","2788"
"127608","51764"
"127623","2774"
"127623","2782"
"127623","2788"
"127623","51764"
"128360","2774"
"128360","2782"
"128360","2788"
"128360","51764"
"128366","2774"
"128366","2782"
"128366","2788"
"128366","51764"
"128367","2774"
"128367","2782"
"128367","2788"
"128367","51764"
"128368","2774"
"128368","2782"
"128368","2788"
"128368","51764"
"128371","2774"
"128371","2782"
"128371","2788"
"128371","51764"
"128372","2774"
"128372","2782"
"128372","2788"
"128372","51764"
"130075","2774"
"130075","2782"
"130075","2788"
"130075","51764"
"134083","2774"
"134083","2782"
"134083","2788"
"134083","51764"
"135924","2774"
"135924","2782"
"135924","2788"
"135924","51764"
"135941","2774"
"135941","2782"
"135941","2788"
"135941","51764"
"135946","2774"
"135946","2782"
"135946","2788"
"135946","51764"
"135948","2774"
"135948","2782"
"135948","2788"
"135948","51764"
"138799","2774"
"138799","2782"
"138799","2788"
"138799","51764"
"138802","2774"
"138802","2782"
"138802","2788"
"138802","51764"
"138803","2774"
"138803","2782"
"138803","2788"
"138803","51764"
"138804","2774"
"138804","2782"
"138804","2788"
"138804","51764"
"138805","2774"
"138805","2782"
"138805","2788"
"138805","51764"
"138881","2774"
"138881","2782"
"138881","2788"
"138881","51764"
"138882","2774"
"138882","2782"
"138882","2788"
"138882","51764"
"138883","2774"
"138883","2782"
"138883","2788"
"138883","51764"
"143496","2774"
"143496","2782"
"143496","2788"
"143496","51764"
"143502","2774"
"143502","2782"
"143502","2788"
"143502","51764"
"143503","2774"
"143503","2782"
"143503","2788"
"143503","51764"
"144124","2774"
"144124","2782"
"144124","2788"
"144124","51764"
"144125","2774"
"144125","2782"
"144125","2788"
"144125","51764"
"150681","2774"
"150681","2782"
"150681","2788"
"150681","51764"
"156","102723532"
"156","105369274"
"156","10798"
"156","107987545"
"156","112268384"
"156","119678"
"156","119679"
"156","119682"
"156","119687"
"156","119692"
"156","119694"
"156","119695"
"156","119749"
"156","119764"
"156","119765"
"156","119772"
"156","119774"
"156","120065"
"156","120066"
"156","120586"
"156","120775"
"156","120776"
"156","120787"
"156","120793"
"156","120796"
"156","121129"
"156","121130"
"156","121275"
"156","121364"
"156","122740"
"156","122742"
"156","122748"
"156","124538"
"156","125958"
"156","125962"
"156","125963"
"156","126370"
"156","126541"
"156","127059"
"156","127062"
"156","127064"
"156","127066"
"156","127068"
"156","127069"
"156","127074"
"156","127077"
"156","127385"
"156","127608"
"156","127623"
"156","128360"
"156","128366"
"156","128367"
"156","128368"
"156","128371"
"156","128372"
"156","130075"
"156","134083"
"156","135924"
"156","135941"
"156","135946"
"156","135948"
"156","138799"
"156","138802"
"156","138803"
"156","138804"
"156","138805"
"156","138881"
"156","138882"
"156","138883"
"156","143496"
"156","143502"
"156","143503"
"156","144124"
"156","144125"
"156","150681"
"156","158131"
"156","162998"
"156","196335"
"156","219417"
"156","219428"
"156","219429"
"156","219431"
"156","219432"
"156","219436"
"156","219437"
"156","219438"
"156","219447"
"156","219453"
"156","219464"
"156","219469"
"156","219473"
"156","219477"
"156","219479"
"156","219482"
"156","219484"
"156","219487"
"156","219493"
"156","219858"
"156","219865"
"156","219869"
"156","219870"
"156","219873"
"156","219874"
"156","219875"
"156","219952"
"156","219954"
"156","219956"
"156","219957"
"156","219958"
"156","219959"
"156","219960"
"156","219965"
"156","219968"
"156","219981"
"156","219982"
"156","219983"
"156","219986"
"156","23538"
"156","254783"
"156","254786"
"156","254879"
"156","254973"
"156","255725"
"156","256144"
"156","256148"
"156","256892"
"156","26188"
"156","26189"
"156","26211"
"156","26212"
"156","26219"
"156","26245"
"156","26246"
"156","26248"
"156","26333"
"156","26338"
"156","26339"
"156","26341"
"156","26476"
"156","26493"
"156","26494"
"156","26496"
"156","26497"
"156","26529"
"156","26530"
"156","26531"
"156","26532"
"156","26533"
"156","26534"
"156","26538"
"156","26539"
"156","26595"
"156","26648"
"156","26658"
"156","26659"
"156","26664"
"156","26683"
"156","26686"
"156","26687"
"156","26689"
"156","26692"
"156","26693"
"156","26696"
"156","26707"
"156","26716"
"156","26735"
"156","26737"
"156","26740"
"156","282763"
"156","282770"
"156","282775"
"156","283092"
"156","283093"
"156","283111"
"156","283159"
"156","283160"
"156","283162"
"156","283189"
"156","283297"
"156","283365"
"156","283617"
"156","283694"
"156","284383"
"156","284433"
"156","284521"
"156","284532"
"156","285659"
"156","286362"
"156","286365"
"156","338662"
"156","338674"
"156","338675"
"156","338751"
"156","338755"
"156","340980"
"156","341152"
"156","341276"
"156","341416"
"156","341418"
"156","341568"
"156","341799"
"156","343169"
"156","343170"
"156","343171"
"156","343172"
"156","343173"
"156","343406"
"156","343563"
"156","346517"
"156","346525"
"156","346528"
"156","347168"
"156","347169"
"156","347468"
"156","387748"
"156","388761"
"156","389090"
"156","390036"
"156","390037"
"156","390038"
"156","390054"
"156","390058"
"156","390059"
"156","390061"
"156","390063"
"156","390064"
"156","390066"
"156","390067"
"156","390072"
"156","390075"
"156","390077"
"156","390078"
"156","390079"
"156","390081"
"156","390082"
"156","390083"
"156","390084"
"156","390093"
"156","390113"
"156","390142"
"156","390144"
"156","390148"
"156","390151"
"156","390152"
"156","390154"
"156","390155"
"156","390157"
"156","390162"
"156","390167"
"156","390168"
"156","390174"
"156","390181"
"156","390190"
"156","390191"
"156","390195"
"156","390197"
"156","390199"
"156","390201"
"156","390260"
"156","390261"
"156","390264"
"156","390265"
"156","390271"
"156","390275"
"156","390321"
"156","390323"
"156","390326"
"156","390327"
"156","390429"
"156","390431"
"156","390432"
"156","390433"
"156","390436"
"156","390437"
"156","390439"
"156","390441"
"156","390442"
"156","390445"
"156","390538"
"156","390648"
"156","390649"
"156","390882"
"156","390883"
"156","390892"
"156","391107"
"156","391109"
"156","391112"
"156","391114"
"156","391121"
"156","391189"
"156","391190"
"156","391191"
"156","391192"
"156","391194"
"156","391195"
"156","391196"
"156","391211"
"156","392133"
"156","392138"
"156","392309"
"156","392376"
"156","392390"
"156","392391"
"156","392392"
"156","393046"
"156","401427"
"156","401665"
"156","401666"
"156","401667"
"156","401992"
"156","401993"
"156","401994"
"156","402135"
"156","402317"
"156","403239"
"156","403244"
"156","403253"
"156","403257"
"156","403273"
"156","403274"
"156","403277"
"156","403278"
"156","403282"
"156","403284"
"156","440153"
"156","441308"
"156","441608"
"156","441639"
"156","441669"
"156","441670"
"156","441933"
"156","442184"
"156","442185"
"156","442186"
"156","442191"
"156","442194"
"156","442361"
"156","4991"
"156","4992"
"156","4993"
"156","4994"
"156","4995"
"156","504189"
"156","504190"
"156","504191"
"156","56656"
"156","653166"
"156","729759"
"156","79290"
"156","79295"
"156","79296"
"156","79310"
"156","79317"
"156","7932"
"156","79324"
"156","79334"
"156","79339"
"156","79345"
"156","79346"
"156","79473"
"156","79482"
"156","79490"
"156","79501"
"156","79541"
"156","79544"
"156","79549"
"156","81050"
"156","81061"
"156","81099"
"156","81127"
"156","81168"
"156","81282"
"156","81285"
"156","81300"
"156","81309"
"156","81318"
"156","81327"
"156","81328"
"156","81341"
"156","81392"
"156","81399"
"156","81442"
"156","81448"
"156","81458"
"156","81466"
"156","81469"
"156","81470"
"156","81472"
"156","81696"
"156","81697"
"156","81797"
"156","8383"
"156","8386"
"156","8387"
"156","8388"
"156","8390"
"156","8392"
"156","8590"
"157","102723532"
"157","105369274"
"157","10798"
"157","107987545"
"157","112268384"
"157","119678"
"157","119679"
"157","119682"
"157","119687"
"157","119692"
"157","119694"
"157","119695"
"157","119749"
"157","119764"
"157","119765"
"157","119772"
"157","119774"
"157","120065"
"157","120066"
"157","120586"
"157","120775"
"157","120776"
"157","120787"
"157","120793"
"157","120796"
"157","121129"
"157","121130"
"157","121275"
"157","121364"
"157","122740"
"157","122742"
"157","122748"
"157","124538"
"157","125958"
"157","125962"
"157","125963"
"157","126370"
"157","126541"
"157","127059"
"157","127062"
"157","127064"
"157","127066"
"157","127068"
"157","127069"
"157","127074"
"157","127077"
"157","127385"
"157","127608"
"157","127623"
"157","128360"
"157","128366"
"157","128367"
"157","128368"
"157","128371"
"157","128372"
"157","130075"
"157","134083"
"157","135924"
"157","135941"
"157","135946"
"157","135948"
"157","138799"
"157","138802"
"157","138803"
"157","138804"
"157","138805"
"157","138881"
"157","138882"
"157","138883"
"157","143496"
"157","143502"
"157","143503"
"157","144124"
"157","144125"
"157","150681"
"157","158131"
"157","162998"
"157","196335"
"157","219417"
"157","219428"
"157","219429"
"157","219431"
"157","219432"
"157","219436"
"157","219437"
"157","219438"
"157","219447"
"157","219453"
"157","219464"
"157","219469"
"157","219473"
"157","219477"
"157","219479"
"157","219482"
"157","219484"
"157","219487"
"157","219493"
"157","219858"
"157","219865"
"157","219869"
"157","219870"
"157","219873"
"157","219874"
"157","219875"
"157","219952"
"157","219954"
"157","219956"
"157","219957"
"157","219958"
"157","219959"
"157","219960"
"157","219965"
"157","219968"
"157","219981"
"157","219982"
"157","219983"
"157","219986"
"157","23538"
"157","254783"
"157","254786"
"157","254879"
"157","254973"
"157","255725"
"157","256144"
"157","256148"
"157","256892"
"157","26188"
"157","26189"
"157","26211"
"157","26212"
"157","26219"
"157","26245"
"157","26246"
"157","26248"
"157","26333"
"157","26338"
"157","26339"
"157","26341"
"157","26476"
"157","26493"
"157","26494"
"157","26496"
"157","26497"
"157","26529"
"157","26530"
"157","26531"
"157","26532"
"157","26533"
"157","26534"
"157","26538"
"157","26539"
"157","26595"
"157","26648"
"157","26658"
"157","26659"
"157","26664"
"157","26683"
"157","26686"
"157","26687"
"157","26689"
"157","26692"
"157","26693"
"157","26696"
"157","26707"
"157","26716"
"157","26735"
"157","26737"
"157","26740"
"157","282763"
"157","282770"
"157","282775"
"157","283092"
"157","283093"
"157","283111"
"157","283159"
"157","283160"
"157","283162"
"157","283189"
"157","283297"
"157","283365"
"157","283617"
"157","283694"
"157","284383"
"157","284433"
"157","284521"
"157","284532"
"157","285659"
"157","286362"
"157","286365"
"157","338662"
"157","338674"
"157","338675"
"157","338751"
"157","338755"
"157","340980"
"157","341152"
"157","341276"
"157","341416"
"157","341418"
"157","341568"
"157","341799"
"157","343169"
"157","343170"
"157","343171"
"157","343172"
"157","343173"
"157","343406"
"157","343563"
"157","346517"
"157","346525"
"157","346528"
"157","347168"
"157","347169"
"157","347468"
"157","387748"
"157","388761"
"157","389090"
"157","390036"
"157","390037"
"157","390038"
"157","390054"
"157","390058"
"157","390059"
"157","390061"
"157","390063"
"157","390064"
"157","390066"
"157","390067"
"157","390072"
"157","390075"
"157","390077"
"157","390078"
"157","390079"
"157","390081"
"157","390082"
"157","390083"
"157","390084"
"157","390093"
"157","390113"
"157","390142"
"157","390144"
"157","390148"
"157","390151"
"157","390152"
"157","390154"
"157","390155"
"157","390157"
"157","390162"
"157","390167"
"157","390168"
"157","390174"
"157","390181"
"157","390190"
"157","390191"
"157","390195"
"157","390197"
"157","390199"
"157","390201"
"157","390260"
"157","390261"
"157","390264"
"157","390265"
"157","390271"
"157","390275"
"157","390321"
"157","390323"
"157","390326"
"157","390327"
"157","390429"
"157","390431"
"157","390432"
"157","390433"
"157","390436"
"157","390437"
"157","390439"
"157","390441"
"157","390442"
"157","390445"
"157","390538"
"157","390648"
"157","390649"
"157","390882"
"157","390883"
"157","390892"
"157","391107"
"157","391109"
"157","391112"
"157","391114"
"157","391121"
"157","391189"
"157","391190"
"157","391191"
"157","391192"
"157","391194"
"157","391195"
"157","391196"
"157","391211"
"157","392133"
"157","392138"
"157","392309"
"157","392376"
"157","392390"
"157","392391"
"157","392392"
"157","393046"
"157","401427"
"157","401665"
"157","401666"
"157","401667"
"157","401992"
"157","401993"
"157","401994"
"157","402135"
"157","402317"
"157","403239"
"157","403244"
"157","403253"
"157","403257"
"157","403273"
"157","403274"
"157","403277"
"157","403278"
"157","403282"
"157","403284"
"157","440153"
"157","441308"
"157","441608"
"157","441639"
"157","441669"
"157","441670"
"157","441933"
"157","442184"
"157","442185"
"157","442186"
"157","442191"
"157","442194"
"157","442361"
"157","4991"
"157","4992"
"157","4993"
"157","4994"
"157","4995"
"157","504189"
"157","504190"
"157","504191"
"157","56656"
"157","653166"
"157","729759"
"157","79290"
"157","79295"
"157","79296"
"157","79310"
"157","79317"
"157","7932"
"157","79324"
"157","79334"
"157","79339"
"157","79345"
"157","79346"
"157","79473"
"157","79482"
"157","79490"
"157","79501"
"157","79541"
"157","79544"
"157","79549"
"157","81050"
"157","81061"
"157","81099"
"157","81127"
"157","81168"
"157","81282"
"157","81285"
"157","81300"
"157","81309"
"157","81318"
"157","81327"
"157","81328"
"157","81341"
"157","81392"
"157","81399"
"157","81442"
"157","81448"
"157","81458"
"157","81466"
"157","81469"
"157","81470"
"157","81472"
"157","81696"
"157","81697"
"157","81797"
"157","8383"
"157","8386"
"157","8387"
"157","8388"
"157","8390"
"157","8392"
"157","8590"
"158131","2774"
"158131","2782"
"158131","2788"
"158131","51764"
"162998","2774"
"162998","2782"
"162998","2788"
"162998","51764"
"163688","1258"
"163688","1260"
"163688","1262"
"196335","2774"
"196335","2782"
"196335","2788"
"196335","51764"
"219417","2774"
"219417","2782"
"219417","2788"
"219417","51764"
"219428","2774"
"219428","2782"
"219428","2788"
"219428","51764"
"219429","2774"
"219429","2782"
"219429","2788"
"219429","51764"
"219431","2774"
"219431","2782"
"219431","2788"
"219431","51764"
"219432","2774"
"219432","2782"
"219432","2788"
"219432","51764"
"219436","2774"
"219436","2782"
"219436","2788"
"219436","51764"
"219437","2774"
"219437","2782"
"219437","2788"
"219437","51764"
"219438","2774"
"219438","2782"
"219438","2788"
"219438","51764"
"219447","2774"
"219447","2782"
"219447","2788"
"219447","51764"
"219453","2774"
"219453","2782"
"219453","2788"
"219453","51764"
"219464","2774"
"219464","2782"
"219464","2788"
"219464","51764"
"219469","2774"
"219469","2782"
"219469","2788"
"219469","51764"
"219473","2774"
"219473","2782"
"219473","2788"
"219473","51764"
"219477","2774"
"219477","2782"
"219477","2788"
"219477","51764"
"219479","2774"
"219479","2782"
"219479","2788"
"219479","51764"
"219482","2774"
"219482","2782"
"219482","2788"
"219482","51764"
"219484","2774"
"219484","2782"
"219484","2788"
"219484","51764"
"219487","2774"
"219487","2782"
"219487","2788"
"219487","51764"
"219493","2774"
"219493","2782"
"219493","2788"
"219493","51764"
"219858","2774"
"219858","2782"
"219858","2788"
"219858","51764"
"219865","2774"
"219865","2782"
"219865","2788"
"219865","51764"
"219869","2774"
"219869","2782"
"219869","2788"
"219869","51764"
"219870","2774"
"219870","2782"
"219870","2788"
"219870","51764"
"219873","2774"
"219873","2782"
"219873","2788"
"219873","51764"
"219874","2774"
"219874","2782"
"219874","2788"
"219874","51764"
"219875","2774"
"219875","2782"
"219875","2788"
"219875","51764"
"219952","2774"
"219952","2782"
"219952","2788"
"219952","51764"
"219954","2774"
"219954","2782"
"219954","2788"
"219954","51764"
"219956","2774"
"219956","2782"
"219956","2788"
"219956","51764"
"219957","2774"
"219957","2782"
"219957","2788"
"219957","51764"
"219958","2774"
"219958","2782"
"219958","2788"
"219958","51764"
"219959","2774"
"219959","2782"
"219959","2788"
"219959","51764"
"219960","2774"
"219960","2782"
"219960","2788"
"219960","51764"
"219965","2774"
"219965","2782"
"219965","2788"
"219965","51764"
"219968","2774"
"219968","2782"
"219968","2788"
"219968","51764"
"219981","2774"
"219981","2782"
"219981","2788"
"219981","51764"
"219982","2774"
"219982","2782"
"219982","2788"
"219982","51764"
"219983","2774"
"219983","2782"
"219983","2788"
"219983","51764"
"219986","2774"
"219986","2782"
"219986","2788"
"219986","51764"
"23538","2774"
"23538","2782"
"23538","2788"
"23538","51764"
"254783","2774"
"254783","2782"
"254783","2788"
"254783","51764"
"254786","2774"
"254786","2782"
"254786","2788"
"254786","51764"
"254879","2774"
"254879","2782"
"254879","2788"
"254879","51764"
"254973","2774"
"254973","2782"
"254973","2788"
"254973","51764"
"255725","2774"
"255725","2782"
"255725","2788"
"255725","51764"
"256144","2774"
"256144","2782"
"256144","2788"
"256144","51764"
"256148","2774"
"256148","2782"
"256148","2788"
"256148","51764"
"256892","2774"
"256892","2782"
"256892","2788"
"256892","51764"
"26188","2774"
"26188","2782"
"26188","2788"
"26188","51764"
"26189","2774"
"26189","2782"
"26189","2788"
"26189","51764"
"26211","2774"
"26211","2782"
"26211","2788"
"26211","51764"
"26212","2774"
"26212","2782"
"26212","2788"
"26212","51764"
"26219","2774"
"26219","2782"
"26219","2788"
"26219","51764"
"26245","2774"
"26245","2782"
"26245","2788"
"26245","51764"
"26246","2774"
"26246","2782"
"26246","2788"
"26246","51764"
"26248","2774"
"26248","2782"
"26248","2788"
"26248","51764"
"26333","2774"
"26333","2782"
"26333","2788"
"26333","51764"
"26338","2774"
"26338","2782"
"26338","2788"
"26338","51764"
"26339","2774"
"26339","2782"
"26339","2788"
"26339","51764"
"26341","2774"
"26341","2782"
"26341","2788"
"26341","51764"
"26476","2774"
"26476","2782"
"26476","2788"
"26476","51764"
"26493","2774"
"26493","2782"
"26493","2788"
"26493","51764"
"26494","2774"
"26494","2782"
"26494","2788"
"26494","51764"
"26496","2774"
"26496","2782"
"26496","2788"
"26496","51764"
"26497","2774"
"26497","2782"
"26497","2788"
"26497","51764"
"26529","2774"
"26529","2782"
"26529","2788"
"26529","51764"
"26530","2774"
"26530","2782"
"26530","2788"
"26530","51764"
"26531","2774"
"26531","2782"
"26531","2788"
"26531","51764"
"26532","2774"
"26532","2782"
"26532","2788"
"26532","51764"
"26533","2774"
"26533","2782"
"26533","2788"
"26533","51764"
"26534","2774"
"26534","2782"
"26534","2788"
"26534","51764"
"26538","2774"
"26538","2782"
"26538","2788"
"26538","51764"
"26539","2774"
"26539","2782"
"26539","2788"
"26539","51764"
"26595","2774"
"26595","2782"
"26595","2788"
"26595","51764"
"26648","2774"
"26648","2782"
"26648","2788"
"26648","51764"
"26658","2774"
"26658","2782"
"26658","2788"
"26658","51764"
"26659","2774"
"26659","2782"
"26659","2788"
"26659","51764"
"26664","2774"
"26664","2782"
"26664","2788"
"26664","51764"
"26683","2774"
"26683","2782"
"26683","2788"
"26683","51764"
"26686","2774"
"26686","2782"
"26686","2788"
"26686","51764"
"26687","2774"
"26687","2782"
"26687","2788"
"26687","51764"
"26689","2774"
"26689","2782"
"26689","2788"
"26689","51764"
"26692","2774"
"26692","2782"
"26692","2788"
"26692","51764"
"26693","2774"
"26693","2782"
"26693","2788"
"26693","51764"
"26696","2774"
"26696","2782"
"26696","2788"
"26696","51764"
"26707","2774"
"26707","2782"
"26707","2788"
"26707","51764"
"26716","2774"
"26716","2782"
"26716","2788"
"26716","51764"
"26735","2774"
"26735","2782"
"26735","2788"
"26735","51764"
"26737","2774"
"26737","2782"
"26737","2788"
"26737","51764"
"26740","2774"
"26740","2782"
"26740","2788"
"26740","51764"
"282763","2774"
"282763","2782"
"282763","2788"
"282763","51764"
"282770","2774"
"282770","2782"
"282770","2788"
"282770","51764"
"282775","2774"
"282775","2782"
"282775","2788"
"282775","51764"
"283092","2774"
"283092","2782"
"283092","2788"
"283092","51764"
"283093","2774"
"283093","2782"
"283093","2788"
"283093","51764"
"283111","2774"
"283111","2782"
"283111","2788"
"283111","51764"
"283159","2774"
"283159","2782"
"283159","2788"
"283159","51764"
"283160","2774"
"283160","2782"
"283160","2788"
"283160","51764"
"283162","2774"
"283162","2782"
"283162","2788"
"283162","51764"
"283189","2774"
"283189","2782"
"283189","2788"
"283189","51764"
"283297","2774"
"283297","2782"
"283297","2788"
"283297","51764"
"283365","2774"
"283365","2782"
"283365","2788"
"283365","51764"
"283617","2774"
"283617","2782"
"283617","2788"
"283617","51764"
"283694","2774"
"283694","2782"
"283694","2788"
"283694","51764"
"284383","2774"
"284383","2782"
"284383","2788"
"284383","51764"
"284433","2774"
"284433","2782"
"284433","2788"
"284433","51764"
"284521","2774"
"284521","2782"
"284521","2788"
"284521","51764"
"284532","2774"
"284532","2782"
"284532","2788"
"284532","51764"
"285659","2774"
"285659","2782"
"285659","2788"
"285659","51764"
"286362","2774"
"286362","2782"
"286362","2788"
"286362","51764"
"286365","2774"
"286365","2782"
"286365","2788"
"286365","51764"
"338662","2774"
"338662","2782"
"338662","2788"
"338662","51764"
"338674","2774"
"338674","2782"
"338674","2788"
"338674","51764"
"338675","2774"
"338675","2782"
"338675","2788"
"338675","51764"
"338751","2774"
"338751","2782"
"338751","2788"
"338751","51764"
"338755","2774"
"338755","2782"
"338755","2788"
"338755","51764"
"340980","2774"
"340980","2782"
"340980","2788"
"340980","51764"
"341152","2774"
"341152","2782"
"341152","2788"
"341152","51764"
"341276","2774"
"341276","2782"
"341276","2788"
"341276","51764"
"341416","2774"
"341416","2782"
"341416","2788"
"341416","51764"
"341418","2774"
"341418","2782"
"341418","2788"
"341418","51764"
"341568","2774"
"341568","2782"
"341568","2788"
"341568","51764"
"341799","2774"
"341799","2782"
"341799","2788"
"341799","51764"
"343169","2774"
"343169","2782"
"343169","2788"
"343169","51764"
"343170","2774"
"343170","2782"
"343170","2788"
"343170","51764"
"343171","2774"
"343171","2782"
"343171","2788"
"343171","51764"
"343172","2774"
"343172","2782"
"343172","2788"
"343172","51764"
"343173","2774"
"343173","2782"
"343173","2788"
"343173","51764"
"343406","2774"
"343406","2782"
"343406","2788"
"343406","51764"
"343563","2774"
"343563","2782"
"343563","2788"
"343563","51764"
"346517","2774"
"346517","2782"
"346517","2788"
"346517","51764"
"346525","2774"
"346525","2782"
"346525","2788"
"346525","51764"
"346528","2774"
"346528","2782"
"346528","2788"
"346528","51764"
"347168","2774"
"347168","2782"
"347168","2788"
"347168","51764"
"347169","2774"
"347169","2782"
"347169","2788"
"347169","51764"
"347468","2774"
"347468","2782"
"347468","2788"
"347468","51764"
"387748","2774"
"387748","2782"
"387748","2788"
"387748","51764"
"388761","2774"
"388761","2782"
"388761","2788"
"388761","51764"
"389090","2774"
"389090","2782"
"389090","2788"
"389090","51764"
"390036","2774"
"390036","2782"
"390036","2788"
"390036","51764"
"390037","2774"
"390037","2782"
"390037","2788"
"390037","51764"
"390038","2774"
"390038","2782"
"390038","2788"
"390038","51764"
"390054","2774"
"390054","2782"
"390054","2788"
"390054","51764"
"390058","2774"
"390058","2782"
"390058","2788"
"390058","51764"
"390059","2774"
"390059","2782"
"390059","2788"
"390059","51764"
"390061","2774"
"390061","2782"
"390061","2788"
"390061","51764"
"390063","2774"
"390063","2782"
"390063","2788"
"390063","51764"
"390064","2774"
"390064","2782"
"390064","2788"
"390064","51764"
"390066","2774"
"390066","2782"
"390066","2788"
"390066","51764"
"390067","2774"
"390067","2782"
"390067","2788"
"390067","51764"
"390072","2774"
"390072","2782"
"390072","2788"
"390072","51764"
"390075","2774"
"390075","2782"
"390075","2788"
"390075","51764"
"390077","2774"
"390077","2782"
"390077","2788"
"390077","51764"
"390078","2774"
"390078","2782"
"390078","2788"
"390078","51764"
"390079","2774"
"390079","2782"
"390079","2788"
"390079","51764"
"390081","2774"
"390081","2782"
"390081","2788"
"390081","51764"
"390082","2774"
"390082","2782"
"390082","2788"
"390082","51764"
"390083","2774"
"390083","2782"
"390083","2788"
"390083","51764"
"390084","2774"
"390084","2782"
"390084","2788"
"390084","51764"
"390093","2774"
"390093","2782"
"390093","2788"
"390093","51764"
"390113","2774"
"390113","2782"
"390113","2788"
"390113","51764"
"390142","2774"
"390142","2782"
"390142","2788"
"390142","51764"
"390144","2774"
"390144","2782"
"390144","2788"
"390144","51764"
"390148","2774"
"390148","2782"
"390148","2788"
"390148","51764"
"390151","2774"
"390151","2782"
"390151","2788"
"390151","51764"
"390152","2774"
"390152","2782"
"390152","2788"
"390152","51764"
"390154","2774"
"390154","2782"
"390154","2788"
"390154","51764"
"390155","2774"
"390155","2782"
"390155","2788"
"390155","51764"
"390157","2774"
"390157","2782"
"390157","2788"
"390157","51764"
"390162","2774"
"390162","2782"
"390162","2788"
"390162","51764"
"390167","2774"
"390167","2782"
"390167","2788"
"390167","51764"
"390168","2774"
"390168","2782"
"390168","2788"
"390168","51764"
"390174","2774"
"390174","2782"
"390174","2788"
"390174","51764"
"390181","2774"
"390181","2782"
"390181","2788"
"390181","51764"
"390190","2774"
"390190","2782"
"390190","2788"
"390190","51764"
"390191","2774"
"390191","2782"
"390191","2788"
"390191","51764"
"390195","2774"
"390195","2782"
"390195","2788"
"390195","51764"
"390197","2774"
"390197","2782"
"390197","2788"
"390197","51764"
"390199","2774"
"390199","2782"
"390199","2788"
"390199","51764"
"390201","2774"
"390201","2782"
"390201","2788"
"390201","51764"
"390260","2774"
"390260","2782"
"390260","2788"
"390260","51764"
"390261","2774"
"390261","2782"
"390261","2788"
"390261","51764"
"390264","2774"
"390264","2782"
"390264","2788"
"390264","51764"
"390265","2774"
"390265","2782"
"390265","2788"
"390265","51764"
"390271","2774"
"390271","2782"
"390271","2788"
"390271","51764"
"390275","2774"
"390275","2782"
"390275","2788"
"390275","51764"
"390321","2774"
"390321","2782"
"390321","2788"
"390321","51764"
"390323","2774"
"390323","2782"
"390323","2788"
"390323","51764"
"390326","2774"
"390326","2782"
"390326","2788"
"390326","51764"
"390327","2774"
"390327","2782"
"390327","2788"
"390327","51764"
"390429","2774"
"390429","2782"
"390429","2788"
"390429","51764"
"390431","2774"
"390431","2782"
"390431","2788"
"390431","51764"
"390432","2774"
"390432","2782"
"390432","2788"
"390432","51764"
"390433","2774"
"390433","2782"
"390433","2788"
"390433","51764"
"390436","2774"
"390436","2782"
"390436","2788"
"390436","51764"
"390437","2774"
"390437","2782"
"390437","2788"
"390437","51764"
"390439","2774"
"390439","2782"
"390439","2788"
"390439","51764"
"390441","2774"
"390441","2782"
"390441","2788"
"390441","51764"
"390442","2774"
"390442","2782"
"390442","2788"
"390442","51764"
"390445","2774"
"390445","2782"
"390445","2788"
"390445","51764"
"390538","2774"
"390538","2782"
"390538","2788"
"390538","51764"
"390648","2774"
"390648","2782"
"390648","2788"
"390648","51764"
"390649","2774"
"390649","2782"
"390649","2788"
"390649","51764"
"390882","2774"
"390882","2782"
"390882","2788"
"390882","51764"
"390883","2774"
"390883","2782"
"390883","2788"
"390883","51764"
"390892","2774"
"390892","2782"
"390892","2788"
"390892","51764"
"391107","2774"
"391107","2782"
"391107","2788"
"391107","51764"
"391109","2774"
"391109","2782"
"391109","2788"
"391109","51764"
"391112","2774"
"391112","2782"
"391112","2788"
"391112","51764"
"391114","2774"
"391114","2782"
"391114","2788"
"391114","51764"
"391121","2774"
"391121","2782"
"391121","2788"
"391121","51764"
"391189","2774"
"391189","2782"
"391189","2788"
"391189","51764"
"391190","2774"
"391190","2782"
"391190","2788"
"391190","51764"
"391191","2774"
"391191","2782"
"391191","2788"
"391191","51764"
"391192","2774"
"391192","2782"
"391192","2788"
"391192","51764"
"391194","2774"
"391194","2782"
"391194","2788"
"391194","51764"
"391195","2774"
"391195","2782"
"391195","2788"
"391195","51764"
"391196","2774"
"391196","2782"
"391196","2788"
"391196","51764"
"391211","2774"
"391211","2782"
"391211","2788"
"391211","51764"
"392133","2774"
"392133","2782"
"392133","2788"
"392133","51764"
"392138","2774"
"392138","2782"
"392138","2788"
"392138","51764"
"392309","2774"
"392309","2782"
"392309","2788"
"392309","51764"
"392376","2774"
"392376","2782"
"392376","2788"
"392376","51764"
"392390","2774"
"392390","2782"
"392390","2788"
"392390","51764"
"392391","2774"
"392391","2782"
"392391","2788"
"392391","51764"
"392392","2774"
"392392","2782"
"392392","2788"
"392392","51764"
"393046","2774"
"393046","2782"
"393046","2788"
"393046","51764"
"401427","2774"
"401427","2782"
"401427","2788"
"401427","51764"
"401665","2774"
"401665","2782"
"401665","2788"
"401665","51764"
"401666","2774"
"401666","2782"
"401666","2788"
"401666","51764"
"401667","2774"
"401667","2782"
"401667","2788"
"401667","51764"
"401992","2774"
"401992","2782"
"401992","2788"
"401992","51764"
"401993","2774"
"401993","2782"
"401993","2788"
"401993","51764"
"401994","2774"
"401994","2782"
"401994","2788"
"401994","51764"
"402135","2774"
"402135","2782"
"402135","2788"
"402135","51764"
"402317","2774"
"402317","2782"
"402317","2788"
"402317","51764"
"403239","2774"
"403239","2782"
"403239","2788"
"403239","51764"
"403244","2774"
"403244","2782"
"403244","2788"
"403244","51764"
"403253","2774"
"403253","2782"
"403253","2788"
"403253","51764"
"403257","2774"
"403257","2782"
"403257","2788"
"403257","51764"
"403273","2774"
"403273","2782"
"403273","2788"
"403273","51764"
"403274","2774"
"403274","2782"
"403274","2788"
"403274","51764"
"403277","2774"
"403277","2782"
"403277","2788"
"403277","51764"
"403278","2774"
"403278","2782"
"403278","2788"
"403278","51764"
"403282","2774"
"403282","2782"
"403282","2788"
"403282","51764"
"403284","2774"
"403284","2782"
"403284","2788"
"403284","51764"
"408","102723532"
"408","105369274"
"408","10798"
"408","107987545"
"408","112268384"
"408","119678"
"408","119679"
"408","119682"
"408","119687"
"408","119692"
"408","119694"
"408","119695"
"408","119749"
"408","119764"
"408","119765"
"408","119772"
"408","119774"
"408","120065"
"408","120066"
"408","120586"
"408","120775"
"408","120776"
"408","120787"
"408","120793"
"408","120796"
"408","121129"
"408","121130"
"408","121275"
"408","121364"
"408","122740"
"408","122742"
"408","122748"
"408","124538"
"408","125958"
"408","125962"
"408","125963"
"408","126370"
"408","126541"
"408","127059"
"408","127062"
"408","127064"
"408","127066"
"408","127068"
"408","127069"
"408","127074"
"408","127077"
"408","127385"
"408","127608"
"408","127623"
"408","128360"
"408","128366"
"408","128367"
"408","128368"
"408","128371"
"408","128372"
"408","130075"
"408","134083"
"408","135924"
"408","135941"
"408","135946"
"408","135948"
"408","138799"
"408","138802"
"408","138803"
"408","138804"
"408","138805"
"408","138881"
"408","138882"
"408","138883"
"408","143496"
"408","143502"
"408","143503"
"408","144124"
"408","144125"
"408","150681"
"408","158131"
"408","162998"
"408","196335"
"408","219417"
"408","219428"
"408","219429"
"408","219431"
"408","219432"
"408","219436"
"408","219437"
"408","219438"
"408","219447"
"408","219453"
"408","219464"
"408","219469"
"408","219473"
"408","219477"
"408","219479"
"408","219482"
"408","219484"
"408","219487"
"408","219493"
"408","219858"
"408","219865"
"408","219869"
"408","219870"
"408","219873"
"408","219874"
"408","219875"
"408","219952"
"408","219954"
"408","219956"
"408","219957"
"408","219958"
"408","219959"
"408","219960"
"408","219965"
"408","219968"
"408","219981"
"408","219982"
"408","219983"
"408","219986"
"408","23538"
"408","254783"
"408","254786"
"408","254879"
"408","254973"
"408","255725"
"408","256144"
"408","256148"
"408","256892"
"408","26188"
"408","26189"
"408","26211"
"408","26212"
"408","26219"
"408","26245"
"408","26246"
"408","26248"
"408","26333"
"408","26338"
"408","26339"
"408","26341"
"408","26476"
"408","26493"
"408","26494"
"408","26496"
"408","26497"
"408","26529"
"408","26530"
"408","26531"
"408","26532"
"408","26533"
"408","26534"
"408","26538"
"408","26539"
"408","26595"
"408","26648"
"408","26658"
"408","26659"
"408","26664"
"408","26683"
"408","26686"
"408","26687"
"408","26689"
"408","26692"
"408","26693"
"408","26696"
"408","26707"
"408","26716"
"408","26735"
"408","26737"
"408","26740"
"408","282763"
"408","282770"
"408","282775"
"408","283092"
"408","283093"
"408","283111"
"408","283159"
"408","283160"
"408","283162"
"408","283189"
"408","283297"
"408","283365"
"408","283617"
"408","283694"
"408","284383"
"408","284433"
"408","284521"
"408","284532"
"408","285659"
"408","286362"
"408","286365"
"408","338662"
"408","338674"
"408","338675"
"408","338751"
"408","338755"
"408","340980"
"408","341152"
"408","341276"
"408","341416"
"408","341418"
"408","341568"
"408","341799"
"408","343169"
"408","343170"
"408","343171"
"408","343172"
"408","343173"
"408","343406"
"408","343563"
"408","346517"
"408","346525"
"408","346528"
"408","347168"
"408","347169"
"408","347468"
"408","387748"
"408","388761"
"408","389090"
"408","390036"
"408","390037"
"408","390038"
"408","390054"
"408","390058"
"408","390059"
"408","390061"
"408","390063"
"408","390064"
"408","390066"
"408","390067"
"408","390072"
"408","390075"
"408","390077"
"408","390078"
"408","390079"
"408","390081"
"408","390082"
"408","390083"
"408","390084"
"408","390093"
"408","390113"
"408","390142"
"408","390144"
"408","390148"
"408","390151"
"408","390152"
"408","390154"
"408","390155"
"408","390157"
"408","390162"
"408","390167"
"408","390168"
"408","390174"
"408","390181"
"408","390190"
"408","390191"
"408","390195"
"408","390197"
"408","390199"
"408","390201"
"408","390260"
"408","390261"
"408","390264"
"408","390265"
"408","390271"
"408","390275"
"408","390321"
"408","390323"
"408","390326"
"408","390327"
"408","390429"
"408","390431"
"408","390432"
"408","390433"
"408","390436"
"408","390437"
"408","390439"
"408","390441"
"408","390442"
"408","390445"
"408","390538"
"408","390648"
"408","390649"
"408","390882"
"408","390883"
"408","390892"
"408","391107"
"408","391109"
"408","391112"
"408","391114"
"408","391121"
"408","391189"
"408","391190"
"408","391191"
"408","391192"
"408","391194"
"408","391195"
"408","391196"
"408","391211"
"408","392133"
"408","392138"
"408","392309"
"408","392376"
"408","392390"
"408","392391"
"408","392392"
"408","393046"
"408","401427"
"408","401665"
"408","401666"
"408","401667"
"408","401992"
"408","401993"
"408","401994"
"408","402135"
"408","402317"
"408","403239"
"408","403244"
"408","403253"
"408","403257"
"408","403273"
"408","403274"
"408","403277"
"408","403278"
"408","403282"
"408","403284"
"408","440153"
"408","441308"
"408","441608"
"408","441639"
"408","441669"
"408","441670"
"408","441933"
"408","442184"
"408","442185"
"408","442186"
"408","442191"
"408","442194"
"408","442361"
"408","4991"
"408","4992"
"408","4993"
"408","4994"
"408","4995"
"408","504189"
"408","504190"
"408","504191"
"408","56656"
"408","653166"
"408","729759"
"408","79290"
"408","79295"
"408","79296"
"408","79310"
"408","79317"
"408","7932"
"408","79324"
"408","79334"
"408","79339"
"408","79345"
"408","79346"
"408","79473"
"408","79482"
"408","79490"
"408","79501"
"408","79541"
"408","79544"
"408","79549"
"408","81050"
"408","81061"
"408","81099"
"408","81127"
"408","81168"
"408","81282"
"408","81285"
"408","81300"
"408","81309"
"408","81318"
"408","81327"
"408","81328"
"408","81341"
"408","81392"
"408","81399"
"408","81442"
"408","81448"
"408","81458"
"408","81466"
"408","81469"
"408","81470"
"408","81472"
"408","81696"
"408","81697"
"408","81797"
"408","8383"
"408","8386"
"408","8387"
"408","8388"
"408","8390"
"408","8392"
"408","8590"
"409","102723532"
"409","105369274"
"409","10798"
"409","107987545"
"409","112268384"
"409","119678"
"409","119679"
"409","119682"
"409","119687"
"409","119692"
"409","119694"
"409","119695"
"409","119749"
"409","119764"
"409","119765"
"409","119772"
"409","119774"
"409","120065"
"409","120066"
"409","120586"
"409","120775"
"409","120776"
"409","120787"
"409","120793"
"409","120796"
"409","121129"
"409","121130"
"409","121275"
"409","121364"
"409","122740"
"409","122742"
"409","122748"
"409","124538"
"409","125958"
"409","125962"
"409","125963"
"409","126370"
"409","126541"
"409","127059"
"409","127062"
"409","127064"
"409","127066"
"409","127068"
"409","127069"
"409","127074"
"409","127077"
"409","127385"
"409","127608"
"409","127623"
"409","128360"
"409","128366"
"409","128367"
"409","128368"
"409","128371"
"409","128372"
"409","130075"
"409","134083"
"409","135924"
"409","135941"
"409","135946"
"409","135948"
"409","138799"
"409","138802"
"409","138803"
"409","138804"
"409","138805"
"409","138881"
"409","138882"
"409","138883"
"409","143496"
"409","143502"
"409","143503"
"409","144124"
"409","144125"
"409","150681"
"409","158131"
"409","162998"
"409","196335"
"409","219417"
"409","219428"
"409","219429"
"409","219431"
"409","219432"
"409","219436"
"409","219437"
"409","219438"
"409","219447"
"409","219453"
"409","219464"
"409","219469"
"409","219473"
"409","219477"
"409","219479"
"409","219482"
"409","219484"
"409","219487"
"409","219493"
"409","219858"
"409","219865"
"409","219869"
"409","219870"
"409","219873"
"409","219874"
"409","219875"
"409","219952"
"409","219954"
"409","219956"
"409","219957"
"409","219958"
"409","219959"
"409","219960"
"409","219965"
"409","219968"
"409","219981"
"409","219982"
"409","219983"
"409","219986"
"409","23538"
"409","254783"
"409","254786"
"409","254879"
"409","254973"
"409","255725"
"409","256144"
"409","256148"
"409","256892"
"409","26188"
"409","26189"
"409","26211"
"409","26212"
"409","26219"
"409","26245"
"409","26246"
"409","26248"
"409","26333"
"409","26338"
"409","26339"
"409","26341"
"409","26476"
"409","26493"
"409","26494"
"409","26496"
"409","26497"
"409","26529"
"409","26530"
"409","26531"
"409","26532"
"409","26533"
"409","26534"
"409","26538"
"409","26539"
"409","26595"
"409","26648"
"409","26658"
"409","26659"
"409","26664"
"409","26683"
"409","26686"
"409","26687"
"409","26689"
"409","26692"
"409","26693"
"409","26696"
"409","26707"
"409","26716"
"409","26735"
"409","26737"
"409","26740"
"409","282763"
"409","282770"
"409","282775"
"409","283092"
"409","283093"
"409","283111"
"409","283159"
"409","283160"
"409","283162"
"409","283189"
"409","283297"
"409","283365"
"409","283617"
"409","283694"
"409","284383"
"409","284433"
"409","284521"
"409","284532"
"409","285659"
"409","286362"
"409","286365"
"409","338662"
"409","338674"
"409","338675"
"409","338751"
"409","338755"
"409","340980"
"409","341152"
"409","341276"
"409","341416"
"409","341418"
"409","341568"
"409","341799"
"409","343169"
"409","343170"
"409","343171"
"409","343172"
"409","343173"
"409","343406"
"409","343563"
"409","346517"
"409","346525"
"409","346528"
"409","347168"
"409","347169"
"409","347468"
"409","387748"
"409","388761"
"409","389090"
"409","390036"
"409","390037"
"409","390038"
"409","390054"
"409","390058"
"409","390059"
"409","390061"
"409","390063"
"409","390064"
"409","390066"
"409","390067"
"409","390072"
"409","390075"
"409","390077"
"409","390078"
"409","390079"
"409","390081"
"409","390082"
"409","390083"
"409","390084"
"409","390093"
"409","390113"
"409","390142"
"409","390144"
"409","390148"
"409","390151"
"409","390152"
"409","390154"
"409","390155"
"409","390157"
"409","390162"
"409","390167"
"409","390168"
"409","390174"
"409","390181"
"409","390190"
"409","390191"
"409","390195"
"409","390197"
"409","390199"
"409","390201"
"409","390260"
"409","390261"
"409","390264"
"409","390265"
"409","390271"
"409","390275"
"409","390321"
"409","390323"
"409","390326"
"409","390327"
"409","390429"
"409","390431"
"409","390432"
"409","390433"
"409","390436"
"409","390437"
"409","390439"
"409","390441"
"409","390442"
"409","390445"
"409","390538"
"409","390648"
"409","390649"
"409","390882"
"409","390883"
"409","390892"
"409","391107"
"409","391109"
"409","391112"
"409","391114"
"409","391121"
"409","391189"
"409","391190"
"409","391191"
"409","391192"
"409","391194"
"409","391195"
"409","391196"
"409","391211"
"409","392133"
"409","392138"
"409","392309"
"409","392376"
"409","392390"
"409","392391"
"409","392392"
"409","393046"
"409","401427"
"409","401665"
"409","401666"
"409","401667"
"409","401992"
"409","401993"
"409","401994"
"409","402135"
"409","402317"
"409","403239"
"409","403244"
"409","403253"
"409","403257"
"409","403273"
"409","403274"
"409","403277"
"409","403278"
"409","403282"
"409","403284"
"409","440153"
"409","441308"
"409","441608"
"409","441639"
"409","441669"
"409","441670"
"409","441933"
"409","442184"
"409","442185"
"409","442186"
"409","442191"
"409","442194"
"409","442361"
"409","4991"
"409","4992"
"409","4993"
"409","4994"
"409","4995"
"409","504189"
"409","504190"
"409","504191"
"409","56656"
"409","653166"
"409","729759"
"409","79290"
"409","79295"
"409","79296"
"409","79310"
"409","79317"
"409","7932"
"409","79324"
"409","79334"
"409","79339"
"409","79345"
"409","79346"
"409","79473"
"409","79482"
"409","79490"
"409","79501"
"409","79541"
"409","79544"
"409","79549"
"409","81050"
"409","81061"
"409","81099"
"409","81127"
"409","81168"
"409","81282"
"409","81285"
"409","81300"
"409","81309"
"409","81318"
"409","81327"
"409","81328"
"409","81341"
"409","81392"
"409","81399"
"409","81442"
"409","81448"
"409","81458"
"409","81466"
"409","81469"
"409","81470"
"409","81472"
"409","81696"
"409","81697"
"409","81797"
"409","8383"
"409","8386"
"409","8387"
"409","8388"
"409","8390"
"409","8392"
"409","8590"
"440153","2774"
"440153","2782"
"440153","2788"
"440153","51764"
"441308","2774"
"441308","2782"
"441308","2788"
"441308","51764"
"441608","2774"
"441608","2782"
"441608","2788"
"441608","51764"
"441639","2774"
"441639","2782"
"441639","2788"
"441639","51764"
"441669","2774"
"441669","2782"
"441669","2788"
"441669","51764"
"441670","2774"
"441670","2782"
"441670","2788"
"441670","51764"
"441933","2774"
"441933","2782"
"441933","2788"
"441933","51764"
"442184","2774"
"442184","2782"
"442184","2788"
"442184","51764"
"442185","2774"
"442185","2782"
"442185","2788"
"442185","51764"
"442186","2774"
"442186","2782"
"442186","2788"
"442186","51764"
"442191","2774"
"442191","2782"
"442191","2788"
"442191","51764"
"442194","2774"
"442194","2782"
"442194","2788"
"442194","51764"
"442361","2774"
"442361","2782"
"442361","2788"
"442361","51764"
"4991","2774"
"4991","2782"
"4991","2788"
"4991","51764"
"4992","2774"
"4992","2782"
"4992","2788"
"4992","51764"
"4993","2774"
"4993","2782"
"4993","2788"
"4993","51764"
"4994","2774"
"4994","2782"
"4994","2788"
"4994","51764"
"4995","2774"
"4995","2782"
"4995","2788"
"4995","51764"
"504189","2774"
"504189","2782"
"504189","2788"
"504189","51764"
"504190","2774"
"504190","2782"
"504190","2788"
"504190","51764"
"504191","2774"
"504191","2782"
"504191","2788"
"504191","51764"
"51806","1258"
"51806","1260"
"51806","1262"
"5566","102723532"
"5566","105369274"
"5566","10798"
"5566","107987545"
"5566","112268384"
"5566","119678"
"5566","119679"
"5566","119682"
"5566","119687"
"5566","119692"
"5566","119694"
"5566","119695"
"5566","119749"
"5566","119764"
"5566","119765"
"5566","119772"
"5566","119774"
"5566","120065"
"5566","120066"
"5566","120586"
"5566","120775"
"5566","120776"
"5566","120787"
"5566","120793"
"5566","120796"
"5566","121129"
"5566","121130"
"5566","121275"
"5566","121364"
"5566","122740"
"5566","122742"
"5566","122748"
"5566","124538"
"5566","125958"
"5566","125962"
"5566","125963"
"5566","126370"
"5566","126541"
"5566","127059"
"5566","127062"
"5566","127064"
"5566","127066"
"5566","127068"
"5566","127069"
"5566","127074"
"5566","127077"
"5566","127385"
"5566","127608"
"5566","127623"
"5566","128360"
"5566","128366"
"5566","128367"
"5566","128368"
"5566","128371"
"5566","128372"
"5566","130075"
"5566","134083"
"5566","135924"
"5566","135941"
"5566","135946"
"5566","135948"
"5566","138799"
"5566","138802"
"5566","138803"
"5566","138804"
"5566","138805"
"5566","138881"
"5566","138882"
"5566","138883"
"5566","143496"
"5566","143502"
"5566","143503"
"5566","144124"
"5566","144125"
"5566","150681"
"5566","158131"
"5566","162998"
"5566","196335"
"5566","219417"
"5566","219428"
"5566","219429"
"5566","219431"
"5566","219432"
"5566","219436"
"5566","219437"
"5566","219438"
"5566","219447"
"5566","219453"
"5566","219464"
"5566","219469"
"5566","219473"
"5566","219477"
"5566","219479"
"5566","219482"
"5566","219484"
"5566","219487"
"5566","219493"
"5566","219858"
"5566","219865"
"5566","219869"
"5566","219870"
"5566","219873"
"5566","219874"
"5566","219875"
"5566","219952"
"5566","219954"
"5566","219956"
"5566","219957"
"5566","219958"
"5566","219959"
"5566","219960"
"5566","219965"
"5566","219968"
"5566","219981"
"5566","219982"
"5566","219983"
"5566","219986"
"5566","23538"
"5566","254783"
"5566","254786"
"5566","254879"
"5566","254973"
"5566","255725"
"5566","256144"
"5566","256148"
"5566","256892"
"5566","26188"
"5566","26189"
"5566","26211"
"5566","26212"
"5566","26219"
"5566","26245"
"5566","26246"
"5566","26248"
"5566","26333"
"5566","26338"
"5566","26339"
"5566","26341"
"5566","26476"
"5566","26493"
"5566","26494"
"5566","26496"
"5566","26497"
"5566","26529"
"5566","26530"
"5566","26531"
"5566","26532"
"5566","26533"
"5566","26534"
"5566","26538"
"5566","26539"
"5566","26595"
"5566","26648"
"5566","26658"
"5566","26659"
"5566","26664"
"5566","26683"
"5566","26686"
"5566","26687"
"5566","26689"
"5566","26692"
"5566","26693"
"5566","26696"
"5566","26707"
"5566","26716"
"5566","26735"
"5566","26737"
"5566","26740"
"5566","282763"
"5566","282770"
"5566","282775"
"5566","283092"
"5566","283093"
"5566","283111"
"5566","283159"
"5566","283160"
"5566","283162"
"5566","283189"
"5566","283297"
"5566","283365"
"5566","283617"
"5566","283694"
"5566","284383"
"5566","284433"
"5566","284521"
"5566","284532"
"5566","285659"
"5566","286362"
"5566","286365"
"5566","338662"
"5566","338674"
"5566","338675"
"5566","338751"
"5566","338755"
"5566","340980"
"5566","341152"
"5566","341276"
"5566","341416"
"5566","341418"
"5566","341568"
"5566","341799"
"5566","343169"
"5566","343170"
"5566","343171"
"5566","343172"
"5566","343173"
"5566","343406"
"5566","343563"
"5566","346517"
"5566","346525"
"5566","346528"
"5566","347168"
"5566","347169"
"5566","347468"
"5566","387748"
"5566","388761"
"5566","389090"
"5566","390036"
"5566","390037"
"5566","390038"
"5566","390054"
"5566","390058"
"5566","390059"
"5566","390061"
"5566","390063"
"5566","390064"
"5566","390066"
"5566","390067"
"5566","390072"
"5566","390075"
"5566","390077"
"5566","390078"
"5566","390079"
"5566","390081"
"5566","390082"
"5566","390083"
"5566","390084"
"5566","390093"
"5566","390113"
"5566","390142"
"5566","390144"
"5566","390148"
"5566","390151"
"5566","390152"
"5566","390154"
"5566","390155"
"5566","390157"
"5566","390162"
"5566","390167"
"5566","390168"
"5566","390174"
"5566","390181"
"5566","390190"
"5566","390191"
"5566","390195"
"5566","390197"
"5566","390199"
"5566","390201"
"5566","390260"
"5566","390261"
"5566","390264"
"5566","390265"
"5566","390271"
"5566","390275"
"5566","390321"
"5566","390323"
"5566","390326"
"5566","390327"
"5566","390429"
"5566","390431"
"5566","390432"
"5566","390433"
"5566","390436"
"5566","390437"
"5566","390439"
"5566","390441"
"5566","390442"
"5566","390445"
"5566","390538"
"5566","390648"
"5566","390649"
"5566","390882"
"5566","390883"
"5566","390892"
"5566","391107"
"5566","391109"
"5566","391112"
"5566","391114"
"5566","391121"
"5566","391189"
"5566","391190"
"5566","391191"
"5566","391192"
"5566","391194"
"5566","391195"
"5566","391196"
"5566","391211"
"5566","392133"
"5566","392138"
"5566","392309"
"5566","392376"
"5566","392390"
"5566","392391"
"5566","392392"
"5566","393046"
"5566","401427"
"5566","401665"
"5566","401666"
"5566","401667"
"5566","401992"
"5566","401993"
"5566","401994"
"5566","402135"
"5566","402317"
"5566","403239"
"5566","403244"
"5566","403253"
"5566","403257"
"5566","403273"
"5566","403274"
"5566","403277"
"5566","403278"
"5566","403282"
"5566","403284"
"5566","440153"
"5566","441308"
"5566","441608"
"5566","441639"
"5566","441669"
"5566","441670"
"5566","441933"
"5566","442184"
"5566","442185"
"5566","442186"
"5566","442191"
"5566","442194"
"5566","442361"
"5566","4991"
"5566","4992"
"5566","4993"
"5566","4994"
"5566","4995"
"5566","504189"
"5566","504190"
"5566","504191"
"5566","56656"
"5566","653166"
"5566","729759"
"5566","79290"
"5566","79295"
"5566","79296"
"5566","79310"
"5566","79317"
"5566","7932"
"5566","79324"
"5566","79334"
"5566","79339"
"5566","79345"
"5566","79346"
"5566","79473"
"5566","79482"
"5566","79490"
"5566","79501"
"5566","79541"
"5566","79544"
"5566","79549"
"5566","81050"
"5566","81061"
"5566","81099"
"5566","81127"
"5566","81168"
"5566","81282"
"5566","81285"
"5566","81300"
"5566","81309"
"5566","81318"
"5566","81327"
"5566","81328"
"5566","81341"
"5566","81392"
"5566","81399"
"5566","81442"
"5566","81448"
"5566","81458"
"5566","81466"
"5566","81469"
"5566","81470"
"5566","81472"
"5566","81696"
"5566","81697"
"5566","81797"
"5566","8383"
"5566","8386"
"5566","8387"
"5566","8388"
"5566","8390"
"5566","8392"
"5566","8590"
"5567","102723532"
"5567","105369274"
"5567","10798"
"5567","107987545"
"5567","112268384"
"5567","119678"
"5567","119679"
"5567","119682"
"5567","119687"
"5567","119692"
"5567","119694"
"5567","119695"
"5567","119749"
"5567","119764"
"5567","119765"
"5567","119772"
"5567","119774"
"5567","120065"
"5567","120066"
"5567","120586"
"5567","120775"
"5567","120776"
"5567","120787"
"5567","120793"
"5567","120796"
"5567","121129"
"5567","121130"
"5567","121275"
"5567","121364"
"5567","122740"
"5567","122742"
"5567","122748"
"5567","124538"
"5567","125958"
"5567","125962"
"5567","125963"
"5567","126370"
"5567","126541"
"5567","127059"
"5567","127062"
"5567","127064"
"5567","127066"
"5567","127068"
"5567","127069"
"5567","127074"
"5567","127077"
"5567","127385"
"5567","127608"
"5567","127623"
"5567","128360"
"5567","128366"
"5567","128367"
"5567","128368"
"5567","128371"
"5567","128372"
"5567","130075"
"5567","134083"
"5567","135924"
"5567","135941"
"5567","135946"
"5567","135948"
"5567","138799"
"5567","138802"
"5567","138803"
"5567","138804"
"5567","138805"
"5567","138881"
"5567","138882"
"5567","138883"
"5567","143496"
"5567","143502"
"5567","143503"
"5567","144124"
"5567","144125"
"5567","150681"
"5567","158131"
"5567","162998"
"5567","196335"
"5567","219417"
"5567","219428"
"5567","219429"
"5567","219431"
"5567","219432"
"5567","219436"
"5567","219437"
"5567","219438"
"5567","219447"
"5567","219453"
"5567","219464"
"5567","219469"
"5567","219473"
"5567","219477"
"5567","219479"
"5567","219482"
"5567","219484"
"5567","219487"
"5567","219493"
"5567","219858"
"5567","219865"
"5567","219869"
"5567","219870"
"5567","219873"
"5567","219874"
"5567","219875"
"5567","219952"
"5567","219954"
"5567","219956"
"5567","219957"
"5567","219958"
"5567","219959"
"5567","219960"
"5567","219965"
"5567","219968"
"5567","219981"
"5567","219982"
"5567","219983"
"5567","219986"
"5567","23538"
"5567","254783"
"5567","254786"
"5567","254879"
"5567","254973"
"5567","255725"
"5567","256144"
"5567","256148"
"5567","256892"
"5567","26188"
"5567","26189"
"5567","26211"
"5567","26212"
"5567","26219"
"5567","26245"
"5567","26246"
"5567","26248"
"5567","26333"
"5567","26338"
"5567","26339"
"5567","26341"
"5567","26476"
"5567","26493"
"5567","26494"
"5567","26496"
"5567","26497"
"5567","26529"
"5567","26530"
"5567","26531"
"5567","26532"
"5567","26533"
"5567","26534"
"5567","26538"
"5567","26539"
"5567","26595"
"5567","26648"
"5567","26658"
"5567","26659"
"5567","26664"
"5567","26683"
"5567","26686"
"5567","26687"
"5567","26689"
"5567","26692"
"5567","26693"
"5567","26696"
"5567","26707"
"5567","26716"
"5567","26735"
"5567","26737"
"5567","26740"
"5567","282763"
"5567","282770"
"5567","282775"
"5567","283092"
"5567","283093"
"5567","283111"
"5567","283159"
"5567","283160"
"5567","283162"
"5567","283189"
"5567","283297"
"5567","283365"
"5567","283617"
"5567","283694"
"5567","284383"
"5567","284433"
"5567","284521"
"5567","284532"
"5567","285659"
"5567","286362"
"5567","286365"
"5567","338662"
"5567","338674"
"5567","338675"
"5567","338751"
"5567","338755"
"5567","340980"
"5567","341152"
"5567","341276"
"5567","341416"
"5567","341418"
"5567","341568"
"5567","341799"
"5567","343169"
"5567","343170"
"5567","343171"
"5567","343172"
"5567","343173"
"5567","343406"
"5567","343563"
"5567","346517"
"5567","346525"
"5567","346528"
"5567","347168"
"5567","347169"
"5567","347468"
"5567","387748"
"5567","388761"
"5567","389090"
"5567","390036"
"5567","390037"
"5567","390038"
"5567","390054"
"5567","390058"
"5567","390059"
"5567","390061"
"5567","390063"
"5567","390064"
"5567","390066"
"5567","390067"
"5567","390072"
"5567","390075"
"5567","390077"
"5567","390078"
"5567","390079"
"5567","390081"
"5567","390082"
"5567","390083"
"5567","390084"
"5567","390093"
"5567","390113"
"5567","390142"
"5567","390144"
"5567","390148"
"5567","390151"
"5567","390152"
"5567","390154"
"5567","390155"
"5567","390157"
"5567","390162"
"5567","390167"
"5567","390168"
"5567","390174"
"5567","390181"
"5567","390190"
"5567","390191"
"5567","390195"
"5567","390197"
"5567","390199"
"5567","390201"
"5567","390260"
"5567","390261"
"5567","390264"
"5567","390265"
"5567","390271"
"5567","390275"
"5567","390321"
"5567","390323"
"5567","390326"
"5567","390327"
"5567","390429"
"5567","390431"
"5567","390432"
"5567","390433"
"5567","390436"
"5567","390437"
"5567","390439"
"5567","390441"
"5567","390442"
"5567","390445"
"5567","390538"
"5567","390648"
"5567","390649"
"5567","390882"
"5567","390883"
"5567","390892"
"5567","391107"
"5567","391109"
"5567","391112"
"5567","391114"
"5567","391121"
"5567","391189"
"5567","391190"
"5567","391191"
"5567","391192"
"5567","391194"
"5567","391195"
"5567","391196"
"5567","391211"
"5567","392133"
"5567","392138"
"5567","392309"
"5567","392376"
"5567","392390"
"5567","392391"
"5567","392392"
"5567","393046"
"5567","401427"
"5567","401665"
"5567","401666"
"5567","401667"
"5567","401992"
"5567","401993"
"5567","401994"
"5567","402135"
"5567","402317"
"5567","403239"
"5567","403244"
"5567","403253"
"5567","403257"
"5567","403273"
"5567","403274"
"5567","403277"
"5567","403278"
"5567","403282"
"5567","403284"
"5567","440153"
"5567","441308"
"5567","441608"
"5567","441639"
"5567","441669"
"5567","441670"
"5567","441933"
"5567","442184"
"5567","442185"
"5567","442186"
"5567","442191"
"5567","442194"
"5567","442361"
"5567","4991"
"5567","4992"
"5567","4993"
"5567","4994"
"5567","4995"
"5567","504189"
"5567","504190"
"5567","504191"
"5567","56656"
"5567","653166"
"5567","729759"
"5567","79290"
"5567","79295"
"5567","79296"
"5567","79310"
"5567","79317"
"5567","7932"
"5567","79324"
"5567","79334"
"5567","79339"
"5567","79345"
"5567","79346"
"5567","79473"
"5567","79482"
"5567","79490"
"5567","79501"
"5567","79541"
"5567","79544"
"5567","79549"
"5567","81050"
"5567","81061"
"5567","81099"
"5567","81127"
"5567","81168"
"5567","81282"
"5567","81285"
"5567","81300"
"5567","81309"
"5567","81318"
"5567","81327"
"5567","81328"
"5567","81341"
"5567","81392"
"5567","81399"
"5567","81442"
"5567","81448"
"5567","81458"
"5567","81466"
"5567","81469"
"5567","81470"
"5567","81472"
"5567","81696"
"5567","81697"
"5567","81797"
"5567","8383"
"5567","8386"
"5567","8387"
"5567","8388"
"5567","8390"
"5567","8392"
"5567","8590"
"5568","102723532"
"5568","105369274"
"5568","10798"
"5568","107987545"
"5568","112268384"
"5568","119678"
"5568","119679"
"5568","119682"
"5568","119687"
"5568","119692"
"5568","119694"
"5568","119695"
"5568","119749"
"5568","119764"
"5568","119765"
"5568","119772"
"5568","119774"
"5568","120065"
"5568","120066"
"5568","120586"
"5568","120775"
"5568","120776"
"5568","120787"
"5568","120793"
"5568","120796"
"5568","121129"
"5568","121130"
"5568","121275"
"5568","121364"
"5568","122740"
"5568","122742"
"5568","122748"
"5568","124538"
"5568","125958"
"5568","125962"
"5568","125963"
"5568","126370"
"5568","126541"
"5568","127059"
"5568","127062"
"5568","127064"
"5568","127066"
"5568","127068"
"5568","127069"
"5568","127074"
"5568","127077"
"5568","127385"
"5568","127608"
"5568","127623"
"5568","128360"
"5568","128366"
"5568","128367"
"5568","128368"
"5568","128371"
"5568","128372"
"5568","130075"
"5568","134083"
"5568","135924"
"5568","135941"
"5568","135946"
"5568","135948"
"5568","138799"
"5568","138802"
"5568","138803"
"5568","138804"
"5568","138805"
"5568","138881"
"5568","138882"
"5568","138883"
"5568","143496"
"5568","143502"
"5568","143503"
"5568","144124"
"5568","144125"
"5568","150681"
"5568","158131"
"5568","162998"
"5568","196335"
"5568","219417"
"5568","219428"
"5568","219429"
"5568","219431"
"5568","219432"
"5568","219436"
"5568","219437"
"5568","219438"
"5568","219447"
"5568","219453"
"5568","219464"
"5568","219469"
"5568","219473"
"5568","219477"
"5568","219479"
"5568","219482"
"5568","219484"
"5568","219487"
"5568","219493"
"5568","219858"
"5568","219865"
"5568","219869"
"5568","219870"
"5568","219873"
"5568","219874"
"5568","219875"
"5568","219952"
"5568","219954"
"5568","219956"
"5568","219957"
"5568","219958"
"5568","219959"
"5568","219960"
"5568","219965"
"5568","219968"
"5568","219981"
"5568","219982"
"5568","219983"
"5568","219986"
"5568","23538"
"5568","254783"
"5568","254786"
"5568","254879"
"5568","254973"
"5568","255725"
"5568","256144"
"5568","256148"
"5568","256892"
"5568","26188"
"5568","26189"
"5568","26211"
"5568","26212"
"5568","26219"
"5568","26245"
"5568","26246"
"5568","26248"
"5568","26333"
"5568","26338"
"5568","26339"
"5568","26341"
"5568","26476"
"5568","26493"
"5568","26494"
"5568","26496"
"5568","26497"
"5568","26529"
"5568","26530"
"5568","26531"
"5568","26532"
"5568","26533"
"5568","26534"
"5568","26538"
"5568","26539"
"5568","26595"
"5568","26648"
"5568","26658"
"5568","26659"
"5568","26664"
"5568","26683"
"5568","26686"
"5568","26687"
"5568","26689"
"5568","26692"
"5568","26693"
"5568","26696"
"5568","26707"
"5568","26716"
"5568","26735"
"5568","26737"
"5568","26740"
"5568","282763"
"5568","282770"
"5568","282775"
"5568","283092"
"5568","283093"
"5568","283111"
"5568","283159"
"5568","283160"
"5568","283162"
"5568","283189"
"5568","283297"
"5568","283365"
"5568","283617"
"5568","283694"
"5568","284383"
"5568","284433"
"5568","284521"
"5568","284532"
"5568","285659"
"5568","286362"
"5568","286365"
"5568","338662"
"5568","338674"
"5568","338675"
"5568","338751"
"5568","338755"
"5568","340980"
"5568","341152"
"5568","341276"
"5568","341416"
"5568","341418"
"5568","341568"
"5568","341799"
"5568","343169"
"5568","343170"
"5568","343171"
"5568","343172"
"5568","343173"
"5568","343406"
"5568","343563"
"5568","346517"
"5568","346525"
"5568","346528"
"5568","347168"
"5568","347169"
"5568","347468"
"5568","387748"
"5568","388761"
"5568","389090"
"5568","390036"
"5568","390037"
"5568","390038"
"5568","390054"
"5568","390058"
"5568","390059"
"5568","390061"
"5568","390063"
"5568","390064"
"5568","390066"
"5568","390067"
"5568","390072"
"5568","390075"
"5568","390077"
"5568","390078"
"5568","390079"
"5568","390081"
"5568","390082"
"5568","390083"
"5568","390084"
"5568","390093"
"5568","390113"
"5568","390142"
"5568","390144"
"5568","390148"
"5568","390151"
"5568","390152"
"5568","390154"
"5568","390155"
"5568","390157"
"5568","390162"
"5568","390167"
"5568","390168"
"5568","390174"
"5568","390181"
"5568","390190"
"5568","390191"
"5568","390195"
"5568","390197"
"5568","390199"
"5568","390201"
"5568","390260"
"5568","390261"
"5568","390264"
"5568","390265"
"5568","390271"
"5568","390275"
"5568","390321"
"5568","390323"
"5568","390326"
"5568","390327"
"5568","390429"
"5568","390431"
"5568","390432"
"5568","390433"
"5568","390436"
"5568","390437"
"5568","390439"
"5568","390441"
"5568","390442"
"5568","390445"
"5568","390538"
"5568","390648"
"5568","390649"
"5568","390882"
"5568","390883"
"5568","390892"
"5568","391107"
"5568","391109"
"5568","391112"
"5568","391114"
"5568","391121"
"5568","391189"
"5568","391190"
"5568","391191"
"5568","391192"
"5568","391194"
"5568","391195"
"5568","391196"
"5568","391211"
"5568","392133"
"5568","392138"
"5568","392309"
"5568","392376"
"5568","392390"
"5568","392391"
"5568","392392"
"5568","393046"
"5568","401427"
"5568","401665"
"5568","401666"
"5568","401667"
"5568","401992"
"5568","401993"
"5568","401994"
"5568","402135"
"5568","402317"
"5568","403239"
"5568","403244"
"5568","403253"
"5568","403257"
"5568","403273"
"5568","403274"
"5568","403277"
"5568","403278"
"5568","403282"
"5568","403284"
"5568","440153"
"5568","441308"
"5568","441608"
"5568","441639"
"5568","441669"
"5568","441670"
"5568","441933"
"5568","442184"
"5568","442185"
"5568","442186"
"5568","442191"
"5568","442194"
"5568","442361"
"5568","4991"
"5568","4992"
"5568","4993"
"5568","4994"
"5568","4995"
"5568","504189"
"5568","504190"
"5568","504191"
"5568","56656"
"5568","653166"
"5568","729759"
"5568","79290"
"5568","79295"
"5568","79296"
"5568","79310"
"5568","79317"
"5568","7932"
"5568","79324"
"5568","79334"
"5568","79339"
"5568","79345"
"5568","79346"
"5568","79473"
"5568","79482"
"5568","79490"
"5568","79501"
"5568","79541"
"5568","79544"
"5568","79549"
"5568","81050"
"5568","81061"
"5568","81099"
"5568","81127"
"5568","81168"
"5568","81282"
"5568","81285"
"5568","81300"
"5568","81309"
"5568","81318"
"5568","81327"
"5568","81328"
"5568","81341"
"5568","81392"
"5568","81399"
"5568","81442"
"5568","81448"
"5568","81458"
"5568","81466"
"5568","81469"
"5568","81470"
"5568","81472"
"5568","81696"
"5568","81697"
"5568","81797"
"5568","8383"
"5568","8386"
"5568","8387"
"5568","8388"
"5568","8390"
"5568","8392"
"5568","8590"
"56656","2774"
"56656","2782"
"56656","2788"
"56656","51764"
"5997","109"
"653166","2774"
"653166","2782"
"653166","2788"
"653166","51764"
"729759","2774"
"729759","2782"
"729759","2788"
"729759","51764"
"79290","2774"
"79290","2782"
"79290","2788"
"79290","51764"
"79295","2774"
"79295","2782"
"79295","2788"
"79295","51764"
"79296","2774"
"79296","2782"
"79296","2788"
"79296","51764"
"79310","2774"
"79310","2782"
"79310","2788"
"79310","51764"
"79317","2774"
"79317","2782"
"79317","2788"
"79317","51764"
"7932","2774"
"7932","2782"
"7932","2788"
"7932","51764"
"79324","2774"
"79324","2782"
"79324","2788"
"79324","51764"
"79334","2774"
"79334","2782"
"79334","2788"
"79334","51764"
"79339","2774"
"79339","2782"
"79339","2788"
"79339","51764"
"79345","2774"
"79345","2782"
"79345","2788"
"79345","51764"
"79346","2774"
"79346","2782"
"79346","2788"
"79346","51764"
"79473","2774"
"79473","2782"
"79473","2788"
"79473","51764"
"79482","2774"
"79482","2782"
"79482","2788"
"79482","51764"
"79490","2774"
"79490","2782"
"79490","2788"
"79490","51764"
"79501","2774"
"79501","2782"
"79501","2788"
"79501","51764"
"79541","2774"
"79541","2782"
"79541","2788"
"79541","51764"
"79544","2774"
"79544","2782"
"79544","2788"
"79544","51764"
"79549","2774"
"79549","2782"
"79549","2788"
"79549","51764"
"801","1258"
"801","1260"
"801","1262"
"805","1258"
"805","1260"
"805","1262"
"808","1258"
"808","1260"
"808","1262"
"810","1258"
"810","1260"
"810","1262"
"81050","2774"
"81050","2782"
"81050","2788"
"81050","51764"
"81061","2774"
"81061","2782"
"81061","2788"
"81061","51764"
"81099","2774"
"81099","2782"
"81099","2788"
"81099","51764"
"81127","2774"
"81127","2782"
"81127","2788"
"81127","51764"
"81168","2774"
"81168","2782"
"81168","2788"
"81168","51764"
"81282","2774"
"81282","2782"
"81282","2788"
"81282","51764"
"81285","2774"
"81285","2782"
"81285","2788"
"81285","51764"
"81300","2774"
"81300","2782"
"81300","2788"
"81300","51764"
"81309","2774"
"81309","2782"
"81309","2788"
"81309","51764"
"81318","2774"
"81318","2782"
"81318","2788"
"81318","51764"
"81327","2774"
"81327","2782"
"81327","2788"
"81327","51764"
"81328","2774"
"81328","2782"
"81328","2788"
"81328","51764"
"81341","2774"
"81341","2782"
"81341","2788"
"81341","51764"
"81392","2774"
"81392","2782"
"81392","2788"
"81392","51764"
"81399","2774"
"81399","2782"
"81399","2788"
"81399","51764"
"81442","2774"
"81442","2782"
"81442","2788"
"81442","51764"
"81448","2774"
"81448","2782"
"81448","2788"
"81448","51764"
"81458","2774"
"81458","2782"
"81458","2788"
"81458","51764"
"81466","2774"
"81466","2782"
"81466","2788"
"81466","51764"
"81469","2774"
"81469","2782"
"81469","2788"
"81469","51764"
"81470","2774"
"81470","2782"
"81470","2788"
"81470","51764"
"81472","2774"
"81472","2782"
"81472","2788"
"81472","51764"
"81696","2774"
"81696","2782"
"81696","2788"
"81696","51764"
"81697","2774"
"81697","2782"
"81697","2788"
"81697","51764"
"81797","2774"
"81797","2782"
"81797","2788"
"81797","51764"
"8383","2774"
"8383","2782"
"8383","2788"
"8383","51764"
"8386","2774"
"8386","2782"
"8386","2788"
"8386","51764"
"8387","2774"
"8387","2782"
"8387","2788"
"8387","51764"
"8388","2774"
"8388","2782"
"8388","2788"
"8388","51764"
"8390","2774"
"8390","2782"
"8390","2788"
"8390","51764"
"8392","2774"
"8392","2782"
"8392","2788"
"8392","51764"
"83988","3000"
"8590","2774"
"8590","2782"
"8590","2788"
"8590","51764"
"91860","1258"
"91860","1260"
"91860","1262"
"1131","255022"
"2784","5136"
"2784","5137"
"2784","5153"
"346562","23236"
"346562","5136"
"346562","5137"
"346562","5153"
"346562","5330"
"346562","5331"
"346562","5332"
"51764","5136"
"51764","5137"
"51764","5153"
"6326","255022"
"6328","255022"
"6335","255022"
"80834","2784"
"80834","346562"
"80834","51764"
"80835","2784"
"80835","346562"
"80835","51764"
"83756","2784"
"83756","346562"
"83756","51764"
"118142757","2986"
"118142757","3000"
"131890","6010"
"163688","1259"
"2779","5145"
"2779","5148"
"2779","5158"
"2780","5145"
"2780","5148"
"2780","5158"
"2782","5145"
"2782","5148"
"2782","5158"
"2792","5145"
"2792","5148"
"2792","5158"
"2978","2986"
"2978","3000"
"2979","2986"
"2979","3000"
"51806","1259"
"5957","131890"
"5957","6011"
"6010","2779"
"6010","2780"
"6010","2782"
"6010","2792"
"6011","6010"
"6295","6010"
"801","1259"
"805","1259"
"808","1259"
"810","1259"
"8787","2779"
"8787","2780"
"8787","2782"
"8787","2792"
"91860","1259"
"9626","2986"
"9626","3000"
"1432","7442"
"2150","2776"
"3479","51393"
"3554","5606"
"3554","5608"
"3556","5606"
"3556","5608"
"5029","2776"
"5290","5580"
"5291","5580"
"5293","5580"
"5295","5580"
"5296","5580"
"5499","79054"
"5500","79054"
"5501","79054"
"5566","59341"
"5566","7442"
"5566","79054"
"5567","59341"
"5567","7442"
"5567","79054"
"5568","59341"
"5568","7442"
"5568","79054"
"5578","59341"
"5579","59341"
"5580","59341"
"5580","6714"
"5581","5499"
"5581","5500"
"5581","5501"
"5581","59341"
"5581","7442"
"5581","8989"
"5582","59341"
"5583","59341"
"5588","59341"
"5599","7442"
"5600","7442"
"5601","7442"
"5602","7442"
"5603","7442"
"5606","5599"
"5606","5601"
"5606","5602"
"5608","5599"
"5608","5601"
"5608","5602"
"5734","2778"
"6300","7442"
"6714","7442"
"815","7442"
"816","7442"
"817","7442"
"818","7442"
"8503","5580"
"10000","28984"
"10152","55845"
"10152","8936"
"10297","221178"
"10297","50649"
"10458","10163"
"10458","55740"
"10787","55845"
"10787","8936"
"1128","55970"
"1131","55970"
"1133","55970"
"1729","345456"
"1729","375189"
"1729","5216"
"1729","5217"
"1730","345456"
"1730","375189"
"1730","5216"
"1730","5217"
"1950","3645"
"1956","6654"
"1956","6655"
"200576","2934"
"200576","85477"
"207","28984"
"208","28984"
"221178","5879"
"221178","5880"
"221178","5881"
"2245","998"
"2246","3645"
"2247","3645"
"2248","3645"
"2249","3645"
"2250","3645"
"2251","3645"
"2252","3645"
"2253","3645"
"2254","3645"
"2255","3645"
"2260","6654"
"2260","6655"
"2261","6654"
"2261","6655"
"2263","6654"
"2263","6655"
"2264","6654"
"2264","6655"
"22800","4342"
"22800","9459"
"22801","1398"
"22801","1399"
"22801","5747"
"22801","6714"
"22801","9564"
"22808","4342"
"22808","9459"
"23191","55845"
"23191","8936"
"2335","3681"
"2335","3682"
"2335","3683"
"2335","3684"
"2335","3687"
"2335","3689"
"23396","2934"
"23396","85477"
"26281","3645"
"26291","3645"
"26999","55845"
"26999","8936"
"27006","3645"
"28964","5829"
"28984","387"
"3071","55845"
"3071","8936"
"324","221178"
"324","50649"
"3265","4342"
"3265","9459"
"3630","3645"
"3645","6654"
"3645","6655"
"3655","1398"
"3655","1399"
"3655","5747"
"3655","6714"
"3655","9564"
"3672","1398"
"3672","1399"
"3672","5747"
"3672","6714"
"3672","9564"
"3673","1398"
"3673","1399"
"3673","5747"
"3673","6714"
"3673","9564"
"3674","1398"
"3674","1399"
"3674","5747"
"3674","6714"
"3674","9564"
"3675","1398"
"3675","1399"
"3675","5747"
"3675","6714"
"3675","9564"
"3676","1398"
"3676","1399"
"3676","5747"
"3676","6714"
"3676","9564"
"3678","1398"
"3678","1399"
"3678","5747"
"3678","6714"
"3678","9564"
"3679","1398"
"3679","1399"
"3679","5747"
"3679","6714"
"3679","9564"
"3680","1398"
"3680","1399"
"3680","5747"
"3680","6714"
"3680","9564"
"3681","1398"
"3681","1399"
"3681","5747"
"3681","6714"
"3681","9564"
"3682","1398"
"3682","1399"
"3682","5747"
"3682","6714"
"3682","9564"
"3683","1398"
"3683","1399"
"3683","5747"
"3683","6714"
"3683","9564"
"3684","1398"
"3684","1399"
"3684","5747"
"3684","6714"
"3684","9564"
"3685","1398"
"3685","1399"
"3685","5747"
"3685","6714"
"3685","9564"
"3687","1398"
"3687","1399"
"3687","5747"
"3687","6714"
"3687","9564"
"3688","1398"
"3688","1399"
"3688","9564"
"3689","1398"
"3689","1399"
"3689","5747"
"3689","6714"
"3689","9564"
"3690","1398"
"3690","1399"
"3690","9564"
"3691","1398"
"3691","1399"
"3691","9564"
"3693","1398"
"3693","1399"
"3693","9564"
"3694","1398"
"3694","1399"
"3694","9564"
"3695","1398"
"3695","1399"
"3695","9564"
"3696","1398"
"3696","1399"
"3696","9564"
"3827","1128"
"3827","1129"
"3827","1131"
"3827","1132"
"3827","1133"
"3845","4342"
"3845","9459"
"387","1730"
"387","5879"
"387","5880"
"387","5881"
"4893","4342"
"4893","9459"
"50649","5879"
"50649","5880"
"50649","5881"
"5154","3645"
"5155","3645"
"5156","6654"
"5156","6655"
"5159","6654"
"5159","6655"
"5305","2934"
"5305","85477"
"55845","10092"
"55845","10093"
"55845","10094"
"55845","10095"
"55845","10096"
"55845","10097"
"55845","10109"
"55845","10552"
"55845","57180"
"55845","653857"
"55845","81873"
"5594","6093"
"5594","9475"
"5595","6093"
"5595","9475"
"55970","10298"
"55970","106821730"
"55970","2245"
"55970","5058"
"55970","5062"
"55970","5063"
"55970","56924"
"55970","57144"
"55970","89846"
"56034","3645"
"5747","1793"
"5879","10152"
"5879","10787"
"5879","10788"
"5879","128239"
"5879","23191"
"5879","26999"
"5879","3071"
"5880","10152"
"5880","10787"
"5880","10788"
"5880","128239"
"5880","23191"
"5880","26999"
"5880","3071"
"5881","10152"
"5881","10787"
"5881","10788"
"5881","128239"
"5881","23191"
"5881","26999"
"5881","3071"
"623","55970"
"6237","4342"
"6237","9459"
"624","55970"
"6548","4478"
"6548","5962"
"6548","7430"
"727","10000"
"727","207"
"727","208"
"729","10000"
"729","207"
"729","208"
"730","10000"
"730","207"
"730","208"
"731","10000"
"731","207"
"731","208"
"732","10000"
"732","207"
"732","208"
"733","10000"
"733","207"
"733","208"
"735","10000"
"735","207"
"735","208"
"7852","10672"
"7852","2768"
"79837","2934"
"79837","85477"
"80310","3645"
"8074","3645"
"81624","10458"
"8394","2934"
"8394","85477"
"8395","2934"
"8395","85477"
"8396","2934"
"8396","85477"
"8515","1398"
"8515","1399"
"8515","5747"
"8515","6714"
"8515","9564"
"8516","1398"
"8516","1399"
"8516","5747"
"8516","6714"
"8516","9564"
"8817","3645"
"8822","3645"
"8823","3645"
"8874","23365"
"8874","28964"
"8874","5879"
"8874","5880"
"8874","5881"
"8874","9138"
"8976","10092"
"8976","10093"
"8976","10094"
"8976","10095"
"8976","10096"
"8976","10097"
"8976","10109"
"8976","10552"
"8976","57180"
"8976","653857"
"8976","81873"
"89846","998"
"9459","23365"
"9459","28964"
"9459","5879"
"9459","5880"
"9459","5881"
"9459","9138"
"9564","1793"
"9965","3645"
"998","10788"
"998","128239"
"998","81624"
"10603","867"
"10603","868"
"122809","3643"
"1398","23433"
"1399","23433"
"163688","5834"
"163688","5836"
"163688","5837"
"2308","2203"
"2308","8789"
"2889","23433"
"3551","3667"
"3551","8471"
"3551","8660"
"3643","10603"
"3643","867"
"3643","868"
"3667","2885"
"5170","5584"
"51806","5834"
"51806","5836"
"51806","5837"
"5255","5834"
"5255","5836"
"5255","5837"
"5256","5834"
"5256","5836"
"5256","5837"
"5257","5834"
"5257","5836"
"5257","5837"
"5260","5834"
"5260","5836"
"5260","5837"
"5261","5834"
"5261","5836"
"5261","5837"
"5290","5584"
"5290","57521"
"5291","5584"
"5291","57521"
"5293","5584"
"5293","57521"
"5295","5584"
"5295","57521"
"5296","5584"
"5296","57521"
"5499","163688"
"5499","2997"
"5499","2998"
"5499","51806"
"5499","5255"
"5499","5256"
"5499","5257"
"5499","5260"
"5499","5261"
"5499","801"
"5499","805"
"5499","808"
"5499","810"
"5499","91860"
"5500","163688"
"5500","2997"
"5500","2998"
"5500","51806"
"5500","5255"
"5500","5256"
"5500","5257"
"5500","5260"
"5500","5261"
"5500","801"
"5500","805"
"5500","808"
"5500","810"
"5500","91860"
"5501","163688"
"5501","2997"
"5501","2998"
"5501","51806"
"5501","5255"
"5501","5256"
"5501","5257"
"5501","5260"
"5501","5261"
"5501","801"
"5501","805"
"5501","808"
"5501","810"
"5501","91860"
"5506","163688"
"5506","2997"
"5506","2998"
"5506","51806"
"5506","5255"
"5506","5256"
"5506","5257"
"5506","5260"
"5506","5261"
"5506","801"
"5506","805"
"5506","808"
"5506","810"
"5506","91860"
"5507","163688"
"5507","2997"
"5507","2998"
"5507","51806"
"5507","5255"
"5507","5256"
"5507","5257"
"5507","5260"
"5507","5261"
"5507","801"
"5507","805"
"5507","808"
"5507","810"
"5507","91860"
"5509","163688"
"5509","2997"
"5509","2998"
"5509","51806"
"5509","5255"
"5509","5256"
"5509","5257"
"5509","5260"
"5509","5261"
"5509","801"
"5509","805"
"5509","808"
"5509","810"
"5509","91860"
"5573","3991"
"5575","3991"
"5576","3991"
"5577","3991"
"5584","6517"
"5590","6517"
"5599","3667"
"5599","8471"
"5599","8660"
"5601","3667"
"5601","8471"
"5601","8660"
"5602","3667"
"5602","8471"
"5602","8660"
"5770","3643"
"5770","3667"
"5770","8471"
"5770","8660"
"5792","3643"
"5792","3667"
"5792","8471"
"5792","8660"
"6720","2645"
"6720","3098"
"6720","3099"
"6720","3101"
"6720","32"
"6720","5313"
"6720","80201"
"79660","163688"
"79660","2997"
"79660","2998"
"79660","51806"
"79660","5255"
"79660","5256"
"79660","5257"
"79660","5260"
"79660","5261"
"79660","801"
"79660","805"
"79660","808"
"79660","810"
"79660","91860"
"801","5834"
"801","5836"
"801","5837"
"805","5834"
"805","5836"
"805","5837"
"808","5834"
"808","5836"
"808","5837"
"810","5834"
"810","5836"
"810","5837"
"8471","2885"
"8503","5584"
"8503","57521"
"8651","3643"
"8660","2885"
"8835","3643"
"89801","163688"
"89801","2997"
"89801","2998"
"89801","51806"
"89801","5255"
"89801","5256"
"89801","5257"
"89801","5260"
"89801","5261"
"89801","801"
"89801","805"
"89801","808"
"89801","810"
"89801","91860"
"9021","3643"
"90673","163688"
"90673","2997"
"90673","2998"
"90673","51806"
"90673","5255"
"90673","5256"
"90673","5257"
"90673","5260"
"90673","5261"
"90673","801"
"90673","805"
"90673","808"
"90673","810"
"90673","91860"
"91860","5834"
"91860","5836"
"91860","5837"
"10488","3630"
"11069","27445"
"11069","6262"
"11069","6833"
"11069","9699"
"117","2767"
"117","2776"
"1385","3630"
"1386","3630"
"1388","3630"
"148327","3630"
"27445","5864"
"2864","2767"
"2864","2776"
"3651","3630"
"468","3630"
"5566","3651"
"5566","6833"
"5567","3651"
"5567","6833"
"5568","3651"
"5568","6833"
"64764","3630"
"84699","3630"
"90993","3630"
"9586","3630"
"9699","5864"
"10746","5606"
"10746","5608"
"2798","2767"
"2798","2776"
"2798","2778"
"4214","5606"
"4214","5608"
"4214","6416"
"4215","5606"
"4215","5608"
"6714","1956"
"6714","3265"
"6714","3845"
"6714","4893"
"5566","1586"
"5566","1588"
"5566","3283"
"5566","3284"
"5566","3292"
"5566","3294"
"5566","51478"
"5566","6770"
"5566","8644"
"5567","1586"
"5567","1588"
"5567","3283"
"5567","3284"
"5567","3292"
"5567","3294"
"5567","51478"
"5567","6770"
"5567","8644"
"5568","1586"
"5568","1588"
"5568","3283"
"5568","3284"
"5568","3292"
"5568","3294"
"5568","51478"
"5568","6770"
"5568","8644"
"100310812","1017"
"100310812","983"
"100505767","1017"
"100505767","983"
"100996746","1017"
"100996746","983"
"102723555","1017"
"102723555","983"
"102723849","1017"
"102723849","983"
"10459","51343"
"105180391","1017"
"105180391","983"
"245711","1017"
"245711","983"
"285955","1017"
"285955","983"
"3320","4342"
"3326","4342"
"387778","1017"
"387778","983"
"388333","1017"
"388333","983"
"4085","51343"
"441272","1017"
"441272","983"
"441273","1017"
"441273","983"
"442590","1017"
"442590","983"
"5241","1432"
"5241","5290"
"5241","5291"
"5241","5293"
"5241","5295"
"5241","5296"
"5241","5599"
"5241","5600"
"5241","5601"
"5241","5602"
"5241","5603"
"5241","6300"
"5241","8503"
"5347","993"
"729597","1017"
"729597","983"
"8379","51343"
"10499","100653049"
"10499","125115"
"10499","147183"
"10499","1509"
"10499","162605"
"10499","192666"
"10499","25984"
"10499","342574"
"10499","353288"
"10499","3857"
"10499","3858"
"10499","3859"
"10499","3860"
"10499","3861"
"10499","3866"
"10499","3868"
"10499","3872"
"10499","3875"
"10499","3880"
"10499","3881"
"10499","3882"
"10499","3883"
"10499","3884"
"10499","3885"
"10499","3886"
"10499","390792"
"10499","5241"
"10499","54474"
"10499","5914"
"10499","596"
"10499","7031"
"10499","7039"
"10499","8687"
"10499","8688"
"10499","8689"
"10499","9166"
"2099","100653049"
"2099","125115"
"2099","147183"
"2099","1509"
"2099","162605"
"2099","192666"
"2099","25984"
"2099","342574"
"2099","353288"
"2099","3857"
"2099","3858"
"2099","3859"
"2099","3860"
"2099","3861"
"2099","3866"
"2099","3868"
"2099","3872"
"2099","3875"
"2099","3880"
"2099","3881"
"2099","3882"
"2099","3883"
"2099","3884"
"2099","3885"
"2099","3886"
"2099","390792"
"2099","5241"
"2099","54474"
"2099","5914"
"2099","596"
"2099","6714"
"2099","7031"
"2099","7039"
"2099","8687"
"2099","8688"
"2099","8689"
"2099","9166"
"2100","100653049"
"2100","125115"
"2100","147183"
"2100","1509"
"2100","162605"
"2100","192666"
"2100","25984"
"2100","342574"
"2100","353288"
"2100","3857"
"2100","3858"
"2100","3859"
"2100","3860"
"2100","3861"
"2100","3866"
"2100","3868"
"2100","3872"
"2100","3875"
"2100","3880"
"2100","3881"
"2100","3882"
"2100","3883"
"2100","3884"
"2100","3885"
"2100","3886"
"2100","390792"
"2100","5241"
"2100","54474"
"2100","5914"
"2100","596"
"2100","6714"
"2100","7031"
"2100","7039"
"2100","8687"
"2100","8688"
"2100","8689"
"2100","9166"
"4988","2770"
"4988","2771"
"4988","2773"
"4988","2775"
"5566","3760"
"5566","3762"
"5566","3763"
"5566","3765"
"5567","3760"
"5567","3762"
"5567","3763"
"5567","3765"
"5568","3760"
"5568","3762"
"5568","3763"
"5568","3765"
"5580","107"
"5580","108"
"5580","109"
"5580","111"
"5580","112"
"5580","113"
"5580","114"
"5580","115"
"5580","196883"
"5594","1386"
"5594","1388"
"5594","2099"
"5594","2100"
"5595","1386"
"5595","1388"
"5595","2099"
"5595","2100"
"8202","100653049"
"8202","125115"
"8202","147183"
"8202","1509"
"8202","162605"
"8202","192666"
"8202","25984"
"8202","342574"
"8202","353288"
"8202","3857"
"8202","3858"
"8202","3859"
"8202","3860"
"8202","3861"
"8202","3866"
"8202","3868"
"8202","3872"
"8202","3875"
"8202","3880"
"8202","3881"
"8202","3882"
"8202","3883"
"8202","3884"
"8202","3885"
"8202","3886"
"8202","390792"
"8202","5241"
"8202","54474"
"8202","5914"
"8202","596"
"8202","7031"
"8202","7039"
"8202","8687"
"8202","8688"
"8202","8689"
"8202","9166"
"8648","100653049"
"8648","125115"
"8648","147183"
"8648","1509"
"8648","162605"
"8648","192666"
"8648","25984"
"8648","342574"
"8648","353288"
"8648","3857"
"8648","3858"
"8648","3859"
"8648","3860"
"8648","3861"
"8648","3866"
"8648","3868"
"8648","3872"
"8648","3875"
"8648","3880"
"8648","3881"
"8648","3882"
"8648","3883"
"8648","3884"
"8648","3885"
"8648","3886"
"8648","390792"
"8648","5241"
"8648","54474"
"8648","5914"
"8648","596"
"8648","7031"
"8648","7039"
"8648","8687"
"8648","8688"
"8648","8689"
"8648","9166"
"10488","4286"
"11211","2775"
"11211","2776"
"1385","4286"
"1387","4286"
"148327","4286"
"1910","2770"
"1910","2771"
"1910","2773"
"1910","2775"
"2033","4286"
"2535","2775"
"2535","2776"
"2775","1855"
"2775","1856"
"2775","1857"
"2776","1855"
"2776","1856"
"2776","1857"
"3815","3265"
"3815","3845"
"3815","4893"
"4157","2778"
"4286","1638"
"4286","7299"
"4286","7306"
"434","4157"
"51176","4286"
"5579","7299"
"5594","4286"
"5595","4286"
"64764","4286"
"6932","4286"
"6934","4286"
"7855","2775"
"7855","2776"
"7976","2775"
"7976","2776"
"8321","2775"
"8321","2776"
"8322","2775"
"8322","2776"
"8323","2775"
"8323","2776"
"8324","2775"
"8324","2776"
"8325","2775"
"8325","2776"
"8326","2775"
"8326","2776"
"83439","4286"
"84699","4286"
"90993","4286"
"1154","5618"
"122809","6772"
"122809","6774"
"122809","6776"
"122809","6777"
"2309","2592"
"2353","595"
"25759","6714"
"30837","6772"
"30837","6774"
"30837","6776"
"30837","6777"
"3265","5599"
"3265","5601"
"3265","5602"
"3717","25759"
"3717","399694"
"3717","53358"
"3717","6464"
"3845","5599"
"3845","5601"
"3845","5602"
"3973","1586"
"399694","6714"
"4790","595"
"4893","5599"
"4893","5601"
"4893","5602"
"53358","6714"
"5599","1432"
"5599","5600"
"5599","5603"
"5599","6300"
"5601","1432"
"5601","5600"
"5601","5603"
"5601","6300"
"5602","1432"
"5602","5600"
"5602","5603"
"5602","6300"
"5618","3717"
"5894","5290"
"5894","5291"
"5894","5293"
"5894","5295"
"5894","5296"
"5894","8503"
"5970","595"
"6464","6714"
"6772","1447"
"6772","2001"
"6772","2099"
"6772","2100"
"6772","2645"
"6772","3630"
"6772","3659"
"6772","3973"
"6772","5618"
"6772","6514"
"6772","7054"
"6772","8600"
"6774","1447"
"6774","2001"
"6774","2099"
"6774","2100"
"6774","2645"
"6774","3630"
"6774","3659"
"6774","3973"
"6774","5618"
"6774","6514"
"6774","7054"
"6774","8600"
"6776","1447"
"6776","2001"
"6776","2099"
"6776","2100"
"6776","2645"
"6776","3630"
"6776","3659"
"6776","3973"
"6776","5618"
"6776","6514"
"6776","7054"
"6776","8600"
"6777","1447"
"6777","2001"
"6777","2099"
"6777","2100"
"6777","2645"
"6777","3630"
"6777","3659"
"6777","3973"
"6777","5618"
"6777","6514"
"6777","7054"
"6777","8600"
"8651","6772"
"8651","6774"
"8651","6776"
"8651","6777"
"8792","4790"
"8792","5970"
"8835","6772"
"8835","6774"
"8835","6776"
"8835","6777"
"9021","6772"
"9021","6774"
"9021","6776"
"9021","6777"
"9306","6772"
"9306","6774"
"9306","6776"
"9306","6777"
"9655","6772"
"9655","6774"
"9655","6776"
"9655","6777"
"10488","7038"
"1385","7038"
"1386","7038"
"1388","7038"
"148327","7038"
"405753","50506"
"405753","53905"
"468","7038"
"5566","7270"
"5566","7849"
"5566","8458"
"5567","7270"
"5567","7849"
"5567","8458"
"5568","7270"
"5568","7849"
"5568","8458"
"5578","10488"
"5578","1385"
"5578","1386"
"5578","1388"
"5578","148327"
"5578","468"
"5578","64764"
"5578","7270"
"5578","7849"
"5578","8458"
"5578","84699"
"5578","90993"
"5578","9586"
"5579","10488"
"5579","1385"
"5579","1386"
"5579","1388"
"5579","148327"
"5579","468"
"5579","64764"
"5579","7270"
"5579","7849"
"5579","8458"
"5579","84699"
"5579","90993"
"5579","9586"
"5582","10488"
"5582","1385"
"5582","1386"
"5582","1388"
"5582","148327"
"5582","468"
"5582","64764"
"5582","7270"
"5582","7849"
"5582","8458"
"5582","84699"
"5582","90993"
"5582","9586"
"64764","7038"
"7253","2776"
"7270","7038"
"7849","7038"
"8458","7038"
"84699","7038"
"90993","7038"
"9586","7038"
"10000","5208"
"10000","9882"
"207","5208"
"207","9882"
"208","5208"
"208","9882"
"3685","113026"
"3685","23236"
"3685","3265"
"3685","3845"
"3685","4893"
"3685","51196"
"3685","5330"
"3685","5331"
"3685","5332"
"3685","5333"
"3685","5335"
"3685","5336"
"3685","84812"
"3685","89869"
"3690","113026"
"3690","23236"
"3690","3265"
"3690","3845"
"3690","4893"
"3690","51196"
"3690","5330"
"3690","5331"
"3690","5332"
"3690","5333"
"3690","5335"
"3690","5336"
"3690","84812"
"3690","89869"
"5290","10231"
"5290","23439"
"5290","3091"
"5290","476"
"5290","477"
"5290","478"
"5290","480"
"5290","481"
"5290","482"
"5290","483"
"5290","486"
"5290","7067"
"5291","10231"
"5291","23439"
"5291","3091"
"5291","476"
"5291","477"
"5291","478"
"5291","480"
"5291","481"
"5291","482"
"5291","483"
"5291","486"
"5291","7067"
"5293","10231"
"5293","23439"
"5293","3091"
"5293","476"
"5293","477"
"5293","478"
"5293","480"
"5293","481"
"5293","482"
"5293","483"
"5293","486"
"5293","7067"
"5295","10231"
"5295","23439"
"5295","3091"
"5295","476"
"5295","477"
"5295","478"
"5295","480"
"5295","481"
"5295","482"
"5295","483"
"5295","486"
"5295","7067"
"5296","10231"
"5296","23439"
"5296","3091"
"5296","476"
"5296","477"
"5296","478"
"5296","480"
"5296","481"
"5296","482"
"5296","483"
"5296","486"
"5296","7067"
"5566","5604"
"5566","5605"
"5567","5604"
"5567","5605"
"5568","5604"
"5568","5605"
"5578","6548"
"5579","6548"
"5582","6548"
"5594","23439"
"5594","476"
"5594","477"
"5594","478"
"5594","480"
"5594","481"
"5594","482"
"5594","483"
"5594","486"
"5594","6772"
"5594","7068"
"5594","7157"
"5595","23439"
"5595","476"
"5595","477"
"5595","478"
"5595","480"
"5595","481"
"5595","482"
"5595","483"
"5595","486"
"5595","6772"
"5595","7068"
"5595","7157"
"7067","1499"
"7067","4624"
"7067","4625"
"7067","4851"
"7067","4853"
"7067","4854"
"7067","4855"
"7067","487"
"7067","488"
"7067","489"
"7067","5350"
"7067","54361"
"7067","60"
"7067","652"
"7067","71"
"7068","1499"
"7068","1827"
"7068","2626"
"7068","3091"
"7068","4609"
"7068","4624"
"7068","4625"
"7068","487"
"7068","488"
"7068","489"
"7068","5290"
"7068","5291"
"7068","5293"
"7068","5295"
"7068","5296"
"7068","5350"
"7068","54361"
"7068","595"
"7068","8503"
"8503","10231"
"8503","23439"
"8503","3091"
"8503","476"
"8503","477"
"8503","478"
"8503","480"
"8503","481"
"8503","482"
"8503","483"
"8503","486"
"8503","7067"
"1147","3667"
"1147","8471"
"1147","8660"
"2475","3667"
"2475","8471"
"2475","8660"
"3953","10645"
"3953","3717"
"3953","5465"
"3953","6794"
"4790","9021"
"51094","5465"
"51422","2538"
"51422","5105"
"51422","5106"
"51422","57818"
"51422","6513"
"51422","6517"
"51422","92579"
"53632","2538"
"53632","5105"
"53632","5106"
"53632","57818"
"53632","6513"
"53632","6517"
"53632","92579"
"5562","2538"
"5562","5105"
"5562","5106"
"5562","57818"
"5562","6513"
"5562","6517"
"5562","92579"
"5563","2538"
"5563","5105"
"5563","5106"
"5563","57818"
"5563","6513"
"5563","6517"
"5563","92579"
"5564","2538"
"5564","5105"
"5564","5106"
"5564","57818"
"5564","6513"
"5564","6517"
"5564","92579"
"5565","2538"
"5565","5105"
"5565","5106"
"5565","57818"
"5565","6513"
"5565","6517"
"5565","92579"
"5571","2538"
"5571","5105"
"5571","5106"
"5571","57818"
"5571","6513"
"5571","6517"
"5571","92579"
"5588","5599"
"5588","5601"
"5588","5602"
"5970","9021"
"6774","10891"
"6774","126129"
"6774","1374"
"6774","1375"
"6774","181"
"6774","4852"
"6774","5443"
"7186","1147"
"7186","2475"
"7186","3551"
"7186","5599"
"7186","5601"
"7186","5602"
"7186","8517"
"79602","5465"
"8517","3667"
"8517","8471"
"8517","8660"
"9021","3667"
"9021","3953"
"9021","8471"
"9021","8660"
"146850","1956"
"163688","10645"
"163688","57118"
"163688","57172"
"163688","8536"
"1956","5594"
"1956","5595"
"23236","1956"
"23533","1956"
"2775","6714"
"2776","100134444"
"2776","3759"
"2776","3761"
"2776","3768"
"2776","3770"
"4772","1827"
"4772","5997"
"4773","1827"
"4773","5997"
"4775","1827"
"4775","5997"
"4776","1827"
"4776","5997"
"4878","4882"
"5021","10368"
"5021","10369"
"5021","27091"
"5021","27092"
"5021","2775"
"5021","2778"
"5021","387"
"5021","55799"
"5021","59283"
"5021","59284"
"5021","59285"
"5021","775"
"5021","776"
"5021","778"
"5021","779"
"5021","781"
"5021","782"
"5021","783"
"5021","784"
"5021","785"
"5021","786"
"5021","9254"
"5021","93589"
"51806","10645"
"51806","57118"
"51806","57172"
"51806","8536"
"5294","1956"
"5330","1956"
"5331","1956"
"5332","1956"
"5578","29904"
"5578","952"
"5579","29904"
"5579","952"
"5582","29904"
"5582","952"
"5594","1026"
"5594","4208"
"5594","595"
"5595","1026"
"5595","4208"
"5595","595"
"5598","2002"
"5598","4208"
"5598","5743"
"5598","595"
"57118","4846"
"57172","4846"
"801","10645"
"801","57118"
"801","57172"
"801","8536"
"805","10645"
"805","57118"
"805","57172"
"805","8536"
"808","10645"
"808","57118"
"808","57172"
"808","8536"
"810","10645"
"810","57118"
"810","57172"
"810","8536"
"814","4846"
"815","4846"
"816","4846"
"817","4846"
"818","4846"
"8536","4846"
"91860","10645"
"91860","57118"
"91860","57172"
"91860","8536"
"102724428","200186"
"10488","102724428"
"10488","10891"
"10488","126129"
"10488","1374"
"10488","1375"
"10488","150094"
"10488","2538"
"10488","5105"
"10488","5106"
"10488","57818"
"10488","92579"
"10891","126129"
"10891","1374"
"10891","1375"
"10891","2538"
"10891","5105"
"10891","5106"
"10891","57818"
"10891","92579"
"1385","102724428"
"1385","10891"
"1385","126129"
"1385","1374"
"1385","1375"
"1385","150094"
"1385","2538"
"1385","5105"
"1385","5106"
"1385","57818"
"1385","92579"
"1386","102724428"
"1386","126129"
"1386","1374"
"1386","1375"
"1386","150094"
"1386","2538"
"1386","5105"
"1386","5106"
"1386","57818"
"1386","92579"
"1387","102724428"
"1387","10891"
"1387","126129"
"1387","1374"
"1387","1375"
"1387","150094"
"1387","2538"
"1387","5105"
"1387","5106"
"1387","57818"
"1387","92579"
"139420","200186"
"148327","102724428"
"148327","10891"
"148327","126129"
"148327","1374"
"148327","1375"
"148327","150094"
"148327","2538"
"148327","5105"
"148327","5106"
"148327","57818"
"148327","92579"
"150094","200186"
"200186","102724428"
"200186","126129"
"200186","1374"
"200186","1375"
"200186","150094"
"200186","2538"
"200186","57818"
"200186","92579"
"2033","102724428"
"2033","10891"
"2033","126129"
"2033","1374"
"2033","1375"
"2033","150094"
"2033","2538"
"2033","5105"
"2033","5106"
"2033","57818"
"2033","92579"
"2308","126129"
"2308","1374"
"2308","1375"
"23235","200186"
"2642","2776"
"2642","2778"
"468","102724428"
"468","10891"
"468","126129"
"468","1374"
"468","1375"
"468","150094"
"468","2538"
"468","5105"
"468","5106"
"468","57818"
"468","92579"
"5465","2538"
"5465","5105"
"5465","5106"
"5465","57818"
"5465","92579"
"5530","200186"
"5531","200186"
"5532","200186"
"5533","200186"
"5534","200186"
"5535","200186"
"5566","139420"
"5566","163688"
"5566","23235"
"5566","2997"
"5566","2998"
"5566","51422"
"5566","51806"
"5566","5207"
"5566","5255"
"5566","5256"
"5566","5257"
"5566","5260"
"5566","5261"
"5566","5315"
"5566","53632"
"5566","5531"
"5566","5564"
"5566","5565"
"5566","55671"
"5566","5571"
"5566","57223"
"5566","801"
"5566","805"
"5566","808"
"5566","810"
"5566","91860"
"5567","139420"
"5567","163688"
"5567","23235"
"5567","2997"
"5567","2998"
"5567","51422"
"5567","51806"
"5567","5207"
"5567","5255"
"5567","5256"
"5567","5257"
"5567","5260"
"5567","5261"
"5567","5315"
"5567","53632"
"5567","5531"
"5567","5564"
"5567","5565"
"5567","55671"
"5567","5571"
"5567","57223"
"5567","801"
"5567","805"
"5567","808"
"5567","810"
"5567","91860"
"55671","200186"
"5568","139420"
"5568","163688"
"5568","23235"
"5568","2997"
"5568","2998"
"5568","51422"
"5568","51806"
"5568","5207"
"5568","5255"
"5568","5256"
"5568","5257"
"5568","5260"
"5568","5261"
"5568","5315"
"5568","53632"
"5568","5531"
"5568","5564"
"5568","5565"
"5568","55671"
"5568","5571"
"5568","57223"
"5568","801"
"5568","805"
"5568","808"
"5568","810"
"5568","91860"
"57223","200186"
"64764","102724428"
"64764","10891"
"64764","126129"
"64764","1374"
"64764","1375"
"64764","150094"
"64764","2538"
"64764","5105"
"64764","5106"
"64764","57818"
"64764","92579"
"815","2308"
"816","2308"
"817","2308"
"818","2308"
"84699","102724428"
"84699","10891"
"84699","126129"
"84699","1374"
"84699","1375"
"84699","150094"
"84699","2538"
"84699","5105"
"84699","5106"
"84699","57818"
"84699","92579"
"90993","102724428"
"90993","10891"
"90993","126129"
"90993","1374"
"90993","1375"
"90993","150094"
"90993","2538"
"90993","5105"
"90993","5106"
"90993","57818"
"90993","92579"
"9586","102724428"
"9586","10891"
"9586","126129"
"9586","1374"
"9586","1375"
"9586","150094"
"9586","2538"
"9586","5105"
"9586","5106"
"9586","57818"
"9586","92579"
"3643","11145"
"3643","54979"
"3643","57104"
"1385","5972"
"1909","3759"
"358","5732"
"358","5734"
"10488","1585"
"10488","6770"
"1385","1585"
"1385","6770"
"1386","1585"
"1386","6770"
"1388","1585"
"1388","6770"
"148327","1585"
"148327","6770"
"23236","3777"
"23236","51305"
"23683","10488"
"23683","1385"
"23683","1386"
"23683","1388"
"23683","148327"
"23683","466"
"23683","468"
"23683","64764"
"23683","84699"
"23683","90993"
"23683","9586"
"25865","10488"
"25865","1385"
"25865","1386"
"25865","1388"
"25865","148327"
"25865","466"
"25865","468"
"25865","64764"
"25865","84699"
"25865","90993"
"25865","9586"
"3164","1585"
"3164","6770"
"468","1585"
"468","6770"
"4929","1585"
"4929","6770"
"5330","3777"
"5330","51305"
"5331","3777"
"5331","51305"
"5332","3777"
"5332","51305"
"5566","466"
"5567","466"
"5568","466"
"5587","10488"
"5587","1385"
"5587","1386"
"5587","1388"
"5587","148327"
"5587","466"
"5587","468"
"5587","64764"
"5587","84699"
"5587","90993"
"5587","9586"
"57118","10488"
"57118","1385"
"57118","1386"
"57118","1388"
"57118","148327"
"57118","466"
"57118","468"
"57118","64764"
"57118","84699"
"57118","90993"
"57118","9586"
"57172","10488"
"57172","1385"
"57172","1386"
"57172","1388"
"57172","148327"
"57172","466"
"57172","468"
"57172","64764"
"57172","84699"
"57172","90993"
"57172","9586"
"64764","1585"
"64764","6770"
"814","10488"
"814","1386"
"814","1388"
"814","148327"
"814","466"
"814","64764"
"814","84699"
"814","90993"
"814","9586"
"815","10488"
"815","1385"
"815","1386"
"815","1388"
"815","148327"
"815","466"
"815","64764"
"815","84699"
"815","90993"
"815","9586"
"816","10488"
"816","1385"
"816","1386"
"816","1388"
"816","148327"
"816","466"
"816","64764"
"816","84699"
"816","90993"
"816","9586"
"817","10488"
"817","1385"
"817","1386"
"817","1388"
"817","148327"
"817","466"
"817","64764"
"817","84699"
"817","90993"
"817","9586"
"818","10488"
"818","1385"
"818","1386"
"818","1388"
"818","148327"
"818","466"
"818","64764"
"818","84699"
"818","90993"
"818","9586"
"84699","1585"
"84699","6770"
"8536","10488"
"8536","1385"
"8536","1386"
"8536","1388"
"8536","148327"
"8536","466"
"8536","468"
"8536","64764"
"8536","84699"
"8536","90993"
"8536","9586"
"90993","1585"
"90993","6770"
"9586","1585"
"9586","6770"
"10488","2277"
"10488","7422"
"10488","7423"
"10488","7424"
"1385","2277"
"1385","7422"
"1385","7423"
"1385","7424"
"1386","2277"
"1386","7422"
"1386","7423"
"1386","7424"
"1388","2277"
"1388","7422"
"1388","7423"
"1388","7424"
"148327","2277"
"148327","7422"
"148327","7423"
"148327","7424"
"23236","5578"
"2885","25759"
"2885","399694"
"2885","53358"
"2885","6464"
"4087","1277"
"4087","1278"
"4087","1281"
"4087","1282"
"4087","1284"
"4087","1285"
"4087","1286"
"4087","1287"
"4087","1288"
"4313","1906"
"4318","1906"
"468","2277"
"468","7422"
"468","7423"
"468","7424"
"4790","2277"
"4790","4313"
"4790","4843"
"4790","7422"
"4790","7423"
"4790","7424"
"51289","1956"
"5290","5894"
"5290","6714"
"5291","5894"
"5291","6714"
"5293","5894"
"5293","6714"
"5295","5894"
"5295","6714"
"5296","5894"
"5296","6714"
"5330","5578"
"5331","5578"
"5332","5578"
"5578","3265"
"5578","3845"
"5578","4792"
"5578","4893"
"5578","5609"
"5578","6416"
"5590","111"
"5594","2277"
"5594","4313"
"5594","4318"
"5594","4842"
"5594","7422"
"5594","7423"
"5594","7424"
"5595","2277"
"5595","4313"
"5595","4318"
"5595","4842"
"5595","7422"
"5595","7423"
"5595","7424"
"5609","1432"
"5609","5600"
"5609","5603"
"5609","6300"
"5970","2277"
"5970","4313"
"5970","4843"
"5970","7422"
"5970","7423"
"5970","7424"
"6416","1432"
"6416","5600"
"6416","5603"
"6416","6300"
"64764","2277"
"64764","7422"
"64764","7423"
"64764","7424"
"84699","2277"
"84699","7422"
"84699","7423"
"84699","7424"
"8503","5894"
"8503","6714"
"90993","2277"
"90993","7422"
"90993","7423"
"90993","7424"
"9586","2277"
"9586","7422"
"9586","7423"
"9586","7424"
"10488","1584"
"10488","1586"
"10488","57552"
"1385","1584"
"1385","1586"
"1385","57552"
"1386","1584"
"1386","1586"
"1386","57552"
"1388","1584"
"1388","1586"
"1388","57552"
"148327","1584"
"148327","1586"
"148327","57552"
"190","2516"
"2516","1584"
"2516","1586"
"2516","57552"
"2516","6770"
"2767","3776"
"2776","3776"
"3164","1584"
"3164","1586"
"3164","57552"
"3776","8911"
"3776","8912"
"3776","8913"
"468","1584"
"468","1586"
"468","57552"
"5087","1584"
"5087","1586"
"5087","57552"
"5087","6770"
"5566","2516"
"5566","3164"
"5566","3776"
"5566","5087"
"5567","2516"
"5567","3164"
"5567","3776"
"5567","5087"
"5568","2516"
"5568","3164"
"5568","3776"
"5568","5087"
"64764","1584"
"64764","1586"
"64764","57552"
"6667","1584"
"6667","1586"
"6667","57552"
"6667","6770"
"84699","1584"
"84699","1586"
"84699","57552"
"90993","1584"
"90993","1586"
"90993","57552"
"9586","1584"
"9586","1586"
"9586","57552"
"10488","1026"
"10488","8600"
"10672","11214"
"10893","1839"
"11214","387"
"1385","1026"
"1385","8600"
"1386","1026"
"1386","2353"
"1386","8600"
"1388","1026"
"1388","2353"
"1388","8600"
"148327","1026"
"148327","8600"
"1958","5741"
"2625","5741"
"2768","11214"
"2770","10893"
"2770","4323"
"2770","4324"
"2770","4325"
"2770","4326"
"2770","64386"
"2771","10893"
"2771","4323"
"2771","4324"
"2771","4325"
"2771","4326"
"2771","64386"
"2773","10893"
"2773","4323"
"2773","4324"
"2773","4325"
"2773","4326"
"2773","64386"
"3727","4040"
"3727","4041"
"3727","632"
"408","369"
"408","5894"
"408","673"
"409","369"
"409","5894"
"409","673"
"4205","50964"
"4208","50964"
"4209","50964"
"4323","1839"
"4324","1839"
"4325","1839"
"4326","1839"
"4666","4040"
"4666","4041"
"4666","632"
"468","1026"
"468","2353"
"468","8600"
"4929","8074"
"5566","1591"
"5566","1594"
"5566","4205"
"5566","4208"
"5566","4209"
"5566","4666"
"5566","4929"
"5566","56302"
"5566","860"
"5566","9368"
"5567","1591"
"5567","1594"
"5567","4205"
"5567","4208"
"5567","4209"
"5567","4666"
"5567","4929"
"5567","56302"
"5567","860"
"5567","9368"
"5568","1591"
"5568","1594"
"5568","4205"
"5568","4208"
"5568","4209"
"5568","4666"
"5568","4929"
"5568","56302"
"5568","860"
"5568","9368"
"5578","56302"
"5578","9368"
"5579","56302"
"5579","9368"
"5582","56302"
"5582","9368"
"5744","5745"
"5745","10672"
"5745","2767"
"5745","2768"
"5745","2770"
"5745","2771"
"5745","2773"
"5745","2776"
"5745","2778"
"5745","408"
"5745","409"
"64386","1839"
"64764","1026"
"64764","8600"
"6667","5741"
"7421","5741"
"846","2767"
"846","2770"
"846","2771"
"846","2773"
"846","2776"
"84699","1026"
"84699","8600"
"8521","5741"
"860","4322"
"90993","1026"
"90993","8600"
"9247","5741"
"9586","1026"
"9586","8600"
"9935","5741"
"122809","3667"
"122809","8471"
"122809","8660"
"389692","3630"
"5580","3667"
"5580","8471"
"5580","8660"
"5581","3667"
"5581","8471"
"5581","8660"
"5590","3667"
"5590","8471"
"5590","8660"
"8651","3667"
"8651","8471"
"8651","8660"
"8835","3667"
"8835","8471"
"8835","8660"
"10062","6720"
"10724","8473"
"10891","5465"
"10891","8473"
"133522","22877"
"133522","51085"
"133522","6720"
"133522","6945"
"200186","10488"
"200186","1385"
"200186","148327"
"200186","64764"
"200186","84699"
"200186","90993"
"200186","9586"
"22877","32"
"27330","5499"
"27330","5500"
"27330","5501"
"27330","5506"
"27330","5507"
"27330","5509"
"27330","79660"
"27330","90673"
"3630","10062"
"3630","27330"
"3630","6195"
"3630","6196"
"3630","6197"
"3630","6720"
"3630","7376"
"3643","8473"
"4790","4846"
"51085","32"
"5465","57761"
"5499","5834"
"5499","5836"
"5499","5837"
"5500","5834"
"5500","5836"
"5500","5837"
"5501","5834"
"5501","5836"
"5501","5837"
"5506","5834"
"5506","5836"
"5506","5837"
"5507","5834"
"5507","5836"
"5507","5837"
"5509","5834"
"5509","5836"
"5509","5837"
"5524","10000"
"5524","207"
"5524","208"
"5524","22877"
"5524","51085"
"5524","6945"
"5579","3643"
"5579","3667"
"5581","3643"
"5581","5599"
"5581","5601"
"5581","5602"
"5588","3667"
"57761","10000"
"57761","207"
"57761","208"
"5781","3643"
"5781","3667"
"5970","4846"
"6195","5499"
"6195","5500"
"6195","5501"
"6195","5506"
"6195","5507"
"6195","5509"
"6195","79660"
"6195","90673"
"6196","5499"
"6196","5500"
"6196","5501"
"6196","5506"
"6196","5507"
"6196","5509"
"6196","79660"
"6196","90673"
"6197","5499"
"6197","5500"
"6197","5501"
"6197","5506"
"6197","5507"
"6197","5509"
"6197","79660"
"6197","90673"
"6720","8660"
"6945","32"
"7132","5599"
"7132","5601"
"7132","5602"
"7376","6720"
"79660","5834"
"79660","5836"
"79660","5837"
"8473","10000"
"8473","207"
"8473","208"
"8473","3667"
"8473","5170"
"8473","5290"
"8473","5291"
"8473","5293"
"8473","5295"
"8473","5296"
"8473","8503"
"90673","5834"
"90673","5836"
"90673","5837"
"1649","10018"
"22877","5313"
"355","841"
"3570","9021"
"3953","51422"
"3953","53632"
"3953","5562"
"3953","5563"
"3953","5564"
"3953","5565"
"3953","5571"
"4296","5599"
"4296","5601"
"4296","5602"
"4790","3552"
"51085","5313"
"51094","51422"
"51094","53632"
"51094","5562"
"51094","5563"
"51094","5564"
"51094","5565"
"51094","5571"
"54205","836"
"54205","840"
"5879","4296"
"5970","3552"
"6256","6720"
"637","54205"
"6945","5313"
"7124","5599"
"7124","5601"
"7124","5602"
"7132","4790"
"7132","5970"
"7494","1050"
"79602","51422"
"79602","53632"
"79602","5562"
"79602","5563"
"79602","5564"
"79602","5565"
"79602","5571"
"83737","841"
"9370","5465"
"998","4296"
"1432","4087"
"1432","4088"
"1432","4790"
"1432","596"
"1432","5970"
"1729","5879"
"1729","998"
"177","113026"
"177","1536"
"177","1729"
"177","23236"
"177","27035"
"177","3717"
"177","50507"
"177","51196"
"177","5290"
"177","5291"
"177","5293"
"177","5295"
"177","5296"
"177","5330"
"177","5331"
"177","5332"
"177","5333"
"177","5335"
"177","5336"
"177","5579"
"177","84812"
"177","8503"
"185","7040"
"185","7042"
"185","7043"
"3725","177"
"3725","1906"
"3725","2152"
"3725","2277"
"3725","3383"
"3725","3552"
"3725","4313"
"3725","5054"
"3725","6401"
"3725","7040"
"3725","7056"
"3725","7412"
"3725","7422"
"3725","7423"
"3725","7424"
"4790","177"
"4790","1906"
"4790","2152"
"4790","3383"
"4790","5054"
"4790","6401"
"4790","7056"
"4846","1432"
"4846","5599"
"4846","5600"
"4846","5601"
"4846","5602"
"4846","5603"
"4846","6300"
"5290","836"
"5291","836"
"5292","4772"
"5293","836"
"5295","836"
"5296","836"
"5578","1432"
"5578","27035"
"5578","50507"
"5578","5599"
"5578","5600"
"5578","5601"
"5578","5602"
"5578","5603"
"5578","6300"
"5579","1432"
"5579","27035"
"5579","50507"
"5579","5599"
"5579","5600"
"5579","5601"
"5579","5602"
"5579","5603"
"5579","6300"
"5580","1432"
"5580","1536"
"5580","27035"
"5580","50507"
"5580","5600"
"5580","5603"
"5580","6300"
"5581","1432"
"5581","1536"
"5581","27035"
"5581","50507"
"5581","5594"
"5581","5595"
"5581","5600"
"5581","5603"
"5581","6300"
"5590","1432"
"5590","1536"
"5590","27035"
"5590","50507"
"5590","5599"
"5590","5600"
"5590","5601"
"5590","5602"
"5590","5603"
"5590","6300"
"5594","4790"
"5594","5970"
"5595","4790"
"5595","5970"
"5599","1958"
"5599","4790"
"5599","5970"
"5600","4087"
"5600","4088"
"5600","4790"
"5600","596"
"5600","5970"
"5601","1958"
"5601","4790"
"5601","5970"
"5602","1958"
"5602","4790"
"5602","5970"
"5603","4087"
"5603","4088"
"5603","4790"
"5603","596"
"5603","5970"
"581","836"
"5879","1432"
"5879","5600"
"5879","5603"
"5879","6300"
"596","836"
"5970","177"
"5970","1906"
"5970","2152"
"5970","3383"
"5970","5054"
"5970","6401"
"5970","7056"
"6300","4087"
"6300","4088"
"6300","4790"
"6300","596"
"6300","5970"
"6772","1277"
"6772","1278"
"6774","1277"
"6774","1278"
"6774","4772"
"8503","836"
"10297","51176"
"10297","6934"
"10297","83439"
"10488","5443"
"11091","1027"
"11091","1029"
"11091","1030"
"11091","1031"
"1385","5443"
"1386","5443"
"1388","5443"
"148327","5443"
"196","1027"
"3164","5443"
"324","51176"
"324","6934"
"324","83439"
"4221","1027"
"4221","1029"
"4221","1030"
"4221","1031"
"4297","1027"
"4297","1029"
"4297","1030"
"4297","1031"
"468","5443"
"5443","56246"
"54554","1027"
"54554","1029"
"54554","1030"
"54554","1031"
"5594","3164"
"5595","3164"
"5929","1027"
"5929","1029"
"5929","1030"
"5929","1031"
"64764","5443"
"8085","1027"
"8085","1029"
"8085","1030"
"8085","1031"
"815","5906"
"815","5908"
"816","5906"
"816","5908"
"817","5906"
"817","5908"
"818","5906"
"818","5908"
"8312","51176"
"8312","6934"
"8312","83439"
"8313","51176"
"8313","6934"
"8313","83439"
"84699","5443"
"9070","1027"
"9070","1029"
"9070","1030"
"9070","1031"
"90993","5443"
"9101","1956"
"9586","5443"
"10488","5449"
"1385","5449"
"1386","5449"
"1388","5449"
"1398","4214"
"1399","4214"
"148327","5449"
"2353","1442"
"2353","1443"
"2353","2688"
"2353","2689"
"2475","2353"
"2475","3479"
"2475","3483"
"2475","3486"
"2475","3726"
"2475","8651"
"2475","8835"
"2475","9021"
"2690","3717"
"2692","2778"
"2693","2767"
"2693","2776"
"2932","2353"
"2932","3479"
"2932","3483"
"2932","3486"
"2932","3726"
"2932","8651"
"2932","8835"
"2932","9021"
"3717","3667"
"3717","5335"
"3717","5336"
"3717","5747"
"3717","8471"
"3717","8660"
"468","5449"
"5449","1442"
"5449","1443"
"5449","2688"
"5449","2689"
"5578","775"
"5578","776"
"5578","778"
"5578","779"
"5579","775"
"5579","776"
"5579","778"
"5579","779"
"5582","775"
"5582","776"
"5582","778"
"5582","779"
"5594","3479"
"5594","3483"
"5594","3486"
"5594","3726"
"5594","8651"
"5594","8835"
"5594","9021"
"5595","3479"
"5595","3483"
"5595","3486"
"5595","3726"
"5595","8651"
"5595","8835"
"5595","9021"
"5747","1398"
"5747","1399"
"5747","9564"
"64764","5449"
"6753","2770"
"6753","2771"
"6753","2773"
"6772","2353"
"6772","3479"
"6772","3483"
"6772","3486"
"6772","3726"
"6774","2353"
"6774","3479"
"6774","3483"
"6774","3486"
"6774","3726"
"6776","2353"
"6776","3479"
"6776","3483"
"6776","3486"
"6776","3726"
"6777","2353"
"6777","3479"
"6777","3483"
"6777","3486"
"6777","3726"
"84699","5449"
"90993","5449"
"9564","4214"
"9586","5449"
"10000","1499"
"10454","1147"
"10454","3551"
"10454","8517"
"10891","2168"
"10891","34"
"10891","37"
"10891","51"
"10891","8310"
"1571","217"
"1571","219"
"1571","223"
"1571","224"
"1571","501"
"207","1499"
"208","1499"
"23175","10891"
"23175","5465"
"23175","6720"
"23643","148022"
"23765","4792"
"29896","23175"
"29896","64900"
"29896","9663"
"406999","23411"
"406999","29896"
"406999","6434"
"5465","37"
"6434","23175"
"6434","64900"
"6434","9663"
"64900","10891"
"64900","5465"
"64900","6720"
"6720","23175"
"6720","64900"
"6720","9663"
"7132","6720"
"717","718"
"719","4790"
"719","5970"
"720","718"
"721","718"
"728","4790"
"728","5970"
"84818","4792"
"9663","10891"
"9663","5465"
"9663","6720"
"3170","3651"
"3172","5313"
"3172","6514"
"3175","3651"
"3175","50674"
"3175","6928"
"3280","50674"
"3651","2494"
"3651","3172"
"3651","4825"
"389692","3651"
"4760","2645"
"4760","3375"
"4760","3630"
"4821","2645"
"4821","3375"
"4821","3630"
"50674","4760"
"50674","4821"
"50674","5078"
"50674","5080"
"5080","2645"
"5080","3375"
"5080","3630"
"5080","3651"
"6927","3171"
"6927","3172"
"6927","3174"
"4306","23439"
"4306","3845"
"4306","476"
"4306","477"
"4306","478"
"4306","480"
"4306","481"
"4306","482"
"4306","483"
"4306","486"
"4306","53828"
"4306","6337"
"4306","6338"
"4306","6340"
"4306","6446"
"6446","23327"
"6446","3758"
"2099","490"
"2099","491"
"2099","492"
"2099","493"
"2099","56302"
"2099","6543"
"2099","6546"
"2099","6547"
"2099","793"
"23439","6543"
"23439","6546"
"23439","6547"
"3816","624"
"3817","624"
"476","6543"
"476","6546"
"476","6547"
"477","6543"
"477","6546"
"477","6547"
"478","6543"
"478","6546"
"478","6547"
"480","6543"
"480","6546"
"480","6547"
"481","6543"
"481","6546"
"481","6547"
"482","6543"
"482","6546"
"482","6547"
"483","6543"
"483","6546"
"483","6547"
"486","6543"
"486","6546"
"486","6547"
"7421","56302"
"7421","6543"
"7421","6546"
"7421","6547"
"7421","793"
"9365","23439"
"9365","476"
"9365","477"
"9365","478"
"9365","480"
"9365","481"
"9365","482"
"9365","483"
"9365","486"
"9365","56302"
"10488","359"
"1385","359"
"148327","359"
"5566","359"
"5566","396"
"5566","397"
"5566","398"
"5567","359"
"5567","396"
"5567","397"
"5567","398"
"5568","359"
"5568","396"
"5568","397"
"5568","398"
"64764","359"
"84699","359"
"90993","359"
"9586","359"
"5592","683"
"5592","952"
"5593","683"
"5593","952"
"2520","887"
"5566","7430"
"5567","7430"
"5568","7430"
"5578","7430"
"5579","7430"
"5582","7430"
"6344","2778"
"886","683"
"886","952"
"10000","6518"
"207","6518"
"208","6518"
"5579","6514"
"8431","10599"
"8431","1581"
"8431","28234"
"8431","6554"
"8431","6579"
"9971","123264"
"9971","1244"
"9971","200931"
"9971","5244"
"9971","8431"
"9971","8647"
"7421","10568"
"7421","142680"
"7421","490"
"7421","491"
"7421","492"
"7421","493"
"7421","55503"
"7421","6569"
"7421","795"
"255738","3949"
"27329","4023"
"335","3931"
"341","1071"
"341","3931"
"344","4023"
"350","4023"
"4043","4035"
"4043","4036"
"51129","4023"
"55908","27329"
"55908","51129"
"1020","2932"
"1020","4137"
"10313","23621"
"10313","25825"
"177","3265"
"177","3845"
"177","4893"
"22926","7494"
"22943","51384"
"22943","54361"
"22943","7471"
"22943","7472"
"22943","7473"
"22943","7474"
"22943","7475"
"22943","7476"
"22943","7477"
"22943","7478"
"22943","7479"
"22943","7480"
"22943","7481"
"22943","7482"
"22943","7483"
"22943","7484"
"22943","80326"
"22943","81029"
"22943","89780"
"27121","51384"
"27121","54361"
"27121","7471"
"27121","7472"
"27121","7473"
"27121","7474"
"27121","7475"
"27121","7476"
"27121","7477"
"27121","7478"
"27121","7479"
"27121","7480"
"27121","7481"
"27121","7482"
"27121","7483"
"27121","7484"
"27121","80326"
"27121","81029"
"27121","89780"
"27123","51384"
"27123","54361"
"27123","7471"
"27123","7472"
"27123","7473"
"27123","7474"
"27123","7475"
"27123","7476"
"27123","7477"
"27123","7478"
"27123","7479"
"27123","7480"
"27123","7481"
"27123","7482"
"27123","7483"
"27123","7484"
"27123","80326"
"27123","81029"
"27123","89780"
"2932","147700"
"2932","369"
"2932","3831"
"2932","4137"
"2932","5604"
"2932","5605"
"2932","5894"
"2932","64837"
"2932","673"
"2932","89953"
"348","4035"
"351","2597"
"4023","4035"
"4137","100532726"
"4137","10376"
"4137","10381"
"4137","10382"
"4137","10383"
"4137","112714"
"4137","113457"
"4137","126328"
"4137","203068"
"4137","347688"
"4137","347733"
"4137","374291"
"4137","4535"
"4137","4536"
"4137","4537"
"4137","4538"
"4137","4539"
"4137","4540"
"4137","4541"
"4137","4694"
"4137","4695"
"4137","4696"
"4137","4697"
"4137","4698"
"4137","4700"
"4137","4701"
"4137","4702"
"4137","4704"
"4137","4705"
"4137","4706"
"4137","4707"
"4137","4708"
"4137","4709"
"4137","4710"
"4137","4711"
"4137","4712"
"4137","4713"
"4137","4714"
"4137","4715"
"4137","4716"
"4137","4717"
"4137","4718"
"4137","4719"
"4137","4720"
"4137","4722"
"4137","4723"
"4137","4724"
"4137","4725"
"4137","4726"
"4137","4728"
"4137","4729"
"4137","4731"
"4137","51079"
"4137","51807"
"4137","54539"
"4137","55967"
"4137","56901"
"4137","7277"
"4137","7278"
"4137","7280"
"4137","7846"
"4137","79861"
"4137","81027"
"4137","84617"
"4137","84790"
"4790","1435"
"5481","10105"
"5481","291"
"5481","292"
"5481","293"
"5481","7416"
"5481","7417"
"5481","7419"
"5481","83447"
"5530","2932"
"5530","572"
"5532","2932"
"5532","572"
"5533","2932"
"5533","572"
"5534","2932"
"5534","572"
"5535","2932"
"5535","572"
"5594","836"
"5595","836"
"5610","3667"
"5610","8471"
"5610","8660"
"5663","2081"
"5663","22926"
"5663","2932"
"5663","3708"
"5663","3709"
"5663","3710"
"5663","6263"
"5663","9451"
"5664","2081"
"5664","22926"
"5664","3708"
"5664","3709"
"5664","3710"
"5664","6263"
"5664","9451"
"57142","23621"
"57142","25825"
"5970","1435"
"823","8851"
"824","8851"
"836","4137"
"840","4137"
"8851","4137"
"10105","54205"
"10131","54205"
"1616","5599"
"1616","5601"
"1616","5602"
"25828","1616"
"25828","4217"
"27429","54205"
"291","54205"
"292","54205"
"293","54205"
"3309","2081"
"3309","22926"
"3309","9451"
"4780","25828"
"4780","7295"
"5071","5335"
"581","54205"
"65018","100532726"
"65018","126328"
"65018","374291"
"65018","4535"
"65018","4536"
"65018","4537"
"65018","4538"
"65018","4539"
"65018","4540"
"65018","4541"
"65018","4694"
"65018","4695"
"65018","4696"
"65018","4697"
"65018","4698"
"65018","4700"
"65018","4701"
"65018","4702"
"65018","4704"
"65018","4705"
"65018","4706"
"65018","4707"
"65018","4708"
"65018","4709"
"65018","4710"
"65018","4711"
"65018","4712"
"65018","4713"
"65018","4714"
"65018","4715"
"65018","4716"
"65018","4717"
"65018","4718"
"65018","4719"
"65018","4720"
"65018","4722"
"65018","4723"
"65018","4724"
"65018","4725"
"65018","4726"
"65018","4728"
"65018","4729"
"65018","4731"
"65018","51079"
"65018","54539"
"65018","55967"
"65018","56901"
"6622","100532726"
"6622","10213"
"6622","11047"
"6622","126328"
"6622","143471"
"6622","147700"
"6622","3309"
"6622","374291"
"6622","3798"
"6622","3799"
"6622","3800"
"6622","3831"
"6622","4535"
"6622","4536"
"6622","4537"
"6622","4538"
"6622","4539"
"6622","4540"
"6622","4541"
"6622","4694"
"6622","4695"
"6622","4696"
"6622","4697"
"6622","4698"
"6622","4700"
"6622","4701"
"6622","4702"
"6622","4704"
"6622","4705"
"6622","4706"
"6622","4707"
"6622","4708"
"6622","4709"
"6622","4710"
"6622","4711"
"6622","4712"
"6622","4713"
"6622","4714"
"6622","4715"
"6622","4716"
"6622","4717"
"6622","4718"
"6622","4719"
"6622","4720"
"6622","4722"
"6622","4723"
"6622","4724"
"6622","4725"
"6622","4726"
"6622","4728"
"6622","4729"
"6622","4731"
"6622","51079"
"6622","54539"
"6622","55967"
"6622","5682"
"6622","5683"
"6622","5684"
"6622","5685"
"6622","5686"
"6622","5687"
"6622","5688"
"6622","5689"
"6622","5690"
"6622","56901"
"6622","5691"
"6622","5692"
"6622","5693"
"6622","5694"
"6622","5695"
"6622","5700"
"6622","5701"
"6622","5702"
"6622","5704"
"6622","5705"
"6622","5706"
"6622","5707"
"6622","5708"
"6622","5709"
"6622","5710"
"6622","5713"
"6622","5714"
"6622","5715"
"6622","5717"
"6622","5718"
"6622","5719"
"6622","64837"
"6622","6570"
"6622","6571"
"6622","7979"
"6622","89953"
"6622","9861"
"7157","1843"
"7295","1616"
"7295","4217"
"7416","54205"
"7417","54205"
"7419","54205"
"815","4137"
"816","4137"
"817","4137"
"818","4137"
"83447","54205"
"9817","4780"
"10013","23435"
"23435","100532726"
"23435","10213"
"23435","11047"
"23435","126328"
"23435","143471"
"23435","374291"
"23435","4535"
"23435","4536"
"23435","4537"
"23435","4538"
"23435","4539"
"23435","4540"
"23435","4541"
"23435","4694"
"23435","4695"
"23435","4696"
"23435","4697"
"23435","4698"
"23435","4700"
"23435","4701"
"23435","4702"
"23435","4704"
"23435","4705"
"23435","4706"
"23435","4707"
"23435","4708"
"23435","4709"
"23435","4710"
"23435","4711"
"23435","4712"
"23435","4713"
"23435","4714"
"23435","4715"
"23435","4716"
"23435","4717"
"23435","4718"
"23435","4719"
"23435","4720"
"23435","4722"
"23435","4723"
"23435","4724"
"23435","4725"
"23435","4726"
"23435","4728"
"23435","4729"
"23435","4731"
"23435","51079"
"23435","54539"
"23435","55967"
"23435","5682"
"23435","5683"
"23435","5684"
"23435","5685"
"23435","5686"
"23435","5687"
"23435","5688"
"23435","5689"
"23435","5690"
"23435","56901"
"23435","5691"
"23435","5692"
"23435","5693"
"23435","5694"
"23435","5695"
"23435","5700"
"23435","5701"
"23435","5702"
"23435","5704"
"23435","5705"
"23435","5706"
"23435","5707"
"23435","5708"
"23435","5709"
"23435","5710"
"23435","5713"
"23435","5714"
"23435","5715"
"23435","5717"
"23435","5718"
"23435","5719"
"23435","7979"
"23435","9861"
"4217","5608"
"4741","147700"
"4741","3798"
"4741","3799"
"4741","3800"
"4741","3831"
"4741","64837"
"4741","89953"
"4744","147700"
"4744","3798"
"4744","3799"
"4744","3800"
"4744","3831"
"4744","64837"
"4744","89953"
"4747","147700"
"4747","3798"
"4747","3799"
"4747","3800"
"4747","3831"
"4747","64837"
"4747","89953"
"5071","23435"
"55626","22863"
"55626","29982"
"55626","30849"
"55626","5289"
"572","54205"
"60673","22863"
"60673","29982"
"60673","30849"
"60673","441925"
"60673","5289"
"60673","8678"
"6647","10120"
"6647","10121"
"6647","10126"
"6647","10213"
"6647","10452"
"6647","10540"
"6647","10671"
"6647","11047"
"6647","11258"
"6647","125965"
"6647","127602"
"6647","1327"
"6647","1329"
"6647","1337"
"6647","1339"
"6647","1340"
"6647","1345"
"6647","1346"
"6647","1347"
"6647","1349"
"6647","1350"
"6647","1351"
"6647","143471"
"6647","146754"
"6647","1639"
"6647","170712"
"6647","1767"
"6647","1768"
"6647","1769"
"6647","1770"
"6647","196385"
"6647","201625"
"6647","25981"
"6647","27019"
"6647","3309"
"6647","341947"
"6647","4512"
"6647","4513"
"6647","4514"
"6647","4747"
"6647","51164"
"6647","55567"
"6647","55860"
"6647","56171"
"6647","5682"
"6647","5683"
"6647","5684"
"6647","5685"
"6647","5686"
"6647","5687"
"6647","5688"
"6647","5689"
"6647","5690"
"6647","5691"
"6647","5692"
"6647","5693"
"6647","5694"
"6647","5695"
"6647","5700"
"6647","5701"
"6647","5702"
"6647","5704"
"6647","5705"
"6647","5706"
"6647","5707"
"6647","5708"
"6647","5709"
"6647","5710"
"6647","5713"
"6647","5714"
"6647","5715"
"6647","5717"
"6647","5718"
"6647","5719"
"6647","596"
"6647","6389"
"6647","6390"
"6647","6391"
"6647","6392"
"6647","64446"
"6647","7416"
"6647","7802"
"6647","79139"
"6647","7979"
"6647","83544"
"6647","84134"
"6647","84516"
"6647","84701"
"6647","8632"
"6647","8701"
"6647","9001"
"6647","9167"
"6647","9377"
"6647","9861"
"7132","1616"
"7133","1616"
"7186","100506742"
"834","637"
"8408","29982"
"8408","30849"
"8408","5289"
"9217","22926"
"9706","29982"
"9706","30849"
"9706","5289"
"9776","29982"
"9776","30849"
"9776","441925"
"9776","5289"
"9776","8678"
"1742","2902"
"1742","2904"
"23186","627"
"25942","627"
"3064","10213"
"3064","10975"
"3064","11047"
"3064","143471"
"3064","1537"
"3064","27089"
"3064","27113"
"3064","29796"
"3064","3708"
"3064","3766"
"3064","4294"
"3064","440567"
"3064","441925"
"3064","4519"
"3064","5599"
"3064","5601"
"3064","5602"
"3064","5682"
"3064","5683"
"3064","5684"
"3064","5685"
"3064","5686"
"3064","5687"
"3064","5688"
"3064","5689"
"3064","5690"
"3064","5691"
"3064","5692"
"3064","5693"
"3064","5694"
"3064","5695"
"3064","5700"
"3064","5701"
"3064","5702"
"3064","5704"
"3064","5705"
"3064","5706"
"3064","5707"
"3064","5708"
"3064","5709"
"3064","5710"
"3064","5713"
"3064","5714"
"3064","5715"
"3064","5717"
"3064","5718"
"3064","5719"
"3064","581"
"3064","6389"
"3064","6390"
"3064","6391"
"3064","6392"
"3064","6804"
"3064","7381"
"3064","7384"
"3064","7385"
"3064","7386"
"3064","7388"
"3064","7979"
"3064","8678"
"3064","9861"
"3065","627"
"3066","627"
"3092","836"
"4294","5609"
"55081","836"
"5599","147700"
"5599","3798"
"5599","3799"
"5599","3800"
"5599","3831"
"5599","64837"
"5599","89953"
"5601","147700"
"5601","3798"
"5601","3799"
"5601","3800"
"5601","3831"
"5601","64837"
"5601","89953"
"5602","147700"
"5602","3798"
"5602","3799"
"5602","3800"
"5602","3831"
"5602","64837"
"5602","89953"
"5978","627"
"6804","774"
"9821","22863"
"9821","29982"
"9821","30849"
"9821","441925"
"9821","5289"
"9821","8678"
"11273","3708"
"11273","3709"
"11273","3710"
"115209","4976"
"1600","5290"
"1600","5291"
"1600","5293"
"1600","5295"
"1600","5296"
"1600","8503"
"342371","10524"
"387332","11317"
"387332","2959"
"387332","3516"
"387332","4800"
"387332","6667"
"4287","10213"
"4287","11047"
"4287","143471"
"4287","3708"
"4287","3709"
"4287","3710"
"4287","5682"
"4287","5683"
"4287","5684"
"4287","5685"
"4287","5686"
"4287","5687"
"4287","5688"
"4287","5689"
"4287","5690"
"4287","5691"
"4287","5692"
"4287","5693"
"4287","5694"
"4287","5695"
"4287","5700"
"4287","5701"
"4287","5702"
"4287","5704"
"4287","5705"
"4287","5706"
"4287","5707"
"4287","5708"
"4287","5709"
"4287","5710"
"4287","5713"
"4287","5714"
"4287","5715"
"4287","5717"
"4287","5718"
"4287","5719"
"4287","7979"
"4287","9861"
"5173","116443"
"5173","116444"
"5173","2902"
"5173","2903"
"5173","2904"
"5173","2905"
"5173","2906"
"5578","7222"
"5579","7222"
"5582","7222"
"5649","7436"
"6310","10524"
"6311","3708"
"6311","3709"
"6311","3710"
"6712","2911"
"6908","11317"
"6908","2959"
"6908","3516"
"6908","4800"
"6908","6667"
"92552","10213"
"92552","11047"
"92552","143471"
"92552","3708"
"92552","3709"
"92552","3710"
"92552","5682"
"92552","5683"
"92552","5684"
"92552","5685"
"92552","5686"
"92552","5687"
"92552","5688"
"92552","5689"
"92552","5690"
"92552","5691"
"92552","5692"
"92552","5693"
"92552","5694"
"92552","5695"
"92552","5700"
"92552","5701"
"92552","5702"
"92552","5704"
"92552","5705"
"92552","5706"
"92552","5707"
"92552","5708"
"92552","5709"
"92552","5710"
"92552","5713"
"92552","5714"
"92552","5715"
"92552","5717"
"92552","5718"
"92552","5719"
"92552","7979"
"92552","9861"
"9519","11317"
"9519","2959"
"9519","3516"
"9519","4800"
"9519","6667"
"10488","1958"
"1385","1958"
"1386","1958"
"1388","1958"
"1457","147700"
"1457","3798"
"1457","3799"
"1457","3800"
"1457","3831"
"1457","64837"
"1457","89953"
"1459","147700"
"1459","3798"
"1459","3799"
"1459","3800"
"1459","3831"
"1459","64837"
"1459","89953"
"1460","147700"
"1460","3798"
"1460","3799"
"1460","3800"
"1460","3831"
"1460","64837"
"1460","89953"
"148327","1958"
"1535","5594"
"1535","5595"
"1536","5594"
"1536","5595"
"1958","6352"
"283106","147700"
"283106","3798"
"283106","3799"
"283106","3800"
"283106","3831"
"283106","64837"
"283106","89953"
"468","1958"
"4688","5594"
"4688","5595"
"4689","5594"
"4689","5595"
"5580","1535"
"5580","4688"
"5580","4689"
"5580","5879"
"5580","5880"
"5621","10213"
"5621","10963"
"5621","11047"
"5621","143471"
"5621","1457"
"5621","1459"
"5621","1460"
"5621","2534"
"5621","283106"
"5621","2932"
"5621","3309"
"5621","3708"
"5621","3709"
"5621","3710"
"5621","4851"
"5621","5682"
"5621","5683"
"5621","5684"
"5621","5685"
"5621","5686"
"5621","5687"
"5621","5688"
"5621","5689"
"5621","5690"
"5621","5691"
"5621","5692"
"5621","5693"
"5621","5694"
"5621","5695"
"5621","5700"
"5621","5701"
"5621","5702"
"5621","5704"
"5621","5705"
"5621","5706"
"5621","5707"
"5621","5708"
"5621","5709"
"5621","5710"
"5621","5713"
"5621","5714"
"5621","5715"
"5621","5717"
"5621","5718"
"5621","5719"
"5621","581"
"5621","6261"
"5621","6262"
"5621","6263"
"5621","6647"
"5621","774"
"5621","775"
"5621","776"
"5621","778"
"5621","779"
"5621","7979"
"5621","857"
"5621","858"
"5621","859"
"5621","9861"
"5879","5594"
"5879","5595"
"5880","5594"
"5880","5595"
"64764","1958"
"653361","5594"
"653361","5595"
"84699","1958"
"90993","1958"
"9586","1958"
"120892","54205"
"1742","2903"
"1742","2905"
"1742","2906"
"22926","3309"
"2776","5335"
"3028","10105"
"3028","291"
"3028","292"
"3028","293"
"3028","7416"
"3028","7417"
"3028","7419"
"3028","83447"
"3064","3709"
"3064","3710"
"5071","23236"
"5071","5330"
"5071","5331"
"5071","5332"
"5621","2902"
"5621","2903"
"5621","2904"
"5621","2905"
"5621","2906"
"5663","6261"
"5663","6262"
"5664","6261"
"5664","6262"
"596","7416"
"60673","9821"
"637","578"
"6804","775"
"6804","776"
"6804","778"
"6804","779"
"1020","1742"
"1020","84152"
"10488","5173"
"1385","5173"
"1386","5173"
"1386","627"
"1388","5173"
"1388","627"
"148327","5173"
"2354","1020"
"2354","2891"
"2354","4790"
"2354","5970"
"26086","2770"
"26086","2771"
"26086","2773"
"3725","1020"
"3725","2891"
"3725","4790"
"3725","5970"
"468","5173"
"468","627"
"64764","5173"
"84152","5566"
"84152","5567"
"84152","5568"
"84699","5173"
"8787","2770"
"8787","2771"
"8787","2773"
"90993","5173"
"9586","5173"
"10488","23237"
"10488","2354"
"1385","23237"
"1385","2354"
"1386","23237"
"1386","2354"
"1388","23237"
"1388","2354"
"148327","23237"
"148327","2354"
"23411","2353"
"2354","2353"
"3065","2353"
"3066","2353"
"468","23237"
"468","2354"
"5499","1386"
"5499","1388"
"5499","468"
"5500","1386"
"5500","1388"
"5500","468"
"5501","1386"
"5501","1388"
"5501","468"
"5578","6531"
"5579","6531"
"5582","6531"
"64764","23237"
"64764","2354"
"815","6531"
"816","6531"
"817","6531"
"818","6531"
"84699","23237"
"84699","2354"
"90993","23237"
"90993","2354"
"9586","23237"
"9586","2354"
"156","4988"
"157","4988"
"2868","4988"
"2869","4988"
"2870","4988"
"4988","10681"
"4988","2778"
"4988","2782"
"4988","2783"
"4988","2784"
"4988","2785"
"4988","2786"
"4988","2787"
"4988","2788"
"4988","2790"
"4988","2791"
"4988","2792"
"4988","2793"
"4988","51764"
"4988","54331"
"4988","55970"
"4988","59345"
"4988","94235"
"5566","10681"
"5566","2770"
"5566","2771"
"5566","2773"
"5566","2775"
"5566","2782"
"5566","2783"
"5566","2784"
"5566","2785"
"5566","2786"
"5566","2787"
"5566","2788"
"5566","2790"
"5566","2791"
"5566","2792"
"5566","2793"
"5566","51764"
"5566","54331"
"5566","55970"
"5566","59345"
"5566","94235"
"5567","10681"
"5567","2770"
"5567","2771"
"5567","2773"
"5567","2775"
"5567","2782"
"5567","2783"
"5567","2784"
"5567","2785"
"5567","2786"
"5567","2787"
"5567","2788"
"5567","2790"
"5567","2791"
"5567","2792"
"5567","2793"
"5567","51764"
"5567","54331"
"5567","55970"
"5567","59345"
"5567","94235"
"5568","10681"
"5568","2770"
"5568","2771"
"5568","2773"
"5568","2775"
"5568","2782"
"5568","2783"
"5568","2784"
"5568","2785"
"5568","2786"
"5568","2787"
"5568","2788"
"5568","2790"
"5568","2791"
"5568","2792"
"5568","2793"
"5568","51764"
"5568","54331"
"5568","55970"
"5568","59345"
"5568","94235"
"5578","10681"
"5578","107"
"5578","108"
"5578","109"
"5578","111"
"5578","112"
"5578","113"
"5578","114"
"5578","115"
"5578","196883"
"5578","2770"
"5578","2771"
"5578","2773"
"5578","2775"
"5578","2782"
"5578","2783"
"5578","2784"
"5578","2785"
"5578","2786"
"5578","2787"
"5578","2788"
"5578","2790"
"5578","2791"
"5578","2792"
"5578","2793"
"5578","51764"
"5578","54331"
"5578","55970"
"5578","59345"
"5578","94235"
"5579","10681"
"5579","107"
"5579","108"
"5579","109"
"5579","111"
"5579","112"
"5579","113"
"5579","114"
"5579","115"
"5579","196883"
"5579","2770"
"5579","2771"
"5579","2773"
"5579","2775"
"5579","2782"
"5579","2783"
"5579","2784"
"5579","2785"
"5579","2786"
"5579","2787"
"5579","2788"
"5579","2790"
"5579","2791"
"5579","2792"
"5579","2793"
"5579","51764"
"5579","54331"
"5579","55970"
"5579","59345"
"5579","94235"
"5582","10681"
"5582","107"
"5582","108"
"5582","109"
"5582","111"
"5582","112"
"5582","113"
"5582","114"
"5582","115"
"5582","196883"
"5582","2770"
"5582","2771"
"5582","2773"
"5582","2775"
"5582","2782"
"5582","2783"
"5582","2784"
"5582","2785"
"5582","2786"
"5582","2787"
"5582","2788"
"5582","2790"
"5582","2791"
"5582","2792"
"5582","2793"
"5582","51764"
"5582","54331"
"5582","55970"
"5582","59345"
"5582","94235"
"10488","1392"
"10488","4852"
"1385","1392"
"1385","4852"
"1386","1392"
"1386","4852"
"1388","1392"
"1388","4852"
"148327","1392"
"148327","4852"
"163688","84254"
"468","1392"
"468","4852"
"51806","84254"
"5499","116443"
"5499","116444"
"5499","2902"
"5499","2905"
"5499","2906"
"5500","116443"
"5500","116444"
"5500","2902"
"5500","2905"
"5500","2906"
"5501","116443"
"5501","116444"
"5501","2902"
"5501","2905"
"5501","2906"
"5569","5566"
"5569","5567"
"5569","5568"
"5594","5173"
"5595","5173"
"64764","1392"
"64764","4852"
"801","84254"
"805","84254"
"808","84254"
"810","84254"
"84254","814"
"84699","1392"
"84699","4852"
"90993","1392"
"90993","4852"
"91860","84254"
"9586","1392"
"9586","4852"
"10092","60"
"10092","71"
"10093","60"
"10093","71"
"10094","60"
"10094","71"
"10095","60"
"10095","71"
"10096","60"
"10096","71"
"10097","60"
"10097","71"
"10109","60"
"10109","71"
"10552","60"
"10552","71"
"2017","1759"
"2017","1785"
"2017","26052"
"2549","1398"
"2549","1399"
"26084","391"
"3059","1759"
"3059","1785"
"3059","26052"
"3678","3611"
"3688","3611"
"391","63916"
"391","79767"
"391","9844"
"5290","998"
"5291","998"
"5293","998"
"5295","998"
"5296","998"
"57180","60"
"57180","71"
"5829","60"
"5829","71"
"63916","1793"
"653857","60"
"653857","71"
"6714","2017"
"6714","3059"
"7414","60"
"7414","71"
"79658","60"
"79658","71"
"79767","1793"
"81873","60"
"81873","71"
"8503","998"
"9844","1793"
"999","1499"
"3784","109"
"3784","115"
"3784","5566"
"3784","5567"
"3784","5568"
"3784","6558"
"5578","5335"
"5578","5336"
"5578","60"
"5578","71"
"6558","109"
"6558","115"
"6558","5566"
"6558","5567"
"6558","5568"
"102","1839"
"1432","2919"
"1432","2920"
"1432","2921"
"1432","3576"
"1445","4067"
"1445","6714"
"5058","9020"
"5600","2919"
"5600","2920"
"5600","2921"
"5600","3576"
"5603","2919"
"5603","2920"
"5603","2921"
"5603","3576"
"6300","2919"
"6300","2920"
"6300","2921"
"6300","3576"
"6868","1839"
"10061","842"
"10376","9181"
"10381","9181"
"10382","9181"
"10383","9181"
"10454","1432"
"10454","5594"
"10454","5595"
"10454","5599"
"10454","5600"
"10454","5601"
"10454","5602"
"10454","5603"
"10454","6300"
"112714","9181"
"113457","9181"
"147179","8976"
"147945","29108"
"147945","834"
"203068","9181"
"2212","5879"
"23118","1432"
"23118","5594"
"23118","5595"
"23118","5599"
"23118","5600"
"23118","5601"
"23118","5602"
"23118","5603"
"23118","6300"
"257397","1432"
"257397","5594"
"257397","5595"
"257397","5599"
"257397","5600"
"257397","5601"
"257397","5602"
"257397","5603"
"257397","6300"
"2597","7186"
"27128","382"
"347688","9181"
"347733","9181"
"3554","114609"
"375","10006"
"375","10163"
"375","10787"
"375","10810"
"375","23191"
"375","26999"
"375","3071"
"375","55845"
"375","8936"
"382","375"
"4671","147945"
"4690","147179"
"4690","644150"
"4690","7456"
"51807","9181"
"5777","7189"
"578","54205"
"5781","7189"
"5879","10006"
"5879","55845"
"6188","5970"
"644150","8976"
"7009","578"
"7009","581"
"7186","8737"
"7277","9181"
"7278","9181"
"7280","9181"
"7430","387"
"7456","8976"
"7846","9181"
"79861","9181"
"81027","9181"
"837","834"
"8440","147179"
"8440","644150"
"8440","7456"
"84617","9181"
"84790","9181"
"9138","998"
"9265","382"
"9266","382"
"9267","382"
"9368","7430"
"102724594","1437"
"102724594","3553"
"102724594","3576"
"102724594","6352"
"10318","8517"
"10892","7189"
"11146","114548"
"11146","58484"
"11335","3576"
"115004","340061"
"126961","3576"
"1398","63916"
"1398","9844"
"1399","63916"
"1399","9844"
"1729","60"
"1729","71"
"199746","1437"
"199746","3553"
"199746","3576"
"199746","6352"
"2017","10092"
"2017","10093"
"2017","10094"
"2017","10095"
"2017","10096"
"2017","10097"
"2017","10109"
"2017","10552"
"2017","1398"
"2017","1399"
"2017","57180"
"2017","653857"
"2017","81873"
"23048","10241"
"23048","8878"
"23291","4792"
"23291","4793"
"3020","3576"
"3021","3576"
"3059","10092"
"3059","10093"
"3059","10094"
"3059","10095"
"3059","10096"
"3059","10097"
"3059","10109"
"3059","10552"
"3059","1398"
"3059","1399"
"3059","57180"
"3059","653857"
"3059","81873"
"3098","581"
"3099","581"
"3101","581"
"333932","3576"
"3611","60"
"3611","71"
"375","340061"
"389898","7186"
"389898","7188"
"389898","7189"
"440093","3576"
"4615","29110"
"4790","92610"
"51619","4792"
"51619","4793"
"54874","10241"
"54874","8878"
"5580","7186"
"5581","7186"
"5588","7186"
"5747","2017"
"5747","3059"
"5829","1398"
"5829","1399"
"5829","9564"
"5829","998"
"58484","29108"
"58484","834"
"596","5481"
"5970","92610"
"63916","5879"
"6500","4792"
"6500","4793"
"653604","3576"
"664","5481"
"6714","1398"
"6714","1399"
"6714","387"
"6714","5829"
"6714","9564"
"7094","60"
"7094","71"
"7099","7189"
"7100","7189"
"7157","596"
"7157","598"
"7307","1437"
"7307","3553"
"7307","3576"
"7307","6352"
"7321","4792"
"7321","4793"
"7322","4792"
"7322","4793"
"7323","4792"
"7323","4793"
"7334","7186"
"7334","7188"
"7334","7189"
"7335","7186"
"7335","7188"
"7335","7189"
"7336","7186"
"7336","7188"
"7336","7189"
"7416","581"
"80201","581"
"81","60"
"81","71"
"823","7157"
"824","7157"
"8290","3576"
"831","823"
"831","824"
"831","826"
"8350","3576"
"8351","3576"
"8352","3576"
"8353","3576"
"8354","3576"
"8355","3576"
"8356","3576"
"8357","3576"
"8358","3576"
"83660","60"
"83660","71"
"837","3553"
"837","3606"
"8454","4792"
"8454","4793"
"87","60"
"87","71"
"8767","1147"
"8767","3551"
"8767","5599"
"8767","5601"
"8767","5602"
"8767","596"
"8915","7189"
"8945","4792"
"8945","4793"
"8968","3576"
"9181","8767"
"9252","11335"
"9252","126961"
"9252","3020"
"9252","3021"
"9252","333932"
"9252","440093"
"9252","653604"
"9252","8290"
"9252","8350"
"9252","8351"
"9252","8352"
"9252","8353"
"9252","8354"
"9252","8355"
"9252","8356"
"9252","8357"
"9252","8358"
"9252","8968"
"92610","7189"
"9564","63916"
"9564","9844"
"9978","4792"
"9978","4793"
"10000","29108"
"10000","834"
"10000","836"
"10006","10092"
"10006","10093"
"10006","10094"
"10006","10095"
"10006","10096"
"10006","10097"
"10006","10109"
"10006","10552"
"10006","57180"
"10006","653857"
"10006","81873"
"10333","114609"
"10333","4615"
"10454","5606"
"10454","5608"
"10454","5609"
"10454","6416"
"10787","10092"
"10787","10093"
"10787","10094"
"10787","10095"
"10787","10096"
"10787","10097"
"10787","10109"
"10787","10552"
"10787","57180"
"10787","653857"
"10787","81873"
"112574","1785"
"112574","8976"
"1147","6188"
"1434","3836"
"1434","3839"
"1434","3840"
"207","29108"
"207","834"
"207","836"
"208","29108"
"208","834"
"208","836"
"23118","5606"
"23118","5608"
"23118","5609"
"23118","6416"
"2316","60"
"2316","71"
"2317","60"
"2317","71"
"2318","60"
"2318","71"
"23191","10092"
"23191","10093"
"23191","10094"
"23191","10095"
"23191","10096"
"23191","10097"
"23191","10109"
"23191","10552"
"23191","57180"
"23191","653857"
"23191","81873"
"23207","147700"
"23207","3798"
"23207","3799"
"23207","3800"
"23207","3831"
"23207","51209"
"23207","64837"
"23207","89953"
"23207","9367"
"23643","114609"
"23643","4615"
"257364","1785"
"257364","8976"
"257397","5606"
"257397","5608"
"257397","5609"
"257397","6416"
"2597","329"
"2597","330"
"2597","8717"
"2597","8737"
"26263","4792"
"26999","10092"
"26999","10093"
"26999","10094"
"26999","10095"
"26999","10096"
"26999","10097"
"26999","10109"
"26999","10552"
"26999","57180"
"26999","653857"
"26999","81873"
"3071","10092"
"3071","10093"
"3071","10094"
"3071","10095"
"3071","10096"
"3071","10097"
"3071","10109"
"3071","10552"
"3071","57180"
"3071","653857"
"3071","81873"
"329","10454"
"329","11035"
"329","23118"
"329","257397"
"329","6885"
"329","8772"
"330","10454"
"330","11035"
"330","23118"
"330","257397"
"330","6885"
"330","8772"
"3320","8767"
"3326","8767"
"3551","6188"
"3836","4790"
"3836","5970"
"3839","4790"
"3839","5970"
"3840","4790"
"3840","5970"
"387","10392"
"388","10000"
"388","207"
"388","208"
"399","10000"
"399","207"
"399","208"
"4646","5286"
"4646","5287"
"4646","5288"
"4646","5290"
"4646","5291"
"4646","5293"
"4646","5294"
"5058","4646"
"5063","4646"
"5063","5894"
"51209","4074"
"51429","1785"
"51429","8976"
"5585","4790"
"5585","5970"
"5606","5594"
"5606","5595"
"5608","5594"
"5608","5595"
"5879","10392"
"5879","834"
"5898","10640"
"5898","60412"
"6188","4790"
"6237","10000"
"6237","207"
"6237","208"
"7132","329"
"7132","330"
"7184","8767"
"7186","11035"
"7186","8772"
"7189","578"
"7189","581"
"7189","596"
"8517","6188"
"8717","11035"
"8767","4790"
"8767","5970"
"929","23643"
"9367","4074"
"9475","29109"
"998","10392"
"10392","3552"
"10392","3553"
"114548","3553"
"29108","3553"
"3394","3592"
"3394","3593"
"3552","4843"
"3553","4843"
"387","1072"
"387","1073"
"7099","2770"
"7099","2771"
"7099","2773"
"7099","5594"
"7099","5595"
"717","727"
"720","727"
"721","727"
"722","720"
"722","721"
"725","720"
"725","721"
"1915","3297"
"1917","3297"
"3297","3303"
"3297","3304"
"3297","3305"
"3297","3310"
"3297","3312"
"4615","2919"
"4615","2920"
"4615","2921"
"4615","3553"
"4615","3569"
"4615","3576"
"4615","3592"
"4615","3593"
"4615","7124"
"4671","834"
"4671","840"
"834","840"
"929","7097"
"10000","6347"
"10451","2353"
"10451","3725"
"10451","4772"
"10451","4773"
"10451","4775"
"10451","4790"
"10451","5970"
"10454","5604"
"10454","5605"
"148022","29110"
"148022","5604"
"148022","5605"
"148022","5606"
"148022","5608"
"148022","5609"
"148022","6416"
"207","6347"
"208","6347"
"2185","23365"
"2185","64283"
"2185","9138"
"2212","5880"
"2212","5881"
"23118","5604"
"23118","5605"
"27040","2353"
"27040","3725"
"27040","4772"
"27040","4773"
"27040","4775"
"27040","4790"
"27040","5970"
"27330","4210"
"2776","23365"
"2776","64283"
"2776","9138"
"29108","3606"
"3654","7186"
"3676","2185"
"3676","391"
"3678","2185"
"3678","391"
"3688","2185"
"3688","391"
"391","1793"
"3937","2353"
"3937","3725"
"3937","4772"
"3937","4773"
"3937","4775"
"3937","4790"
"3937","5970"
"3984","834"
"51135","7186"
"5747","23365"
"5747","64283"
"5747","9138"
"5829","8874"
"5829","9815"
"5879","3984"
"5879","8976"
"5880","8976"
"5881","23396"
"5881","8394"
"5881","8395"
"5881","8976"
"6195","4210"
"6196","4210"
"6197","4210"
"63916","5880"
"63916","5881"
"64283","387"
"6714","8874"
"6714","9815"
"7099","5290"
"7099","5291"
"7099","5293"
"7099","5295"
"7099","5296"
"7099","8503"
"7409","2353"
"7409","3725"
"7409","4772"
"7409","4773"
"7409","4775"
"7409","4790"
"7409","5970"
"7410","2353"
"7410","3725"
"7410","4772"
"7410","4773"
"7410","4775"
"7410","4790"
"7410","5970"
"7535","10451"
"7535","7409"
"7535","7410"
"8874","998"
"920","7535"
"925","7535"
"926","7535"
"927","7535"
"9815","998"
"10454","4792"
"10454","4793"
"1378","5743"
"1379","5743"
"1432","3592"
"1432","3593"
"1432","4843"
"1915","5777"
"1917","5777"
"2209","1432"
"2209","5579"
"2209","5600"
"2209","5603"
"2209","5743"
"2209","6300"
"2212","1432"
"2212","5579"
"2212","5600"
"2212","5603"
"2212","5743"
"2212","6300"
"2214","1432"
"2214","5579"
"2214","5600"
"2214","5603"
"2214","5743"
"2214","6300"
"2215","1432"
"2215","5579"
"2215","5600"
"2215","5603"
"2215","5743"
"2215","6300"
"23118","4792"
"23118","4793"
"3459","65108"
"3460","65108"
"3565","4843"
"3586","4843"
"3684","5743"
"3689","5743"
"5600","3592"
"5600","3593"
"5600","4843"
"5603","3592"
"5603","3593"
"5603","4843"
"5777","5594"
"5777","5595"
"6300","3592"
"6300","3593"
"6300","4843"
"6772","3108"
"6772","3109"
"6772","3111"
"6772","3112"
"6772","3113"
"6772","3115"
"6772","3117"
"6772","3118"
"6772","3119"
"6772","3122"
"6772","3123"
"6772","3125"
"6772","3126"
"6772","3127"
"6772","3592"
"6772","3593"
"6772","4843"
"6885","4792"
"6885","4793"
"7040","4843"
"7042","4843"
"7043","4843"
"7097","4843"
"7099","4843"
"9103","1432"
"9103","5579"
"9103","5600"
"9103","5603"
"9103","5743"
"9103","6300"
"1432","5515"
"1432","5516"
"1432","5518"
"1432","5519"
"1432","5520"
"1432","5521"
"1432","5522"
"1432","55844"
"148022","3456"
"148022","6347"
"148022","6352"
"1636","3827"
"3459","4843"
"3460","4843"
"4615","4843"
"4790","5515"
"4790","5516"
"4790","5518"
"4790","5519"
"4790","5520"
"4790","5521"
"4790","5522"
"4790","55844"
"5515","3654"
"5515","51135"
"5516","3654"
"5516","51135"
"5518","3654"
"5518","51135"
"5519","3654"
"5519","51135"
"5520","3654"
"5520","51135"
"5521","3654"
"5521","51135"
"5522","3654"
"5522","51135"
"55844","3654"
"55844","51135"
"5600","5515"
"5600","5516"
"5600","5518"
"5600","5519"
"5600","5520"
"5600","5521"
"5600","5522"
"5600","55844"
"5603","5515"
"5603","5516"
"5603","5518"
"5603","5519"
"5603","5520"
"5603","5521"
"5603","5522"
"5603","55844"
"5970","5515"
"5970","5516"
"5970","5518"
"5970","5519"
"5970","5520"
"5970","5521"
"5970","5522"
"5970","55844"
"6300","5515"
"6300","5516"
"6300","5518"
"6300","5519"
"6300","5520"
"6300","5521"
"6300","5522"
"6300","55844"
"7132","4843"
"7189","1147"
"7189","6416"
"7189","8517"
"811","712"
"811","713"
"811","714"
"841","4792"
"915","841"
"916","841"
"917","841"
"919","841"
"23236","5582"
"3458","169355"
"3458","3383"
"3458","3620"
"5330","5582"
"5331","5582"
"5332","5582"
"7064","3827"
"7124","3383"
"7124","6401"
"7124","7412"
"10105","1234"
"1234","2775"
"146850","5170"
"23533","5170"
"2770","3592"
"2770","3593"
"2771","3592"
"2771","3593"
"2773","3592"
"2773","3593"
"2775","3592"
"2775","3593"
"4261","3108"
"4261","3109"
"4261","3111"
"4261","3112"
"4261","3113"
"4261","3115"
"4261","3117"
"4261","3118"
"4261","3119"
"4261","3122"
"4261","3123"
"4261","3125"
"4261","3126"
"4261","3127"
"4790","79444"
"5294","5170"
"5970","79444"
"6772","345611"
"6772","4261"
"6774","3592"
"6774","3593"
"7132","841"
"79444","836"
"79444","842"
"958","3592"
"958","3593"
"3315","4790"
"3315","5970"
"3554","4790"
"3554","5970"
"3684","5290"
"3684","5291"
"3684","5293"
"3684","5295"
"3684","5296"
"3684","8503"
"3689","5290"
"3689","5291"
"3689","5293"
"3689","5295"
"3689","5296"
"3689","8503"
"5269","1511"
"5272","1511"
"5273","1511"
"5275","1511"
"6317","1511"
"6318","1511"
"7097","4790"
"7097","5970"
"7850","4790"
"7850","5970"
"929","4790"
"929","5970"
"102723407","2204"
"102723407","2213"
"102723407","712"
"102723407","713"
"102723407","714"
"102723407","715"
"102723407","716"
"102723407","9103"
"3075","629"
"3075","718"
"3426","718"
"5340","102723407"
"5340","718"
"5724","3586"
"718","727"
"10332","3586"
"10332","7040"
"10332","7042"
"10332","7043"
"1051","4261"
"1054","4261"
"10892","4790"
"10892","5970"
"114609","1594"
"114609","7421"
"114609","8772"
"1385","3108"
"1385","3109"
"1385","3111"
"1385","3112"
"1385","3113"
"1385","3115"
"1385","3117"
"1385","3118"
"1385","3119"
"1385","3122"
"1385","3123"
"1385","3125"
"1385","3126"
"1385","3127"
"1385","972"
"1432","3552"
"1432","3553"
"1432","3569"
"1432","3606"
"1432","51561"
"1432","7124"
"1520","1385"
"1520","4800"
"1520","4801"
"1520","4802"
"1520","5993"
"1520","5994"
"1520","8625"
"22925","3586"
"22925","7040"
"22925","7042"
"22925","7043"
"26253","6850"
"30835","3586"
"30835","7040"
"30835","7042"
"30835","7043"
"317","836"
"3313","10333"
"3313","7096"
"3313","7097"
"3313","7099"
"3329","7099"
"3587","1520"
"3588","1520"
"3656","7189"
"4360","3586"
"4360","7040"
"4360","7042"
"4360","7043"
"4615","1594"
"4615","3439"
"4615","3440"
"4615","3441"
"4615","3442"
"4615","3443"
"4615","3444"
"4615","3445"
"4615","3446"
"4615","3447"
"4615","3448"
"4615","3449"
"4615","3451"
"4615","3452"
"4615","3456"
"4615","7421"
"4790","1051"
"4790","1054"
"4800","3108"
"4800","3109"
"4800","3111"
"4800","3112"
"4800","3113"
"4800","3115"
"4800","3117"
"4800","3118"
"4800","3119"
"4800","3122"
"4800","3123"
"4800","3125"
"4800","3126"
"4800","3127"
"4800","972"
"4801","3108"
"4801","3109"
"4801","3111"
"4801","3112"
"4801","3113"
"4801","3115"
"4801","3117"
"4801","3118"
"4801","3119"
"4801","3122"
"4801","3123"
"4801","3125"
"4801","3126"
"4801","3127"
"4801","972"
"4802","3108"
"4802","3109"
"4802","3111"
"4802","3112"
"4802","3113"
"4802","3115"
"4802","3117"
"4802","3118"
"4802","3119"
"4802","3122"
"4802","3123"
"4802","3125"
"4802","3126"
"4802","3127"
"4802","972"
"51135","3656"
"5594","3552"
"5594","3553"
"5594","3569"
"5594","3592"
"5594","3593"
"5594","3606"
"5594","4843"
"5594","51561"
"5594","7124"
"5595","3552"
"5595","3553"
"5595","3569"
"5595","3592"
"5595","3593"
"5595","3606"
"5595","4843"
"5595","51561"
"5595","7124"
"5599","3552"
"5599","3553"
"5599","3569"
"5599","3592"
"5599","3593"
"5599","3606"
"5599","4843"
"5599","51561"
"5599","7124"
"5600","3552"
"5600","3553"
"5600","3569"
"5600","3606"
"5600","51561"
"5600","7124"
"5601","3552"
"5601","3553"
"5601","3569"
"5601","3592"
"5601","3593"
"5601","3606"
"5601","4843"
"5601","51561"
"5601","7124"
"5602","3552"
"5602","3553"
"5602","3569"
"5602","3592"
"5602","3593"
"5602","3606"
"5602","4843"
"5602","51561"
"5602","7124"
"5603","3552"
"5603","3553"
"5603","3569"
"5603","3606"
"5603","51561"
"5603","7124"
"581","317"
"581","842"
"5868","7879"
"5869","7879"
"5878","7879"
"5894","4790"
"596","317"
"596","54205"
"596","842"
"5970","1051"
"5970","1054"
"5993","3108"
"5993","3109"
"5993","3111"
"5993","3112"
"5993","3113"
"5993","3115"
"5993","3117"
"5993","3118"
"5993","3119"
"5993","3122"
"5993","3123"
"5993","3125"
"5993","3126"
"5993","3127"
"5993","972"
"5994","3108"
"5994","3109"
"5994","3111"
"5994","3112"
"5994","3113"
"5994","3115"
"5994","3117"
"5994","3118"
"5994","3119"
"5994","3122"
"5994","3123"
"5994","3125"
"5994","3126"
"5994","3127"
"5994","972"
"6300","3552"
"6300","3553"
"6300","3569"
"6300","3606"
"6300","51561"
"6300","7124"
"64170","4790"
"64170","5970"
"64581","6850"
"6714","6850"
"7096","4615"
"718","3687"
"718","3689"
"7421","820"
"7879","10312"
"7879","1509"
"7879","23545"
"7879","245972"
"7879","3916"
"7879","3920"
"7879","50617"
"7879","51606"
"7879","527"
"7879","533"
"7879","535"
"7879","537"
"7879","9114"
"815","5289"
"815","6772"
"816","5289"
"816","6772"
"817","5289"
"817","6772"
"818","5289"
"818","6772"
"841","843"
"8411","7879"
"8625","3108"
"8625","3109"
"8625","3111"
"8625","3112"
"8625","3113"
"8625","3115"
"8625","3117"
"8625","3118"
"8625","3119"
"8625","3122"
"8625","3123"
"8625","3125"
"8625","3126"
"8625","3127"
"8625","972"
"8767","1432"
"8767","5594"
"8767","5595"
"8767","5600"
"8767","5603"
"8767","6300"
"8915","4790"
"8915","5970"
"9902","3586"
"9902","7040"
"9902","7042"
"9902","7043"
"10062","1019"
"10062","4609"
"10062","595"
"10197","10062"
"10197","6256"
"10379","27102"
"10379","3434"
"10379","3665"
"10379","439996"
"10379","440275"
"10379","4599"
"10379","4600"
"10379","4938"
"10379","4939"
"10379","4940"
"10379","5610"
"10379","91543"
"10379","9451"
"10971","369"
"10971","5894"
"10971","673"
"27102","1147"
"27102","1965"
"27102","3434"
"27102","3551"
"27102","439996"
"27102","8517"
"3434","3646"
"3661","3458"
"3661","7124"
"3665","3458"
"3665","3627"
"3665","7124"
"439996","3646"
"440275","1147"
"440275","3434"
"440275","3551"
"440275","439996"
"440275","8517"
"5465","1019"
"5465","4609"
"5465","595"
"5515","6772"
"5515","6773"
"5516","6772"
"5516","6773"
"5518","6772"
"5518","6773"
"5519","6772"
"5519","6773"
"5520","6772"
"5520","6773"
"5521","6772"
"5521","6773"
"5522","6772"
"5522","6773"
"55844","6772"
"55844","6773"
"5610","1147"
"5610","1965"
"5610","3434"
"5610","3551"
"5610","439996"
"5610","8517"
"57506","1147"
"57506","3551"
"57506","8517"
"6256","1019"
"6256","4609"
"6256","595"
"7529","369"
"7529","5894"
"7529","673"
"7531","369"
"7531","5894"
"7531","673"
"7532","369"
"7532","5894"
"7532","673"
"7533","369"
"7533","5894"
"7533","673"
"7534","369"
"7534","5894"
"7534","673"
"9021","6773"
"9451","1147"
"9451","3434"
"9451","3551"
"9451","439996"
"9451","8517"
"10488","3576"
"10488","5111"
"1385","3576"
"1385","5111"
"1386","3576"
"1386","5111"
"1388","3576"
"1388","5111"
"1432","5599"
"1432","5601"
"1432","5602"
"148327","3576"
"148327","5111"
"1959","356"
"1960","356"
"2185","6714"
"3265","4214"
"3654","114609"
"3845","4214"
"468","3576"
"468","5111"
"4776","7124"
"4790","5970"
"4893","4214"
"51135","114609"
"51135","7099"
"5599","4088"
"5599","4089"
"5600","5599"
"5600","5601"
"5600","5602"
"5601","4088"
"5601","4089"
"5602","4088"
"5602","4089"
"5603","5599"
"5603","5601"
"5603","5602"
"5604","1432"
"5604","5599"
"5604","5600"
"5604","5601"
"5604","5602"
"5604","5603"
"5604","6300"
"5605","1432"
"5605","5599"
"5605","5600"
"5605","5601"
"5605","5602"
"5605","5603"
"5605","6300"
"6300","5599"
"6300","5601"
"6300","5602"
"64764","3576"
"64764","5111"
"6714","2885"
"6772","4615"
"6773","4615"
"84699","3576"
"84699","5111"
"90993","3576"
"90993","5111"
"9586","3576"
"9586","5111"
"10379","103"
"2213","3592"
"2213","3593"
"2353","3552"
"25898","7157"
"51135","3665"
"51284","4615"
"6504","3592"
"6504","3593"
"868","5290"
"868","5291"
"868","5293"
"868","5295"
"868","5296"
"868","8503"
"10681","387"
"1432","10488"
"1432","1385"
"1432","1388"
"1432","148327"
"1432","468"
"1432","64764"
"1432","84699"
"1432","90993"
"1432","9586"
"1499","4609"
"2782","387"
"2783","387"
"2784","387"
"2785","387"
"2786","387"
"2787","387"
"2788","387"
"2790","387"
"2791","387"
"2792","387"
"2793","387"
"3554","1147"
"3554","3551"
"3554","8517"
"3587","3716"
"3588","3716"
"387","5608"
"4772","3576"
"4773","3576"
"4775","3576"
"4776","3576"
"51764","387"
"54331","387"
"5566","1499"
"5567","1499"
"5568","1499"
"5578","2185"
"5582","2185"
"5594","6667"
"5595","6667"
"55970","387"
"5600","10488"
"5600","1385"
"5600","1388"
"5600","148327"
"5600","468"
"5600","64764"
"5600","84699"
"5600","90993"
"5600","9586"
"5603","10488"
"5603","1385"
"5603","1388"
"5603","148327"
"5603","468"
"5603","64764"
"5603","84699"
"5603","90993"
"5603","9586"
"5731","10681"
"5731","2770"
"5731","2771"
"5731","2773"
"5731","2775"
"5731","2778"
"5731","2782"
"5731","2783"
"5731","2784"
"5731","2785"
"5731","2786"
"5731","2787"
"5731","2788"
"5731","2790"
"5731","2791"
"5731","2792"
"5731","2793"
"5731","51764"
"5731","54331"
"5731","55970"
"5731","59345"
"5731","94235"
"5732","10681"
"5732","2770"
"5732","2771"
"5732","2773"
"5732","2775"
"5732","2782"
"5732","2783"
"5732","2784"
"5732","2785"
"5732","2786"
"5732","2787"
"5732","2788"
"5732","2790"
"5732","2791"
"5732","2792"
"5732","2793"
"5732","51764"
"5732","54331"
"5732","55970"
"5732","59345"
"5732","94235"
"5733","10681"
"5733","2775"
"5733","2778"
"5733","2782"
"5733","2783"
"5733","2784"
"5733","2785"
"5733","2786"
"5733","2787"
"5733","2788"
"5733","2790"
"5733","2791"
"5733","2792"
"5733","2793"
"5733","51764"
"5733","54331"
"5733","55970"
"5733","59345"
"5733","94235"
"5734","10681"
"5734","2770"
"5734","2771"
"5734","2773"
"5734","2775"
"5734","2782"
"5734","2783"
"5734","2784"
"5734","2785"
"5734","2786"
"5734","2787"
"5734","2788"
"5734","2790"
"5734","2791"
"5734","2792"
"5734","2793"
"5734","51764"
"5734","54331"
"5734","55970"
"5734","59345"
"5734","94235"
"59345","387"
"6093","1499"
"6300","10488"
"6300","1385"
"6300","1388"
"6300","148327"
"6300","468"
"6300","64764"
"6300","84699"
"6300","90993"
"6300","9586"
"6774","5743"
"6774","7422"
"7188","1147"
"7188","3551"
"7188","8517"
"7852","10681"
"7852","2782"
"7852","2783"
"7852","2784"
"7852","2785"
"7852","2786"
"7852","2787"
"7852","2788"
"7852","2790"
"7852","2791"
"7852","2792"
"7852","2793"
"7852","51764"
"7852","54331"
"7852","55970"
"7852","59345"
"7852","94235"
"8717","1147"
"8717","3551"
"8717","8517"
"94235","387"
"9475","1499"
"10241","29110"
"10379","5371"
"148022","1147"
"148022","3551"
"148022","8517"
"3337","5611"
"355","8717"
"51135","1147"
"5611","5610"
"8795","8717"
"8797","8717"
"91543","2224"
"10000","7422"
"10297","1499"
"10312","1956"
"10474","7157"
"10488","5734"
"1108","3659"
"11317","390992"
"11317","54626"
"11317","55502"
"11317","57801"
"11317","84667"
"127124","1956"
"1385","5734"
"148327","5734"
"155066","1956"
"1869","890"
"1869","8900"
"1956","5743"
"207","7422"
"208","7422"
"23545","1956"
"245972","1956"
"245973","1956"
"3065","3659"
"3066","3659"
"324","1499"
"3516","390992"
"3516","54626"
"3516","55502"
"3516","57801"
"3516","84667"
"4799","4851"
"4799","4853"
"4799","4854"
"4799","4855"
"4799","7015"
"4851","23462"
"4851","23493"
"4851","26508"
"4851","3280"
"4851","388585"
"4851","390992"
"4851","54626"
"4851","55502"
"4851","57801"
"4851","84667"
"4853","23462"
"4853","23493"
"4853","26508"
"4853","3280"
"4853","388585"
"4853","390992"
"4853","54626"
"4853","55502"
"4853","57801"
"4853","84667"
"4854","23462"
"4854","23493"
"4854","26508"
"4854","3280"
"4854","388585"
"4854","390992"
"4854","54626"
"4854","55502"
"4854","57801"
"4854","84667"
"4855","23462"
"4855","23493"
"4855","26508"
"4855","3280"
"4855","388585"
"4855","390992"
"4855","54626"
"4855","55502"
"4855","57801"
"4855","84667"
"50617","1956"
"51382","1956"
"51606","1956"
"523","1956"
"525","1956"
"526","1956"
"527","1956"
"528","1956"
"529","1956"
"533","1956"
"534","1956"
"535","1956"
"537","1956"
"55534","23462"
"55534","23493"
"55534","26508"
"55534","3280"
"55534","388585"
"55534","390992"
"55534","54626"
"55534","55502"
"55534","57801"
"55534","84667"
"5566","581"
"5567","581"
"5568","581"
"5700","5925"
"5700","5933"
"5700","5934"
"64764","5734"
"6772","4599"
"6772","4600"
"6772","8638"
"6772","9636"
"6773","4599"
"6773","4600"
"6773","8638"
"6773","9636"
"7337","10207"
"7337","1499"
"7337","1739"
"7337","1740"
"7337","1741"
"7337","23513"
"7337","3993"
"7337","3996"
"7337","4799"
"7337","5728"
"7337","64398"
"7337","7157"
"7337","7248"
"7337","7249"
"7337","9223"
"7337","92359"
"8312","1499"
"8313","1499"
"84441","23462"
"84441","23493"
"84441","26508"
"84441","3280"
"84441","388585"
"84441","390992"
"84441","54626"
"84441","55502"
"84441","57801"
"84441","84667"
"84699","5734"
"8992","1956"
"90423","1956"
"90993","5734"
"9114","1956"
"9296","1956"
"9550","1956"
"9586","5734"
"9794","23462"
"9794","23493"
"9794","26508"
"9794","3280"
"9794","388585"
"9794","390992"
"9794","54626"
"9794","55502"
"9794","57801"
"9794","84667"
"10000","3725"
"10488","595"
"115650","9020"
"1385","595"
"1386","595"
"1388","595"
"148327","595"
"1739","5728"
"2002","1958"
"2002","1959"
"2002","8061"
"2005","1958"
"2005","1959"
"2005","8061"
"207","3725"
"208","3725"
"2113","1958"
"2113","1959"
"2113","2353"
"2113","8061"
"2114","1958"
"2114","1959"
"2114","2353"
"2114","8061"
"2224","3265"
"2224","3845"
"2224","4893"
"3265","5605"
"3383","3265"
"3383","3845"
"3383","4893"
"3554","4215"
"3560","3716"
"3560","3718"
"3561","3716"
"3561","3718"
"3725","4316"
"3845","5605"
"4085","991"
"4215","1147"
"4215","3551"
"4215","8517"
"4609","7015"
"4609","894"
"468","595"
"4790","3600"
"4790","3601"
"4790","4049"
"4791","1437"
"4791","331"
"4791","3558"
"4791","3559"
"4791","3569"
"4791","3600"
"4791","3601"
"4791","4049"
"4791","598"
"4893","5605"
"5970","3600"
"5970","3601"
"5970","4049"
"5971","1437"
"5971","331"
"5971","3558"
"5971","3559"
"5971","3569"
"5971","3600"
"5971","3601"
"5971","4049"
"5971","598"
"64764","595"
"6688","1958"
"6688","1959"
"6688","2353"
"6688","8061"
"6722","1958"
"6722","1959"
"6722","8061"
"6929","1031"
"6929","3932"
"6929","5423"
"6929","581"
"701","3725"
"7132","4214"
"7132","4215"
"7850","4215"
"8379","701"
"8379","9184"
"84699","595"
"8517","1147"
"90993","595"
"915","4215"
"916","4215"
"917","4215"
"958","9020"
"9586","595"
"1387","3456"
"146850","57580"
"2033","3456"
"22863","440738"
"22863","643246"
"22863","81631"
"22863","84557"
"2353","2247"
"2353","285"
"2353","5155"
"2353","7422"
"23533","57580"
"3091","2247"
"3091","2919"
"3091","2920"
"3091","2921"
"3661","1387"
"3661","2033"
"3665","1387"
"3665","2033"
"3665","3661"
"3725","2247"
"3725","285"
"3725","5155"
"4772","2247"
"4772","2919"
"4772","2920"
"4772","2921"
"4773","2247"
"4773","2919"
"4773","2920"
"4773","2921"
"4775","2247"
"4775","2919"
"4775","2920"
"4775","2921"
"4776","2247"
"4776","2919"
"4776","2920"
"4776","2921"
"4790","2247"
"51176","1385"
"5289","440738"
"5289","643246"
"5289","81631"
"5289","84557"
"5294","57580"
"54205","581"
"5594","3091"
"5595","3091"
"5970","2247"
"6850","3265"
"6850","3845"
"6850","4893"
"6932","1385"
"6934","1385"
"7538","1437"
"7538","3569"
"83439","1385"
"9261","7538"
"1147","3665"
"148022","3654"
"148022","51135"
"3654","1147"
"5499","1965"
"5500","1965"
"5501","1965"
"57506","3654"
"57506","51135"
"57506","7189"
"5970","4790"
"64170","3661"
"6732","10929"
"6732","6426"
"6732","6427"
"6732","6428"
"6732","6429"
"6732","6430"
"6732","6431"
"6732","6432"
"6732","8683"
"6772","100129543"
"6772","100129842"
"6772","100131017"
"6772","100131827"
"6772","100287226"
"6772","100289635"
"6772","100289678"
"6772","100529215"
"6772","101060200"
"6772","10172"
"6772","10224"
"6772","10308"
"6772","10520"
"6772","10780"
"6772","10793"
"6772","10794"
"6772","10795"
"6772","10838"
"6772","110116772"
"6772","113835"
"6772","114026"
"6772","115196"
"6772","115509"
"6772","117608"
"6772","121274"
"6772","122539214"
"6772","125893"
"6772","125919"
"6772","126017"
"6772","126068"
"6772","126070"
"6772","126231"
"6772","126295"
"6772","126375"
"6772","127396"
"6772","136051"
"6772","139735"
"6772","140612"
"6772","146198"
"6772","146434"
"6772","146540"
"6772","146542"
"6772","147657"
"6772","147658"
"6772","147660"
"6772","147686"
"6772","147687"
"6772","147694"
"6772","147741"
"6772","147837"
"6772","147923"
"6772","147929"
"6772","147948"
"6772","147949"
"6772","148103"
"6772","148156"
"6772","148198"
"6772","148203"
"6772","148206"
"6772","148213"
"6772","148254"
"6772","148266"
"6772","148268"
"6772","152687"
"6772","155054"
"6772","155061"
"6772","158431"
"6772","162239"
"6772","162655"
"6772","162962"
"6772","162963"
"6772","162966"
"6772","162967"
"6772","162972"
"6772","162993"
"6772","163049"
"6772","163050"
"6772","163051"
"6772","163059"
"6772","163071"
"6772","163081"
"6772","163087"
"6772","163131"
"6772","163223"
"6772","163227"
"6772","163255"
"6772","168374"
"6772","168417"
"6772","169270"
"6772","169841"
"6772","170958"
"6772","170959"
"6772","170960"
"6772","171392"
"6772","197320"
"6772","199692"
"6772","199704"
"6772","199777"
"6772","201514"
"6772","219749"
"6772","220992"
"6772","22835"
"6772","22869"
"6772","253639"
"6772","255403"
"6772","256051"
"6772","25799"
"6772","25888"
"6772","26149"
"6772","26152"
"6772","26974"
"6772","27102"
"6772","27153"
"6772","27300"
"6772","282890"
"6772","284306"
"6772","284307"
"6772","284309"
"6772","284323"
"6772","284349"
"6772","284370"
"6772","284371"
"6772","284390"
"6772","284406"
"6772","284459"
"6772","285267"
"6772","285268"
"6772","285676"
"6772","286075"
"6772","30832"
"6772","339318"
"6772","339327"
"6772","339559"
"6772","340252"
"6772","340385"
"6772","342892"
"6772","342908"
"6772","342909"
"6772","342926"
"6772","344787"
"6772","345462"
"6772","346171"
"6772","347344"
"6772","348327"
"6772","349075"
"6772","353088"
"6772","353355"
"6772","374879"
"6772","374899"
"6772","374900"
"6772","374928"
"6772","388523"
"6772","388536"
"6772","388558"
"6772","388559"
"6772","388561"
"6772","388566"
"6772","388567"
"6772","388569"
"6772","389114"
"6772","390927"
"6772","390980"
"6772","400713"
"6772","400720"
"6772","440077"
"6772","440275"
"6772","440515"
"6772","440519"
"6772","441234"
"6772","442319"
"6772","4938"
"6772","4939"
"6772","4940"
"6772","51276"
"6772","51385"
"6772","51427"
"6772","51710"
"6772","54753"
"6772","54807"
"6772","54811"
"6772","54925"
"6772","55422"
"6772","55552"
"6772","55659"
"6772","55713"
"6772","55762"
"6772","55769"
"6772","55786"
"6772","55900"
"6772","56242"
"6772","57209"
"6772","57232"
"6772","57335"
"6772","57343"
"6772","57474"
"6772","57541"
"6772","57547"
"6772","57573"
"6772","57615"
"6772","57677"
"6772","57693"
"6772","57711"
"6772","57786"
"6772","58492"
"6772","58500"
"6772","59348"
"6772","63934"
"6772","641339"
"6772","65243"
"6772","65251"
"6772","654254"
"6772","684"
"6772","6940"
"6772","728927"
"6772","728957"
"6772","729747"
"6772","730051"
"6772","730087"
"6772","730291"
"6772","7539"
"6772","7549"
"6772","7551"
"6772","7553"
"6772","7554"
"6772","7556"
"6772","7559"
"6772","7561"
"6772","7562"
"6772","7565"
"6772","7567"
"6772","7568"
"6772","7569"
"6772","7571"
"6772","7574"
"6772","7576"
"6772","7581"
"6772","7582"
"6772","7587"
"6772","7592"
"6772","7594"
"6772","7596"
"6772","7617"
"6772","7625"
"6772","7633"
"6772","7637"
"6772","7638"
"6772","7639"
"6772","7643"
"6772","7644"
"6772","7652"
"6772","7673"
"6772","7678"
"6772","7691"
"6772","7692"
"6772","7694"
"6772","7695"
"6772","7699"
"6772","7700"
"6772","7710"
"6772","7711"
"6772","7712"
"6772","7728"
"6772","7730"
"6772","7733"
"6772","7738"
"6772","7743"
"6772","7748"
"6772","7752"
"6772","7755"
"6772","7757"
"6772","7761"
"6772","7766"
"6772","7767"
"6772","7768"
"6772","7769"
"6772","7770"
"6772","7771"
"6772","7772"
"6772","7773"
"6772","79088"
"6772","79175"
"6772","79230"
"6772","79724"
"6772","79744"
"6772","79788"
"6772","79818"
"6772","79862"
"6772","7988"
"6772","79891"
"6772","79898"
"6772","79973"
"6772","80032"
"6772","80095"
"6772","80110"
"6772","80264"
"6772","80778"
"6772","80818"
"6772","81856"
"6772","81931"
"6772","83744"
"6772","8427"
"6772","84436"
"6772","84449"
"6772","84503"
"6772","84527"
"6772","84671"
"6772","84765"
"6772","84775"
"6772","84874"
"6772","84911"
"6772","84914"
"6772","84924"
"6772","90075"
"6772","90233"
"6772","90317"
"6772","90321"
"6772","90333"
"6772","90338"
"6772","90576"
"6772","90592"
"6772","90594"
"6772","90649"
"6772","90827"
"6772","90987"
"6772","91120"
"6772","91661"
"6772","91664"
"6772","91975"
"6772","92283"
"6772","92285"
"6772","92595"
"6772","9310"
"6772","93134"
"6772","93474"
"6772","94039"
"6772","9422"
"6772","9451"
"6772","9534"
"6772","9668"
"6772","9831"
"6773","100129543"
"6773","100129842"
"6773","100131017"
"6773","100131827"
"6773","100287226"
"6773","100289635"
"6773","100289678"
"6773","100529215"
"6773","101060200"
"6773","10172"
"6773","10224"
"6773","10308"
"6773","10520"
"6773","10780"
"6773","10793"
"6773","10794"
"6773","10795"
"6773","10838"
"6773","110116772"
"6773","113835"
"6773","114026"
"6773","115196"
"6773","115509"
"6773","117608"
"6773","121274"
"6773","122539214"
"6773","125893"
"6773","125919"
"6773","126017"
"6773","126068"
"6773","126070"
"6773","126231"
"6773","126295"
"6773","126375"
"6773","127396"
"6773","136051"
"6773","139735"
"6773","140612"
"6773","146198"
"6773","146434"
"6773","146540"
"6773","146542"
"6773","147657"
"6773","147658"
"6773","147660"
"6773","147686"
"6773","147687"
"6773","147694"
"6773","147741"
"6773","147837"
"6773","147923"
"6773","147929"
"6773","147948"
"6773","147949"
"6773","148103"
"6773","148156"
"6773","148198"
"6773","148203"
"6773","148206"
"6773","148213"
"6773","148254"
"6773","148266"
"6773","148268"
"6773","152687"
"6773","155054"
"6773","155061"
"6773","158431"
"6773","162239"
"6773","162655"
"6773","162962"
"6773","162963"
"6773","162966"
"6773","162967"
"6773","162972"
"6773","162993"
"6773","163049"
"6773","163050"
"6773","163051"
"6773","163059"
"6773","163071"
"6773","163081"
"6773","163087"
"6773","163131"
"6773","163223"
"6773","163227"
"6773","163255"
"6773","168374"
"6773","168417"
"6773","169270"
"6773","169841"
"6773","170958"
"6773","170959"
"6773","170960"
"6773","171392"
"6773","197320"
"6773","199692"
"6773","199704"
"6773","199777"
"6773","201514"
"6773","219749"
"6773","220992"
"6773","22835"
"6773","22869"
"6773","253639"
"6773","255403"
"6773","256051"
"6773","25799"
"6773","25888"
"6773","26149"
"6773","26152"
"6773","26974"
"6773","27102"
"6773","27153"
"6773","27300"
"6773","282890"
"6773","284306"
"6773","284307"
"6773","284309"
"6773","284323"
"6773","284349"
"6773","284370"
"6773","284371"
"6773","284390"
"6773","284406"
"6773","284459"
"6773","285267"
"6773","285268"
"6773","285676"
"6773","286075"
"6773","30832"
"6773","339318"
"6773","339327"
"6773","339559"
"6773","340252"
"6773","340385"
"6773","342892"
"6773","342908"
"6773","342909"
"6773","342926"
"6773","344787"
"6773","345462"
"6773","346171"
"6773","347344"
"6773","348327"
"6773","349075"
"6773","353088"
"6773","353355"
"6773","374879"
"6773","374899"
"6773","374900"
"6773","374928"
"6773","388523"
"6773","388536"
"6773","388558"
"6773","388559"
"6773","388561"
"6773","388566"
"6773","388567"
"6773","388569"
"6773","389114"
"6773","390927"
"6773","390980"
"6773","400713"
"6773","400720"
"6773","440077"
"6773","440275"
"6773","440515"
"6773","440519"
"6773","441234"
"6773","442319"
"6773","4938"
"6773","4939"
"6773","4940"
"6773","51276"
"6773","51385"
"6773","51427"
"6773","51710"
"6773","54753"
"6773","54807"
"6773","54811"
"6773","54925"
"6773","55422"
"6773","55552"
"6773","55659"
"6773","55713"
"6773","55762"
"6773","55769"
"6773","55786"
"6773","55900"
"6773","56242"
"6773","57209"
"6773","57232"
"6773","57335"
"6773","57343"
"6773","57474"
"6773","57541"
"6773","57547"
"6773","57573"
"6773","57615"
"6773","57677"
"6773","57693"
"6773","57711"
"6773","57786"
"6773","58492"
"6773","58500"
"6773","59348"
"6773","63934"
"6773","641339"
"6773","65243"
"6773","65251"
"6773","654254"
"6773","684"
"6773","6940"
"6773","728927"
"6773","728957"
"6773","729747"
"6773","730051"
"6773","730087"
"6773","730291"
"6773","7539"
"6773","7549"
"6773","7551"
"6773","7553"
"6773","7554"
"6773","7556"
"6773","7559"
"6773","7561"
"6773","7562"
"6773","7565"
"6773","7567"
"6773","7568"
"6773","7569"
"6773","7571"
"6773","7574"
"6773","7576"
"6773","7581"
"6773","7582"
"6773","7587"
"6773","7592"
"6773","7594"
"6773","7596"
"6773","7617"
"6773","7625"
"6773","7633"
"6773","7637"
"6773","7638"
"6773","7639"
"6773","7643"
"6773","7644"
"6773","7652"
"6773","7673"
"6773","7678"
"6773","7691"
"6773","7692"
"6773","7694"
"6773","7695"
"6773","7699"
"6773","7700"
"6773","7710"
"6773","7711"
"6773","7712"
"6773","7728"
"6773","7730"
"6773","7733"
"6773","7738"
"6773","7743"
"6773","7748"
"6773","7752"
"6773","7755"
"6773","7757"
"6773","7761"
"6773","7766"
"6773","7767"
"6773","7768"
"6773","7769"
"6773","7770"
"6773","7771"
"6773","7772"
"6773","7773"
"6773","79088"
"6773","79175"
"6773","79230"
"6773","79724"
"6773","79744"
"6773","79788"
"6773","79818"
"6773","79862"
"6773","7988"
"6773","79891"
"6773","79898"
"6773","79973"
"6773","80032"
"6773","80095"
"6773","80110"
"6773","80264"
"6773","80778"
"6773","80818"
"6773","81856"
"6773","81931"
"6773","83744"
"6773","8427"
"6773","84436"
"6773","84449"
"6773","84503"
"6773","84527"
"6773","84671"
"6773","84765"
"6773","84775"
"6773","84874"
"6773","84911"
"6773","84914"
"6773","84924"
"6773","90075"
"6773","90233"
"6773","90317"
"6773","90321"
"6773","90333"
"6773","90338"
"6773","90576"
"6773","90592"
"6773","90594"
"6773","90649"
"6773","90827"
"6773","90987"
"6773","91120"
"6773","91661"
"6773","91664"
"6773","91975"
"6773","92283"
"6773","92285"
"6773","92595"
"6773","9310"
"6773","93134"
"6773","93474"
"6773","94039"
"6773","9422"
"6773","9451"
"6773","9534"
"6773","9668"
"6773","9831"
"8764","7186"
"8764","7188"
"102723407","6850"
"10379","9636"
"11317","1380"
"11317","2208"
"11317","4609"
"11317","864"
"25942","11317"
"25942","3516"
"3516","1380"
"3516","2208"
"3516","4609"
"3516","864"
"3725","2208"
"3725","3683"
"3725","377841"
"3725","596"
"3725","7128"
"3725","7431"
"3725","953"
"3725","956"
"3725","958"
"3725","960"
"3725","965"
"4067","29760"
"4734","4067"
"4734","6850"
"4790","2208"
"4790","3683"
"4790","377841"
"4790","7431"
"4790","953"
"4790","956"
"4790","958"
"4790","960"
"4790","965"
"4791","2208"
"4791","3683"
"4791","377841"
"4791","596"
"4791","7128"
"4791","7431"
"4791","953"
"4791","956"
"4791","958"
"4791","960"
"4791","965"
"5610","8772"
"57506","10454"
"57506","23118"
"57506","6885"
"5970","2208"
"5970","3683"
"5970","377841"
"5970","7431"
"5970","953"
"5970","956"
"5970","958"
"5970","960"
"5970","965"
"5971","2208"
"5971","3683"
"5971","377841"
"5971","596"
"5971","7128"
"5971","7431"
"5971","953"
"5971","956"
"5971","958"
"5971","960"
"5971","965"
"6502","5925"
"6772","3665"
"6773","3665"
"7157","51426"
"7186","5606"
"7186","5608"
"7187","5290"
"7187","5291"
"7187","5293"
"7187","5295"
"7187","5296"
"7187","8503"
"7188","5290"
"7188","5291"
"7188","5293"
"7188","5295"
"7188","5296"
"7188","8503"
"7874","7157"
"79685","11317"
"79685","3516"
"8717","7189"
"8717","8737"
"8717","9020"
"8737","5608"
"8819","11317"
"8819","3516"
"10681","5879"
"10681","5880"
"10681","5881"
"1111","494551"
"1111","7465"
"1234","10681"
"1234","2767"
"1234","2776"
"1234","2782"
"1234","2783"
"1234","2784"
"1234","2785"
"1234","2786"
"1234","2787"
"1234","2788"
"1234","2790"
"1234","2791"
"1234","2792"
"1234","2793"
"1234","51764"
"1234","54331"
"1234","55970"
"1234","59345"
"1234","7124"
"1234","94235"
"1642","472"
"1642","545"
"23291","920"
"2767","5335"
"2767","5336"
"2775","5290"
"2775","5291"
"2775","5293"
"2775","5295"
"2775","5296"
"2775","8503"
"2776","5336"
"2782","5879"
"2782","5880"
"2782","5881"
"2783","5879"
"2783","5880"
"2783","5881"
"2784","5879"
"2784","5880"
"2784","5881"
"2785","5879"
"2785","5880"
"2785","5881"
"2786","5879"
"2786","5880"
"2786","5881"
"2787","5879"
"2787","5880"
"2787","5881"
"2788","5879"
"2788","5880"
"2788","5881"
"2790","5879"
"2790","5880"
"2790","5881"
"2791","5879"
"2791","5880"
"2791","5881"
"2792","5879"
"2792","5880"
"2792","5881"
"2793","5879"
"2793","5880"
"2793","5881"
"3661","100913187"
"3661","140564"
"3661","164668"
"3661","200315"
"3661","200316"
"3661","25939"
"3661","27350"
"3661","60489"
"3661","684"
"3661","85363"
"3661","9582"
"4790","2353"
"4790","3725"
"51764","5879"
"51764","5880"
"51764","5881"
"54331","5879"
"54331","5880"
"54331","5881"
"55970","5879"
"55970","5880"
"55970","5881"
"5747","2185"
"59345","5879"
"59345","5880"
"59345","5881"
"5970","2353"
"5970","3725"
"6500","920"
"6921","100913187"
"6921","140564"
"6921","164668"
"6921","200315"
"6921","200316"
"6921","27350"
"6921","60489"
"6921","9582"
"6923","100913187"
"6923","140564"
"6923","164668"
"6923","200315"
"6923","200316"
"6923","27350"
"6923","60489"
"6923","9582"
"7133","598"
"7186","5609"
"7188","5606"
"7188","5608"
"7188","5609"
"7852","2775"
"7852","7124"
"8065","100913187"
"8065","140564"
"8065","164668"
"8065","200315"
"8065","200316"
"8065","27350"
"8065","60489"
"8065","9582"
"8450","472"
"8450","545"
"8451","472"
"8451","545"
"8454","920"
"8717","5606"
"8717","5608"
"8717","5609"
"8737","5609"
"8945","920"
"915","356"
"916","356"
"917","356"
"919","356"
"94235","5879"
"94235","5880"
"94235","5881"
"9616","100913187"
"9616","140564"
"9616","164668"
"9616","200315"
"9616","200316"
"9616","27350"
"9616","60489"
"9616","9582"
"9730","472"
"9730","545"
"9978","920"
"10747","2147"
"10747","5648"
"1675","718"
"2147","2162"
"2147","2165"
"2212","5594"
"2212","5595"
"3570","3572"
"4153","10747"
"4153","5648"
"51284","3654"
"51284","51135"
"51311","3654"
"51311","51135"
"5648","1675"
"5648","2147"
"629","718"
"6774","4790"
"6774","5970"
"6868","3570"
"6868","7124"
"7098","7187"
"7132","4792"
"7132","4793"
"727","729"
"727","730"
"727","731"
"727","732"
"727","733"
"727","735"
"728","6403"
"728","7450"
"729","727"
"730","727"
"731","727"
"732","727"
"733","727"
"735","727"
"1163","6500"
"1163","6502"
"1163","8454"
"1163","9978"
"1164","6500"
"1164","6502"
"1164","8454"
"1164","9978"
"1398","5290"
"1398","5291"
"1398","5293"
"1398","5295"
"1398","5296"
"1398","8503"
"1399","5290"
"1399","5291"
"1399","5293"
"1399","5295"
"1399","5296"
"1399","8503"
"1439","3716"
"1439","3717"
"1439","3718"
"149233","3716"
"149233","3717"
"149233","3718"
"183","1909"
"183","1910"
"183","623"
"183","624"
"183","7852"
"183","9002"
"1906","623"
"1906","624"
"1956","3718"
"2034","2277"
"2034","5155"
"2034","5228"
"2034","6513"
"2034","7039"
"2034","7040"
"2034","7042"
"2034","7043"
"2034","7422"
"2034","7423"
"2034","7424"
"2056","1439"
"2056","149233"
"2056","3459"
"2056","3460"
"2056","3568"
"2056","3572"
"2056","3594"
"2056","3595"
"2056","3597"
"2056","3601"
"2057","3716"
"2057","3718"
"2064","3718"
"2099","4609"
"2099","5467"
"2099","595"
"2100","4609"
"2100","5467"
"2100","595"
"2113","1019"
"2113","2277"
"2113","3576"
"2113","4312"
"2113","4313"
"2113","4318"
"2113","5228"
"2113","595"
"2113","7422"
"2113","7423"
"2113","7424"
"2122","1487"
"2122","1488"
"2122","3065"
"2122","3066"
"2147","1909"
"2147","1910"
"2147","623"
"2147","624"
"2147","7852"
"2322","5290"
"2322","5291"
"2322","5293"
"2322","5295"
"2322","5296"
"2322","8503"
"2353","2277"
"2353","4313"
"2353","4609"
"2353","5228"
"2353","5467"
"2353","7423"
"2353","7424"
"238","3265"
"238","3716"
"238","3717"
"238","3718"
"238","3845"
"238","4893"
"238","5290"
"238","5291"
"238","5293"
"238","5295"
"238","5296"
"238","5335"
"238","5336"
"238","8503"
"25","1398"
"25","1399"
"25","2885"
"25","6776"
"25","6777"
"25","867"
"2735","51384"
"2735","54361"
"2735","650"
"2735","652"
"2735","7471"
"2735","7472"
"2735","7473"
"2735","7474"
"2735","7475"
"2735","7476"
"2735","7477"
"2735","7478"
"2735","7479"
"2735","7480"
"2735","7481"
"2735","7482"
"2735","7483"
"2735","7484"
"2735","80326"
"2735","81029"
"2735","89780"
"2736","2735"
"2736","51384"
"2736","54361"
"2736","650"
"2736","652"
"2736","7471"
"2736","7472"
"2736","7473"
"2736","7474"
"2736","7475"
"2736","7476"
"2736","7477"
"2736","7478"
"2736","7479"
"2736","7480"
"2736","7481"
"2736","7482"
"2736","7483"
"2736","7484"
"2736","80326"
"2736","81029"
"2736","89780"
"2737","51384"
"2737","54361"
"2737","650"
"2737","652"
"2737","7471"
"2737","7472"
"2737","7473"
"2737","7474"
"2737","7475"
"2737","7476"
"2737","7477"
"2737","7478"
"2737","7479"
"2737","7480"
"2737","7481"
"2737","7482"
"2737","7483"
"2737","7484"
"2737","80326"
"2737","81029"
"2737","89780"
"27436","3265"
"27436","3716"
"27436","3717"
"27436","3718"
"27436","3845"
"27436","4893"
"27436","5290"
"27436","5291"
"27436","5293"
"27436","5295"
"27436","5296"
"27436","5335"
"27436","5336"
"27436","8503"
"3091","2277"
"3091","5155"
"3091","5228"
"3091","7039"
"3091","7040"
"3091","7042"
"3091","7043"
"3091","7423"
"3091","7424"
"3320","367"
"3326","367"
"3439","1439"
"3439","149233"
"3439","3568"
"3439","3572"
"3439","3594"
"3439","3595"
"3439","3597"
"3439","3601"
"3440","1439"
"3440","149233"
"3440","3568"
"3440","3572"
"3440","3594"
"3440","3595"
"3440","3597"
"3440","3601"
"3441","1439"
"3441","149233"
"3441","3568"
"3441","3572"
"3441","3594"
"3441","3595"
"3441","3597"
"3441","3601"
"3442","1439"
"3442","149233"
"3442","3568"
"3442","3572"
"3442","3594"
"3442","3595"
"3442","3597"
"3442","3601"
"3443","1439"
"3443","149233"
"3443","3568"
"3443","3572"
"3443","3594"
"3443","3595"
"3443","3597"
"3443","3601"
"3444","1439"
"3444","149233"
"3444","3568"
"3444","3572"
"3444","3594"
"3444","3595"
"3444","3597"
"3444","3601"
"3445","1439"
"3445","149233"
"3445","3568"
"3445","3572"
"3445","3594"
"3445","3595"
"3445","3597"
"3445","3601"
"3446","1439"
"3446","149233"
"3446","3568"
"3446","3572"
"3446","3594"
"3446","3595"
"3446","3597"
"3446","3601"
"3447","1439"
"3447","149233"
"3447","3568"
"3447","3572"
"3447","3594"
"3447","3595"
"3447","3597"
"3447","3601"
"3448","1439"
"3448","149233"
"3448","3568"
"3448","3572"
"3448","3594"
"3448","3595"
"3448","3597"
"3448","3601"
"3449","1439"
"3449","149233"
"3449","3568"
"3449","3572"
"3449","3594"
"3449","3595"
"3449","3597"
"3449","3601"
"3451","1439"
"3451","149233"
"3451","3568"
"3451","3572"
"3451","3594"
"3451","3595"
"3451","3597"
"3451","3601"
"3452","1439"
"3452","149233"
"3452","3568"
"3452","3572"
"3452","3594"
"3452","3595"
"3452","3597"
"3452","3601"
"3458","1439"
"3458","149233"
"3458","2057"
"3458","3559"
"3458","3560"
"3458","3561"
"3458","3563"
"3458","3566"
"3458","3568"
"3458","3570"
"3458","3572"
"3458","3575"
"3458","3594"
"3458","3595"
"3458","3597"
"3458","3601"
"3558","1439"
"3558","149233"
"3558","3459"
"3558","3460"
"3558","3568"
"3558","3572"
"3558","3594"
"3558","3595"
"3558","3597"
"3559","3716"
"3559","3717"
"3559","3718"
"3560","3717"
"3561","3717"
"3562","149233"
"3562","3459"
"3562","3460"
"3562","3572"
"3562","3594"
"3562","3595"
"3562","3597"
"3562","3601"
"3563","3716"
"3563","3717"
"3563","3718"
"3565","1439"
"3565","149233"
"3565","3459"
"3565","3460"
"3565","3568"
"3565","3572"
"3565","3594"
"3565","3595"
"3566","3716"
"3566","3717"
"3566","3718"
"3567","149233"
"3567","2057"
"3567","3454"
"3567","3455"
"3567","3459"
"3567","3460"
"3567","3559"
"3567","3560"
"3567","3561"
"3567","3566"
"3567","3570"
"3567","3572"
"3567","3575"
"3567","3594"
"3567","3595"
"3567","3597"
"3567","3601"
"3568","3716"
"3568","3717"
"3568","3718"
"3569","1439"
"3569","149233"
"3569","3459"
"3569","3460"
"3569","3568"
"3569","3594"
"3569","3595"
"3569","3601"
"3570","3718"
"3574","1439"
"3574","149233"
"3574","3459"
"3574","3460"
"3574","3568"
"3574","3572"
"3574","3594"
"3574","3595"
"3574","3597"
"3575","3716"
"3575","3717"
"3575","3718"
"3592","1439"
"3592","2057"
"3592","3454"
"3592","3455"
"3592","3459"
"3592","3460"
"3592","3559"
"3592","3560"
"3592","3561"
"3592","3563"
"3592","3566"
"3592","3568"
"3592","3570"
"3592","3572"
"3592","3575"
"3592","3597"
"3592","3601"
"3593","1439"
"3593","2057"
"3593","3454"
"3593","3455"
"3593","3459"
"3593","3460"
"3593","3559"
"3593","3560"
"3593","3561"
"3593","3563"
"3593","3566"
"3593","3568"
"3593","3570"
"3593","3572"
"3593","3575"
"3593","3597"
"3593","3601"
"3594","3716"
"3594","3717"
"3594","3718"
"3595","3716"
"3595","3717"
"3595","3718"
"3596","1439"
"3596","149233"
"3596","2057"
"3596","3454"
"3596","3455"
"3596","3459"
"3596","3460"
"3596","3559"
"3596","3560"
"3596","3561"
"3596","3563"
"3596","3568"
"3596","3575"
"3596","3594"
"3596","3595"
"3596","3601"
"3597","3716"
"3597","3717"
"3597","3718"
"3600","1439"
"3600","149233"
"3600","2057"
"3600","3454"
"3600","3455"
"3600","3459"
"3600","3460"
"3600","3563"
"3600","3568"
"3600","3570"
"3600","3572"
"3600","3594"
"3600","3595"
"3600","3597"
"3601","3716"
"3601","3717"
"3601","3718"
"367","354"
"3725","4609"
"3725","5228"
"3725","5467"
"3728","4609"
"3728","5467"
"3728","595"
"3827","1909"
"3827","1910"
"4149","1163"
"4149","1164"
"4149","7709"
"4609","1019"
"4609","1163"
"4609","1164"
"4609","2277"
"4609","3576"
"4609","4312"
"4609","4313"
"4609","4318"
"4609","5228"
"4609","595"
"4609","7422"
"4609","7423"
"4609","7424"
"4780","10587"
"4780","114112"
"4780","119391"
"4780","1728"
"4780","221357"
"4780","2938"
"4780","2939"
"4780","2940"
"4780","2941"
"4780","2944"
"4780","2946"
"4780","2947"
"4780","2948"
"4780","2949"
"4780","2950"
"4780","2952"
"4780","2953"
"4780","3162"
"4780","4257"
"4780","4258"
"4780","4259"
"4780","653689"
"4780","7296"
"4780","9446"
"4790","7187"
"4790","7188"
"4790","7189"
"4790","9618"
"4791","329"
"4791","330"
"4791","4843"
"4791","5743"
"4791","595"
"4791","7185"
"4791","7186"
"4791","7187"
"4791","7188"
"4791","7189"
"4791","79444"
"4791","9618"
"4851","2064"
"4851","2324"
"4853","2064"
"4853","2324"
"4854","2064"
"4854","2324"
"4855","2064"
"4855","2324"
"51561","1439"
"51561","2057"
"51561","3454"
"51561","3455"
"51561","3459"
"51561","3460"
"51561","3559"
"51561","3560"
"51561","3561"
"51561","3563"
"51561","3566"
"51561","3568"
"51561","3570"
"51561","3572"
"51561","3575"
"51561","3597"
"51561","3601"
"5371","3728"
"5371","6688"
"5371","890"
"5371","8900"
"5578","2002"
"5579","2002"
"5582","2002"
"5900","387"
"5914","3728"
"5914","6688"
"5914","890"
"5914","8900"
"5970","7187"
"5970","7188"
"5970","7189"
"5970","9618"
"613","1398"
"613","1399"
"613","2885"
"613","6776"
"613","6777"
"613","867"
"6608","51684"
"6667","4609"
"6667","5467"
"6667","595"
"6772","2277"
"6772","5228"
"6772","7422"
"6772","7423"
"6772","7424"
"6774","2277"
"6774","5228"
"6774","7423"
"6774","7424"
"6776","11040"
"6777","11040"
"7184","367"
"7704","3728"
"7704","890"
"7704","8900"
"815","3265"
"815","3845"
"815","4893"
"816","3265"
"816","3845"
"816","4893"
"817","3265"
"817","3845"
"817","4893"
"818","3265"
"818","3845"
"818","4893"
"8202","4609"
"8202","5467"
"8202","595"
"836","1630"
"861","1050"
"861","1487"
"861","1488"
"861","3065"
"861","3066"
"861","3728"
"861","6688"
"862","1050"
"862","3728"
"862","6688"
"8648","4609"
"8648","5467"
"8648","595"
"867","5290"
"867","5291"
"867","5293"
"867","5295"
"867","5296"
"867","8503"
"9252","4609"
"1050","8864"
"6688","2209"
"6688","3684"
"6688","929"
"10818","5781"
"11211","1499"
"117581","406902"
"117581","406903"
"1432","3316"
"1499","7422"
"1655","406991"
"1956","836"
"2064","3091"
"2064","4609"
"2065","1499"
"2065","3091"
"2065","4609"
"2066","1499"
"2066","3091"
"2066","4609"
"2260","5594"
"2260","5595"
"22800","5594"
"22800","5595"
"22808","5594"
"22808","5595"
"2335","6383"
"2535","1499"
"2719","3481"
"2719","51384"
"2719","54361"
"2719","7471"
"2719","7472"
"2719","7473"
"2719","7474"
"2719","7475"
"2719","7476"
"2719","7477"
"2719","7478"
"2719","7479"
"2719","7480"
"2719","7481"
"2719","7482"
"2719","7483"
"2719","7484"
"2719","80326"
"2719","81029"
"2719","89780"
"2817","1839"
"2817","2247"
"286","3708"
"286","3709"
"286","3710"
"287","3708"
"287","3709"
"287","3710"
"288","3708"
"288","3709"
"288","3710"
"2885","22800"
"2885","22808"
"2885","3265"
"2885","3845"
"2885","4893"
"2885","6237"
"29102","406991"
"3339","3673"
"3339","3688"
"3339","7422"
"3480","5594"
"3480","5595"
"3549","2719"
"3673","5566"
"3673","5567"
"3673","5568"
"3673","5777"
"3688","5566"
"3688","5567"
"3688","5568"
"3688","5777"
"369","5594"
"369","5595"
"3708","815"
"3708","816"
"3708","817"
"3708","818"
"3709","815"
"3709","816"
"3709","817"
"3709","818"
"3710","815"
"3710","816"
"3710","817"
"3710","818"
"387","51196"
"4060","356"
"4060","4193"
"4060","7042"
"406902","3236"
"406903","3236"
"406991","27250"
"4313","7422"
"4318","6382"
"4318","7422"
"4478","60"
"4478","71"
"4609","7023"
"5566","5747"
"5567","5747"
"5568","5747"
"5594","5328"
"5594","5329"
"5595","5328"
"5595","5329"
"5600","3316"
"5603","3316"
"5747","1432"
"5747","5600"
"5747","5603"
"5747","6300"
"5777","3791"
"5894","5594"
"5894","5595"
"5962","60"
"5962","71"
"6093","2549"
"6093","6548"
"6237","5594"
"6237","5595"
"6300","3316"
"6382","3685"
"6382","3690"
"6382","5594"
"6382","5595"
"6382","7471"
"6383","4478"
"6383","5962"
"6383","7430"
"6385","5578"
"6385","5747"
"6385","5829"
"6385","84309"
"6469","2719"
"673","5594"
"673","5595"
"6774","406991"
"7023","1026"
"7040","406991"
"7057","4313"
"7057","4318"
"7078","4313"
"7078","4318"
"7097","27250"
"7097","3593"
"7097","7124"
"7099","27250"
"7099","3593"
"7099","7124"
"7291","406902"
"7291","406903"
"7430","60"
"7430","71"
"7855","1499"
"7976","1499"
"8321","1499"
"8322","1499"
"8323","1499"
"8324","1499"
"8325","1499"
"8326","1499"
"867","1499"
"867","3091"
"867","4609"
"867","7057"
"867","7078"
"8826","5594"
"8826","5595"
"9475","2549"
"9475","6548"
"960","10451"
"960","23365"
"960","7074"
"960","7409"
"960","7410"
"960","9138"
"100302238","2261"
"100302238","23405"
"100302238","5578"
"100302238","5579"
"100302238","5582"
"100302238","9252"
"100302282","2261"
"100302282","23405"
"100302282","5578"
"100302282","5579"
"100302282","5582"
"100302282","9252"
"406881","1021"
"406881","10642"
"406881","131405"
"406881","3265"
"406881","3845"
"406881","406901"
"406881","4893"
"406881","8091"
"406881","993"
"406881","994"
"406881","995"
"406882","1021"
"406882","10642"
"406882","131405"
"406882","3265"
"406882","3845"
"406882","406901"
"406882","4893"
"406882","8091"
"406882","993"
"406882","994"
"406882","995"
"406883","1021"
"406883","10642"
"406883","131405"
"406883","3265"
"406883","3845"
"406883","406901"
"406883","4893"
"406883","8091"
"406883","993"
"406883","994"
"406883","995"
"406884","1021"
"406884","10642"
"406884","131405"
"406884","3265"
"406884","3845"
"406884","406901"
"406884","4893"
"406884","8091"
"406884","993"
"406884","994"
"406884","995"
"406885","3265"
"406885","3845"
"406885","4609"
"406885","4893"
"406885","6774"
"406885","8091"
"406885","836"
"406886","1021"
"406886","10642"
"406886","131405"
"406886","3265"
"406886","3845"
"406886","406901"
"406886","4893"
"406886","8091"
"406886","993"
"406886","994"
"406886","995"
"406887","1021"
"406887","10642"
"406887","131405"
"406887","3265"
"406887","3845"
"406887","406901"
"406887","4893"
"406887","8091"
"406887","993"
"406887","994"
"406887","995"
"406888","1021"
"406888","10642"
"406888","131405"
"406888","3265"
"406888","3845"
"406888","406901"
"406888","4893"
"406888","8091"
"406888","993"
"406888","994"
"406888","995"
"406889","1021"
"406889","10642"
"406889","131405"
"406889","3265"
"406889","3845"
"406889","406901"
"406889","4893"
"406889","8091"
"406889","993"
"406889","994"
"406889","995"
"406890","1021"
"406890","10642"
"406890","131405"
"406890","3265"
"406890","3845"
"406890","406901"
"406890","4893"
"406890","8091"
"406890","993"
"406890","994"
"406890","995"
"406891","1021"
"406891","10642"
"406891","131405"
"406891","3265"
"406891","3845"
"406891","406901"
"406891","4893"
"406891","8091"
"406891","993"
"406891","994"
"406891","995"
"406892","2261"
"406893","2146"
"406893","2261"
"406893","5335"
"406893","5336"
"406894","2146"
"406894","2261"
"406894","5335"
"406894","5336"
"406895","2261"
"406895","23405"
"406895","5578"
"406895","5579"
"406895","5582"
"406895","9252"
"406896","2261"
"406896","23405"
"406896","5578"
"406896","5579"
"406896","5582"
"406896","9252"
"406900","1026"
"406900","1869"
"406901","23405"
"406902","11186"
"406902","2261"
"406902","2885"
"406902","4193"
"406902","4194"
"406902","472"
"406902","5578"
"406902","5579"
"406902","5582"
"406902","5594"
"406902","5595"
"406903","11186"
"406903","2261"
"406903","2885"
"406903","4193"
"406903","4194"
"406903","472"
"406903","5578"
"406903","5579"
"406903","5582"
"406903","5594"
"406903","5595"
"406904","10014"
"406904","27086"
"406904","4233"
"406904","5292"
"406904","9759"
"406905","10014"
"406905","27086"
"406905","4233"
"406905","5292"
"406905","9759"
"406906","3162"
"406906","6541"
"406906","900"
"406907","1021"
"406908","1021"
"406909","1021"
"406910","1029"
"406910","1956"
"406910","2064"
"406910","2261"
"406910","3845"
"406910","7157"
"406911","1029"
"406911","1956"
"406911","2064"
"406911","2261"
"406911","3845"
"406911","578"
"406911","7157"
"406912","1029"
"406912","1956"
"406912","2064"
"406912","2261"
"406912","3845"
"406912","578"
"406912","7157"
"406913","1398"
"406913","1399"
"406913","5290"
"406913","5291"
"406913","5293"
"406913","5295"
"406913","5296"
"406913","7422"
"406913","8503"
"406913","85414"
"406915","100532731"
"406915","1871"
"406915","648"
"406916","100532731"
"406916","1871"
"406916","648"
"406917","2885"
"406917","399694"
"406917","4194"
"406917","472"
"406917","5578"
"406917","5579"
"406917","5582"
"406918","2885"
"406918","399694"
"406918","4194"
"406918","472"
"406918","5578"
"406918","5579"
"406918","5582"
"406922","4170"
"406922","599"
"406923","4170"
"406923","599"
"406925","10297"
"406925","324"
"406926","10297"
"406926","324"
"406928","1021"
"406933","7042"
"406935","1788"
"406935","3845"
"406935","472"
"406935","5155"
"406935","5159"
"406935","5578"
"406935","5579"
"406935","5582"
"406935","5598"
"406935","5894"
"406935","6654"
"406935","6655"
"406935","7157"
"406937","1956"
"406937","2261"
"406937","3667"
"406937","5578"
"406937","5579"
"406937","5582"
"406938","4325"
"406938","6093"
"406938","672"
"406943","1786"
"406947","8651"
"406948","595"
"406948","596"
"406948","7473"
"406948","894"
"406948","89780"
"406948","898"
"406948","9134"
"406949","595"
"406949","894"
"406949","898"
"406949","9134"
"406950","595"
"406950","894"
"406950","898"
"406950","9134"
"406951","595"
"406951","894"
"406951","898"
"406951","9134"
"406952","5728"
"406952","7431"
"406953","3845"
"406953","5728"
"406954","472"
"406955","472"
"406956","472"
"406957","472"
"406959","7430"
"406971","2261"
"406971","2885"
"406971","5578"
"406971","5579"
"406971","5582"
"406971","5594"
"406971","5595"
"406971","5604"
"406971","5605"
"406971","5894"
"406971","6654"
"406971","6655"
"406976","3551"
"406976","5743"
"406977","3551"
"406977","5743"
"406979","5728"
"406979","7057"
"406980","5728"
"406981","5728"
"406982","1026"
"406982","1869"
"406982","1870"
"406982","1871"
"406982","5728"
"406983","100532731"
"406983","23414"
"406983","648"
"406983","6935"
"406983","9839"
"406984","100532731"
"406984","23414"
"406984","648"
"406984","6935"
"406984","9839"
"406985","100532731"
"406985","23414"
"406985","648"
"406985","6935"
"406985","9839"
"406988","2065"
"406988","5581"
"406988","9839"
"406991","10253"
"406991","3190"
"406991","4082"
"406991","472"
"406991","5268"
"406991","5728"
"406991","659"
"406991","7078"
"406991","7168"
"406991","8434"
"406991","8626"
"406992","1871"
"406995","472"
"406996","5728"
"407006","1027"
"407006","4193"
"407006","472"
"407006","54541"
"407006","5728"
"407006","7078"
"407006","90427"
"407007","1027"
"407007","5728"
"407007","7078"
"407008","3925"
"407008","7157"
"407009","10298"
"407009","4318"
"407010","2261"
"407010","27165"
"407010","2744"
"407010","5594"
"407010","5595"
"407015","5728"
"407016","5728"
"407021","1788"
"407021","1789"
"407021","2261"
"407021","5156"
"407024","1788"
"407024","1789"
"407024","2261"
"407024","5156"
"407025","1788"
"407025","1789"
"407025","2261"
"407025","5156"
"407026","1788"
"407026","1789"
"407026","2261"
"407026","5156"
"407029","3690"
"407029","472"
"407029","5154"
"407029","5335"
"407029","5336"
"407029","5578"
"407029","5579"
"407029","5582"
"407029","7157"
"407029","7329"
"407030","472"
"407030","5154"
"407030","5335"
"407030","5336"
"407030","5578"
"407030","5579"
"407030","5582"
"407030","7157"
"407031","472"
"407031","5154"
"407031","5335"
"407031","5336"
"407031","5578"
"407031","5579"
"407031","5582"
"407031","7157"
"407032","472"
"407032","5154"
"407032","5335"
"407032","5336"
"407032","5578"
"407032","5579"
"407032","5582"
"407032","7157"
"407033","3690"
"407033","472"
"407033","5154"
"407033","5335"
"407033","5336"
"407033","5578"
"407033","5579"
"407033","5582"
"407033","7157"
"407033","7329"
"407034","3690"
"407034","472"
"407034","5154"
"407034","5335"
"407034","5336"
"407034","5578"
"407034","5579"
"407034","5582"
"407034","7157"
"407034","7329"
"407035","3678"
"407035","387"
"407035","5962"
"407035","7976"
"407036","10018"
"407040","1021"
"407040","23411"
"407040","4233"
"407040","4851"
"407040","4853"
"407040","4854"
"407040","4855"
"407041","1021"
"407041","4233"
"407041","4851"
"407041","4853"
"407041","4854"
"407041","4855"
"407043","1956"
"407043","4363"
"407043","5578"
"407043","5579"
"407043","5582"
"407043","6464"
"407043","8660"
"407044","1956"
"407044","4363"
"407044","5578"
"407044","5579"
"407044","5582"
"407044","6464"
"407044","8660"
"407045","1956"
"407045","4363"
"407045","5578"
"407045","5579"
"407045","5582"
"407045","6464"
"407045","8660"
"407046","4790"
"407047","4790"
"407048","5728"
"407049","5728"
"407051","4790"
"407055","2261"
"442890","4170"
"442890","599"
"442891","10297"
"442891","324"
"442900","4851"
"442900","4853"
"442900","4854"
"442900","4855"
"442902","1869"
"442903","113130"
"442903","2064"
"442903","9493"
"442904","3371"
"442904","63923"
"442904","6659"
"442904","7143"
"442904","7148"
"442910","4363"
"442918","960"
"554213","3065"
"554213","3066"
"574411","5243"
"574455","5328"
"574457","472"
"574461","960"
"574467","960"
"574473","960"
"574476","960"
"574484","960"
"574493","960"
"693187","11186"
"10000","2099"
"10000","2100"
"1139","408"
"1139","409"
"164091","5290"
"164091","5291"
"164091","5293"
"164091","5295"
"164091","5296"
"164091","8503"
"1869","331"
"1869","332"
"1869","990"
"1869","993"
"196","10720"
"196","10941"
"196","119391"
"196","1543"
"196","1545"
"196","1555"
"196","2052"
"196","2053"
"196","221357"
"196","253152"
"196","2938"
"196","2939"
"196","2940"
"196","2941"
"196","2944"
"196","2946"
"196","2947"
"196","2948"
"196","2949"
"196","2952"
"196","2953"
"196","4257"
"196","4258"
"196","4259"
"196","54490"
"196","54575"
"196","54576"
"196","54577"
"196","54578"
"196","54579"
"196","54600"
"196","54657"
"196","54658"
"196","54659"
"196","574537"
"196","653689"
"196","7363"
"196","7364"
"196","7365"
"196","7366"
"196","7367"
"196","79799"
"196","79852"
"196","9446"
"207","2099"
"207","2100"
"208","2099"
"208","2100"
"2099","10683"
"2099","1950"
"2099","2248"
"2099","2249"
"2099","2250"
"2099","2251"
"2099","2252"
"2099","2253"
"2099","2254"
"2099","2255"
"2099","26281"
"2099","27006"
"2099","28514"
"2099","54567"
"2099","55584"
"2099","8817"
"2099","8822"
"2099","8823"
"2099","896"
"2100","10683"
"2100","1950"
"2100","2248"
"2100","2249"
"2100","2250"
"2100","2251"
"2100","2252"
"2100","2253"
"2100","2254"
"2100","2255"
"2100","26281"
"2100","27006"
"2100","28514"
"2100","54567"
"2100","55584"
"2100","8817"
"2100","8822"
"2100","8823"
"2100","896"
"2353","55584"
"2353","896"
"27330","2099"
"27330","2100"
"367","406881"
"367","406882"
"367","406883"
"367","406884"
"367","406886"
"367","406887"
"367","406888"
"367","406889"
"367","406890"
"367","406891"
"3725","55584"
"405","10720"
"405","10941"
"405","119391"
"405","1543"
"405","1545"
"405","1555"
"405","2052"
"405","2053"
"405","221357"
"405","253152"
"405","2938"
"405","2939"
"405","2940"
"405","2941"
"405","2944"
"405","2946"
"405","2947"
"405","2948"
"405","2949"
"405","2952"
"405","2953"
"405","4257"
"405","4258"
"405","4259"
"405","54490"
"405","54575"
"405","54576"
"405","54577"
"405","54578"
"405","54579"
"405","54600"
"405","54657"
"405","54658"
"405","54659"
"405","574537"
"405","653689"
"405","7363"
"405","7364"
"405","7365"
"405","7366"
"405","7367"
"405","79799"
"405","79852"
"405","9446"
"406933","6776"
"406933","6777"
"407021","9314"
"407024","9314"
"407025","9314"
"407026","9314"
"408","6714"
"409","6714"
"5241","182"
"5241","2885"
"5241","406933"
"5241","407021"
"5241","407024"
"5241","407025"
"5241","407026"
"5241","4853"
"5241","595"
"5241","604"
"5241","6776"
"5241","6777"
"5241","688"
"5241","7471"
"5241","8600"
"5241","9314"
"5290","27330"
"5290","6195"
"5290","6196"
"5290","6197"
"5291","27330"
"5291","6195"
"5291","6196"
"5291","6197"
"5293","27330"
"5293","6195"
"5293","6196"
"5293","6197"
"5295","27330"
"5295","6195"
"5295","6196"
"5295","6197"
"5296","27330"
"5296","6195"
"5296","6196"
"5296","6197"
"54852","5290"
"54852","5291"
"54852","5293"
"54852","5295"
"54852","5296"
"54852","8503"
"55584","5290"
"55584","5291"
"55584","5293"
"55584","5295"
"55584","5296"
"55584","8503"
"5894","5925"
"6195","2099"
"6195","2100"
"6196","2099"
"6196","2100"
"6197","2099"
"6197","2100"
"6256","1543"
"6256","1544"
"6256","1555"
"6256","1576"
"6257","1543"
"6257","1544"
"6257","1555"
"6257","1576"
"6258","1543"
"6258","1544"
"6258","1555"
"6258","1576"
"6774","9641"
"7421","55584"
"7421","896"
"8503","27330"
"8503","6195"
"8503","6196"
"8503","6197"
"85315","5290"
"85315","5291"
"85315","5293"
"85315","5295"
"85315","5296"
"85315","8503"
"9970","1543"
"9970","1544"
"9970","1555"
"9970","1576"
"23683","1147"
"23683","3551"
"23683","8517"
"25","23683"
"25","25865"
"25","5587"
"25865","1147"
"25865","3551"
"25865","8517"
"27","23683"
"27","25865"
"27","5587"
"4780","10327"
"4780","1109"
"4780","1645"
"4780","1646"
"4780","8644"
"52","5747"
"52","6714"
"5337","23683"
"5337","25865"
"5337","5587"
"5338","23683"
"5338","25865"
"5338","5587"
"5580","23683"
"5580","25865"
"5580","5587"
"5587","1147"
"5587","3551"
"5587","8517"
"5770","4233"
"5781","5747"
"5781","6714"
"5795","5747"
"5795","6714"
"6714","25"
"6714","27"
"6714","5580"
"9020","4790"
"9020","5970"
"387","5599"
"387","5601"
"387","5602"
"581","596"
"5898","387"
"5898","5879"
"5898","5880"
"5898","5881"
"5899","387"
"5899","5879"
"5899","5880"
"5899","5881"
"112398","2034"
"112399","2034"
"2549","2885"
"2549","5781"
"54583","2034"
"10000","598"
"207","598"
"208","598"
"5879","4790"
"5879","5970"
"5880","4790"
"5880","5970"
"5881","4790"
"5881","5970"
"3611","10000"
"3611","207"
"3611","208"
"5579","3265"
"5579","3845"
"5579","4893"
"5582","3265"
"5582","3845"
"5582","4893"
"57118","3265"
"57118","3845"
"57118","4893"
"57172","3265"
"57172","3845"
"57172","4893"
"814","3265"
"814","3845"
"814","4893"
"8536","3265"
"8536","3845"
"8536","4893"
"10488","1387"
"10488","2033"
"1385","1387"
"1385","2033"
"148327","1387"
"148327","2033"
"1499","1387"
"1499","2033"
"2932","10488"
"2932","1385"
"2932","148327"
"2932","468"
"2932","64764"
"2932","84699"
"2932","90993"
"2932","9586"
"3479","3645"
"3645","2885"
"3645","5290"
"3645","5291"
"3645","5293"
"3645","5295"
"3645","5296"
"3645","8503"
"468","1387"
"468","2033"
"64764","1387"
"64764","2033"
"7039","3645"
"84699","1387"
"84699","2033"
"90993","1387"
"90993","2033"
"9586","1387"
"9586","2033"
"1956","3265"
"1956","3845"
"1956","4893"
"4233","3265"
"4233","3845"
"4233","4893"
"5156","3265"
"5156","3845"
"5156","4893"
"5159","3265"
"5159","3845"
"5159","4893"
"5594","1019"
"5595","1019"
"25","25759"
"25","399694"
"25","53358"
"25","6464"
"2885","9846"
"613","25759"
"613","399694"
"613","53358"
"613","6464"
"9846","5781"
"2322","1050"
"2322","6688"
"2322","6774"
"2322","6776"
"2322","6777"
"3815","6774"
"3815","6776"
"3815","6777"
"5371","1053"
"5371","4609"
"5371","5914"
"5371","597"
"5371","7704"
"5914","1053"
"5914","1848"
"5914","4609"
"5914","597"
"5914","7704"
"6774","11040"
"7704","1848"
"4149","1019"
"4149","1021"
"4149","595"
"4609","1021"
"23462","1026"
"23462","2064"
"23462","4609"
"23462","4791"
"23462","595"
"23493","1026"
"23493","2064"
"23493","4609"
"23493","4791"
"23493","595"
"26508","1026"
"26508","2064"
"26508","4609"
"26508","4791"
"26508","595"
"3280","1026"
"3280","2064"
"3280","4609"
"3280","4791"
"3280","595"
"388585","1026"
"388585","2064"
"388585","4609"
"388585","4791"
"388585","595"
"5241","54361"
"10297","122011"
"10297","1452"
"2932","122011"
"2932","1452"
"324","122011"
"324","1452"
"8312","122011"
"8312","1452"
"8313","122011"
"8313","1452"
"10000","7157"
"1045","1015"
"1045","4583"
"1045","5243"
"1045","6469"
"1045","83998"
"207","7157"
"208","7157"
"2064","3265"
"2064","3845"
"2064","4893"
"2322","3265"
"2322","3845"
"2322","4893"
"2475","3091"
"2475","8140"
"3091","441531"
"3091","5223"
"3091","5224"
"3091","5315"
"4609","160287"
"4609","27165"
"4609","2744"
"4609","3098"
"4609","3099"
"4609","3101"
"4609","3939"
"4609","3945"
"4609","3948"
"4609","441531"
"4609","5223"
"4609","5224"
"4609","5315"
"4609","6510"
"4609","6513"
"4609","6514"
"4609","80201"
"4609","92483"
"4916","3265"
"4916","3845"
"4916","4893"
"51548","3091"
"51548","4609"
"5979","3265"
"5979","3845"
"5979","4893"
"7157","9997"
"23396","7454"
"2353","1119"
"2353","1120"
"3091","1119"
"3091","1120"
"3265","5335"
"3265","5337"
"3265","5338"
"3725","1119"
"3725","1120"
"3845","5335"
"3845","5337"
"3845","5338"
"4893","5335"
"4893","5337"
"4893","5338"
"5290","1119"
"5290","1120"
"5290","5337"
"5290","5338"
"5291","1119"
"5291","1120"
"5291","5337"
"5291","5338"
"5293","1119"
"5293","1120"
"5293","5337"
"5293","5338"
"5295","1119"
"5295","1120"
"5295","5337"
"5295","5338"
"5296","1119"
"5296","1120"
"5296","5337"
"5296","5338"
"5594","5130"
"5594","9468"
"5595","5130"
"5595","9468"
"5599","100137049"
"5599","123745"
"5599","255189"
"5599","283748"
"5599","5130"
"5599","5321"
"5599","8605"
"5599","8681"
"5599","9468"
"5601","100137049"
"5601","123745"
"5601","255189"
"5601","283748"
"5601","5130"
"5601","5321"
"5601","8605"
"5601","8681"
"5601","9468"
"5602","100137049"
"5602","123745"
"5602","255189"
"5602","283748"
"5602","5130"
"5602","5321"
"5602","8605"
"5602","8681"
"5602","9468"
"5894","1119"
"5894","1120"
"5894","5337"
"5894","5338"
"5900","1119"
"5900","1120"
"5900","5337"
"5900","5338"
"5900","5599"
"5900","5601"
"5900","5602"
"6667","126969"
"6667","204962"
"6667","23446"
"6667","5130"
"6667","5337"
"6667","5338"
"6667","57153"
"6667","60482"
"6667","6580"
"6667","6581"
"6667","6582"
"6667","6583"
"6667","6584"
"6667","80736"
"6667","9468"
"8394","7454"
"8395","7454"
"8503","1119"
"8503","1120"
"8503","5337"
"8503","5338"
"1457","5728"
"1459","5728"
"1460","5728"
"2353","29126"
"283106","5728"
"3091","29126"
"3459","3265"
"3459","3845"
"3459","4893"
"3459","5290"
"3459","5291"
"3459","5293"
"3459","5295"
"3459","5296"
"3459","8503"
"3460","3265"
"3460","3845"
"3460","4893"
"3460","5290"
"3460","5291"
"3460","5293"
"3460","5295"
"3460","5296"
"3460","8503"
"353376","1147"
"353376","3551"
"353376","8517"
"3725","2353"
"3725","29126"
"4772","29126"
"4773","29126"
"4775","29126"
"4790","29126"
"54106","114609"
"54106","148022"
"54106","353376"
"5588","4790"
"5588","5970"
"5594","4772"
"5594","4773"
"5594","4775"
"5595","4772"
"5595","4773"
"5595","4775"
"5777","10538"
"5777","116071"
"5777","1457"
"5777","1459"
"5777","1460"
"5777","283106"
"5777","55509"
"5777","5588"
"5781","10538"
"5781","116071"
"5781","1457"
"5781","1459"
"5781","1460"
"5781","283106"
"5781","55509"
"5781","5588"
"5781","5594"
"5781","5595"
"5970","29126"
"6772","29126"
"6774","29126"
"7097","148022"
"7097","353376"
"7189","5604"
"7189","5605"
"919","4215"
"919","5290"
"919","5291"
"919","5293"
"919","5295"
"919","5296"
"919","8503"
"940","5588"
"102723407","7253"
"2625","3458"
"30009","3567"
"3594","8807"
"3594","8809"
"3595","8807"
"3595","8809"
"6775","3558"
"6778","3586"
"7040","50943"
"7042","50943"
"7043","50943"
"7100","4790"
"7100","5970"
"8807","3725"
"8807","4790"
"8807","5970"
"8809","3725"
"8809","4790"
"8809","5970"
"7097","2353"
"7097","3725"
"7099","2353"
"7099","3725"
"3728","51176"
"3728","6932"
"3728","6934"
"3728","83439"
"102723407","153"
"142","2597"
"177","1432"
"177","1535"
"177","4688"
"177","4689"
"177","4790"
"177","5599"
"177","5600"
"177","5601"
"177","5602"
"177","5603"
"177","5879"
"177","5880"
"177","5970"
"177","6300"
"177","653361"
"185","1535"
"185","1536"
"185","4688"
"185","4689"
"185","5879"
"185","5880"
"185","653361"
"4087","4313"
"4087","4318"
"4087","7040"
"4087","7042"
"4087","7043"
"4088","1277"
"4088","1278"
"4088","1281"
"4088","4313"
"4088","4318"
"4088","7040"
"4088","7042"
"4088","7043"
"4790","1215"
"4790","1277"
"4790","1278"
"4790","1281"
"4790","183"
"4790","5972"
"4790","7040"
"4790","7042"
"4790","7043"
"5164","5160"
"5164","5161"
"5164","5162"
"5165","5160"
"5165","5161"
"5165","5162"
"5166","5160"
"5166","5161"
"5166","5162"
"5465","5164"
"5465","5165"
"5465","5166"
"5465","948"
"5578","3667"
"5578","4846"
"5579","1277"
"5579","1278"
"5579","1281"
"5579","4313"
"5579","4318"
"5579","4790"
"5579","4846"
"5579","5970"
"5579","7040"
"5579","7042"
"5579","7043"
"5582","4846"
"5970","1215"
"5970","1277"
"5970","1278"
"5970","1281"
"5970","183"
"5970","5972"
"5970","7040"
"5970","7042"
"5970","7043"
"6667","487"
"6667","488"
"6667","489"
"1604","25"
"1604","2534"
"1604","27"
"25","5879"
"25","5880"
"25","5881"
"2534","857"
"27","5879"
"27","5880"
"27","5881"
"10000","581"
"10010","29110"
"10010","9641"
"10333","5594"
"10333","5595"
"142678","10010"
"148022","142678"
"148022","57534"
"1649","30001"
"207","581"
"208","581"
"2353","3383"
"25833","1543"
"25833","1548"
"25833","1549"
"25833","1555"
"25833","1558"
"25833","1559"
"25833","1573"
"25833","4973"
"25833","958"
"25833","959"
"30001","3708"
"3303","7097"
"3304","7097"
"3305","7097"
"3306","7097"
"3308","7097"
"3310","7097"
"3312","7097"
"3320","7097"
"3326","7097"
"3329","7097"
"4067","10451"
"4067","7409"
"4067","7410"
"4312","387"
"4790","355"
"4790","4973"
"4790","6403"
"4973","1535"
"4973","1536"
"4973","27035"
"4973","4688"
"4973","4689"
"4973","5578"
"4973","5599"
"4973","5601"
"4973","5602"
"4973","581"
"4973","5879"
"4973","596"
"4973","653361"
"4973","9475"
"5451","1543"
"5451","1548"
"5451","1549"
"5451","1555"
"5451","1558"
"5451","1559"
"5451","1573"
"5451","4973"
"5451","958"
"5451","959"
"5452","1543"
"5452","1548"
"5452","1549"
"5452","1555"
"5452","1558"
"5452","1559"
"5452","1573"
"5452","4973"
"5452","958"
"5452","959"
"5578","25833"
"5578","5451"
"5578","5452"
"5594","5906"
"5594","5908"
"5595","5906"
"5595","5908"
"5599","6648"
"5601","6648"
"5602","6648"
"57534","10010"
"5906","5879"
"5908","5879"
"5970","355"
"5970","4973"
"5970","6403"
"6256","5468"
"6257","5468"
"6258","5468"
"6714","3717"
"7184","7097"
"7186","7494"
"7187","10010"
"7436","5290"
"7436","5291"
"7436","5293"
"7436","5295"
"7436","5296"
"7436","8503"
"8795","841"
"8797","841"
"9138","4312"
"9475","4846"
"998","5606"
"998","5608"
"998","5609"
"998","6416"
"1003","3685"
"1003","3690"
"1003","5290"
"1003","5291"
"1003","5293"
"1003","5295"
"1003","5296"
"1003","5562"
"1003","5563"
"1003","8503"
"10365","119391"
"10365","1728"
"10365","221357"
"10365","25828"
"10365","2938"
"10365","2939"
"10365","2940"
"10365","2941"
"10365","2944"
"10365","2946"
"10365","2947"
"10365","2948"
"10365","2949"
"10365","2950"
"10365","2952"
"10365","2953"
"10365","3162"
"10365","4257"
"10365","4258"
"10365","4259"
"10365","445"
"10365","4880"
"10365","5327"
"10365","653689"
"10365","7056"
"10365","7295"
"10365","8878"
"10365","9446"
"1499","5290"
"1499","5291"
"1499","5293"
"1499","5295"
"1499","5296"
"1499","5562"
"1499","5563"
"1499","8503"
"1843","1432"
"1843","5599"
"1843","5600"
"1843","5601"
"1843","5602"
"1843","5603"
"1843","6300"
"2353","1514"
"2353","1906"
"2353","5154"
"2353","6401"
"2353","7412"
"2817","163688"
"2817","3320"
"2817","3326"
"2817","4846"
"2817","51806"
"2817","7184"
"2817","801"
"2817","805"
"2817","808"
"2817","810"
"2817","857"
"2817","858"
"2817","859"
"2817","91860"
"3554","4217"
"3554","6885"
"3685","4790"
"3685","5970"
"3690","4790"
"3690","5970"
"3725","1514"
"3725","5154"
"3791","3685"
"3791","3690"
"3791","5562"
"3791","5563"
"4780","1843"
"4780","445"
"4780","4846"
"4780","4880"
"4780","5327"
"4780","7056"
"4780","8878"
"4790","1514"
"4790","5154"
"4790","5155"
"51588","387082"
"51588","6612"
"51588","6613"
"51588","7157"
"51588","7341"
"5175","3685"
"5175","3690"
"5175","5290"
"5175","5291"
"5175","5293"
"5175","5295"
"5175","5296"
"5175","8503"
"5290","3674"
"5290","3685"
"5290","3690"
"5291","3674"
"5291","3685"
"5291","3690"
"5293","3674"
"5293","3685"
"5293","3690"
"5295","3674"
"5295","3685"
"5295","3690"
"5296","3674"
"5296","3685"
"5296","3690"
"5590","387082"
"5590","5598"
"5590","6612"
"5590","6613"
"5590","7157"
"5590","7341"
"5598","4780"
"5747","10000"
"5747","207"
"5747","208"
"5747","9181"
"5970","1514"
"5970","5154"
"5970","5155"
"6382","163688"
"6382","3320"
"6382","3326"
"6382","4846"
"6382","51806"
"6382","7184"
"6382","801"
"6382","805"
"6382","808"
"6382","810"
"6382","857"
"6382","858"
"6382","859"
"6382","91860"
"6383","163688"
"6383","3320"
"6383","3326"
"6383","4846"
"6383","51806"
"6383","7184"
"6383","801"
"6383","805"
"6383","808"
"6383","810"
"6383","857"
"6383","858"
"6383","859"
"6383","91860"
"6385","163688"
"6385","3320"
"6385","3326"
"6385","4846"
"6385","51806"
"6385","7184"
"6385","801"
"6385","805"
"6385","808"
"6385","810"
"6385","857"
"6385","858"
"6385","859"
"6385","91860"
"657","1535"
"657","27035"
"657","4688"
"657","5879"
"657","5880"
"657","5881"
"657","653361"
"658","1535"
"658","27035"
"658","4688"
"658","5879"
"658","5880"
"658","5881"
"658","653361"
"659","1535"
"659","27035"
"659","4688"
"659","5879"
"659","5880"
"659","5881"
"659","653361"
"7132","4217"
"7132","6885"
"7850","4217"
"7850","6885"
"8503","3674"
"8503","3685"
"8503","3690"
"90","1535"
"90","27035"
"90","4688"
"90","5879"
"90","5880"
"90","5881"
"90","653361"
"92","1535"
"92","27035"
"92","4688"
"92","5879"
"92","5880"
"92","5881"
"92","653361"
"93","1535"
"93","27035"
"93","4688"
"93","5879"
"93","5880"
"93","5881"
"93","653361"
